data: {"data":"===== Application Startup at 2026-09-15 09:47:26 =====\n","timestamp":"2026-09-15T09:47:26Z"}

data: {"data":"[start] >>> 启动 2026-09-15 09:48:01 <<<","timestamp":"2026-09-15T09:48:01.235Z"}

data: {"data":"[start] 基础镜像: ghcr.io/i3t2y/omn-base@sha256:db9037a71379569fa3a86b0760df972fd8413cc07f0a58b64e575bbf28a1718b","timestamp":"2026-09-15T09:48:01.235Z"}

data: {"data":"[start] 镜像 B 模式：工具链已就绪","timestamp":"2026-09-15T09:48:01.235Z"}

data: {"data":"[start] 同步 Bucket: xnexus/logic","timestamp":"2026-09-15T09:48:01.235Z"}

data: {"data":"[start] Bucket 校验通过 (n-omn@c2b5480 10 件 sha256 全对)","timestamp":"2026-09-15T09:48:01.988Z"}

data: {"data":"[start] 逻辑注入完成","timestamp":"2026-09-15T09:48:02.592Z"}

data: {"data":"[start] 移交控制权给逻辑层","timestamp":"2026-09-15T09:48:02.595Z"}

data: {"data":"[entrypoint] boot 编排日志 tee -> /data/backups/logs/raw/entrypoint.log (_raw → capture_loop entrypoint 源 → omn_redact → save/entrypoint/)","timestamp":"2026-09-15T09:48:02.750Z"}

data: {"data":"[entrypoint] STREAM_READINESS_TIMEOUT_MS=180000 (M7 外科单注, wiki §15 实证)","timestamp":"2026-09-15T09:48:02.750Z"}

data: {"data":"[entrypoint] fallback 治暴: maxAttempts=3 totalTimeout=90000ms emptyRetry=1/1 (#4b)","timestamp":"2026-09-15T09:48:02.750Z"}

data: {"data":"[entrypoint] 路径分流: enabled=1 strict=0 (probe 快路径: health/models/bucket 探针; 不限流) (#16)","timestamp":"2026-09-15T09:48:02.750Z"}

data: {"data":"[entrypoint] 上游服务启动 | PORT=20128 EXPOSED=7860 DATA=/data (ephemeral, Bucket 挂载是持久真源)","timestamp":"2026-09-15T09:48:02.750Z"}

data: {"data":"[entrypoint] lock acquired (flock /data/.omn.lock, fd 9).","timestamp":"2026-09-15T09:48:02.762Z"}

data: {"data":"[entrypoint] snapshot: 暂存 integrity_check 不过, 丢弃 (坏库拒收, 不污染池)","timestamp":"2026-09-15T09:48:06.194Z"}

data: {"data":"[entrypoint] ⚠ 本地库校验不过, 不更新快照; 从健康池恢复","timestamp":"2026-09-15T09:48:06.208Z"}

data: {"data":"[entrypoint] restore: 从健康档 /data/backups/db-snap.1789371897.db 恢复活库","timestamp":"2026-09-15T09:48:08.280Z"}

data: {"data":"[entrypoint] FT: FLARETUNNEL_ENABLED=1, 启动 FlareTunnel 本地桥 (档位A)...","timestamp":"2026-09-15T09:48:08.306Z"}

data: {"data":"[entrypoint] FT: 单桥回退 PID=71 (127.0.0.1:8080, 30/30 Worker round-robin, log→/data/backups/logs/raw/flaretunnel.log)","timestamp":"2026-09-15T09:48:08.316Z"}

data: {"data":"[entrypoint] FT: CA 就绪, NODE_EXTRA_CA_CERTS=/tmp/ft-ca/flaretunnel_ca.crt 已 export (先于 §2 上游启动, 红线②满足)","timestamp":"2026-09-15T09:48:08.819Z"}

data: {"data":"[entrypoint] 上游服务 PID=82 (heap --max-old-space-size=4096)","timestamp":"2026-09-15T09:48:08.823Z"}

data: {"data":"▲ Next.js 16.3.1","timestamp":"2026-09-15T09:48:09.039Z"}

data: {"data":"- Local:         http://localhost:20128","timestamp":"2026-09-15T09:48:09.039Z"}

data: {"data":"- Network:       http://0.0.0.0:20128","timestamp":"2026-09-15T09:48:09.039Z"}

data: {"data":"✓ Ready in 0ms","timestamp":"2026-09-15T09:48:09.039Z"}

data: {"data":"✓ Running next.config took 1.4ms","timestamp":"2026-09-15T09:48:09.042Z"}

data: {"data":"[DB] Changing cache_size from 65536KB to 16384KB","timestamp":"2026-09-15T09:48:09.465Z"}

data: {"data":"[DB] cache_size changed to 16384KB","timestamp":"2026-09-15T09:48:09.465Z"}

data: {"data":"[DB] SQLite database ready: /data/storage.sqlite (DATA_DIR=/data, SQLITE_FILE=/data/storage.sqlite)","timestamp":"2026-09-15T09:48:09.552Z"}

data: {"data":"[ReasoningCache] boot cleanup removed 23 expired entries","timestamp":"2026-09-15T09:48:09.553Z"}

data: {"data":"[CREDENTIALS] No external credentials file found, using defaults.","timestamp":"2026-09-15T09:48:10.478Z"}

data: {"data":"[STARTUP] Global fetch proxy patch initialized","timestamp":"2026-09-15T09:48:10.482Z"}

data: {"data":"[STARTUP] JWT_SECRET restored from persistent store","timestamp":"2026-09-15T09:48:10.484Z"}

data: {"data":"[proxyLogger] Loaded 200 proxy logs from SQLite","timestamp":"2026-09-15T09:48:10.609Z"}

data: {"data":"[Shutdown] Graceful shutdown handlers registered.","timestamp":"2026-09-15T09:48:10.614Z"}

data: {"data":"[STARTUP] Spend batch writer started","timestamp":"2026-09-15T09:48:10.615Z"}

data: {"data":"[STARTUP] Guardrail registry initialized","timestamp":"2026-09-15T09:48:10.615Z"}

data: {"data":"[STARTUP] Builtin skill handlers registered","timestamp":"2026-09-15T09:48:10.615Z"}

data: {"data":"[STARTUP] Quota cache background refresh started","timestamp":"2026-09-15T09:48:10.615Z"}

data: {"data":"[ProviderLimitsSync] Scheduler started — interval: 70m","timestamp":"2026-09-15T09:48:10.616Z"}

data: {"data":"[STARTUP] Provider limits sync scheduler started","timestamp":"2026-09-15T09:48:10.616Z"}

data: {"data":"[INFO] [QuotaAutoPing] scheduler started","timestamp":"2026-09-15T09:48:10.631Z"}

data: {"data":"[STARTUP] Quota auto-ping scheduler started (opt-in, no-op until enabled)","timestamp":"2026-09-15T09:48:10.632Z"}

data: {"data":"[ModelSync] Scheduler started — interval: 24h","timestamp":"2026-09-15T09:48:10.638Z"}

data: {"data":"[STARTUP] Cloud/model sync background bootstrap initialized","timestamp":"2026-09-15T09:48:10.644Z"}

data: {"data":"[BATCH] Initializing batch processor polling...","timestamp":"2026-09-15T09:48:10.649Z"}

data: {"data":"[STARTUP] Batch processor started","timestamp":"2026-09-15T09:48:10.649Z"}

data: {"data":"[STARTUP] Runtime settings hydrated: payloadRules, modelAliases, backgroundDegradation, cliCompatProviders, cacheControl, usageTracking, healthCheckLogs, thoughtSignature, modelsDevSync, corsOrigins, ccBridgeTransforms, systemTransforms, authzBypass, bannedSignals","timestamp":"2026-09-15T09:48:10.659Z"}

data: {"data":"[STARTUP] Model alias seed: applied=0, skipped=5, removed=0, failed=0","timestamp":"2026-09-15T09:48:10.661Z"}

data: {"data":"[HOT_RELOAD] Runtime config hot-reload started (poll=5000ms, fsWatch=on)","timestamp":"2026-09-15T09:48:10.662Z"}

data: {"data":"[CredentialHealth] Starting credential health check (initial delay 30s, interval 300s)","timestamp":"2026-09-15T09:48:10.747Z"}

data: {"data":"[STARTUP] Credential health scheduler started","timestamp":"2026-09-15T09:48:10.747Z"}

data: {"data":"[COMPLIANCE] Audit log table initialized","timestamp":"2026-09-15T09:48:10.748Z"}

data: {"data":"[COMPLIANCE] Expired log cleanup: {","timestamp":"2026-09-15T09:48:10.755Z"}

data: {"data":"  deletedUsage: 0,","timestamp":"2026-09-15T09:48:10.755Z"}

data: {"data":"  deletedCallLogs: 0,","timestamp":"2026-09-15T09:48:10.755Z"}

data: {"data":"  deletedProxyLogs: 0,","timestamp":"2026-09-15T09:48:10.755Z"}

data: {"data":"  deletedRequestDetailLogs: 0,","timestamp":"2026-09-15T09:48:10.755Z"}

data: {"data":"  deletedAuditLogs: 43,","timestamp":"2026-09-15T09:48:10.755Z"}

data: {"data":"  deletedMcpAuditLogs: 0,","timestamp":"2026-09-15T09:48:10.755Z"}

data: {"data":"  trimmedCallLogs: 0,","timestamp":"2026-09-15T09:48:10.755Z"}

data: {"data":"  trimmedProxyLogs: 0,","timestamp":"2026-09-15T09:48:10.755Z"}

data: {"data":"  appRetentionDays: 7,","timestamp":"2026-09-15T09:48:10.755Z"}

data: {"data":"  callRetentionDays: 7,","timestamp":"2026-09-15T09:48:10.755Z"}

data: {"data":"  callLogsMaxRows: 100000,","timestamp":"2026-09-15T09:48:10.755Z"}

data: {"data":"  proxyLogsMaxRows: 100000","timestamp":"2026-09-15T09:48:10.755Z"}

data: {"data":"}","timestamp":"2026-09-15T09:48:10.755Z"}

data: {"data":"[STARTUP] Scheduled VACUUM initialized (#4437)","timestamp":"2026-09-15T09:48:10.760Z"}

data: {"data":"[Cleanup] Background cleanup scheduler started (every 6 hours).","timestamp":"2026-09-15T09:48:10.760Z"}

data: {"data":"[INFO] [MEMORY_MANAGER] Registered backend {\"id\":\"sqlite\",\"displayName\":\"SQLite\"}","timestamp":"2026-09-15T09:48:10.821Z"}

data: {"data":"[AutoRefreshDaemon] Started — checking 0 credentials every 900s","timestamp":"2026-09-15T09:48:10.826Z"}

data: {"data":"[ARENA_ELO_SYNC] Starting periodic sync every 86400s","timestamp":"2026-09-15T09:48:10.827Z"}

data: {"data":"[PRICING_SYNC] Disabled (set PRICING_SYNC_ENABLED=true to enable)","timestamp":"2026-09-15T09:48:10.840Z"}

data: {"data":"[STARTUP] Arena ELO sync initialized","timestamp":"2026-09-15T09:48:10.844Z"}

data: {"data":"[ConnectionRecovery] Starting proactive cooldown recovery (tick every 60s)","timestamp":"2026-09-15T09:48:10.847Z"}

data: {"data":"[OpenRouterProviderStats] Starting periodic sync every 86400s","timestamp":"2026-09-15T09:48:10.848Z"}

data: {"data":"[STARTUP] OpenRouter provider stats sync initialized","timestamp":"2026-09-15T09:48:10.851Z"}

data: {"data":"[STARTUP] Live dashboard WebSocket daemon bootstrap invoked","timestamp":"2026-09-15T09:48:10.857Z"}

data: {"data":"[STARTUP] Embedded services bootstrap complete","timestamp":"2026-09-15T09:48:10.895Z"}

data: {"data":"[MODELS_DEV] Disabled (enable via Settings > AI or MODELS_DEV_SYNC_ENABLED=1)","timestamp":"2026-09-15T09:48:10.895Z"}

data: {"data":"[INFO] [MEMORY_MANAGER] Configured backends {\"primary\":\"sqlite\",\"fallbacks\":[]}","timestamp":"2026-09-15T09:48:10.896Z"}

data: {"data":"[INFO] [SQLITE_BACKEND] sqlite.backend.initialized","timestamp":"2026-09-15T09:48:10.897Z"}

data: {"data":"[INFO] [MEMORY_MANAGER] Initialized backend {\"id\":\"sqlite\"}","timestamp":"2026-09-15T09:48:10.897Z"}

data: {"data":"[EmbedWsProxy] Listening on 127.0.0.1:20131","timestamp":"2026-09-15T09:48:13.823Z"}

data: {"data":"[LiveWS] Dashboard WebSocket server listening on 127.0.0.1:20132","timestamp":"2026-09-15T09:48:13.823Z"}

data: {"data":"[callLogs] Failed to rotate request artifacts: database disk image is malformed","timestamp":"2026-09-15T09:48:13.826Z"}

data: {"data":"[callLogs] SQLITE_CORRUPT during rotation; pausing further rotate writes. Check /api/db/health.","timestamp":"2026-09-15T09:48:13.827Z"}

data: {"data":"[STARTUP] Model catalog cache warmed","timestamp":"2026-09-15T09:48:13.830Z"}

data: {"data":"[LocalHealthCheck] Starting local provider health check (initial delay 15s)","timestamp":"2026-09-15T09:48:14.401Z"}

data: {"data":"[entrypoint] ✓ 就绪","timestamp":"2026-09-15T09:48:14.418Z"}

data: {"data":"[entrypoint] ⚠ 版本不齐 实跑=unknown 期望=3.8.50 (非致命, 上游迁移自动前滚)","timestamp":"2026-09-15T09:48:14.440Z"}

data: {"data":"[entrypoint] Init PID=106","timestamp":"2026-09-15T09:48:14.440Z"}

data: {"data":"[entrypoint] 全部就绪：OR=82 Init=106 Gate→:7860 (background, entrypoint 持 PID 1 主监)","timestamp":"2026-09-15T09:48:14.440Z"}

data: {"data":"[init]   gemini: DISABLED (key 无效空转), 跳过 FT 绑族","timestamp":"2026-09-15T09:48:14.452Z"}

data: {"data":"[init]   mistral: DISABLED (key 无效空转), 跳过 FT 绑族","timestamp":"2026-09-15T09:48:14.452Z"}

data: {"data":"[init] NIM_PROFILE=balanced -> pool 意向 7 个模型","timestamp":"2026-09-15T09:48:14.452Z"}

data: {"data":"[init] 动态限流 RPM=300 concurrent=96 interval=200ms (alive_keys=32, per_key_rpm=35 per_key_conc=3)","timestamp":"2026-09-15T09:48:14.458Z"}

data: {"data":"[init] pool strategy=p2c | codex strategy=priority","timestamp":"2026-09-15T09:48:14.523Z"}

data: {"data":"[init] body limit: raw=4 -> maxBodySizeMb=4","timestamp":"2026-09-15T09:48:14.523Z"}

data: {"data":"[init] Starting NIM 上游 initializer v4.3.2 (profile=balanced, mode=NORMAL) on node v26.7.0...","timestamp":"2026-09-15T09:48:14.531Z"}

data: {"data":"[init] BASE_URL=http://127.0.0.1:20128","timestamp":"2026-09-15T09:48:14.531Z"}

data: {"data":"[init] Waiting for 上游...","timestamp":"2026-09-15T09:48:14.531Z"}

data: {"data":"[ARENA_ELO_SYNC] synced 100 model intelligence entries from Arena leaderboards","timestamp":"2026-09-15T09:48:14.551Z"}

data: {"data":"[ARENA_ELO_SYNC] Initial sync complete: 100 model intelligence entries","timestamp":"2026-09-15T09:48:14.551Z"}

data: {"data":"[init] 上游 up (after 0s).","timestamp":"2026-09-15T09:48:14.623Z"}

data: {"data":"[init] version: unknown","timestamp":"2026-09-15T09:48:14.641Z"}

data: {"data":"[init] Logging in...","timestamp":"2026-09-15T09:48:14.641Z"}

data: {"data":"[entrypoint] gate 依赖已就绪 (require('express') 命中, 跳 npm install)","timestamp":"2026-09-15T09:48:14.676Z"}

data: {"data":"[entrypoint] starting gate on port 7860...","timestamp":"2026-09-15T09:48:14.676Z"}

data: {"data":"[entrypoint] helper.sh 装依赖 (boto3 插件包)...","timestamp":"2026-09-15T09:48:14.681Z"}

data: {"data":"[helper] 补包完成 (全件已入 base, helper 留框架)","timestamp":"2026-09-15T09:48:14.683Z"}

data: {"data":"[entrypoint] gate PID=146, stderr → /data/backups/logs/raw/gate-stderr.log","timestamp":"2026-09-15T09:48:14.684Z"}

data: {"data":"[entrypoint] omn_scheduler PID=147 (永续日志: 明文 stderr → Bucket backups/logs/raw)","timestamp":"2026-09-15T09:48:14.684Z"}

data: {"data":"[gate] admin UI: enabled (GATE_ADMIN_ENABLED 开关状态).","timestamp":"2026-09-15T09:48:15.055Z"}

data: {"data":"[gate] FT bridges: 8080 (FT_PORTS env, 首桥代整体; /v1/ft/metrics 反代 FT 本地端).","timestamp":"2026-09-15T09:48:15.055Z"}

data: {"data":"[gate] listening on 0.0.0.0:7860 -> 127.0.0.1:20128","timestamp":"2026-09-15T09:48:15.065Z"}

data: {"data":"[init] Logged in.","timestamp":"2026-09-15T09:48:15.177Z"}

data: {"data":"[init] OMNIROUTE_API_KEY env set, skip /api/keys.","timestamp":"2026-09-15T09:48:15.208Z"}

data: {"data":"[init] NIM_PROBE_ENABLED=0 → 跳 probe (register-and-go; 对齐 miztertea 惰性检测, runtime LocalHealthCheck+executor failover 兜底死 key)","timestamp":"2026-09-15T09:48:15.208Z"}

data: {"data":"[init] Registering NIM keys (auth_dead skip, INDEX 递增编号不塌)...","timestamp":"2026-09-15T09:48:15.208Z"}

data: {"data":"[OpenRouterProviderStats] Initial sync complete: 117 providers","timestamp":"2026-09-15T09:48:15.267Z"}

data: {"data":"[proxyLogger] Loaded 200 proxy logs from SQLite","timestamp":"2026-09-15T09:48:15.833Z"}

data: {"data":"[REDIS] REDIS_URL is not set in production. Using in-memory rate limiting.","timestamp":"2026-09-15T09:48:15.835Z"}

data: {"data":"[SSE] Translators initialized","timestamp":"2026-09-15T09:48:16.371Z"}

data: {"data":"⨯ SqliteError: database disk image is malformed","timestamp":"2026-09-15T09:48:16.429Z"}

data: {"data":"    at Object.all (.build/next/server/chunks/src_02l7t6d._.js:1:5218)","timestamp":"2026-09-15T09:48:16.429Z"}

data: {"data":"    at b (.build/next/server/chunks/_1-iqx09._.js:1:14800)","timestamp":"2026-09-15T09:48:16.429Z"}

data: {"data":"    at c (.build/next/server/chunks/[root-of-the-server]__1k_ba33._.js:1:11339)","timestamp":"2026-09-15T09:48:16.429Z"}

data: {"data":"    at async eR (.build/next/server/chunks/_15d2x83._.js:1:17203)","timestamp":"2026-09-15T09:48:16.429Z"}

data: {"data":"    at async e_ (.build/next/server/chunks/_15d2x83._.js:1:31954)","timestamp":"2026-09-15T09:48:16.429Z"}

data: {"data":"    at async eq (.build/next/server/chunks/_0gq2i23._.js:1:38291)","timestamp":"2026-09-15T09:48:16.429Z"}

data: {"data":"    at async eQ (.build/next/server/chunks/_0gq2i23._.js:1:33687)","timestamp":"2026-09-15T09:48:16.429Z"}

data: {"data":"    at async (.build/next/server/chunks/_0gq2i23._.js:1:52499) {","timestamp":"2026-09-15T09:48:16.429Z"}

data: {"data":"  code: 'SQLITE_CORRUPT'","timestamp":"2026-09-15T09:48:16.429Z"}

data: {"data":"}","timestamp":"2026-09-15T09:48:16.429Z"}

data: {"data":"[init] nim-01 OK","timestamp":"2026-09-15T09:48:16.451Z"}

data: {"data":"[callLogs] Failed to rotate request artifacts: database disk image is malformed","timestamp":"2026-09-15T09:48:16.455Z"}

data: {"data":"[callLogs] SQLITE_CORRUPT during rotation; pausing further rotate writes. Check /api/db/health.","timestamp":"2026-09-15T09:48:16.455Z"}

data: {"data":"{\"level\":30,\"time\":\"2026-09-15T09:48:16.381Z\",\"service\":\"omniroute\",\"module\":\"sse\",\"tag\":\"HTTP\",\"method\":\"POST\",\"path\":\"/v1/chat/completions | nvidia/moonshotai/kimi-k3 | 2 msgs\",\"msg\":\"📥 POST /v1/chat/completions | nvidia/moonshotai/kimi-k3 | 2 msgs\"}","timestamp":"2026-09-15T09:48:16.456Z"}

data: {"data":"[ProviderLimitsSync] Cycle failed: database disk image is malformed","timestamp":"2026-09-15T09:48:16.456Z"}

data: {"data":"{\"level\":30,\"time\":\"2026-09-15T09:48:16.419Z\",\"service\":\"omniroute\",\"module\":\"sse\",\"tag\":\"ROUTING\",\"msg\":\"Provider: nvidia, Model: moonshotai/kimi-k3\"}","timestamp":"2026-09-15T09:48:16.457Z"}

data: {"data":"[ModelSync] No connections with autoSync enabled — skipping cycle","timestamp":"2026-09-15T09:48:16.467Z"}

data: {"data":"[init] nim-02 OK","timestamp":"2026-09-15T09:48:16.869Z"}

data: {"data":"[init] nim-03 OK","timestamp":"2026-09-15T09:48:17.346Z"}

data: {"data":"[init] nim-04 OK","timestamp":"2026-09-15T09:48:17.736Z"}

data: {"data":"[init] nim-05 OK","timestamp":"2026-09-15T09:48:18.136Z"}

data: {"data":"[providers] Auto-sync failed for c7c324a1-b607-4bed-97c5-6fb454db9857: 500","timestamp":"2026-09-15T09:48:18.363Z"}

data: {"data":"[init] nim-06 OK","timestamp":"2026-09-15T09:48:18.483Z"}

data: {"data":"[providers] Auto-sync failed for a88f3d57-b4b8-4b20-8ed5-64f27b53d062: 500","timestamp":"2026-09-15T09:48:18.871Z"}

data: {"data":"[init] nim-07 OK","timestamp":"2026-09-15T09:48:18.876Z"}

data: {"data":"⨯ SqliteError: database disk image is malformed","timestamp":"2026-09-15T09:48:18.913Z"}

data: {"data":"    at Object.all (.build/next/server/chunks/src_02l7t6d._.js:1:5218)","timestamp":"2026-09-15T09:48:18.913Z"}

data: {"data":"    at b (.build/next/server/chunks/_1-iqx09._.js:1:14800)","timestamp":"2026-09-15T09:48:18.913Z"}

data: {"data":"    at c (.build/next/server/chunks/[root-of-the-server]__1k_ba33._.js:1:11339)","timestamp":"2026-09-15T09:48:18.913Z"}

data: {"data":"    at async eR (.build/next/server/chunks/_15d2x83._.js:1:17203)","timestamp":"2026-09-15T09:48:18.913Z"}

data: {"data":"    at async e_ (.build/next/server/chunks/_15d2x83._.js:1:31954)","timestamp":"2026-09-15T09:48:18.913Z"}

data: {"data":"    at async eq (.build/next/server/chunks/_0gq2i23._.js:1:38291)","timestamp":"2026-09-15T09:48:18.913Z"}

data: {"data":"    at async eQ (.build/next/server/chunks/_0gq2i23._.js:1:33687)","timestamp":"2026-09-15T09:48:18.913Z"}

data: {"data":"    at async (.build/next/server/chunks/_0gq2i23._.js:1:52499) {","timestamp":"2026-09-15T09:48:18.913Z"}

data: {"data":"  code: 'SQLITE_CORRUPT'","timestamp":"2026-09-15T09:48:18.913Z"}

data: {"data":"}","timestamp":"2026-09-15T09:48:18.913Z"}

data: {"data":"{\"level\":30,\"time\":\"2026-09-15T09:48:18.891Z\",\"service\":\"omniroute\",\"module\":\"sse\",\"tag\":\"HTTP\",\"method\":\"POST\",\"path\":\"/v1/chat/completions | nvidia/moonshotai/kimi-k3 | 2 msgs\",\"msg\":\"📥 POST /v1/chat/completions | nvidia/moonshotai/kimi-k3 | 2 msgs\"}","timestamp":"2026-09-15T09:48:18.915Z"}

data: {"data":"{\"level\":30,\"time\":\"2026-09-15T09:48:18.910Z\",\"service\":\"omniroute\",\"module\":\"sse\",\"tag\":\"ROUTING\",\"msg\":\"Provider: nvidia, Model: moonshotai/kimi-k3\"}","timestamp":"2026-09-15T09:48:18.915Z"}

data: {"data":"[providers] Auto-sync failed for 46d103b6-7825-4b07-8d58-e992372131aa: 500","timestamp":"2026-09-15T09:48:19.130Z"}

data: {"data":"[providers] Auto-sync failed for da7427f5-940f-406d-9b9e-da18e716203f: 500","timestamp":"2026-09-15T09:48:19.236Z"}

data: {"data":"[providers] Auto-sync failed for 2ed88677-2151-4afb-8ad4-7f2490a65456: 500","timestamp":"2026-09-15T09:48:19.249Z"}

data: {"data":"[init] nim-08 OK","timestamp":"2026-09-15T09:48:19.254Z"}

data: {"data":"[providers] Auto-sync failed for 3be38968-2b80-47a5-9914-303fccd00d31: 500","timestamp":"2026-09-15T09:48:19.526Z"}

data: {"data":"[providers] Auto-sync failed for baf9dddb-2306-427b-8c22-cfa2dbf78feb: 500","timestamp":"2026-09-15T09:48:19.646Z"}

data: {"data":"[init] nim-09 OK","timestamp":"2026-09-15T09:48:19.652Z"}

data: {"data":"[init] nim-10 OK","timestamp":"2026-09-15T09:48:20.009Z"}

data: {"data":"[providers] Auto-sync failed for 5bb7bc42-4726-4bc8-a751-44fefe5dc976: 500","timestamp":"2026-09-15T09:48:20.387Z"}

data: {"data":"[providers] Auto-sync failed for b52665ae-b3a1-4e68-8af2-83ca4461275c: 500","timestamp":"2026-09-15T09:48:20.397Z"}

data: {"data":"[init] nim-11 OK","timestamp":"2026-09-15T09:48:20.402Z"}

data: {"data":"[init] nim-12 OK","timestamp":"2026-09-15T09:48:20.778Z"}

data: {"data":"[providers] Auto-sync failed for 548c3212-e7fc-4a8a-951a-d44a4ca76bd0: 500","timestamp":"2026-09-15T09:48:21.061Z"}

data: {"data":"[init] nim-13 OK","timestamp":"2026-09-15T09:48:21.178Z"}

data: {"data":"⨯ SqliteError: database disk image is malformed","timestamp":"2026-09-15T09:48:21.423Z"}

data: {"data":"    at Object.all (.build/next/server/chunks/src_02l7t6d._.js:1:5218)","timestamp":"2026-09-15T09:48:21.423Z"}

data: {"data":"    at b (.build/next/server/chunks/_1-iqx09._.js:1:14800)","timestamp":"2026-09-15T09:48:21.423Z"}

data: {"data":"    at c (.build/next/server/chunks/[root-of-the-server]__1k_ba33._.js:1:11339)","timestamp":"2026-09-15T09:48:21.423Z"}

data: {"data":"    at async eR (.build/next/server/chunks/_15d2x83._.js:1:17203)","timestamp":"2026-09-15T09:48:21.423Z"}

data: {"data":"    at async e_ (.build/next/server/chunks/_15d2x83._.js:1:31954)","timestamp":"2026-09-15T09:48:21.423Z"}

data: {"data":"    at async eq (.build/next/server/chunks/_0gq2i23._.js:1:38291)","timestamp":"2026-09-15T09:48:21.423Z"}

data: {"data":"    at async eQ (.build/next/server/chunks/_0gq2i23._.js:1:33687)","timestamp":"2026-09-15T09:48:21.423Z"}

data: {"data":"    at async (.build/next/server/chunks/_0gq2i23._.js:1:52499) {","timestamp":"2026-09-15T09:48:21.423Z"}

data: {"data":"  code: 'SQLITE_CORRUPT'","timestamp":"2026-09-15T09:48:21.423Z"}

data: {"data":"}","timestamp":"2026-09-15T09:48:21.423Z"}

data: {"data":"{\"level\":30,\"time\":\"2026-09-15T09:48:21.406Z\",\"service\":\"omniroute\",\"module\":\"sse\",\"tag\":\"HTTP\",\"method\":\"POST\",\"path\":\"/v1/chat/completions | nvidia/moonshotai/kimi-k3 | 2 msgs\",\"msg\":\"📥 POST /v1/chat/completions | nvidia/moonshotai/kimi-k3 | 2 msgs\"}","timestamp":"2026-09-15T09:48:21.524Z"}

data: {"data":"{\"level\":30,\"time\":\"2026-09-15T09:48:21.420Z\",\"service\":\"omniroute\",\"module\":\"sse\",\"tag\":\"ROUTING\",\"msg\":\"Provider: nvidia, Model: moonshotai/kimi-k3\"}","timestamp":"2026-09-15T09:48:21.524Z"}

data: {"data":"[providers] Auto-sync failed for 059dd00a-2c79-4110-8ea5-6a1c84fb2ec0: 500","timestamp":"2026-09-15T09:48:21.529Z"}

data: {"data":"[init] nim-14 OK","timestamp":"2026-09-15T09:48:21.563Z"}

data: {"data":"[providers] Auto-sync failed for 6481dfb6-3a9f-4759-b2a1-0b5a882c0d64: 500","timestamp":"2026-09-15T09:48:21.850Z"}

data: {"data":"[providers] Auto-sync failed for 2eaf3faa-b3e8-49da-a29e-6749c52aaaaa: 500","timestamp":"2026-09-15T09:48:21.954Z"}

data: {"data":"[init] nim-15 OK","timestamp":"2026-09-15T09:48:21.968Z"}

data: {"data":"[init] nim-16 OK","timestamp":"2026-09-15T09:48:22.324Z"}

data: {"data":"[providers] Auto-sync failed for ffe6a227-fd3a-4f22-934c-78d77ddaae55: 500","timestamp":"2026-09-15T09:48:22.602Z"}

data: {"data":"[providers] Auto-sync failed for 1ea3cc9f-0d9d-4406-beec-299a28e69148: 500","timestamp":"2026-09-15T09:48:22.725Z"}

data: {"data":"[init] nim-17 OK","timestamp":"2026-09-15T09:48:22.744Z"}

data: {"data":"[init] nim-18 OK","timestamp":"2026-09-15T09:48:23.093Z"}

data: {"data":"[providers] Auto-sync failed for b4c7899c-3fbd-4ff1-b155-dca3e79bc766: 500","timestamp":"2026-09-15T09:48:23.491Z"}

data: {"data":"[init] nim-19 OK","timestamp":"2026-09-15T09:48:23.512Z"}

data: {"data":"⨯ SqliteError: database disk image is malformed","timestamp":"2026-09-15T09:48:23.860Z"}

data: {"data":"    at Object.all (.build/next/server/chunks/src_02l7t6d._.js:1:5218)","timestamp":"2026-09-15T09:48:23.860Z"}

data: {"data":"    at b (.build/next/server/chunks/_1-iqx09._.js:1:14800)","timestamp":"2026-09-15T09:48:23.860Z"}

data: {"data":"    at c (.build/next/server/chunks/[root-of-the-server]__1k_ba33._.js:1:11339)","timestamp":"2026-09-15T09:48:23.860Z"}

data: {"data":"    at async eR (.build/next/server/chunks/_15d2x83._.js:1:17203)","timestamp":"2026-09-15T09:48:23.860Z"}

data: {"data":"    at async e_ (.build/next/server/chunks/_15d2x83._.js:1:31954)","timestamp":"2026-09-15T09:48:23.860Z"}

data: {"data":"    at async eq (.build/next/server/chunks/_0gq2i23._.js:1:38291)","timestamp":"2026-09-15T09:48:23.860Z"}

data: {"data":"    at async eQ (.build/next/server/chunks/_0gq2i23._.js:1:33687)","timestamp":"2026-09-15T09:48:23.860Z"}

data: {"data":"    at async (.build/next/server/chunks/_0gq2i23._.js:1:52499) {","timestamp":"2026-09-15T09:48:23.860Z"}

data: {"data":"  code: 'SQLITE_CORRUPT'","timestamp":"2026-09-15T09:48:23.860Z"}

data: {"data":"}","timestamp":"2026-09-15T09:48:23.860Z"}

data: {"data":"{\"level\":30,\"time\":\"2026-09-15T09:48:23.840Z\",\"service\":\"omniroute\",\"module\":\"sse\",\"tag\":\"HTTP\",\"method\":\"POST\",\"path\":\"/v1/chat/completions | nvidia/moonshotai/kimi-k3 | 2 msgs\",\"msg\":\"📥 POST /v1/chat/completions | nvidia/moonshotai/kimi-k3 | 2 msgs\"}","timestamp":"2026-09-15T09:48:23.872Z"}

data: {"data":"{\"level\":30,\"time\":\"2026-09-15T09:48:23.856Z\",\"service\":\"omniroute\",\"module\":\"sse\",\"tag\":\"ROUTING\",\"msg\":\"Provider: nvidia, Model: moonshotai/kimi-k3\"}","timestamp":"2026-09-15T09:48:23.872Z"}

data: {"data":"[init] nim-20 OK","timestamp":"2026-09-15T09:48:23.902Z"}

data: {"data":"[init] nim-21 OK","timestamp":"2026-09-15T09:48:24.299Z"}

data: {"data":"[providers] Auto-sync failed for 2d2b5422-8715-4ed1-8849-29a724fe4fca: 500","timestamp":"2026-09-15T09:48:24.528Z"}

data: {"data":"[providers] Auto-sync failed for 1fdb4aba-f383-426c-ab29-ddcc436b2214: 500","timestamp":"2026-09-15T09:48:24.633Z"}

data: {"data":"[providers] Auto-sync failed for 6c4c1f47-ab16-411e-b90b-4c039a5aa257: 500","timestamp":"2026-09-15T09:48:24.664Z"}

data: {"data":"[init] nim-22 OK","timestamp":"2026-09-15T09:48:24.669Z"}

data: {"data":"[providers] Auto-sync failed for 703fdd50-8e17-43c1-aa8d-77677e676d4b: 500","timestamp":"2026-09-15T09:48:24.953Z"}

data: {"data":"[providers] Auto-sync failed for bd6aef18-9acd-4341-b6ee-94a1804f9bea: 500","timestamp":"2026-09-15T09:48:25.057Z"}

data: {"data":"[init] nim-23 OK","timestamp":"2026-09-15T09:48:25.070Z"}

data: {"data":"[init] nim-24 OK","timestamp":"2026-09-15T09:48:25.446Z"}

data: {"data":"[providers] Auto-sync failed for 7c8111dc-0d9c-4517-bd3d-7814bcce9a3f: 500","timestamp":"2026-09-15T09:48:25.701Z"}

data: {"data":"[providers] Auto-sync failed for 731f7b83-23a7-4397-82ee-39d98cf5e596: 500","timestamp":"2026-09-15T09:48:25.804Z"}

data: {"data":"[init] nim-25 OK","timestamp":"2026-09-15T09:48:25.823Z"}

data: {"data":"[ConnectionRecovery] failed to load connections: database disk image is malformed","timestamp":"2026-09-15T09:48:26.044Z"}

data: {"data":"[init] nim-26 OK","timestamp":"2026-09-15T09:48:26.165Z"}

data: {"data":"⨯ SqliteError: database disk image is malformed","timestamp":"2026-09-15T09:48:26.473Z"}

data: {"data":"    at Object.all (.build/next/server/chunks/src_02l7t6d._.js:1:5218)","timestamp":"2026-09-15T09:48:26.473Z"}

data: {"data":"    at b (.build/next/server/chunks/_1-iqx09._.js:1:14800)","timestamp":"2026-09-15T09:48:26.473Z"}

data: {"data":"    at c (.build/next/server/chunks/[root-of-the-server]__1k_ba33._.js:1:11339)","timestamp":"2026-09-15T09:48:26.473Z"}

data: {"data":"    at async eR (.build/next/server/chunks/_15d2x83._.js:1:17203)","timestamp":"2026-09-15T09:48:26.473Z"}

data: {"data":"    at async e_ (.build/next/server/chunks/_15d2x83._.js:1:31954)","timestamp":"2026-09-15T09:48:26.473Z"}

data: {"data":"    at async eq (.build/next/server/chunks/_0gq2i23._.js:1:38291)","timestamp":"2026-09-15T09:48:26.473Z"}

data: {"data":"    at async eQ (.build/next/server/chunks/_0gq2i23._.js:1:33687)","timestamp":"2026-09-15T09:48:26.473Z"}

data: {"data":"    at async (.build/next/server/chunks/_0gq2i23._.js:1:52499) {","timestamp":"2026-09-15T09:48:26.473Z"}

data: {"data":"  code: 'SQLITE_CORRUPT'","timestamp":"2026-09-15T09:48:26.473Z"}

data: {"data":"}","timestamp":"2026-09-15T09:48:26.473Z"}

data: {"data":"[providers] Auto-sync failed for 4f414294-b43d-4442-b36d-fb92d11843ad: 500","timestamp":"2026-09-15T09:48:26.474Z"}

data: {"data":"{\"level\":30,\"time\":\"2026-09-15T09:48:26.458Z\",\"service\":\"omniroute\",\"module\":\"sse\",\"tag\":\"HTTP\",\"method\":\"POST\",\"path\":\"/v1/chat/completions | nvidia/moonshotai/kimi-k3 | 2 msgs\",\"msg\":\"📥 POST /v1/chat/completions | nvidia/moonshotai/kimi-k3 | 2 msgs\"}","timestamp":"2026-09-15T09:48:26.575Z"}

data: {"data":"{\"level\":30,\"time\":\"2026-09-15T09:48:26.469Z\",\"service\":\"omniroute\",\"module\":\"sse\",\"tag\":\"ROUTING\",\"msg\":\"Provider: nvidia, Model: moonshotai/kimi-k3\"}","timestamp":"2026-09-15T09:48:26.575Z"}

data: {"data":"[providers] Auto-sync failed for 584f76b6-c4a8-4117-8c97-d083dc665c98: 500","timestamp":"2026-09-15T09:48:26.580Z"}

data: {"data":"[init] nim-27 OK","timestamp":"2026-09-15T09:48:26.620Z"}

data: {"data":"[init] nim-28 OK","timestamp":"2026-09-15T09:48:26.983Z"}

data: {"data":"[init] nim-29 OK","timestamp":"2026-09-15T09:48:27.372Z"}

data: {"data":"[providers] Auto-sync failed for a8a67f1e-75d5-4883-b095-ca3b773f0974: 500","timestamp":"2026-09-15T09:48:27.704Z"}

data: {"data":"[providers] Auto-sync failed for 0a8ea743-a7eb-4191-aefd-0a93442ff273: 500","timestamp":"2026-09-15T09:48:27.745Z"}

data: {"data":"[init] nim-30 OK","timestamp":"2026-09-15T09:48:27.751Z"}

data: {"data":"Error creating provider: SqliteError: database disk image is malformed","timestamp":"2026-09-15T09:48:28.145Z"}

data: {"data":"    at Object.get (.build/next/server/chunks/src_02l7t6d._.js:1:5194)","timestamp":"2026-09-15T09:48:28.145Z"}

data: {"data":"    at S (.build/next/server/chunks/_1-iqx09._.js:8:470)","timestamp":"2026-09-15T09:48:28.145Z"}

data: {"data":"    at async T (.build/next/server/chunks/_0--ghm3._.js:1:3492)","timestamp":"2026-09-15T09:48:28.145Z"}

data: {"data":"    at async J (.build/next/server/chunks/_0--ghm3._.js:1:10895)","timestamp":"2026-09-15T09:48:28.145Z"}

data: {"data":"    at async Q (.build/next/server/chunks/_0--ghm3._.js:1:11973)","timestamp":"2026-09-15T09:48:28.145Z"}

data: {"data":"    at async Module.A [as handler] (.build/next/server/chunks/_0--ghm3._.js:1:14030) {","timestamp":"2026-09-15T09:48:28.145Z"}

data: {"data":"  code: 'SQLITE_CORRUPT'","timestamp":"2026-09-15T09:48:28.145Z"}

data: {"data":"}","timestamp":"2026-09-15T09:48:28.145Z"}

data: {"data":"[init] nim-31 HTTP 500","timestamp":"2026-09-15T09:48:28.147Z"}

data: {"data":"{\"error\":\"Failed to create provider\"}[providers] Auto-sync failed for a1eec9c7-bfdb-41df-a75f-66bfab79787d: 500","timestamp":"2026-09-15T09:48:28.480Z"}

data: {"data":"[providers] Auto-sync failed for c9ceba2e-f9ef-41b9-85f6-200b75709b2a: 500","timestamp":"2026-09-15T09:48:28.505Z"}

data: {"data":"Error creating provider: SqliteError: database disk image is malformed","timestamp":"2026-09-15T09:48:28.506Z"}

data: {"data":"    at Object.get (.build/next/server/chunks/src_02l7t6d._.js:1:5194)","timestamp":"2026-09-15T09:48:28.506Z"}

data: {"data":"    at S (.build/next/server/chunks/_1-iqx09._.js:8:470)","timestamp":"2026-09-15T09:48:28.506Z"}

data: {"data":"    at async T (.build/next/server/chunks/_0--ghm3._.js:1:3492)","timestamp":"2026-09-15T09:48:28.506Z"}

data: {"data":"    at async J (.build/next/server/chunks/_0--ghm3._.js:1:10895)","timestamp":"2026-09-15T09:48:28.506Z"}

data: {"data":"    at async Q (.build/next/server/chunks/_0--ghm3._.js:1:11973)","timestamp":"2026-09-15T09:48:28.506Z"}

data: {"data":"    at async Module.A [as handler] (.build/next/server/chunks/_0--ghm3._.js:1:14030) {","timestamp":"2026-09-15T09:48:28.506Z"}

data: {"data":"  code: 'SQLITE_CORRUPT'","timestamp":"2026-09-15T09:48:28.506Z"}

data: {"data":"}","timestamp":"2026-09-15T09:48:28.506Z"}

data: {"data":"[init] nim-32 HTTP 500","timestamp":"2026-09-15T09:48:28.508Z"}

data: {"data":"{\"error\":\"Failed to create provider\"}[init] Keys: 30 registered, 0 skipped, 2 failed. (probe: 0 alive / 0 dead-skipped)","timestamp":"2026-09-15T09:48:28.509Z"}

data: {"data":"[init] gc_stale: 删除 5 个僵尸/重复 nvidia 连接 (批量 DELETE /api/providers HTTP 200, 上限 max=32)","timestamp":"2026-09-15T09:48:28.594Z"}

data: {"data":"[providers] Auto-sync failed for 6e92aa57-2305-448f-af01-65609680f145: 500","timestamp":"2026-09-15T09:48:28.653Z"}

data: {"data":"[init] clear_stale: 无陈旧错态 (Autopilot issues=0 stale_connection_error)","timestamp":"2026-09-15T09:48:28.654Z"}

data: {"data":"[init] Fetching provider IDs...","timestamp":"2026-09-15T09:48:28.655Z"}

data: {"data":"[init] Provider IDs: 30","timestamp":"2026-09-15T09:48:28.675Z"}

data: {"data":"[init] FT proxy flaretunnel-8080: 建 ✓ (host=127.0.0.1:8080 → id=b57befa9-8923-488c-a498-52d62f234ddb, HTTP 201)","timestamp":"2026-09-15T09:48:28.701Z"}

data: {"data":"[init] FT proxy flaretunnel-8080: 绑族 ✓ (provider scope, scopeIds=[nvidia sensenova amd], updated=3)","timestamp":"2026-09-15T09:48:28.734Z"}

data: {"data":"[init] FT bridge healthz: {\"blacklist_patterns\":0,\"current_index\":0,\"rotation_mode\":\"round-robin\",\"stats\":{\"dew-ruby-ft1\":{\"name\":\"dew-ruby-ft1\",\"url\":\"https://1.f09.cc.cd\",\"requests\":1,\"successes\":1,\"failures\":0,\"last_status\":200,\"last_used\":1789465699},\"dew-ruby-ft2\":{\"name\":\"dew-ruby-ft2\",\"url\":\"https://2.f09.cc.cd\",\"requests\":1,\"successes\":1,\"failures\":0,\"last_status\":200,\"last_used\":1789465703},\"dew-ruby-ft3\":{\"name\":\"dew-ruby-ft3\",\"url\":\"https://3.f09.cc.cd\",\"requests\":1,\"successes\":1,\"failures\":0,\"last_status\":200,\"last_used\":1789465707},\"elf-nest-ft1\":{\"name\":\"elf-nest-ft1\",\"url\":\"https://1.f10.cc.cd\",\"requests\":1,\"successes\":1,\"failures\":0,\"last_status\":200,\"last_used\":1789465700},\"elf-nest-ft2\":{\"name\":\"elf-nest-ft2\",\"url\":\"https://2.f10.cc.cd\",\"requests\":1,\"successes\":1,\"failures\":0,\"last_status\":200,\"last_used\":1789465704},\"elf-nest-ft3\":{\"name\":\"elf-nest-ft3\",\"url\":\"https://3.f10.cc.cd\",\"requests\":1,\"successes\":1,\"failures\":0,\"last_status\":200,\"last_used\":1789465708},\"fire-toy-ft1\":{\"name\":\"fire-toy-ft1\",\"url\":\"https://1.f02.cc.cd\",\"requests\":1,\"successes\":1,\"failures\":0,\"last_status\":200,\"last_used\":1789465697},\"fire-toy-ft2\":{\"name\":\"fire-toy-ft2\",\"url\":\"https://2.f02.cc.cd\",\"requests\":1,\"successes\":1,\"failures\":0,\"last_status\":200,\"last_used\":1789465701},\"fire-toy-ft3\":{\"name\":\"fire-toy-ft3\",\"url\":\"https://3.f02.cc.cd\",\"requests\":1,\"successes\":1,\"failures\":0,\"last_status\":200,\"last_used\":1789465705},\"gift-gem-ft1\":{\"name\":\"gift-gem-ft1\",\"url\":\"https://1.f04.cc.cd\",\"requests\":1,\"successes\":1,\"failures\":0,\"last_status\":200,\"last_used\":1789465698},\"gift-gem-ft2\":{\"name\":\"gift-gem-ft2\",\"url\":\"https://2.f04.cc.cd\",\"requests\":1,\"successes\":1,\"failures\":0,\"last_status\":200,\"last_used\":1789465702},\"gift-gem-ft3\":{\"name\":\"gift-gem-ft3\",\"url\":\"https://3.f04.cc.cd\",\"requests\":1,\"successes\":1,\"failures\":0,\"last_status\":200,\"last_used\":1789465705},\"hop-rose-ft1\":{\"name\":\"hop-rose-ft1\",\"url\":\"https://1.f07.cc.cd\",\"requests\":1,\"successes\":1,\"failures\":0,\"last_status\":200,\"last_used\":1789465699},\"hop-rose-ft2\":{\"name\":\"hop-rose-ft2\",\"url\":\"https://2.f07.cc.cd\",\"requests\":1,\"successes\":1,\"failures\":0,\"last_status\":200,\"last_used\":1789465703},\"hop-rose-ft3\":{\"name\":\"hop-rose-ft3\",\"url\":\"https://3.f07.cc.cd\",\"requests\":1,\"successes\":1,\"failures\":0,\"last_status\":200,\"last_used\":1789465706},\"kind-tree-ft1\":{\"name\":\"kind-tree-ft1\",\"url\":\"https://1.f01.cc.cd\",\"requests\":1,\"successes\":1,\"failures\":0,\"last_status\":200,\"last_used\":1789465697},\"kind-tree-ft2\":{\"name\":\"kind-tree-ft2\",\"url\":\"https://2.f01.cc.cd\",\"requests\":1,\"successes\":1,\"failures\":0,\"last_status\":200,\"last_used\":1789465700},\"kind-tree-ft3\":{\"name\":\"kind-tree-ft3\",\"url\":\"https://3.f01.cc.cd\",\"requests\":1,\"successes\":1,\"failures\":0,\"last_status\":200,\"last_used\":1789465704},\"leaf-fish-ft1\":{\"name\":\"leaf-fish-ft1\",\"url\":\"https://1.f06.cc.cd\",\"requests\":1,\"successes\":1,\"failures\":0,\"last_status\":200,\"last_used\":1789465699},\"leaf-fish-ft2\":{\"name\":\"leaf-fish-ft2\",\"url\":\"https://2.f06.cc.cd\",\"requests\":1,\"successes\":1,\"failures\":0,\"last_status\":200,\"last_used\":1789465702},\"leaf-fish-ft3\":{\"name\":\"leaf-fish-ft3\",\"url\":\"https://3.f06.cc.cd\",\"requests\":1,\"successes\":1,\"failures\":0,\"last_status\":200,\"last_used\":1789465706},\"pink-tree-ft1\":{\"name\":\"pink-tree-ft1\",\"url\":\"https://1.f03.cc.cd\",\"requests\":1,\"successes\":1,\"failures\":0,\"last_status\":200,\"last_used\":1789465697},\"pink-tree-ft2\":{\"name\":\"pink-tree-ft2\",\"url\":\"https://2.f03.cc.cd\",\"requests\":1,\"successes\":1,\"failures\":0,\"last_status\":200,\"last_used\":1789465701},\"pink-tree-ft3\":{\"name\":\"pink-tree-ft3\",\"url\":\"https://3.f03.cc.cd\",\"requests\":1,\"successes\":1,\"failures\":0,\"last_status\":200,\"last_used\":1789465705},\"rain-wave-ft1\":{\"name\":\"rain-wave-ft1\",\"url\":\"https://1.f05.cc.cd\",\"requests\":1,\"successes\":1,\"failures\":0,\"last_status\":200,\"last_used\":1789465698},\"rain-wave-ft2\":{\"name\":\"rain-wave-ft2\",\"url\":\"https://2.f05.cc.cd\",\"requests\":1,\"successes\":1,\"failures\":0,\"last_status\":200,\"last_used\":1789465702},\"rain-wave-ft3\":{\"name\":\"rain-wave-ft3\",\"url\":\"https://3.f05.cc.cd\",\"requests\":1,\"successes\":1,\"failures\":0,\"last_status\":200,\"last_used\":1789465705},\"ray-kind-ft1\":{\"name\":\"ray-kind-ft1\",\"url\":\"https://1.f08.cc.cd\",\"requests\":1,\"successes\":1,\"failures\":0,\"last_status\":200,\"last_used\":1789465699},\"ray-kind-ft2\":{\"name\":\"ray-kind-ft2\",\"url\":\"https://2.f08.cc.cd\",\"requests\":1,\"successes\":1,\"failures\":0,\"last_status\":200,\"last_used\":1789465703},\"ray-kind-ft3\":{\"name\":\"ray-kind-ft3\",\"url\":\"https://3.f08.cc.cd\",\"requests\":1,\"successes\":1,\"failures\":0,\"last_status\":200,\"last_used\":1789465707}},\"status\":\"ok\",\"worker_stats\":30,\"workers\":30}","timestamp":"2026-09-15T09:48:28.742Z"}

data: {"data":"[init] Resilience (RPM=300, concurrent=96, interval=200ms)...","timestamp":"2026-09-15T09:48:28.742Z"}

data: {"data":"[init] Resilience PATCH body keys=[requestQueue] requestQueue.keys=[concurrentRequests,maxWaitMs,minTimeBetweenRequestsMs,requestsPerMinute] (无顶层 useUpstream429BreakerHints)","timestamp":"2026-09-15T09:48:28.752Z"}

data: {"data":"[bottleneck-patch] Applied doExpire fix for Bottleneck v2.19.5","timestamp":"2026-09-15T09:48:28.775Z"}

data: {"data":"[bottleneck-patch] Applied _startHeartbeat fix for Bottleneck v2.19.5","timestamp":"2026-09-15T09:48:28.776Z"}

data: {"data":"[init] Resilience PATCH HTTP 200 (dur=27ms)","timestamp":"2026-09-15T09:48:28.785Z"}

data: {"data":"[init] Resilience 读回: RPM=300 minMs=200 concurrent=96 maxWaitMs=300000 (预期 300/200/96/300000)","timestamp":"2026-09-15T09:48:28.818Z"}

data: {"data":"[init] ✓ Resilience 读回全字段一致 (300/96/200/300000 已落定)","timestamp":"2026-09-15T09:48:28.818Z"}

data: {"data":"[init] Routing + maxBodySizeMb=4...","timestamp":"2026-09-15T09:48:28.818Z"}

data: {"data":"[init] Settings HTTP 200","timestamp":"2026-09-15T09:48:28.840Z"}

data: {"data":"⨯ SqliteError: database disk image is malformed","timestamp":"2026-09-15T09:48:28.858Z"}

data: {"data":"    at Object.all (.build/next/server/chunks/src_02l7t6d._.js:1:5218)","timestamp":"2026-09-15T09:48:28.858Z"}

data: {"data":"    at b (.build/next/server/chunks/_1-iqx09._.js:1:14800)","timestamp":"2026-09-15T09:48:28.858Z"}

data: {"data":"    at c (.build/next/server/chunks/[root-of-the-server]__1k_ba33._.js:1:11339)","timestamp":"2026-09-15T09:48:28.858Z"}

data: {"data":"    at async eR (.build/next/server/chunks/_15d2x83._.js:1:17203)","timestamp":"2026-09-15T09:48:28.858Z"}

data: {"data":"    at async e_ (.build/next/server/chunks/_15d2x83._.js:1:31954)","timestamp":"2026-09-15T09:48:28.858Z"}

data: {"data":"    at async eq (.build/next/server/chunks/_0gq2i23._.js:1:38291)","timestamp":"2026-09-15T09:48:28.858Z"}

data: {"data":"    at async eQ (.build/next/server/chunks/_0gq2i23._.js:1:33687)","timestamp":"2026-09-15T09:48:28.858Z"}

data: {"data":"    at async (.build/next/server/chunks/_0gq2i23._.js:1:52499) {","timestamp":"2026-09-15T09:48:28.858Z"}

data: {"data":"  code: 'SQLITE_CORRUPT'","timestamp":"2026-09-15T09:48:28.858Z"}

data: {"data":"}","timestamp":"2026-09-15T09:48:28.858Z"}

data: {"data":"{\"level\":30,\"time\":\"2026-09-15T09:48:28.843Z\",\"service\":\"omniroute\",\"module\":\"sse\",\"tag\":\"HTTP\",\"method\":\"POST\",\"path\":\"/v1/chat/completions | nvidia/moonshotai/kimi-k3 | 2 msgs\",\"msg\":\"📥 POST /v1/chat/completions | nvidia/moonshotai/kimi-k3 | 2 msgs\"}","timestamp":"2026-09-15T09:48:28.859Z"}

data: {"data":"{\"level\":30,\"time\":\"2026-09-15T09:48:28.855Z\",\"service\":\"omniroute\",\"module\":\"sse\",\"tag\":\"ROUTING\",\"msg\":\"Provider: nvidia, Model: moonshotai/kimi-k3\"}","timestamp":"2026-09-15T09:48:28.859Z"}

data: {"data":"[init] [readonly] GET /api/combos HTTP 200 :: combos=[b98a050a-c15c-49cd-b78b-0662de450507\tnim-pool\tp2c;ecb75f74-2fed-43ae-8436-11c6ef7105f8\tnim-codex\tpriority;f07713d7-8ece-4c31-8b23-83c69e47c128\tsensenova-pool\tp2c;e5f70d9a-82aa-4dd5-8cd7-b56874785264\tamd-pool\tp2c;43e5b233-c99e-4814-ac4e-8f69fe03222f\tdp4f-pool\tp2c;]","timestamp":"2026-09-15T09:48:28.891Z"}

data: {"data":"[init] [readonly] GET /api/combos/auto HTTP 200 :: auto=[\t\t\t0]","timestamp":"2026-09-15T09:48:28.921Z"}

data: {"data":"[init] [readonly] GET /api/providers HTTP 200 :: providers=059dd00a-2c79-4110-8ea5-6a1c84fb2ec0\tnvidia;0a8ea743-a7eb-4191-aefd-0a93442ff273\tnvidia;1ea3cc9f-0d9d-4406-beec-299a28e69148\tnvidia;1fdb4aba-f383-426c-ab29-ddcc436b2214\tnvidia;2d2b5422-8715-4ed1-8849-29a724fe4fca\tnvidia;2eaf3faa-b3e8-49da-a29e-6749c52aaaaa\tnvidia;2ed88677-2151-4afb-8ad4-7f2490a65456\tnvidia;3be38968-2b80-47a5-9914-303fccd00d31\tnvidia;46d103b6-7825-4b07-8d58-e992372131aa\tnvidia;4a654921-05cb-4b4e-841e-e9c5d482c803\topenai-compatible-chat-867ad8e7-6ede-43be-824c-7ad07e5e4a4a;4f414294-b43d-4442-b36d-fb92d11843ad\tnvidia;548c3212-e7fc-4a8a-951a-d44a4ca76bd0\tnvidia;584f76b6-c4a8-4117-8c97-d083dc665c98\tnvidia;5bb7bc42-4726-4bc8-a751-44fefe5dc976\tnvidia;6481dfb6-3a9f-4759-b2a1-0b5a882c0d64\tnvidia;6c4c1f47-ab16-411e-b90b-4c039a5aa257\tnvidia;6e92aa57-2305-448f-af01-65609680f145\tnvidia;703fdd50-8e17-43c1-aa8d-77677e676d4b\tnvidia;731f7b83-23a7-4397-82ee-39d98cf5e596\tnvidia;732fd15d-78b9-4bea-b1cc-f536cb486e6f\topenai-compatible-chat-867ad8e7-6ede-43be-824c-7ad07e5e4a4a;7c8111dc-0d9c-4517-bd3d-7814bcce9a3f\tnvidia;a1eec9c7-bfdb-41df-a75f-66bfab79787d\tnvidia;a88f3d57-b4b8-4b20-8ed5-64f27b53d062\tnvidia;a8a67f1e-75d5-4883-b095-ca3b773f0974\tnvidia;b4bff1fd-5a89-4d9a-af20-9754bbe34e5d\tgemini;b4c7899c-3fbd-4ff1-b155-dca3e79bc766\tnvidia;b52665ae-b3a1-4e68-8af2-83ca4461275c\tnvidia;baf9dddb-2306-427b-8c22-cfa2dbf78feb\tnvidia;bd6aef18-9acd-4341-b6ee-94a1804f9bea\tnvidia;beb9aa59-7970-44c4-847d-2432cd1ecf3f\taihorde;c7c324a1-b607-4bed-97c5-6fb454db9857\tnvidia;c9ceba2e-f9ef-41b9-85f6-200b75709b2a\tnvidia;d1522ef4-1676-480f-a5bc-70b882d5c9aa\topenai-compatible-chat-867ad8e7-6ede-43be-824c-7ad07e5e4a4a;da7427f5-940f-406d-9b9e-da18e716203f\tnvidia;fc1ccd06-c30f-4faf-a985-c4c68e7ea6de\topenai-compatible-chat-867ad8e7-6ede-43be-824c-7ad07e5e4a4a;ffe6a227-fd3a-4f22-934c-78d77ddaae55\tnvidia;","timestamp":"2026-09-15T09:48:28.940Z"}

data: {"data":"[init] [readonly] 三份 GET 完 — Restart B 写跳据此结构 (POST/PUT/PATCH), Restart A 仅读不写.","timestamp":"2026-09-15T09:48:28.940Z"}

data: {"data":"[init] Compression globally disabled (enabled=false; per-combo 启用路径不受影响)...","timestamp":"2026-09-15T09:48:28.940Z"}

data: {"data":"[init] Compression HTTP 200","timestamp":"2026-09-15T09:48:28.971Z"}

data: {"data":"[init] Resetting circuit breakers (first-init clean start)...","timestamp":"2026-09-15T09:48:28.971Z"}

data: {"data":"[init] CB reset HTTP 200","timestamp":"2026-09-15T09:48:28.984Z"}

data: {"data":"[init] per-model 200K override (real_context=200000)...","timestamp":"2026-09-15T09:48:28.984Z"}

data: {"data":"[init] override: 7 applied, 0 failed.","timestamp":"2026-09-15T09:48:29.068Z"}

data: {"data":"[init] ─────────────────────────────────────────────","timestamp":"2026-09-15T09:48:29.068Z"}

data: {"data":"[init]   PROFILE=balanced MODE=NORMAL KEYS=32 RPM=300 BODY=4 MB","timestamp":"2026-09-15T09:48:29.068Z"}

data: {"data":"[init]   POOL_STRATEGY=p2c REAL_CONTEXT=200000 (per-model override 应用, monitor 自动回写禁用)","timestamp":"2026-09-15T09:48:29.068Z"}

data: {"data":"[init] ─────────────────────────────────────────────","timestamp":"2026-09-15T09:48:29.068Z"}

data: {"data":"[init] Incremental mode.","timestamp":"2026-09-15T09:48:29.074Z"}

data: {"data":"[init] check_nim_model_health...","timestamp":"2026-09-15T09:48:29.078Z"}

data: {"data":"[init]   minimaxai/minimax-m3 — DEPRECATED（NVIDIA 目录无）","timestamp":"2026-09-15T09:48:29.126Z"}

data: {"data":"[init]   deepseek-ai/deepseek-v4-pro-0813 — DEPRECATED（NVIDIA 目录无）","timestamp":"2026-09-15T09:48:29.129Z"}

data: {"data":"[init]   zhipuai/glm-5.3 — DEPRECATED（NVIDIA 目录无）","timestamp":"2026-09-15T09:48:29.139Z"}

data: {"data":"[init] 3 deprecated / 81 available","timestamp":"2026-09-15T09:48:29.141Z"}

data: {"data":"[init] upsert nim-pool: existed -> PUT combos/b98a050a-c15c-49cd-b78b-0662de450507 HTTP 200","timestamp":"2026-09-15T09:48:29.212Z"}

data: {"data":"[init] upsert nim-codex: existed -> PUT combos/ecb75f74-2fed-43ae-8436-11c6ef7105f8 HTTP 200","timestamp":"2026-09-15T09:48:29.261Z"}

data: {"data":"[init] context_accumulator_update: 增量累积每模型成功/失败口径...","timestamp":"2026-09-15T09:48:29.261Z"}

data: {"data":"[init]   列探测 input=tokens_in output=tokens_out","timestamp":"2026-09-15T09:48:29.280Z"}

data: {"data":"[init]   checkpoint last_ts=2026-09-14T03:35:12.568Z","timestamp":"2026-09-15T09:48:29.287Z"}

data: {"data":"[init]   checkpoint -> ctx_last_log_ts=2026-09-14T07:41:14.516Z","timestamp":"2026-09-15T09:48:29.402Z"}

data: {"data":"[init]   累积更新 2 个模型。","timestamp":"2026-09-15T09:48:29.402Z"}

data: {"data":"[init] ═══累积 real_context 推荐（跨淘汰周期保留）═══","timestamp":"2026-09-15T09:48:29.408Z"}

data: {"data":"[init]   model | last_ok | first_fail | ok/fail_n | conf | rec_ctx","timestamp":"2026-09-15T09:48:29.408Z"}

data: {"data":"[init]   deepseek-ai/deepseek-v4-flash-0731 | 238941 | 0 | 876/295 | high | 215046","timestamp":"2026-09-15T09:48:29.408Z"}

data: {"data":"[init]   moonshotai/kimi-k3 | 318036 | 0 | 3050/121 | high | 286232","timestamp":"2026-09-15T09:48:29.408Z"}

data: {"data":"[init]   moonshotai/kimi-k2.6 | - | - | 0/0 | insufficient | -","timestamp":"2026-09-15T09:48:29.408Z"}

data: {"data":"[init]   nvidia/nemotron-3-super-120b-a12b | 161 | - | 4/0 | insufficient | 144","timestamp":"2026-09-15T09:48:29.408Z"}

data: {"data":"[init]   nvidia/nemotron-3-ultra-550b-a55b | 20 | - | 1/0 | insufficient | 18","timestamp":"2026-09-15T09:48:29.408Z"}

data: {"data":"[init] ═════════════════════════════════════════","timestamp":"2026-09-15T09:48:29.408Z"}

data: {"data":"[init] General multi-provider registration...","timestamp":"2026-09-15T09:48:29.408Z"}

data: {"data":"[init]   nvidia: legacy 内置轨独占, 通用表跳过 (双轨收敛单轨)","timestamp":"2026-09-15T09:48:29.413Z"}

data: {"data":"[init]   gemini: DISABLED, 跳过注册 (key 无效空转, 保留代码待复活)","timestamp":"2026-09-15T09:48:29.413Z"}

data: {"data":"[init]   sensenova: 建节点+连接+枚举模型 (base=https://token.sensenova.cn/v1, max=20, mode=builtin)...","timestamp":"2026-09-15T09:48:29.419Z"}

data: {"data":"[init]     sensenova: builtin 模式, 不建 node, _nid=sensenova (短名)","timestamp":"2026-09-15T09:48:29.419Z"}

data: {"data":"Error creating provider: SqliteError: database disk image is malformed","timestamp":"2026-09-15T09:48:29.760Z"}

data: {"data":"    at Object.get (.build/next/server/chunks/src_02l7t6d._.js:1:5194)","timestamp":"2026-09-15T09:48:29.760Z"}

data: {"data":"    at S (.build/next/server/chunks/_1-iqx09._.js:8:470)","timestamp":"2026-09-15T09:48:29.760Z"}

data: {"data":"    at async T (.build/next/server/chunks/_0--ghm3._.js:1:3492)","timestamp":"2026-09-15T09:48:29.760Z"}

data: {"data":"    at async J (.build/next/server/chunks/_0--ghm3._.js:1:10895)","timestamp":"2026-09-15T09:48:29.760Z"}

data: {"data":"    at async Q (.build/next/server/chunks/_0--ghm3._.js:1:11973)","timestamp":"2026-09-15T09:48:29.760Z"}

data: {"data":"    at async Module.A [as handler] (.build/next/server/chunks/_0--ghm3._.js:1:14030) {","timestamp":"2026-09-15T09:48:29.760Z"}

data: {"data":"  code: 'SQLITE_CORRUPT'","timestamp":"2026-09-15T09:48:29.760Z"}

data: {"data":"}","timestamp":"2026-09-15T09:48:29.760Z"}

data: {"data":"[init]     sensenova/sensenova-01 HTTP 500 ({\"error\":\"Failed to create provider\"})","timestamp":"2026-09-15T09:48:29.764Z"}

data: {"data":"Error creating provider: SqliteError: database disk image is malformed","timestamp":"2026-09-15T09:48:30.099Z"}

data: {"data":"    at Object.get (.build/next/server/chunks/src_02l7t6d._.js:1:5194)","timestamp":"2026-09-15T09:48:30.099Z"}

data: {"data":"    at S (.build/next/server/chunks/_1-iqx09._.js:8:470)","timestamp":"2026-09-15T09:48:30.099Z"}

data: {"data":"    at async T (.build/next/server/chunks/_0--ghm3._.js:1:3492)","timestamp":"2026-09-15T09:48:30.099Z"}

data: {"data":"    at async J (.build/next/server/chunks/_0--ghm3._.js:1:10895)","timestamp":"2026-09-15T09:48:30.099Z"}

data: {"data":"    at async Q (.build/next/server/chunks/_0--ghm3._.js:1:11973)","timestamp":"2026-09-15T09:48:30.099Z"}

data: {"data":"    at async Module.A [as handler] (.build/next/server/chunks/_0--ghm3._.js:1:14030) {","timestamp":"2026-09-15T09:48:30.099Z"}

data: {"data":"  code: 'SQLITE_CORRUPT'","timestamp":"2026-09-15T09:48:30.099Z"}

data: {"data":"}","timestamp":"2026-09-15T09:48:30.099Z"}

data: {"data":"[init]     sensenova/sensenova-02 HTTP 500 ({\"error\":\"Failed to create provider\"})","timestamp":"2026-09-15T09:48:30.103Z"}

data: {"data":"Error creating provider: SqliteError: database disk image is malformed","timestamp":"2026-09-15T09:48:30.444Z"}

data: {"data":"    at Object.get (.build/next/server/chunks/src_02l7t6d._.js:1:5194)","timestamp":"2026-09-15T09:48:30.444Z"}

data: {"data":"    at S (.build/next/server/chunks/_1-iqx09._.js:8:470)","timestamp":"2026-09-15T09:48:30.444Z"}

data: {"data":"    at async T (.build/next/server/chunks/_0--ghm3._.js:1:3492)","timestamp":"2026-09-15T09:48:30.444Z"}

data: {"data":"    at async J (.build/next/server/chunks/_0--ghm3._.js:1:10895)","timestamp":"2026-09-15T09:48:30.444Z"}

data: {"data":"    at async Q (.build/next/server/chunks/_0--ghm3._.js:1:11973)","timestamp":"2026-09-15T09:48:30.444Z"}

data: {"data":"    at async Module.A [as handler] (.build/next/server/chunks/_0--ghm3._.js:1:14030) {","timestamp":"2026-09-15T09:48:30.444Z"}

data: {"data":"  code: 'SQLITE_CORRUPT'","timestamp":"2026-09-15T09:48:30.444Z"}

data: {"data":"}","timestamp":"2026-09-15T09:48:30.444Z"}

data: {"data":"[init]     sensenova/sensenova-03 HTTP 500 ({\"error\":\"Failed to create provider\"})","timestamp":"2026-09-15T09:48:30.448Z"}

data: {"data":"[init]     sensenova: 3 keys → 0 registered, 0 skipped, 3 failed","timestamp":"2026-09-15T09:48:30.448Z"}

data: {"data":"[init]     sensenova: 静态白名单 3 个模型 (方案A, 不枚举上游)","timestamp":"2026-09-15T09:48:30.453Z"}

data: {"data":"[init] upsert sensenova-pool: existed -> PUT combos/f07713d7-8ece-4c31-8b23-83c69e47c128 HTTP 200","timestamp":"2026-09-15T09:48:30.558Z"}

data: {"data":"[init]     sensenova: 无白名单外残留, 跳过","timestamp":"2026-09-15T09:48:30.574Z"}

data: {"data":"[init]   mistral: DISABLED, 跳过注册 (key 无效空转, 保留代码待复活)","timestamp":"2026-09-15T09:48:30.574Z"}

data: {"data":"[init]   amd: 建节点+连接+枚举模型 (base=https://developer.amd.com.cn/radeon/api/v1, max=20, mode=node)...","timestamp":"2026-09-15T09:48:30.579Z"}

data: {"data":"Error updating provider node: SqliteError: database disk image is malformed","timestamp":"2026-09-15T09:48:30.616Z"}

data: {"data":"    at Object.all (.build/next/server/chunks/src_02l7t6d._.js:1:5218)","timestamp":"2026-09-15T09:48:30.616Z"}

data: {"data":"    at b (.build/next/server/chunks/_1-iqx09._.js:1:14800)","timestamp":"2026-09-15T09:48:30.616Z"}

data: {"data":"    at c (.build/next/server/chunks/[root-of-the-server]__1k_ba33._.js:1:11339)","timestamp":"2026-09-15T09:48:30.616Z"}

data: {"data":"    at async x (.build/next/server/chunks/_1-iqx09._.js:1:14007)","timestamp":"2026-09-15T09:48:30.616Z"}

data: {"data":"    at async R (.build/next/server/chunks/_1kmqua2._.js:1:1661)","timestamp":"2026-09-15T09:48:30.616Z"}

data: {"data":"    at async J (.build/next/server/chunks/_1kmqua2._.js:1:5943) {","timestamp":"2026-09-15T09:48:30.616Z"}

data: {"data":"  code: 'SQLITE_CORRUPT'","timestamp":"2026-09-15T09:48:30.616Z"}

data: {"data":"}","timestamp":"2026-09-15T09:48:30.616Z"}

data: {"data":"[init]     amd: node amd-node 复用 id=openai-compatible-chat-867ad8e7-6ede-43be-824c-7ad07e5e4a4a (PUT 刷 baseUrl HTTP 500, 忽略)","timestamp":"2026-09-15T09:48:30.618Z"}

data: {"data":"[init]     amd: node openai-compatible-chat-867ad8e7-6ede-43be-824c-7ad07e5e4a4a 补绑 FT 桥 ✓ (provider scope, updated=1)","timestamp":"2026-09-15T09:48:30.643Z"}

data: {"data":"Error creating provider: SqliteError: database disk image is malformed","timestamp":"2026-09-15T09:48:30.975Z"}

data: {"data":"    at Object.get (.build/next/server/chunks/src_02l7t6d._.js:1:5194)","timestamp":"2026-09-15T09:48:30.975Z"}

data: {"data":"    at S (.build/next/server/chunks/_1-iqx09._.js:8:470)","timestamp":"2026-09-15T09:48:30.975Z"}

data: {"data":"    at async T (.build/next/server/chunks/_0--ghm3._.js:1:3492)","timestamp":"2026-09-15T09:48:30.975Z"}

data: {"data":"    at async J (.build/next/server/chunks/_0--ghm3._.js:1:10895)","timestamp":"2026-09-15T09:48:30.975Z"}

data: {"data":"    at async Q (.build/next/server/chunks/_0--ghm3._.js:1:11973)","timestamp":"2026-09-15T09:48:30.975Z"}

data: {"data":"    at async Module.A [as handler] (.build/next/server/chunks/_0--ghm3._.js:1:14030) {","timestamp":"2026-09-15T09:48:30.975Z"}

data: {"data":"  code: 'SQLITE_CORRUPT'","timestamp":"2026-09-15T09:48:30.975Z"}

data: {"data":"}","timestamp":"2026-09-15T09:48:30.975Z"}

data: {"data":"[init]     amd/amd-01 HTTP 500 ({\"error\":\"Failed to create provider\"})","timestamp":"2026-09-15T09:48:30.979Z"}

data: {"data":"Error creating provider: SqliteError: database disk image is malformed","timestamp":"2026-09-15T09:48:31.314Z"}

data: {"data":"    at Object.get (.build/next/server/chunks/src_02l7t6d._.js:1:5194)","timestamp":"2026-09-15T09:48:31.314Z"}

data: {"data":"    at S (.build/next/server/chunks/_1-iqx09._.js:8:470)","timestamp":"2026-09-15T09:48:31.314Z"}

data: {"data":"    at async T (.build/next/server/chunks/_0--ghm3._.js:1:3492)","timestamp":"2026-09-15T09:48:31.314Z"}

data: {"data":"    at async J (.build/next/server/chunks/_0--ghm3._.js:1:10895)","timestamp":"2026-09-15T09:48:31.314Z"}

data: {"data":"    at async Q (.build/next/server/chunks/_0--ghm3._.js:1:11973)","timestamp":"2026-09-15T09:48:31.314Z"}

data: {"data":"    at async Module.A [as handler] (.build/next/server/chunks/_0--ghm3._.js:1:14030) {","timestamp":"2026-09-15T09:48:31.314Z"}

data: {"data":"  code: 'SQLITE_CORRUPT'","timestamp":"2026-09-15T09:48:31.314Z"}

data: {"data":"}","timestamp":"2026-09-15T09:48:31.314Z"}

data: {"data":"[init]     amd/amd-02 HTTP 500 ({\"error\":\"Failed to create provider\"})","timestamp":"2026-09-15T09:48:31.318Z"}

data: {"data":"Error creating provider: SqliteError: database disk image is malformed","timestamp":"2026-09-15T09:48:31.653Z"}

data: {"data":"    at Object.get (.build/next/server/chunks/src_02l7t6d._.js:1:5194)","timestamp":"2026-09-15T09:48:31.653Z"}

data: {"data":"    at S (.build/next/server/chunks/_1-iqx09._.js:8:470)","timestamp":"2026-09-15T09:48:31.653Z"}

data: {"data":"    at async T (.build/next/server/chunks/_0--ghm3._.js:1:3492)","timestamp":"2026-09-15T09:48:31.653Z"}

data: {"data":"    at async J (.build/next/server/chunks/_0--ghm3._.js:1:10895)","timestamp":"2026-09-15T09:48:31.653Z"}

data: {"data":"    at async Q (.build/next/server/chunks/_0--ghm3._.js:1:11973)","timestamp":"2026-09-15T09:48:31.653Z"}

data: {"data":"    at async Module.A [as handler] (.build/next/server/chunks/_0--ghm3._.js:1:14030) {","timestamp":"2026-09-15T09:48:31.653Z"}

data: {"data":"  code: 'SQLITE_CORRUPT'","timestamp":"2026-09-15T09:48:31.653Z"}

data: {"data":"}","timestamp":"2026-09-15T09:48:31.653Z"}

data: {"data":"[init]     amd/amd-03 HTTP 500 ({\"error\":\"Failed to create provider\"})","timestamp":"2026-09-15T09:48:31.658Z"}

data: {"data":"⨯ SqliteError: database disk image is malformed","timestamp":"2026-09-15T09:48:31.900Z"}

data: {"data":"    at Object.all (.build/next/server/chunks/src_02l7t6d._.js:1:5218)","timestamp":"2026-09-15T09:48:31.900Z"}

data: {"data":"    at b (.build/next/server/chunks/_1-iqx09._.js:1:14800)","timestamp":"2026-09-15T09:48:31.900Z"}

data: {"data":"    at c (.build/next/server/chunks/[root-of-the-server]__1k_ba33._.js:1:11339)","timestamp":"2026-09-15T09:48:31.900Z"}

data: {"data":"    at async eR (.build/next/server/chunks/_15d2x83._.js:1:17203)","timestamp":"2026-09-15T09:48:31.900Z"}

data: {"data":"    at async e_ (.build/next/server/chunks/_15d2x83._.js:1:31954)","timestamp":"2026-09-15T09:48:31.900Z"}

data: {"data":"    at async eq (.build/next/server/chunks/_0gq2i23._.js:1:38291)","timestamp":"2026-09-15T09:48:31.900Z"}

data: {"data":"    at async eQ (.build/next/server/chunks/_0gq2i23._.js:1:33687)","timestamp":"2026-09-15T09:48:31.900Z"}

data: {"data":"    at async (.build/next/server/chunks/_0gq2i23._.js:1:52499) {","timestamp":"2026-09-15T09:48:31.900Z"}

data: {"data":"  code: 'SQLITE_CORRUPT'","timestamp":"2026-09-15T09:48:31.900Z"}

data: {"data":"}","timestamp":"2026-09-15T09:48:31.900Z"}

data: {"data":"{\"level\":30,\"time\":\"2026-09-15T09:48:31.882Z\",\"service\":\"omniroute\",\"module\":\"sse\",\"tag\":\"HTTP\",\"method\":\"POST\",\"path\":\"/v1/chat/completions | nvidia/moonshotai/kimi-k3 | 2 msgs\",\"msg\":\"📥 POST /v1/chat/completions | nvidia/moonshotai/kimi-k3 | 2 msgs\"}","timestamp":"2026-09-15T09:48:32.001Z"}

data: {"data":"{\"level\":30,\"time\":\"2026-09-15T09:48:31.897Z\",\"service\":\"omniroute\",\"module\":\"sse\",\"tag\":\"ROUTING\",\"msg\":\"Provider: nvidia, Model: moonshotai/kimi-k3\"}","timestamp":"2026-09-15T09:48:32.001Z"}

data: {"data":"Error creating provider: SqliteError: database disk image is malformed","timestamp":"2026-09-15T09:48:32.026Z"}

data: {"data":"    at Object.get (.build/next/server/chunks/src_02l7t6d._.js:1:5194)","timestamp":"2026-09-15T09:48:32.026Z"}

data: {"data":"    at S (.build/next/server/chunks/_1-iqx09._.js:8:470)","timestamp":"2026-09-15T09:48:32.026Z"}

data: {"data":"    at async T (.build/next/server/chunks/_0--ghm3._.js:1:3492)","timestamp":"2026-09-15T09:48:32.026Z"}

data: {"data":"    at async J (.build/next/server/chunks/_0--ghm3._.js:1:10895)","timestamp":"2026-09-15T09:48:32.026Z"}

data: {"data":"    at async Q (.build/next/server/chunks/_0--ghm3._.js:1:11973)","timestamp":"2026-09-15T09:48:32.026Z"}

data: {"data":"    at async Module.A [as handler] (.build/next/server/chunks/_0--ghm3._.js:1:14030) {","timestamp":"2026-09-15T09:48:32.026Z"}

data: {"data":"  code: 'SQLITE_CORRUPT'","timestamp":"2026-09-15T09:48:32.026Z"}

data: {"data":"}","timestamp":"2026-09-15T09:48:32.026Z"}

data: {"data":"[init]     amd/amd-04 HTTP 500 ({\"error\":\"Failed to create provider\"})","timestamp":"2026-09-15T09:48:32.030Z"}

data: {"data":"Error creating provider: SqliteError: database disk image is malformed","timestamp":"2026-09-15T09:48:32.433Z"}

data: {"data":"    at Object.get (.build/next/server/chunks/src_02l7t6d._.js:1:5194)","timestamp":"2026-09-15T09:48:32.433Z"}

data: {"data":"    at S (.build/next/server/chunks/_1-iqx09._.js:8:470)","timestamp":"2026-09-15T09:48:32.433Z"}

data: {"data":"    at async T (.build/next/server/chunks/_0--ghm3._.js:1:3492)","timestamp":"2026-09-15T09:48:32.433Z"}

data: {"data":"    at async J (.build/next/server/chunks/_0--ghm3._.js:1:10895)","timestamp":"2026-09-15T09:48:32.433Z"}

data: {"data":"    at async Q (.build/next/server/chunks/_0--ghm3._.js:1:11973)","timestamp":"2026-09-15T09:48:32.433Z"}

data: {"data":"    at async Module.A [as handler] (.build/next/server/chunks/_0--ghm3._.js:1:14030) {","timestamp":"2026-09-15T09:48:32.433Z"}

data: {"data":"  code: 'SQLITE_CORRUPT'","timestamp":"2026-09-15T09:48:32.433Z"}

data: {"data":"}","timestamp":"2026-09-15T09:48:32.433Z"}

data: {"data":"[init]     amd/amd-05 HTTP 500 ({\"error\":\"Failed to create provider\"})","timestamp":"2026-09-15T09:48:32.437Z"}

data: {"data":"[init]     amd: 5 keys → 0 registered, 0 skipped, 5 failed","timestamp":"2026-09-15T09:48:32.437Z"}

data: {"data":"[init]     amd: 枚举 6 个模型 (截 20) (body 5811B, key=ok)","timestamp":"2026-09-15T09:48:33.196Z"}

data: {"data":"[init] upsert amd-pool: existed -> PUT combos/e5f70d9a-82aa-4dd5-8cd7-b56874785264 HTTP 200","timestamp":"2026-09-15T09:48:33.350Z"}

data: {"data":"[init] dp4f-pool: 跨 provider 条目 4 条 → sensenova/deepseek-v4-flash openai-compatible-chat-867ad8e7-6ede-43be-824c-7ad07e5e4a4a/DeepSeek-V4-Flash openai-compatible-chat-867ad8e7-6ede-43be-824c-7ad07e5e4a4a/DeepSeek-V4-Flash-Vision-Exp nvidia/deepseek-ai/deepseek-v4-flash-0731","timestamp":"2026-09-15T09:48:33.368Z"}

data: {"data":"[init] dp4f-pool: 无旧名 dpv4flash-pool 残留, 跳过","timestamp":"2026-09-15T09:48:33.424Z"}

data: {"data":"[init] upsert dp4f-pool: existed -> PUT combos/43e5b233-c99e-4814-ac4e-8f69fe03222f HTTP 200","timestamp":"2026-09-15T09:48:33.437Z"}

data: {"data":"[init] cleanup sensenova: 无旧 provider-node sensenova-node, 跳过节点清理","timestamp":"2026-09-15T09:48:33.452Z"}

data: {"data":"[init] cleanup sensenova: 无双重前缀残留, 跳过","timestamp":"2026-09-15T09:48:33.473Z"}

data: {"data":"[init] cleanup nvidia: 无旧 provider-node nvidia-node, 跳过节点清理","timestamp":"2026-09-15T09:48:33.488Z"}

data: {"data":"[init] cleanup mistral: 无旧 provider-node mistral-node, 跳过节点清理","timestamp":"2026-09-15T09:48:33.504Z"}

data: {"data":"[init] cleanup google: 无旧 provider-node google-node, 跳过节点清理","timestamp":"2026-09-15T09:48:33.518Z"}

data: {"data":"[init] General multi-provider registration done.","timestamp":"2026-09-15T09:48:33.518Z"}

data: {"data":"[init] snapshot → /data/backups/config (Bucket 挂载直写, 无 HF API)","timestamp":"2026-09-15T09:48:33.519Z"}

data: {"data":"[init] snapshot: init_vars.json written","timestamp":"2026-09-15T09:48:33.698Z"}

data: {"data":"[init] snapshot 完成: 6 件于 /data/backups/config","timestamp":"2026-09-15T09:48:33.713Z"}

data: {"data":"[init] Done (incremental). v4.3.2","timestamp":"2026-09-15T09:48:33.713Z"}

data: {"data":"[entrypoint] NIM init 已退出 rc=0 (正常完成).","timestamp":"2026-09-15T09:48:33.836Z"}

data: {"data":"⨯ SqliteError: database disk image is malformed","timestamp":"2026-09-15T09:48:34.324Z"}

data: {"data":"    at Object.all (.build/next/server/chunks/src_02l7t6d._.js:1:5218)","timestamp":"2026-09-15T09:48:34.324Z"}

data: {"data":"    at b (.build/next/server/chunks/_1-iqx09._.js:1:14800)","timestamp":"2026-09-15T09:48:34.324Z"}

data: {"data":"    at c (.build/next/server/chunks/[root-of-the-server]__1k_ba33._.js:1:11339)","timestamp":"2026-09-15T09:48:34.324Z"}

data: {"data":"    at async eR (.build/next/server/chunks/_15d2x83._.js:1:17203)","timestamp":"2026-09-15T09:48:34.324Z"}

data: {"data":"    at async e_ (.build/next/server/chunks/_15d2x83._.js:1:31954)","timestamp":"2026-09-15T09:48:34.324Z"}

data: {"data":"    at async eq (.build/next/server/chunks/_0gq2i23._.js:1:38291)","timestamp":"2026-09-15T09:48:34.324Z"}

data: {"data":"    at async eQ (.build/next/server/chunks/_0gq2i23._.js:1:33687)","timestamp":"2026-09-15T09:48:34.324Z"}

data: {"data":"    at async (.build/next/server/chunks/_0gq2i23._.js:1:52499) {","timestamp":"2026-09-15T09:48:34.324Z"}

data: {"data":"  code: 'SQLITE_CORRUPT'","timestamp":"2026-09-15T09:48:34.324Z"}

data: {"data":"}","timestamp":"2026-09-15T09:48:34.324Z"}

data: {"data":"{\"level\":30,\"time\":\"2026-09-15T09:48:34.309Z\",\"service\":\"omniroute\",\"module\":\"sse\",\"tag\":\"HTTP\",\"method\":\"POST\",\"path\":\"/v1/chat/completions | nvidia/moonshotai/kimi-k3 | 2 msgs\",\"msg\":\"📥 POST /v1/chat/completions | nvidia/moonshotai/kimi-k3 | 2 msgs\"}","timestamp":"2026-09-15T09:48:34.324Z"}

data: {"data":"{\"level\":30,\"time\":\"2026-09-15T09:48:34.321Z\",\"service\":\"omniroute\",\"module\":\"sse\",\"tag\":\"ROUTING\",\"msg\":\"Provider: nvidia, Model: moonshotai/kimi-k3\"}","timestamp":"2026-09-15T09:48:34.324Z"}

data: {"data":"⨯ SqliteError: database disk image is malformed","timestamp":"2026-09-15T09:48:37.056Z"}

data: {"data":"    at Object.all (.build/next/server/chunks/src_02l7t6d._.js:1:5218)","timestamp":"2026-09-15T09:48:37.056Z"}

data: {"data":"    at b (.build/next/server/chunks/_1-iqx09._.js:1:14800)","timestamp":"2026-09-15T09:48:37.056Z"}

data: {"data":"    at c (.build/next/server/chunks/[root-of-the-server]__1k_ba33._.js:1:11339)","timestamp":"2026-09-15T09:48:37.056Z"}

data: {"data":"    at async eR (.build/next/server/chunks/_15d2x83._.js:1:17203)","timestamp":"2026-09-15T09:48:37.056Z"}

data: {"data":"    at async e_ (.build/next/server/chunks/_15d2x83._.js:1:31954)","timestamp":"2026-09-15T09:48:37.056Z"}

data: {"data":"    at async eq (.build/next/server/chunks/_0gq2i23._.js:1:38291)","timestamp":"2026-09-15T09:48:37.056Z"}

data: {"data":"    at async eQ (.build/next/server/chunks/_0gq2i23._.js:1:33687)","timestamp":"2026-09-15T09:48:37.056Z"}

data: {"data":"    at async (.build/next/server/chunks/_0gq2i23._.js:1:52499) {","timestamp":"2026-09-15T09:48:37.056Z"}

data: {"data":"  code: 'SQLITE_CORRUPT'","timestamp":"2026-09-15T09:48:37.056Z"}

data: {"data":"}","timestamp":"2026-09-15T09:48:37.056Z"}

data: {"data":"{\"level\":30,\"time\":\"2026-09-15T09:48:37.038Z\",\"service\":\"omniroute\",\"module\":\"sse\",\"tag\":\"HTTP\",\"method\":\"POST\",\"path\":\"/v1/chat/completions | nvidia/moonshotai/kimi-k3 | 2 msgs\",\"msg\":\"📥 POST /v1/chat/completions | nvidia/moonshotai/kimi-k3 | 2 msgs\"}","timestamp":"2026-09-15T09:48:37.056Z"}

data: {"data":"{\"level\":30,\"time\":\"2026-09-15T09:48:37.052Z\",\"service\":\"omniroute\",\"module\":\"sse\",\"tag\":\"ROUTING\",\"msg\":\"Provider: nvidia, Model: moonshotai/kimi-k3\"}","timestamp":"2026-09-15T09:48:37.056Z"}

data: {"data":"[heapwatch] heapUsed=332MB heap_size_limit=4192MB pressure=0.079 rss=775MB shed_threshold=0.75","timestamp":"2026-09-15T09:48:38.847Z"}

data: {"data":"⨯ SqliteError: database disk image is malformed","timestamp":"2026-09-15T09:48:39.536Z"}

data: {"data":"    at Object.all (.build/next/server/chunks/src_02l7t6d._.js:1:5218)","timestamp":"2026-09-15T09:48:39.536Z"}

data: {"data":"    at b (.build/next/server/chunks/_1-iqx09._.js:1:14800)","timestamp":"2026-09-15T09:48:39.536Z"}

data: {"data":"    at c (.build/next/server/chunks/[root-of-the-server]__1k_ba33._.js:1:11339)","timestamp":"2026-09-15T09:48:39.536Z"}

data: {"data":"    at async eR (.build/next/server/chunks/_15d2x83._.js:1:17203)","timestamp":"2026-09-15T09:48:39.536Z"}

data: {"data":"    at async e_ (.build/next/server/chunks/_15d2x83._.js:1:31954)","timestamp":"2026-09-15T09:48:39.536Z"}

data: {"data":"    at async eq (.build/next/server/chunks/_0gq2i23._.js:1:38291)","timestamp":"2026-09-15T09:48:39.536Z"}

data: {"data":"    at async eQ (.build/next/server/chunks/_0gq2i23._.js:1:33687)","timestamp":"2026-09-15T09:48:39.536Z"}

data: {"data":"    at async (.build/next/server/chunks/_0gq2i23._.js:1:52499) {","timestamp":"2026-09-15T09:48:39.536Z"}

data: {"data":"  code: 'SQLITE_CORRUPT'","timestamp":"2026-09-15T09:48:39.536Z"}

data: {"data":"}","timestamp":"2026-09-15T09:48:39.536Z"}

data: {"data":"{\"level\":30,\"time\":\"2026-09-15T09:48:39.521Z\",\"service\":\"omniroute\",\"module\":\"sse\",\"tag\":\"HTTP\",\"method\":\"POST\",\"path\":\"/v1/chat/completions | nvidia/moonshotai/kimi-k3 | 2 msgs\",\"msg\":\"📥 POST /v1/chat/completions | nvidia/moonshotai/kimi-k3 | 2 msgs\"}","timestamp":"2026-09-15T09:48:39.536Z"}

data: {"data":"{\"level\":30,\"time\":\"2026-09-15T09:48:39.533Z\",\"service\":\"omniroute\",\"module\":\"sse\",\"tag\":\"ROUTING\",\"msg\":\"Provider: nvidia, Model: moonshotai/kimi-k3\"}","timestamp":"2026-09-15T09:48:39.536Z"}

data: {"data":"[heapwatch] heapUsed=8MB heap_size_limit=4192MB pressure=0.002 rss=733MB shed_threshold=0.75","timestamp":"2026-09-15T09:48:39.804Z"}

data: {"data":"[CredentialHealth] Failed to load provider connections: SqliteError: database disk image is malformed","timestamp":"2026-09-15T09:48:40.749Z"}

data: {"data":"    at Object.all (.build/next/server/chunks/src_02l7t6d._.js:1:5218)","timestamp":"2026-09-15T09:48:40.749Z"}

data: {"data":"    at C (.build/next/server/chunks/_1zujanj._.js:1:14797)","timestamp":"2026-09-15T09:48:40.749Z"}

data: {"data":"    at c (.build/next/server/chunks/src_02l7t6d._.js:1:10136)","timestamp":"2026-09-15T09:48:40.749Z"}

data: {"data":"    at async b (.build/next/server/chunks/_1zujanj._.js:1:14004)","timestamp":"2026-09-15T09:48:40.749Z"}

data: {"data":"    at async m (.build/next/server/chunks/src_1iku948._.js:1:25059) {","timestamp":"2026-09-15T09:48:40.749Z"}

data: {"data":"  code: 'SQLITE_CORRUPT'","timestamp":"2026-09-15T09:48:40.749Z"}

data: {"data":"}","timestamp":"2026-09-15T09:48:40.749Z"}

data: {"data":"[Cleanup] Starting auto-cleanup...","timestamp":"2026-09-15T09:48:40.761Z"}

data: {"data":"[Cleanup] Deleted 0 quota_snapshots older than 90 days","timestamp":"2026-09-15T09:48:40.762Z"}

data: {"data":"[Cleanup] Deleted 0 call_logs older than 90 days","timestamp":"2026-09-15T09:48:40.763Z"}

data: {"data":"[Aggregation] usage_history rollup: 0 rows for dates before 2025-09-15","timestamp":"2026-09-15T09:48:40.764Z"}

data: {"data":"[Cleanup] Deleted 0 usage_history older than 365 days","timestamp":"2026-09-15T09:48:40.764Z"}

data: {"data":"[Cleanup] Deleted 0 compression_analytics older than 30 days","timestamp":"2026-09-15T09:48:40.765Z"}

data: {"data":"[Cleanup] Deleted 0 mcp_tool_audit older than 30 days","timestamp":"2026-09-15T09:48:40.766Z"}

data: {"data":"[Cleanup] Deleted 0 config_audit_log older than 30 days","timestamp":"2026-09-15T09:48:40.767Z"}

data: {"data":"[Cleanup] Deleted 0 a2a_task_events older than 30 days","timestamp":"2026-09-15T09:48:40.767Z"}

data: {"data":"[Cleanup] Deleted 0 memory_entries older than 180 days","timestamp":"2026-09-15T09:48:40.768Z"}

data: {"data":"[Cleanup] Deleted 0 domain_cost_history older than 30 days","timestamp":"2026-09-15T09:48:40.769Z"}

data: {"data":"[Cleanup] Deleted 0 compression_cache_stats older than 30 days","timestamp":"2026-09-15T09:48:40.770Z"}

data: {"data":"[Cleanup] Deleted 0 xp_audit_log older than 30 days","timestamp":"2026-09-15T09:48:40.772Z"}

data: {"data":"[Cleanup] Error cleaning compression_run_telemetry: SqliteError: no such table: compression_run_telemetry","timestamp":"2026-09-15T09:48:40.773Z"}

data: {"data":"    at Object.prepare (.build/next/server/chunks/src_02l7t6d._.js:1:5138)","timestamp":"2026-09-15T09:48:40.773Z"}

data: {"data":"    at D (.build/next/server/chunks/src_lib_0ya2t7z._.js:1:5135)","timestamp":"2026-09-15T09:48:40.773Z"}

data: {"data":"    at h (.build/next/server/chunks/src_lib_0ya2t7z._.js:1:6179)","timestamp":"2026-09-15T09:48:40.773Z"}

data: {"data":"    at async Timeout._onTimeout (.build/next/server/chunks/src_lib_0ya2t7z._.js:1:11728) {","timestamp":"2026-09-15T09:48:40.773Z"}

data: {"data":"  code: 'SQLITE_ERROR'","timestamp":"2026-09-15T09:48:40.773Z"}

data: {"data":"}","timestamp":"2026-09-15T09:48:40.773Z"}

data: {"data":"[Cleanup] Deleted 0 proxy_logs older than 90 days","timestamp":"2026-09-15T09:48:40.774Z"}

data: {"data":"[Cleanup] Deleted 0 expired ccr_blocks","timestamp":"2026-09-15T09:48:40.775Z"}

data: {"data":"[Cleanup] Auto-cleanup complete: 0 deleted, 1 errors","timestamp":"2026-09-15T09:48:40.775Z"}

data: {"data":"[Cleanup] Deleted 0 proxy_logs older than 90 days","timestamp":"2026-09-15T09:48:40.776Z"}

data: {"data":"[heapwatch] heapUsed=8MB heap_size_limit=4192MB pressure=0.002 rss=735MB shed_threshold=0.75","timestamp":"2026-09-15T09:48:44.089Z"}

data: {"data":"[heapwatch] heapUsed=8MB heap_size_limit=4192MB pressure=0.002 rss=736MB shed_threshold=0.75","timestamp":"2026-09-15T09:48:44.415Z"}

data: {"data":"[heapwatch] heapUsed=7MB heap_size_limit=4192MB pressure=0.002 rss=580MB shed_threshold=0.75","timestamp":"2026-09-15T09:48:47.824Z"}

data: {"data":"⨯ SqliteError: database disk image is malformed","timestamp":"2026-09-15T09:48:48.767Z"}

data: {"data":"    at Object.all (.build/next/server/chunks/src_02l7t6d._.js:1:5218)","timestamp":"2026-09-15T09:48:48.768Z"}

data: {"data":"    at b (.build/next/server/chunks/_1-iqx09._.js:1:14800)","timestamp":"2026-09-15T09:48:48.768Z"}

data: {"data":"    at c (.build/next/server/chunks/[root-of-the-server]__1k_ba33._.js:1:11339)","timestamp":"2026-09-15T09:48:48.768Z"}

data: {"data":"    at async eR (.build/next/server/chunks/_15d2x83._.js:1:17203)","timestamp":"2026-09-15T09:48:48.768Z"}

data: {"data":"    at async e_ (.build/next/server/chunks/_15d2x83._.js:1:31954)","timestamp":"2026-09-15T09:48:48.768Z"}

data: {"data":"    at async eq (.build/next/server/chunks/_0gq2i23._.js:1:38291)","timestamp":"2026-09-15T09:48:48.768Z"}

data: {"data":"    at async eQ (.build/next/server/chunks/_0gq2i23._.js:1:33687)","timestamp":"2026-09-15T09:48:48.768Z"}

data: {"data":"    at async (.build/next/server/chunks/_0gq2i23._.js:1:52499) {","timestamp":"2026-09-15T09:48:48.768Z"}

data: {"data":"  code: 'SQLITE_CORRUPT'","timestamp":"2026-09-15T09:48:48.768Z"}

data: {"data":"}","timestamp":"2026-09-15T09:48:48.768Z"}

data: {"data":"{\"level\":30,\"time\":\"2026-09-15T09:48:48.743Z\",\"service\":\"omniroute\",\"module\":\"sse\",\"tag\":\"HTTP\",\"method\":\"POST\",\"path\":\"/v1/chat/completions | nvidia/moonshotai/kimi-k3 | 2 msgs\",\"msg\":\"📥 POST /v1/chat/completions | nvidia/moonshotai/kimi-k3 | 2 msgs\"}","timestamp":"2026-09-15T09:48:48.768Z"}

data: {"data":"{\"level\":30,\"time\":\"2026-09-15T09:48:48.763Z\",\"service\":\"omniroute\",\"module\":\"sse\",\"tag\":\"ROUTING\",\"msg\":\"Provider: nvidia, Model: moonshotai/kimi-k3\"}","timestamp":"2026-09-15T09:48:48.769Z"}

data: {"data":"⨯ SqliteError: database disk image is malformed","timestamp":"2026-09-15T09:48:51.097Z"}

data: {"data":"    at Object.all (.build/next/server/chunks/src_02l7t6d._.js:1:5218)","timestamp":"2026-09-15T09:48:51.097Z"}

data: {"data":"    at b (.build/next/server/chunks/_1-iqx09._.js:1:14800)","timestamp":"2026-09-15T09:48:51.097Z"}

data: {"data":"    at c (.build/next/server/chunks/[root-of-the-server]__1k_ba33._.js:1:11339)","timestamp":"2026-09-15T09:48:51.097Z"}

data: {"data":"    at async eR (.build/next/server/chunks/_15d2x83._.js:1:17203)","timestamp":"2026-09-15T09:48:51.097Z"}

data: {"data":"    at async e_ (.build/next/server/chunks/_15d2x83._.js:1:31954)","timestamp":"2026-09-15T09:48:51.097Z"}

data: {"data":"    at async eq (.build/next/server/chunks/_0gq2i23._.js:1:38291)","timestamp":"2026-09-15T09:48:51.097Z"}

data: {"data":"    at async eQ (.build/next/server/chunks/_0gq2i23._.js:1:33687)","timestamp":"2026-09-15T09:48:51.097Z"}

data: {"data":"    at async (.build/next/server/chunks/_0gq2i23._.js:1:52499) {","timestamp":"2026-09-15T09:48:51.097Z"}

data: {"data":"  code: 'SQLITE_CORRUPT'","timestamp":"2026-09-15T09:48:51.097Z"}

data: {"data":"}","timestamp":"2026-09-15T09:48:51.097Z"}

data: {"data":"{\"level\":30,\"time\":\"2026-09-15T09:48:51.079Z\",\"service\":\"omniroute\",\"module\":\"sse\",\"tag\":\"HTTP\",\"method\":\"POST\",\"path\":\"/v1/chat/completions | nvidia/moonshotai/kimi-k3 | 2 msgs\",\"msg\":\"📥 POST /v1/chat/completions | nvidia/moonshotai/kimi-k3 | 2 msgs\"}","timestamp":"2026-09-15T09:48:51.098Z"}

data: {"data":"{\"level\":30,\"time\":\"2026-09-15T09:48:51.094Z\",\"service\":\"omniroute\",\"module\":\"sse\",\"tag\":\"ROUTING\",\"msg\":\"Provider: nvidia, Model: moonshotai/kimi-k3\"}","timestamp":"2026-09-15T09:48:51.098Z"}

data: {"data":"⨯ SqliteError: database disk image is malformed","timestamp":"2026-09-15T09:48:53.541Z"}

data: {"data":"    at Object.all (.build/next/server/chunks/src_02l7t6d._.js:1:5218)","timestamp":"2026-09-15T09:48:53.541Z"}

data: {"data":"    at b (.build/next/server/chunks/_1-iqx09._.js:1:14800)","timestamp":"2026-09-15T09:48:53.541Z"}

data: {"data":"    at c (.build/next/server/chunks/[root-of-the-server]__1k_ba33._.js:1:11339)","timestamp":"2026-09-15T09:48:53.541Z"}

data: {"data":"    at async eR (.build/next/server/chunks/_15d2x83._.js:1:17203)","timestamp":"2026-09-15T09:48:53.541Z"}

data: {"data":"    at async e_ (.build/next/server/chunks/_15d2x83._.js:1:31954)","timestamp":"2026-09-15T09:48:53.541Z"}

data: {"data":"    at async eq (.build/next/server/chunks/_0gq2i23._.js:1:38291)","timestamp":"2026-09-15T09:48:53.541Z"}

data: {"data":"    at async eQ (.build/next/server/chunks/_0gq2i23._.js:1:33687)","timestamp":"2026-09-15T09:48:53.541Z"}

data: {"data":"    at async (.build/next/server/chunks/_0gq2i23._.js:1:52499) {","timestamp":"2026-09-15T09:48:53.541Z"}

data: {"data":"  code: 'SQLITE_CORRUPT'","timestamp":"2026-09-15T09:48:53.541Z"}

data: {"data":"}","timestamp":"2026-09-15T09:48:53.541Z"}

data: {"data":"{\"level\":30,\"time\":\"2026-09-15T09:48:53.525Z\",\"service\":\"omniroute\",\"module\":\"sse\",\"tag\":\"HTTP\",\"method\":\"POST\",\"path\":\"/v1/chat/completions | nvidia/moonshotai/kimi-k3 | 2 msgs\",\"msg\":\"📥 POST /v1/chat/completions | nvidia/moonshotai/kimi-k3 | 2 msgs\"}","timestamp":"2026-09-15T09:48:53.542Z"}

data: {"data":"{\"level\":30,\"time\":\"2026-09-15T09:48:53.538Z\",\"service\":\"omniroute\",\"module\":\"sse\",\"tag\":\"ROUTING\",\"msg\":\"Provider: nvidia, Model: moonshotai/kimi-k3\"}","timestamp":"2026-09-15T09:48:53.542Z"}

data: {"data":"⨯ SqliteError: database disk image is malformed","timestamp":"2026-09-15T09:48:56.014Z"}

data: {"data":"    at Object.all (.build/next/server/chunks/src_02l7t6d._.js:1:5218)","timestamp":"2026-09-15T09:48:56.014Z"}

data: {"data":"    at b (.build/next/server/chunks/_1-iqx09._.js:1:14800)","timestamp":"2026-09-15T09:48:56.014Z"}

data: {"data":"    at c (.build/next/server/chunks/[root-of-the-server]__1k_ba33._.js:1:11339)","timestamp":"2026-09-15T09:48:56.014Z"}

data: {"data":"    at async eR (.build/next/server/chunks/_15d2x83._.js:1:17203)","timestamp":"2026-09-15T09:48:56.014Z"}

data: {"data":"    at async e_ (.build/next/server/chunks/_15d2x83._.js:1:31954)","timestamp":"2026-09-15T09:48:56.014Z"}

data: {"data":"    at async eq (.build/next/server/chunks/_0gq2i23._.js:1:38291)","timestamp":"2026-09-15T09:48:56.014Z"}

data: {"data":"    at async eQ (.build/next/server/chunks/_0gq2i23._.js:1:33687)","timestamp":"2026-09-15T09:48:56.014Z"}

data: {"data":"    at async (.build/next/server/chunks/_0gq2i23._.js:1:52499) {","timestamp":"2026-09-15T09:48:56.014Z"}

data: {"data":"  code: 'SQLITE_CORRUPT'","timestamp":"2026-09-15T09:48:56.014Z"}

data: {"data":"}","timestamp":"2026-09-15T09:48:56.014Z"}

data: {"data":"{\"level\":30,\"time\":\"2026-09-15T09:48:55.996Z\",\"service\":\"omniroute\",\"module\":\"sse\",\"tag\":\"HTTP\",\"method\":\"POST\",\"path\":\"/v1/chat/completions | nvidia/moonshotai/kimi-k3 | 2 msgs\",\"msg\":\"📥 POST /v1/chat/completions | nvidia/moonshotai/kimi-k3 | 2 msgs\"}","timestamp":"2026-09-15T09:48:56.015Z"}

data: {"data":"{\"level\":30,\"time\":\"2026-09-15T09:48:56.010Z\",\"service\":\"omniroute\",\"module\":\"sse\",\"tag\":\"ROUTING\",\"msg\":\"Provider: nvidia, Model: moonshotai/kimi-k3\"}","timestamp":"2026-09-15T09:48:56.015Z"}

data: {"data":"⨯ SqliteError: database disk image is malformed","timestamp":"2026-09-15T09:48:58.455Z"}

data: {"data":"    at Object.all (.build/next/server/chunks/src_02l7t6d._.js:1:5218)","timestamp":"2026-09-15T09:48:58.455Z"}

data: {"data":"    at b (.build/next/server/chunks/_1-iqx09._.js:1:14800)","timestamp":"2026-09-15T09:48:58.455Z"}

data: {"data":"    at c (.build/next/server/chunks/[root-of-the-server]__1k_ba33._.js:1:11339)","timestamp":"2026-09-15T09:48:58.455Z"}

data: {"data":"    at async eR (.build/next/server/chunks/_15d2x83._.js:1:17203)","timestamp":"2026-09-15T09:48:58.455Z"}

data: {"data":"    at async e_ (.build/next/server/chunks/_15d2x83._.js:1:31954)","timestamp":"2026-09-15T09:48:58.455Z"}

data: {"data":"    at async eq (.build/next/server/chunks/_0gq2i23._.js:1:38291)","timestamp":"2026-09-15T09:48:58.455Z"}

data: {"data":"    at async eQ (.build/next/server/chunks/_0gq2i23._.js:1:33687)","timestamp":"2026-09-15T09:48:58.455Z"}

data: {"data":"    at async (.build/next/server/chunks/_0gq2i23._.js:1:52499) {","timestamp":"2026-09-15T09:48:58.455Z"}

data: {"data":"  code: 'SQLITE_CORRUPT'","timestamp":"2026-09-15T09:48:58.455Z"}

data: {"data":"}","timestamp":"2026-09-15T09:48:58.455Z"}

data: {"data":"{\"level\":30,\"time\":\"2026-09-15T09:48:58.437Z\",\"service\":\"omniroute\",\"module\":\"sse\",\"tag\":\"HTTP\",\"method\":\"POST\",\"path\":\"/v1/chat/completions | nvidia/moonshotai/kimi-k3 | 2 msgs\",\"msg\":\"📥 POST /v1/chat/completions | nvidia/moonshotai/kimi-k3 | 2 msgs\"}","timestamp":"2026-09-15T09:48:58.455Z"}

data: {"data":"{\"level\":30,\"time\":\"2026-09-15T09:48:58.451Z\",\"service\":\"omniroute\",\"module\":\"sse\",\"tag\":\"ROUTING\",\"msg\":\"Provider: nvidia, Model: moonshotai/kimi-k3\"}","timestamp":"2026-09-15T09:48:58.456Z"}

data: {"data":"⨯ SqliteError: database disk image is malformed","timestamp":"2026-09-15T09:49:00.931Z"}

data: {"data":"    at Object.all (.build/next/server/chunks/src_02l7t6d._.js:1:5218)","timestamp":"2026-09-15T09:49:00.931Z"}

data: {"data":"    at b (.build/next/server/chunks/_1-iqx09._.js:1:14800)","timestamp":"2026-09-15T09:49:00.931Z"}

data: {"data":"    at c (.build/next/server/chunks/[root-of-the-server]__1k_ba33._.js:1:11339)","timestamp":"2026-09-15T09:49:00.931Z"}

data: {"data":"    at async eR (.build/next/server/chunks/_15d2x83._.js:1:17203)","timestamp":"2026-09-15T09:49:00.931Z"}

data: {"data":"    at async e_ (.build/next/server/chunks/_15d2x83._.js:1:31954)","timestamp":"2026-09-15T09:49:00.931Z"}

data: {"data":"    at async eq (.build/next/server/chunks/_0gq2i23._.js:1:38291)","timestamp":"2026-09-15T09:49:00.931Z"}

data: {"data":"    at async eQ (.build/next/server/chunks/_0gq2i23._.js:1:33687)","timestamp":"2026-09-15T09:49:00.931Z"}

data: {"data":"    at async (.build/next/server/chunks/_0gq2i23._.js:1:52499) {","timestamp":"2026-09-15T09:49:00.931Z"}

data: {"data":"  code: 'SQLITE_CORRUPT'","timestamp":"2026-09-15T09:49:00.931Z"}

data: {"data":"}","timestamp":"2026-09-15T09:49:00.931Z"}

data: {"data":"{\"level\":30,\"time\":\"2026-09-15T09:49:00.915Z\",\"service\":\"omniroute\",\"module\":\"sse\",\"tag\":\"HTTP\",\"method\":\"POST\",\"path\":\"/v1/chat/completions | nvidia/moonshotai/kimi-k3 | 2 msgs\",\"msg\":\"📥 POST /v1/chat/completions | nvidia/moonshotai/kimi-k3 | 2 msgs\"}","timestamp":"2026-09-15T09:49:00.932Z"}

data: {"data":"{\"level\":30,\"time\":\"2026-09-15T09:49:00.928Z\",\"service\":\"omniroute\",\"module\":\"sse\",\"tag\":\"ROUTING\",\"msg\":\"Provider: nvidia, Model: moonshotai/kimi-k3\"}","timestamp":"2026-09-15T09:49:00.932Z"}

data: {"data":"⨯ SqliteError: database disk image is malformed","timestamp":"2026-09-15T09:49:03.372Z"}

data: {"data":"    at Object.all (.build/next/server/chunks/src_02l7t6d._.js:1:5218)","timestamp":"2026-09-15T09:49:03.372Z"}

data: {"data":"    at b (.build/next/server/chunks/_1-iqx09._.js:1:14800)","timestamp":"2026-09-15T09:49:03.372Z"}

data: {"data":"    at c (.build/next/server/chunks/[root-of-the-server]__1k_ba33._.js:1:11339)","timestamp":"2026-09-15T09:49:03.372Z"}

data: {"data":"    at async eR (.build/next/server/chunks/_15d2x83._.js:1:17203)","timestamp":"2026-09-15T09:49:03.372Z"}

data: {"data":"    at async e_ (.build/next/server/chunks/_15d2x83._.js:1:31954)","timestamp":"2026-09-15T09:49:03.372Z"}

data: {"data":"    at async eq (.build/next/server/chunks/_0gq2i23._.js:1:38291)","timestamp":"2026-09-15T09:49:03.372Z"}

data: {"data":"    at async eQ (.build/next/server/chunks/_0gq2i23._.js:1:33687)","timestamp":"2026-09-15T09:49:03.372Z"}

data: {"data":"    at async (.build/next/server/chunks/_0gq2i23._.js:1:52499) {","timestamp":"2026-09-15T09:49:03.372Z"}

data: {"data":"  code: 'SQLITE_CORRUPT'","timestamp":"2026-09-15T09:49:03.372Z"}

data: {"data":"}","timestamp":"2026-09-15T09:49:03.372Z"}

data: {"data":"{\"level\":30,\"time\":\"2026-09-15T09:49:03.356Z\",\"service\":\"omniroute\",\"module\":\"sse\",\"tag\":\"HTTP\",\"method\":\"POST\",\"path\":\"/v1/chat/completions | nvidia/moonshotai/kimi-k3 | 2 msgs\",\"msg\":\"📥 POST /v1/chat/completions | nvidia/moonshotai/kimi-k3 | 2 msgs\"}","timestamp":"2026-09-15T09:49:03.373Z"}

data: {"data":"{\"level\":30,\"time\":\"2026-09-15T09:49:03.368Z\",\"service\":\"omniroute\",\"module\":\"sse\",\"tag\":\"ROUTING\",\"msg\":\"Provider: nvidia, Model: moonshotai/kimi-k3\"}","timestamp":"2026-09-15T09:49:03.373Z"}

data: {"data":"⨯ SqliteError: database disk image is malformed","timestamp":"2026-09-15T09:49:05.822Z"}

data: {"data":"    at Object.all (.build/next/server/chunks/src_02l7t6d._.js:1:5218)","timestamp":"2026-09-15T09:49:05.822Z"}

data: {"data":"    at b (.build/next/server/chunks/_1-iqx09._.js:1:14800)","timestamp":"2026-09-15T09:49:05.822Z"}

data: {"data":"    at c (.build/next/server/chunks/[root-of-the-server]__1k_ba33._.js:1:11339)","timestamp":"2026-09-15T09:49:05.822Z"}

data: {"data":"    at async eR (.build/next/server/chunks/_15d2x83._.js:1:17203)","timestamp":"2026-09-15T09:49:05.822Z"}

data: {"data":"    at async e_ (.build/next/server/chunks/_15d2x83._.js:1:31954)","timestamp":"2026-09-15T09:49:05.822Z"}

data: {"data":"    at async eq (.build/next/server/chunks/_0gq2i23._.js:1:38291)","timestamp":"2026-09-15T09:49:05.822Z"}

data: {"data":"    at async eQ (.build/next/server/chunks/_0gq2i23._.js:1:33687)","timestamp":"2026-09-15T09:49:05.822Z"}

data: {"data":"    at async (.build/next/server/chunks/_0gq2i23._.js:1:52499) {","timestamp":"2026-09-15T09:49:05.822Z"}

data: {"data":"  code: 'SQLITE_CORRUPT'","timestamp":"2026-09-15T09:49:05.822Z"}

data: {"data":"}","timestamp":"2026-09-15T09:49:05.822Z"}

data: {"data":"{\"level\":30,\"time\":\"2026-09-15T09:49:05.807Z\",\"service\":\"omniroute\",\"module\":\"sse\",\"tag\":\"HTTP\",\"method\":\"POST\",\"path\":\"/v1/chat/completions | nvidia/moonshotai/kimi-k3 | 2 msgs\",\"msg\":\"📥 POST /v1/chat/completions | nvidia/moonshotai/kimi-k3 | 2 msgs\"}","timestamp":"2026-09-15T09:49:05.822Z"}

data: {"data":"{\"level\":30,\"time\":\"2026-09-15T09:49:05.819Z\",\"service\":\"omniroute\",\"module\":\"sse\",\"tag\":\"ROUTING\",\"msg\":\"Provider: nvidia, Model: moonshotai/kimi-k3\"}","timestamp":"2026-09-15T09:49:05.823Z"}

data: {"data":"⨯ SqliteError: database disk image is malformed","timestamp":"2026-09-15T09:49:08.251Z"}

data: {"data":"    at Object.all (.build/next/server/chunks/src_02l7t6d._.js:1:5218)","timestamp":"2026-09-15T09:49:08.251Z"}

data: {"data":"    at b (.build/next/server/chunks/_1-iqx09._.js:1:14800)","timestamp":"2026-09-15T09:49:08.251Z"}

data: {"data":"    at c (.build/next/server/chunks/[root-of-the-server]__1k_ba33._.js:1:11339)","timestamp":"2026-09-15T09:49:08.251Z"}

data: {"data":"    at async eR (.build/next/server/chunks/_15d2x83._.js:1:17203)","timestamp":"2026-09-15T09:49:08.251Z"}

data: {"data":"    at async e_ (.build/next/server/chunks/_15d2x83._.js:1:31954)","timestamp":"2026-09-15T09:49:08.251Z"}

data: {"data":"    at async eq (.build/next/server/chunks/_0gq2i23._.js:1:38291)","timestamp":"2026-09-15T09:49:08.251Z"}

data: {"data":"    at async eQ (.build/next/server/chunks/_0gq2i23._.js:1:33687)","timestamp":"2026-09-15T09:49:08.251Z"}

data: {"data":"    at async (.build/next/server/chunks/_0gq2i23._.js:1:52499) {","timestamp":"2026-09-15T09:49:08.251Z"}

data: {"data":"  code: 'SQLITE_CORRUPT'","timestamp":"2026-09-15T09:49:08.251Z"}

data: {"data":"}","timestamp":"2026-09-15T09:49:08.251Z"}

data: {"data":"{\"level\":30,\"time\":\"2026-09-15T09:49:08.236Z\",\"service\":\"omniroute\",\"module\":\"sse\",\"tag\":\"HTTP\",\"method\":\"POST\",\"path\":\"/v1/chat/completions | nvidia/moonshotai/kimi-k3 | 2 msgs\",\"msg\":\"📥 POST /v1/chat/completions | nvidia/moonshotai/kimi-k3 | 2 msgs\"}","timestamp":"2026-09-15T09:49:08.252Z"}

data: {"data":"{\"level\":30,\"time\":\"2026-09-15T09:49:08.248Z\",\"service\":\"omniroute\",\"module\":\"sse\",\"tag\":\"ROUTING\",\"msg\":\"Provider: nvidia, Model: moonshotai/kimi-k3\"}","timestamp":"2026-09-15T09:49:08.252Z"}

data: {"data":"[heapwatch] heapUsed=318MB heap_size_limit=4192MB pressure=0.076 rss=592MB shed_threshold=0.75","timestamp":"2026-09-15T09:49:08.848Z"}

data: {"data":"[heapwatch] heapUsed=8MB heap_size_limit=4192MB pressure=0.002 rss=592MB shed_threshold=0.75","timestamp":"2026-09-15T09:49:09.803Z"}

data: {"data":"[ProxyHealth] Starting proxy health scheduler (interval: 600000ms)","timestamp":"2026-09-15T09:49:10.611Z"}

data: {"data":"⨯ SqliteError: database disk image is malformed","timestamp":"2026-09-15T09:49:10.771Z"}

data: {"data":"    at Object.all (.build/next/server/chunks/src_02l7t6d._.js:1:5218)","timestamp":"2026-09-15T09:49:10.771Z"}

data: {"data":"    at b (.build/next/server/chunks/_1-iqx09._.js:1:14800)","timestamp":"2026-09-15T09:49:10.771Z"}

data: {"data":"    at c (.build/next/server/chunks/[root-of-the-server]__1k_ba33._.js:1:11339)","timestamp":"2026-09-15T09:49:10.771Z"}

data: {"data":"    at async eR (.build/next/server/chunks/_15d2x83._.js:1:17203)","timestamp":"2026-09-15T09:49:10.771Z"}

data: {"data":"    at async e_ (.build/next/server/chunks/_15d2x83._.js:1:31954)","timestamp":"2026-09-15T09:49:10.771Z"}

data: {"data":"    at async eq (.build/next/server/chunks/_0gq2i23._.js:1:38291)","timestamp":"2026-09-15T09:49:10.771Z"}

data: {"data":"    at async eQ (.build/next/server/chunks/_0gq2i23._.js:1:33687)","timestamp":"2026-09-15T09:49:10.771Z"}

data: {"data":"    at async (.build/next/server/chunks/_0gq2i23._.js:1:52499) {","timestamp":"2026-09-15T09:49:10.771Z"}

data: {"data":"  code: 'SQLITE_CORRUPT'","timestamp":"2026-09-15T09:49:10.771Z"}

data: {"data":"}","timestamp":"2026-09-15T09:49:10.771Z"}

data: {"data":"{\"level\":30,\"time\":\"2026-09-15T09:49:10.753Z\",\"service\":\"omniroute\",\"module\":\"sse\",\"tag\":\"HTTP\",\"method\":\"POST\",\"path\":\"/v1/chat/completions | nvidia/moonshotai/kimi-k3 | 2 msgs\",\"msg\":\"📥 POST /v1/chat/completions | nvidia/moonshotai/kimi-k3 | 2 msgs\"}","timestamp":"2026-09-15T09:49:10.771Z"}

data: {"data":"{\"level\":30,\"time\":\"2026-09-15T09:49:10.767Z\",\"service\":\"omniroute\",\"module\":\"sse\",\"tag\":\"ROUTING\",\"msg\":\"Provider: nvidia, Model: moonshotai/kimi-k3\"}","timestamp":"2026-09-15T09:49:10.771Z"}

data: {"data":"[ProxyHealth] Sweep complete: 25 tested, 1 alive, 24 blocked by target, 0 inconclusive, 0 auto-removed, 0 auto-disabled","timestamp":"2026-09-15T09:49:12.959Z"}

data: {"data":"⨯ SqliteError: database disk image is malformed","timestamp":"2026-09-15T09:49:13.186Z"}

data: {"data":"    at Object.all (.build/next/server/chunks/src_02l7t6d._.js:1:5218)","timestamp":"2026-09-15T09:49:13.186Z"}

data: {"data":"    at b (.build/next/server/chunks/_1-iqx09._.js:1:14800)","timestamp":"2026-09-15T09:49:13.186Z"}

data: {"data":"    at c (.build/next/server/chunks/[root-of-the-server]__1k_ba33._.js:1:11339)","timestamp":"2026-09-15T09:49:13.186Z"}

data: {"data":"    at async eR (.build/next/server/chunks/_15d2x83._.js:1:17203)","timestamp":"2026-09-15T09:49:13.186Z"}

data: {"data":"    at async e_ (.build/next/server/chunks/_15d2x83._.js:1:31954)","timestamp":"2026-09-15T09:49:13.186Z"}

data: {"data":"    at async eq (.build/next/server/chunks/_0gq2i23._.js:1:38291)","timestamp":"2026-09-15T09:49:13.186Z"}

data: {"data":"    at async eQ (.build/next/server/chunks/_0gq2i23._.js:1:33687)","timestamp":"2026-09-15T09:49:13.186Z"}

data: {"data":"    at async (.build/next/server/chunks/_0gq2i23._.js:1:52499) {","timestamp":"2026-09-15T09:49:13.186Z"}

data: {"data":"  code: 'SQLITE_CORRUPT'","timestamp":"2026-09-15T09:49:13.186Z"}

data: {"data":"}","timestamp":"2026-09-15T09:49:13.186Z"}

data: {"data":"{\"level\":30,\"time\":\"2026-09-15T09:49:13.170Z\",\"service\":\"omniroute\",\"module\":\"sse\",\"tag\":\"HTTP\",\"method\":\"POST\",\"path\":\"/v1/chat/completions | nvidia/moonshotai/kimi-k3 | 2 msgs\",\"msg\":\"📥 POST /v1/chat/completions | nvidia/moonshotai/kimi-k3 | 2 msgs\"}","timestamp":"2026-09-15T09:49:13.187Z"}

data: {"data":"{\"level\":30,\"time\":\"2026-09-15T09:49:13.183Z\",\"service\":\"omniroute\",\"module\":\"sse\",\"tag\":\"ROUTING\",\"msg\":\"Provider: nvidia, Model: moonshotai/kimi-k3\"}","timestamp":"2026-09-15T09:49:13.187Z"}

data: {"data":"[heapwatch] heapUsed=8MB heap_size_limit=4192MB pressure=0.002 rss=596MB shed_threshold=0.75","timestamp":"2026-09-15T09:49:14.093Z"}

data: {"data":"[heapwatch] heapUsed=8MB heap_size_limit=4192MB pressure=0.002 rss=596MB shed_threshold=0.75","timestamp":"2026-09-15T09:49:14.415Z"}

data: {"data":"⨯ SqliteError: database disk image is malformed","timestamp":"2026-09-15T09:49:15.576Z"}

data: {"data":"    at Object.all (.build/next/server/chunks/src_02l7t6d._.js:1:5218)","timestamp":"2026-09-15T09:49:15.576Z"}

data: {"data":"    at b (.build/next/server/chunks/_1-iqx09._.js:1:14800)","timestamp":"2026-09-15T09:49:15.576Z"}

data: {"data":"    at c (.build/next/server/chunks/[root-of-the-server]__1k_ba33._.js:1:11339)","timestamp":"2026-09-15T09:49:15.576Z"}

data: {"data":"    at async eR (.build/next/server/chunks/_15d2x83._.js:1:17203)","timestamp":"2026-09-15T09:49:15.576Z"}

data: {"data":"    at async e_ (.build/next/server/chunks/_15d2x83._.js:1:31954)","timestamp":"2026-09-15T09:49:15.576Z"}

data: {"data":"    at async eq (.build/next/server/chunks/_0gq2i23._.js:1:38291)","timestamp":"2026-09-15T09:49:15.576Z"}

data: {"data":"    at async eQ (.build/next/server/chunks/_0gq2i23._.js:1:33687)","timestamp":"2026-09-15T09:49:15.576Z"}

data: {"data":"    at async (.build/next/server/chunks/_0gq2i23._.js:1:52499) {","timestamp":"2026-09-15T09:49:15.576Z"}

data: {"data":"  code: 'SQLITE_CORRUPT'","timestamp":"2026-09-15T09:49:15.576Z"}

data: {"data":"}","timestamp":"2026-09-15T09:49:15.576Z"}

data: {"data":"{\"level\":30,\"time\":\"2026-09-15T09:49:15.560Z\",\"service\":\"omniroute\",\"module\":\"sse\",\"tag\":\"HTTP\",\"method\":\"POST\",\"path\":\"/v1/chat/completions | nvidia/moonshotai/kimi-k3 | 2 msgs\",\"msg\":\"📥 POST /v1/chat/completions | nvidia/moonshotai/kimi-k3 | 2 msgs\"}","timestamp":"2026-09-15T09:49:15.577Z"}

data: {"data":"{\"level\":30,\"time\":\"2026-09-15T09:49:15.573Z\",\"service\":\"omniroute\",\"module\":\"sse\",\"tag\":\"ROUTING\",\"msg\":\"Provider: nvidia, Model: moonshotai/kimi-k3\"}","timestamp":"2026-09-15T09:49:15.577Z"}

data: {"data":"⨯ SqliteError: database disk image is malformed","timestamp":"2026-09-15T09:49:18.055Z"}

data: {"data":"    at Object.all (.build/next/server/chunks/src_02l7t6d._.js:1:5218)","timestamp":"2026-09-15T09:49:18.055Z"}

data: {"data":"    at b (.build/next/server/chunks/_1-iqx09._.js:1:14800)","timestamp":"2026-09-15T09:49:18.055Z"}

data: {"data":"    at c (.build/next/server/chunks/[root-of-the-server]__1k_ba33._.js:1:11339)","timestamp":"2026-09-15T09:49:18.055Z"}

data: {"data":"    at async eR (.build/next/server/chunks/_15d2x83._.js:1:17203)","timestamp":"2026-09-15T09:49:18.055Z"}

data: {"data":"    at async e_ (.build/next/server/chunks/_15d2x83._.js:1:31954)","timestamp":"2026-09-15T09:49:18.055Z"}

data: {"data":"    at async eq (.build/next/server/chunks/_0gq2i23._.js:1:38291)","timestamp":"2026-09-15T09:49:18.055Z"}

data: {"data":"    at async eQ (.build/next/server/chunks/_0gq2i23._.js:1:33687)","timestamp":"2026-09-15T09:49:18.055Z"}

data: {"data":"    at async (.build/next/server/chunks/_0gq2i23._.js:1:52499) {","timestamp":"2026-09-15T09:49:18.055Z"}

data: {"data":"  code: 'SQLITE_CORRUPT'","timestamp":"2026-09-15T09:49:18.055Z"}

data: {"data":"}","timestamp":"2026-09-15T09:49:18.055Z"}

data: {"data":"{\"level\":30,\"time\":\"2026-09-15T09:49:18.032Z\",\"service\":\"omniroute\",\"module\":\"sse\",\"tag\":\"HTTP\",\"method\":\"POST\",\"path\":\"/v1/chat/completions | nvidia/moonshotai/kimi-k3 | 2 msgs\",\"msg\":\"📥 POST /v1/chat/completions | nvidia/moonshotai/kimi-k3 | 2 msgs\"}","timestamp":"2026-09-15T09:49:18.056Z"}

data: {"data":"{\"level\":30,\"time\":\"2026-09-15T09:49:18.051Z\",\"service\":\"omniroute\",\"module\":\"sse\",\"tag\":\"ROUTING\",\"msg\":\"Provider: nvidia, Model: moonshotai/kimi-k3\"}","timestamp":"2026-09-15T09:49:18.123Z"}

data: {"data":"⨯ SqliteError: database disk image is malformed","timestamp":"2026-09-15T09:49:20.461Z"}

data: {"data":"    at Object.all (.build/next/server/chunks/src_02l7t6d._.js:1:5218)","timestamp":"2026-09-15T09:49:20.461Z"}

data: {"data":"    at b (.build/next/server/chunks/_1-iqx09._.js:1:14800)","timestamp":"2026-09-15T09:49:20.461Z"}

data: {"data":"    at c (.build/next/server/chunks/[root-of-the-server]__1k_ba33._.js:1:11339)","timestamp":"2026-09-15T09:49:20.461Z"}

data: {"data":"    at async eR (.build/next/server/chunks/_15d2x83._.js:1:17203)","timestamp":"2026-09-15T09:49:20.461Z"}

data: {"data":"    at async e_ (.build/next/server/chunks/_15d2x83._.js:1:31954)","timestamp":"2026-09-15T09:49:20.461Z"}

data: {"data":"    at async eq (.build/next/server/chunks/_0gq2i23._.js:1:38291)","timestamp":"2026-09-15T09:49:20.461Z"}

data: {"data":"    at async eQ (.build/next/server/chunks/_0gq2i23._.js:1:33687)","timestamp":"2026-09-15T09:49:20.461Z"}

data: {"data":"    at async (.build/next/server/chunks/_0gq2i23._.js:1:52499) {","timestamp":"2026-09-15T09:49:20.461Z"}

data: {"data":"  code: 'SQLITE_CORRUPT'","timestamp":"2026-09-15T09:49:20.461Z"}

data: {"data":"}","timestamp":"2026-09-15T09:49:20.461Z"}

data: {"data":"{\"level\":30,\"time\":\"2026-09-15T09:49:20.446Z\",\"service\":\"omniroute\",\"module\":\"sse\",\"tag\":\"HTTP\",\"method\":\"POST\",\"path\":\"/v1/chat/completions | nvidia/moonshotai/kimi-k3 | 2 msgs\",\"msg\":\"📥 POST /v1/chat/completions | nvidia/moonshotai/kimi-k3 | 2 msgs\"}","timestamp":"2026-09-15T09:49:20.462Z"}

data: {"data":"{\"level\":30,\"time\":\"2026-09-15T09:49:20.458Z\",\"service\":\"omniroute\",\"module\":\"sse\",\"tag\":\"ROUTING\",\"msg\":\"Provider: nvidia, Model: moonshotai/kimi-k3\"}","timestamp":"2026-09-15T09:49:20.462Z"}

data: {"data":"⨯ SqliteError: database disk image is malformed","timestamp":"2026-09-15T09:49:22.997Z"}

data: {"data":"    at Object.all (.build/next/server/chunks/src_02l7t6d._.js:1:5218)","timestamp":"2026-09-15T09:49:22.997Z"}

data: {"data":"    at b (.build/next/server/chunks/_1-iqx09._.js:1:14800)","timestamp":"2026-09-15T09:49:22.997Z"}

data: {"data":"    at c (.build/next/server/chunks/[root-of-the-server]__1k_ba33._.js:1:11339)","timestamp":"2026-09-15T09:49:22.997Z"}

data: {"data":"    at async eR (.build/next/server/chunks/_15d2x83._.js:1:17203)","timestamp":"2026-09-15T09:49:22.997Z"}

data: {"data":"    at async e_ (.build/next/server/chunks/_15d2x83._.js:1:31954)","timestamp":"2026-09-15T09:49:22.997Z"}

data: {"data":"    at async eq (.build/next/server/chunks/_0gq2i23._.js:1:38291)","timestamp":"2026-09-15T09:49:22.997Z"}

data: {"data":"    at async eQ (.build/next/server/chunks/_0gq2i23._.js:1:33687)","timestamp":"2026-09-15T09:49:22.997Z"}

data: {"data":"    at async (.build/next/server/chunks/_0gq2i23._.js:1:52499) {","timestamp":"2026-09-15T09:49:22.997Z"}

data: {"data":"  code: 'SQLITE_CORRUPT'","timestamp":"2026-09-15T09:49:22.997Z"}

data: {"data":"}","timestamp":"2026-09-15T09:49:22.997Z"}

data: {"data":"{\"level\":30,\"time\":\"2026-09-15T09:49:22.979Z\",\"service\":\"omniroute\",\"module\":\"sse\",\"tag\":\"HTTP\",\"method\":\"POST\",\"path\":\"/v1/chat/completions | nvidia/moonshotai/kimi-k3 | 2 msgs\",\"msg\":\"📥 POST /v1/chat/completions | nvidia/moonshotai/kimi-k3 | 2 msgs\"}","timestamp":"2026-09-15T09:49:22.997Z"}

data: {"data":"{\"level\":30,\"time\":\"2026-09-15T09:49:22.993Z\",\"service\":\"omniroute\",\"module\":\"sse\",\"tag\":\"ROUTING\",\"msg\":\"Provider: nvidia, Model: moonshotai/kimi-k3\"}","timestamp":"2026-09-15T09:49:22.997Z"}

data: {"data":"⨯ SqliteError: database disk image is malformed","timestamp":"2026-09-15T09:49:25.482Z"}

data: {"data":"    at Object.all (.build/next/server/chunks/src_02l7t6d._.js:1:5218)","timestamp":"2026-09-15T09:49:25.482Z"}

data: {"data":"    at b (.build/next/server/chunks/_1-iqx09._.js:1:14800)","timestamp":"2026-09-15T09:49:25.482Z"}

data: {"data":"    at c (.build/next/server/chunks/[root-of-the-server]__1k_ba33._.js:1:11339)","timestamp":"2026-09-15T09:49:25.482Z"}

data: {"data":"    at async eR (.build/next/server/chunks/_15d2x83._.js:1:17203)","timestamp":"2026-09-15T09:49:25.482Z"}

data: {"data":"    at async e_ (.build/next/server/chunks/_15d2x83._.js:1:31954)","timestamp":"2026-09-15T09:49:25.482Z"}

data: {"data":"    at async eq (.build/next/server/chunks/_0gq2i23._.js:1:38291)","timestamp":"2026-09-15T09:49:25.482Z"}

data: {"data":"    at async eQ (.build/next/server/chunks/_0gq2i23._.js:1:33687)","timestamp":"2026-09-15T09:49:25.482Z"}

data: {"data":"    at async (.build/next/server/chunks/_0gq2i23._.js:1:52499) {","timestamp":"2026-09-15T09:49:25.482Z"}

data: {"data":"  code: 'SQLITE_CORRUPT'","timestamp":"2026-09-15T09:49:25.482Z"}

data: {"data":"}","timestamp":"2026-09-15T09:49:25.482Z"}

data: {"data":"{\"level\":30,\"time\":\"2026-09-15T09:49:25.463Z\",\"service\":\"omniroute\",\"module\":\"sse\",\"tag\":\"HTTP\",\"method\":\"POST\",\"path\":\"/v1/chat/completions | nvidia/moonshotai/kimi-k3 | 2 msgs\",\"msg\":\"📥 POST /v1/chat/completions | nvidia/moonshotai/kimi-k3 | 2 msgs\"}","timestamp":"2026-09-15T09:49:25.482Z"}

data: {"data":"{\"level\":30,\"time\":\"2026-09-15T09:49:25.478Z\",\"service\":\"omniroute\",\"module\":\"sse\",\"tag\":\"ROUTING\",\"msg\":\"Provider: nvidia, Model: moonshotai/kimi-k3\"}","timestamp":"2026-09-15T09:49:25.482Z"}

data: {"data":"[ConnectionRecovery] failed to load connections: database disk image is malformed","timestamp":"2026-09-15T09:49:26.045Z"}

data: {"data":"⨯ SqliteError: database disk image is malformed","timestamp":"2026-09-15T09:49:27.877Z"}

data: {"data":"    at Object.all (.build/next/server/chunks/src_02l7t6d._.js:1:5218)","timestamp":"2026-09-15T09:49:27.877Z"}

data: {"data":"    at b (.build/next/server/chunks/_1-iqx09._.js:1:14800)","timestamp":"2026-09-15T09:49:27.877Z"}

data: {"data":"    at c (.build/next/server/chunks/[root-of-the-server]__1k_ba33._.js:1:11339)","timestamp":"2026-09-15T09:49:27.877Z"}

data: {"data":"    at async eR (.build/next/server/chunks/_15d2x83._.js:1:17203)","timestamp":"2026-09-15T09:49:27.877Z"}

data: {"data":"    at async e_ (.build/next/server/chunks/_15d2x83._.js:1:31954)","timestamp":"2026-09-15T09:49:27.877Z"}

data: {"data":"    at async eq (.build/next/server/chunks/_0gq2i23._.js:1:38291)","timestamp":"2026-09-15T09:49:27.877Z"}

data: {"data":"    at async eQ (.build/next/server/chunks/_0gq2i23._.js:1:33687)","timestamp":"2026-09-15T09:49:27.877Z"}

data: {"data":"    at async (.build/next/server/chunks/_0gq2i23._.js:1:52499) {","timestamp":"2026-09-15T09:49:27.877Z"}

data: {"data":"  code: 'SQLITE_CORRUPT'","timestamp":"2026-09-15T09:49:27.877Z"}

data: {"data":"}","timestamp":"2026-09-15T09:49:27.877Z"}

data: {"data":"{\"level\":30,\"time\":\"2026-09-15T09:49:27.860Z\",\"service\":\"omniroute\",\"module\":\"sse\",\"tag\":\"HTTP\",\"method\":\"POST\",\"path\":\"/v1/chat/completions | nvidia/moonshotai/kimi-k3 | 2 msgs\",\"msg\":\"📥 POST /v1/chat/completions | nvidia/moonshotai/kimi-k3 | 2 msgs\"}","timestamp":"2026-09-15T09:49:27.877Z"}

data: {"data":"{\"level\":30,\"time\":\"2026-09-15T09:49:27.874Z\",\"service\":\"omniroute\",\"module\":\"sse\",\"tag\":\"ROUTING\",\"msg\":\"Provider: nvidia, Model: moonshotai/kimi-k3\"}","timestamp":"2026-09-15T09:49:27.878Z"}

data: {"data":"⨯ SqliteError: database disk image is malformed","timestamp":"2026-09-15T09:49:30.257Z"}

data: {"data":"    at Object.all (.build/next/server/chunks/src_02l7t6d._.js:1:5218)","timestamp":"2026-09-15T09:49:30.257Z"}

data: {"data":"    at b (.build/next/server/chunks/_1-iqx09._.js:1:14800)","timestamp":"2026-09-15T09:49:30.257Z"}

data: {"data":"    at c (.build/next/server/chunks/[root-of-the-server]__1k_ba33._.js:1:11339)","timestamp":"2026-09-15T09:49:30.257Z"}

data: {"data":"    at async eR (.build/next/server/chunks/_15d2x83._.js:1:17203)","timestamp":"2026-09-15T09:49:30.257Z"}

data: {"data":"    at async e_ (.build/next/server/chunks/_15d2x83._.js:1:31954)","timestamp":"2026-09-15T09:49:30.257Z"}

data: {"data":"    at async eq (.build/next/server/chunks/_0gq2i23._.js:1:38291)","timestamp":"2026-09-15T09:49:30.257Z"}

data: {"data":"    at async eQ (.build/next/server/chunks/_0gq2i23._.js:1:33687)","timestamp":"2026-09-15T09:49:30.257Z"}

data: {"data":"    at async (.build/next/server/chunks/_0gq2i23._.js:1:52499) {","timestamp":"2026-09-15T09:49:30.257Z"}

data: {"data":"  code: 'SQLITE_CORRUPT'","timestamp":"2026-09-15T09:49:30.257Z"}

data: {"data":"}","timestamp":"2026-09-15T09:49:30.257Z"}

data: {"data":"{\"level\":30,\"time\":\"2026-09-15T09:49:30.242Z\",\"service\":\"omniroute\",\"module\":\"sse\",\"tag\":\"HTTP\",\"method\":\"POST\",\"path\":\"/v1/chat/completions | nvidia/moonshotai/kimi-k3 | 2 msgs\",\"msg\":\"📥 POST /v1/chat/completions | nvidia/moonshotai/kimi-k3 | 2 msgs\"}","timestamp":"2026-09-15T09:49:30.257Z"}

data: {"data":"{\"level\":30,\"time\":\"2026-09-15T09:49:30.254Z\",\"service\":\"omniroute\",\"module\":\"sse\",\"tag\":\"ROUTING\",\"msg\":\"Provider: nvidia, Model: moonshotai/kimi-k3\"}","timestamp":"2026-09-15T09:49:30.258Z"}

data: {"data":"⨯ SqliteError: database disk image is malformed","timestamp":"2026-09-15T09:49:32.657Z"}

data: {"data":"    at Object.all (.build/next/server/chunks/src_02l7t6d._.js:1:5218)","timestamp":"2026-09-15T09:49:32.658Z"}

data: {"data":"    at b (.build/next/server/chunks/_1-iqx09._.js:1:14800)","timestamp":"2026-09-15T09:49:32.658Z"}

data: {"data":"    at c (.build/next/server/chunks/[root-of-the-server]__1k_ba33._.js:1:11339)","timestamp":"2026-09-15T09:49:32.658Z"}

data: {"data":"    at async eR (.build/next/server/chunks/_15d2x83._.js:1:17203)","timestamp":"2026-09-15T09:49:32.658Z"}

data: {"data":"    at async e_ (.build/next/server/chunks/_15d2x83._.js:1:31954)","timestamp":"2026-09-15T09:49:32.658Z"}

data: {"data":"    at async eq (.build/next/server/chunks/_0gq2i23._.js:1:38291)","timestamp":"2026-09-15T09:49:32.658Z"}

data: {"data":"    at async eQ (.build/next/server/chunks/_0gq2i23._.js:1:33687)","timestamp":"2026-09-15T09:49:32.658Z"}

data: {"data":"    at async (.build/next/server/chunks/_0gq2i23._.js:1:52499) {","timestamp":"2026-09-15T09:49:32.658Z"}

data: {"data":"  code: 'SQLITE_CORRUPT'","timestamp":"2026-09-15T09:49:32.658Z"}

data: {"data":"}","timestamp":"2026-09-15T09:49:32.658Z"}

data: {"data":"{\"level\":30,\"time\":\"2026-09-15T09:49:32.641Z\",\"service\":\"omniroute\",\"module\":\"sse\",\"tag\":\"HTTP\",\"method\":\"POST\",\"path\":\"/v1/chat/completions | nvidia/moonshotai/kimi-k3 | 2 msgs\",\"msg\":\"📥 POST /v1/chat/completions | nvidia/moonshotai/kimi-k3 | 2 msgs\"}","timestamp":"2026-09-15T09:49:32.658Z"}

data: {"data":"{\"level\":30,\"time\":\"2026-09-15T09:49:32.654Z\",\"service\":\"omniroute\",\"module\":\"sse\",\"tag\":\"ROUTING\",\"msg\":\"Provider: nvidia, Model: moonshotai/kimi-k3\"}","timestamp":"2026-09-15T09:49:32.658Z"}

data: {"data":"⨯ SqliteError: database disk image is malformed","timestamp":"2026-09-15T09:49:35.682Z"}

data: {"data":"    at Object.all (.build/next/server/chunks/src_02l7t6d._.js:1:5218)","timestamp":"2026-09-15T09:49:35.682Z"}

data: {"data":"    at b (.build/next/server/chunks/_1-iqx09._.js:1:14800)","timestamp":"2026-09-15T09:49:35.682Z"}

data: {"data":"    at c (.build/next/server/chunks/[root-of-the-server]__1k_ba33._.js:1:11339)","timestamp":"2026-09-15T09:49:35.682Z"}

data: {"data":"    at async eR (.build/next/server/chunks/_15d2x83._.js:1:17203)","timestamp":"2026-09-15T09:49:35.682Z"}

data: {"data":"    at async e_ (.build/next/server/chunks/_15d2x83._.js:1:31954)","timestamp":"2026-09-15T09:49:35.682Z"}

data: {"data":"    at async eq (.build/next/server/chunks/_0gq2i23._.js:1:38291)","timestamp":"2026-09-15T09:49:35.682Z"}

data: {"data":"    at async eQ (.build/next/server/chunks/_0gq2i23._.js:1:33687)","timestamp":"2026-09-15T09:49:35.682Z"}

data: {"data":"    at async (.build/next/server/chunks/_0gq2i23._.js:1:52499) {","timestamp":"2026-09-15T09:49:35.682Z"}

data: {"data":"  code: 'SQLITE_CORRUPT'","timestamp":"2026-09-15T09:49:35.682Z"}

data: {"data":"}","timestamp":"2026-09-15T09:49:35.682Z"}

data: {"data":"{\"level\":30,\"time\":\"2026-09-15T09:49:35.662Z\",\"service\":\"omniroute\",\"module\":\"sse\",\"tag\":\"HTTP\",\"method\":\"POST\",\"path\":\"/v1/chat/completions | nvidia/moonshotai/kimi-k3 | 2 msgs\",\"msg\":\"📥 POST /v1/chat/completions | nvidia/moonshotai/kimi-k3 | 2 msgs\"}","timestamp":"2026-09-15T09:49:35.683Z"}

data: {"data":"{\"level\":30,\"time\":\"2026-09-15T09:49:35.677Z\",\"service\":\"omniroute\",\"module\":\"sse\",\"tag\":\"ROUTING\",\"msg\":\"Provider: nvidia, Model: moonshotai/kimi-k3\"}","timestamp":"2026-09-15T09:49:35.684Z"}

data: {"data":"{\"level\":40,\"time\":\"2026-09-15T09:49:37.607Z\",\"service\":\"omniroute\",\"module\":\"system/versionCheck\",\"msg\":\"Latest-version lookup failed via npm CLI, registry HTTP, and GitHub releases — the update banner will not show even if a newer release exists\"}","timestamp":"2026-09-15T09:49:37.609Z"}

data: {"data":"[API ERROR] /api/usage/call-logs failed: SqliteError: database disk image is malformed","timestamp":"2026-09-15T09:49:38.041Z"}

data: {"data":"    at Object.all (.build/next/server/chunks/src_02l7t6d._.js:1:5218)","timestamp":"2026-09-15T09:49:38.041Z"}

data: {"data":"    at N (.build/next/server/chunks/src_1d9k4gu._.js:54:296)","timestamp":"2026-09-15T09:49:38.041Z"}

data: {"data":"    at R (.build/next/server/chunks/_0rnzd8a._.js:1:3761)","timestamp":"2026-09-15T09:49:38.041Z"}

data: {"data":"    at async Z (.build/next/server/chunks/_0rnzd8a._.js:1:7663)","timestamp":"2026-09-15T09:49:38.041Z"}

data: {"data":"    at async J (.build/next/server/chunks/_0rnzd8a._.js:1:8741)","timestamp":"2026-09-15T09:49:38.041Z"}

data: {"data":"    at async Module.b [as handler] (.build/next/server/chunks/_0rnzd8a._.js:1:10798) {","timestamp":"2026-09-15T09:49:38.041Z"}

data: {"data":"  code: 'SQLITE_CORRUPT'","timestamp":"2026-09-15T09:49:38.041Z"}

data: {"data":"}","timestamp":"2026-09-15T09:49:38.041Z"}

data: {"data":"⨯ SqliteError: database disk image is malformed","timestamp":"2026-09-15T09:49:38.113Z"}

data: {"data":"    at Object.all (.build/next/server/chunks/src_02l7t6d._.js:1:5218)","timestamp":"2026-09-15T09:49:38.113Z"}

data: {"data":"    at b (.build/next/server/chunks/_1-iqx09._.js:1:14800)","timestamp":"2026-09-15T09:49:38.113Z"}

data: {"data":"    at c (.build/next/server/chunks/[root-of-the-server]__1k_ba33._.js:1:11339)","timestamp":"2026-09-15T09:49:38.113Z"}

data: {"data":"    at async eR (.build/next/server/chunks/_15d2x83._.js:1:17203)","timestamp":"2026-09-15T09:49:38.113Z"}

data: {"data":"    at async e_ (.build/next/server/chunks/_15d2x83._.js:1:31954)","timestamp":"2026-09-15T09:49:38.113Z"}

data: {"data":"    at async eq (.build/next/server/chunks/_0gq2i23._.js:1:38291)","timestamp":"2026-09-15T09:49:38.113Z"}

data: {"data":"    at async eQ (.build/next/server/chunks/_0gq2i23._.js:1:33687)","timestamp":"2026-09-15T09:49:38.113Z"}

data: {"data":"    at async (.build/next/server/chunks/_0gq2i23._.js:1:52499) {","timestamp":"2026-09-15T09:49:38.113Z"}

data: {"data":"  code: 'SQLITE_CORRUPT'","timestamp":"2026-09-15T09:49:38.113Z"}

data: {"data":"}","timestamp":"2026-09-15T09:49:38.113Z"}

data: {"data":"{\"level\":30,\"time\":\"2026-09-15T09:49:38.097Z\",\"service\":\"omniroute\",\"module\":\"sse\",\"tag\":\"HTTP\",\"method\":\"POST\",\"path\":\"/v1/chat/completions | nvidia/moonshotai/kimi-k3 | 2 msgs\",\"msg\":\"📥 POST /v1/chat/completions | nvidia/moonshotai/kimi-k3 | 2 msgs\"}","timestamp":"2026-09-15T09:49:38.113Z"}

data: {"data":"{\"level\":30,\"time\":\"2026-09-15T09:49:38.109Z\",\"service\":\"omniroute\",\"module\":\"sse\",\"tag\":\"ROUTING\",\"msg\":\"Provider: nvidia, Model: moonshotai/kimi-k3\"}","timestamp":"2026-09-15T09:49:38.114Z"}

data: {"data":"[heapwatch] heapUsed=364MB heap_size_limit=4192MB pressure=0.087 rss=717MB shed_threshold=0.75","timestamp":"2026-09-15T09:49:38.847Z"}

data: {"data":"[heapwatch] heapUsed=8MB heap_size_limit=4192MB pressure=0.002 rss=717MB shed_threshold=0.75","timestamp":"2026-09-15T09:49:39.805Z"}

data: {"data":"⨯ SqliteError: database disk image is malformed","timestamp":"2026-09-15T09:49:40.504Z"}

data: {"data":"    at Object.all (.build/next/server/chunks/src_02l7t6d._.js:1:5218)","timestamp":"2026-09-15T09:49:40.504Z"}

data: {"data":"    at b (.build/next/server/chunks/_1-iqx09._.js:1:14800)","timestamp":"2026-09-15T09:49:40.504Z"}

data: {"data":"    at c (.build/next/server/chunks/[root-of-the-server]__1k_ba33._.js:1:11339)","timestamp":"2026-09-15T09:49:40.504Z"}

data: {"data":"    at async eR (.build/next/server/chunks/_15d2x83._.js:1:17203)","timestamp":"2026-09-15T09:49:40.504Z"}

data: {"data":"    at async e_ (.build/next/server/chunks/_15d2x83._.js:1:31954)","timestamp":"2026-09-15T09:49:40.504Z"}

data: {"data":"    at async eq (.build/next/server/chunks/_0gq2i23._.js:1:38291)","timestamp":"2026-09-15T09:49:40.504Z"}

data: {"data":"    at async eQ (.build/next/server/chunks/_0gq2i23._.js:1:33687)","timestamp":"2026-09-15T09:49:40.504Z"}

data: {"data":"    at async (.build/next/server/chunks/_0gq2i23._.js:1:52499) {","timestamp":"2026-09-15T09:49:40.504Z"}

data: {"data":"  code: 'SQLITE_CORRUPT'","timestamp":"2026-09-15T09:49:40.504Z"}

data: {"data":"}","timestamp":"2026-09-15T09:49:40.504Z"}

data: {"data":"{\"level\":30,\"time\":\"2026-09-15T09:49:40.490Z\",\"service\":\"omniroute\",\"module\":\"sse\",\"tag\":\"HTTP\",\"method\":\"POST\",\"path\":\"/v1/chat/completions | nvidia/moonshotai/kimi-k3 | 2 msgs\",\"msg\":\"📥 POST /v1/chat/completions | nvidia/moonshotai/kimi-k3 | 2 msgs\"}","timestamp":"2026-09-15T09:49:40.505Z"}

data: {"data":"{\"level\":30,\"time\":\"2026-09-15T09:49:40.501Z\",\"service\":\"omniroute\",\"module\":\"sse\",\"tag\":\"ROUTING\",\"msg\":\"Provider: nvidia, Model: moonshotai/kimi-k3\"}","timestamp":"2026-09-15T09:49:40.505Z"}

data: {"data":"[API ERROR] /api/usage/call-logs failed: SqliteError: database disk image is malformed","timestamp":"2026-09-15T09:49:41.510Z"}

data: {"data":"    at Object.all (.build/next/server/chunks/src_02l7t6d._.js:1:5218)","timestamp":"2026-09-15T09:49:41.510Z"}

data: {"data":"    at N (.build/next/server/chunks/src_1d9k4gu._.js:54:296)","timestamp":"2026-09-15T09:49:41.510Z"}

data: {"data":"    at R (.build/next/server/chunks/_0rnzd8a._.js:1:3761)","timestamp":"2026-09-15T09:49:41.510Z"}

data: {"data":"    at async Z (.build/next/server/chunks/_0rnzd8a._.js:1:7663)","timestamp":"2026-09-15T09:49:41.510Z"}

data: {"data":"    at async J (.build/next/server/chunks/_0rnzd8a._.js:1:8741)","timestamp":"2026-09-15T09:49:41.510Z"}

data: {"data":"    at async Module.b [as handler] (.build/next/server/chunks/_0rnzd8a._.js:1:10798) {","timestamp":"2026-09-15T09:49:41.510Z"}

data: {"data":"  code: 'SQLITE_CORRUPT'","timestamp":"2026-09-15T09:49:41.510Z"}

data: {"data":"}","timestamp":"2026-09-15T09:49:41.510Z"}

data: {"data":"⨯ SqliteError: database disk image is malformed","timestamp":"2026-09-15T09:49:43.002Z"}

data: {"data":"    at Object.all (.build/next/server/chunks/src_02l7t6d._.js:1:5218)","timestamp":"2026-09-15T09:49:43.002Z"}

data: {"data":"    at b (.build/next/server/chunks/_1-iqx09._.js:1:14800)","timestamp":"2026-09-15T09:49:43.002Z"}

data: {"data":"    at c (.build/next/server/chunks/[root-of-the-server]__1k_ba33._.js:1:11339)","timestamp":"2026-09-15T09:49:43.002Z"}

data: {"data":"    at async eR (.build/next/server/chunks/_15d2x83._.js:1:17203)","timestamp":"2026-09-15T09:49:43.002Z"}

data: {"data":"    at async e_ (.build/next/server/chunks/_15d2x83._.js:1:31954)","timestamp":"2026-09-15T09:49:43.002Z"}

data: {"data":"    at async eq (.build/next/server/chunks/_0gq2i23._.js:1:38291)","timestamp":"2026-09-15T09:49:43.002Z"}

data: {"data":"    at async eQ (.build/next/server/chunks/_0gq2i23._.js:1:33687)","timestamp":"2026-09-15T09:49:43.002Z"}

data: {"data":"    at async (.build/next/server/chunks/_0gq2i23._.js:1:52499) {","timestamp":"2026-09-15T09:49:43.002Z"}

data: {"data":"  code: 'SQLITE_CORRUPT'","timestamp":"2026-09-15T09:49:43.002Z"}

data: {"data":"}","timestamp":"2026-09-15T09:49:43.002Z"}

data: {"data":"{\"level\":30,\"time\":\"2026-09-15T09:49:42.988Z\",\"service\":\"omniroute\",\"module\":\"sse\",\"tag\":\"HTTP\",\"method\":\"POST\",\"path\":\"/v1/chat/completions | nvidia/moonshotai/kimi-k3 | 2 msgs\",\"msg\":\"📥 POST /v1/chat/completions | nvidia/moonshotai/kimi-k3 | 2 msgs\"}","timestamp":"2026-09-15T09:49:43.003Z"}

data: {"data":"{\"level\":30,\"time\":\"2026-09-15T09:49:42.999Z\",\"service\":\"omniroute\",\"module\":\"sse\",\"tag\":\"ROUTING\",\"msg\":\"Provider: nvidia, Model: moonshotai/kimi-k3\"}","timestamp":"2026-09-15T09:49:43.003Z"}

data: {"data":"[heapwatch] heapUsed=8MB heap_size_limit=4192MB pressure=0.002 rss=719MB shed_threshold=0.75","timestamp":"2026-09-15T09:49:44.096Z"}

data: {"data":"[heapwatch] heapUsed=9MB heap_size_limit=4192MB pressure=0.002 rss=719MB shed_threshold=0.75","timestamp":"2026-09-15T09:49:44.416Z"}

data: {"data":"[API ERROR] /api/usage/call-logs failed: SqliteError: database disk image is malformed","timestamp":"2026-09-15T09:49:44.816Z"}

data: {"data":"    at Object.all (.build/next/server/chunks/src_02l7t6d._.js:1:5218)","timestamp":"2026-09-15T09:49:44.816Z"}

data: {"data":"    at N (.build/next/server/chunks/src_1d9k4gu._.js:54:296)","timestamp":"2026-09-15T09:49:44.816Z"}

data: {"data":"    at R (.build/next/server/chunks/_0rnzd8a._.js:1:3761)","timestamp":"2026-09-15T09:49:44.816Z"}

data: {"data":"    at async Z (.build/next/server/chunks/_0rnzd8a._.js:1:7663)","timestamp":"2026-09-15T09:49:44.816Z"}

data: {"data":"    at async J (.build/next/server/chunks/_0rnzd8a._.js:1:8741)","timestamp":"2026-09-15T09:49:44.816Z"}

data: {"data":"    at async Module.b [as handler] (.build/next/server/chunks/_0rnzd8a._.js:1:10798) {","timestamp":"2026-09-15T09:49:44.816Z"}

data: {"data":"  code: 'SQLITE_CORRUPT'","timestamp":"2026-09-15T09:49:44.816Z"}

data: {"data":"}","timestamp":"2026-09-15T09:49:44.816Z"}

data: {"data":"⨯ SqliteError: database disk image is malformed","timestamp":"2026-09-15T09:49:56.554Z"}

data: {"data":"    at Object.all (.build/next/server/chunks/src_02l7t6d._.js:1:5218)","timestamp":"2026-09-15T09:49:56.554Z"}

data: {"data":"    at b (.build/next/server/chunks/_1-iqx09._.js:1:14800)","timestamp":"2026-09-15T09:49:56.554Z"}

data: {"data":"    at c (.build/next/server/chunks/[root-of-the-server]__1k_ba33._.js:1:11339)","timestamp":"2026-09-15T09:49:56.554Z"}

data: {"data":"    at async eR (.build/next/server/chunks/_15d2x83._.js:1:17203)","timestamp":"2026-09-15T09:49:56.554Z"}

data: {"data":"    at async e_ (.build/next/server/chunks/_15d2x83._.js:1:31954)","timestamp":"2026-09-15T09:49:56.554Z"}

data: {"data":"    at async eq (.build/next/server/chunks/_0gq2i23._.js:1:38291)","timestamp":"2026-09-15T09:49:56.554Z"}

data: {"data":"    at async eQ (.build/next/server/chunks/_0gq2i23._.js:1:33687)","timestamp":"2026-09-15T09:49:56.554Z"}

data: {"data":"    at async (.build/next/server/chunks/_0gq2i23._.js:1:52499) {","timestamp":"2026-09-15T09:49:56.554Z"}

data: {"data":"  code: 'SQLITE_CORRUPT'","timestamp":"2026-09-15T09:49:56.554Z"}

data: {"data":"}","timestamp":"2026-09-15T09:49:56.554Z"}

data: {"data":"{\"level\":30,\"time\":\"2026-09-15T09:49:56.530Z\",\"service\":\"omniroute\",\"module\":\"sse\",\"tag\":\"HTTP\",\"method\":\"POST\",\"path\":\"/v1/chat/completions | nvidia/moonshotai/kimi-k3 | 2 msgs\",\"msg\":\"📥 POST /v1/chat/completions | nvidia/moonshotai/kimi-k3 | 2 msgs\"}","timestamp":"2026-09-15T09:49:56.555Z"}

data: {"data":"{\"level\":30,\"time\":\"2026-09-15T09:49:56.550Z\",\"service\":\"omniroute\",\"module\":\"sse\",\"tag\":\"ROUTING\",\"msg\":\"Provider: nvidia, Model: moonshotai/kimi-k3\"}","timestamp":"2026-09-15T09:49:56.555Z"}

data: {"data":"⨯ SqliteError: database disk image is malformed","timestamp":"2026-09-15T09:49:58.881Z"}

data: {"data":"    at Object.all (.build/next/server/chunks/src_02l7t6d._.js:1:5218)","timestamp":"2026-09-15T09:49:58.882Z"}

data: {"data":"    at b (.build/next/server/chunks/_1-iqx09._.js:1:14800)","timestamp":"2026-09-15T09:49:58.882Z"}

data: {"data":"    at c (.build/next/server/chunks/[root-of-the-server]__1k_ba33._.js:1:11339)","timestamp":"2026-09-15T09:49:58.882Z"}

data: {"data":"    at async eR (.build/next/server/chunks/_15d2x83._.js:1:17203)","timestamp":"2026-09-15T09:49:58.882Z"}

data: {"data":"    at async e_ (.build/next/server/chunks/_15d2x83._.js:1:31954)","timestamp":"2026-09-15T09:49:58.882Z"}

data: {"data":"    at async eq (.build/next/server/chunks/_0gq2i23._.js:1:38291)","timestamp":"2026-09-15T09:49:58.882Z"}

data: {"data":"    at async eQ (.build/next/server/chunks/_0gq2i23._.js:1:33687)","timestamp":"2026-09-15T09:49:58.882Z"}

data: {"data":"    at async (.build/next/server/chunks/_0gq2i23._.js:1:52499) {","timestamp":"2026-09-15T09:49:58.882Z"}

data: {"data":"  code: 'SQLITE_CORRUPT'","timestamp":"2026-09-15T09:49:58.882Z"}

data: {"data":"}","timestamp":"2026-09-15T09:49:58.882Z"}

data: {"data":"{\"level\":30,\"time\":\"2026-09-15T09:49:58.865Z\",\"service\":\"omniroute\",\"module\":\"sse\",\"tag\":\"HTTP\",\"method\":\"POST\",\"path\":\"/v1/chat/completions | nvidia/moonshotai/kimi-k3 | 2 msgs\",\"msg\":\"📥 POST /v1/chat/completions | nvidia/moonshotai/kimi-k3 | 2 msgs\"}","timestamp":"2026-09-15T09:49:58.882Z"}

data: {"data":"{\"level\":30,\"time\":\"2026-09-15T09:49:58.879Z\",\"service\":\"omniroute\",\"module\":\"sse\",\"tag\":\"ROUTING\",\"msg\":\"Provider: nvidia, Model: moonshotai/kimi-k3\"}","timestamp":"2026-09-15T09:49:58.882Z"}

data: {"data":"Error fetching providers: SqliteError: database disk image is malformed","timestamp":"2026-09-15T09:50:00.135Z"}

data: {"data":"    at Object.all (.build/next/server/chunks/src_02l7t6d._.js:1:5218)","timestamp":"2026-09-15T09:50:00.135Z"}

data: {"data":"    at b (.build/next/server/chunks/_1-iqx09._.js:1:14800)","timestamp":"2026-09-15T09:50:00.135Z"}

data: {"data":"    at x (.build/next/server/chunks/_1-iqx09._.js:1:14060)","timestamp":"2026-09-15T09:50:00.135Z"}

data: {"data":"    at S (.build/next/server/chunks/_0--ghm3._.js:1:819)","timestamp":"2026-09-15T09:50:00.135Z"}

data: {"data":"    at async J (.build/next/server/chunks/_0--ghm3._.js:1:10895)","timestamp":"2026-09-15T09:50:00.135Z"}

data: {"data":"    at async Q (.build/next/server/chunks/_0--ghm3._.js:1:11973)","timestamp":"2026-09-15T09:50:00.135Z"}

data: {"data":"    at async Module.A [as handler] (.build/next/server/chunks/_0--ghm3._.js:1:14030) {","timestamp":"2026-09-15T09:50:00.135Z"}

data: {"data":"  code: 'SQLITE_CORRUPT'","timestamp":"2026-09-15T09:50:00.135Z"}

data: {"data":"}","timestamp":"2026-09-15T09:50:00.135Z"}

data: {"data":"⨯ SqliteError: database disk image is malformed","timestamp":"2026-09-15T09:50:01.413Z"}

data: {"data":"    at Object.all (.build/next/server/chunks/src_02l7t6d._.js:1:5218)","timestamp":"2026-09-15T09:50:01.413Z"}

data: {"data":"    at b (.build/next/server/chunks/_1-iqx09._.js:1:14800)","timestamp":"2026-09-15T09:50:01.413Z"}

data: {"data":"    at c (.build/next/server/chunks/[root-of-the-server]__1k_ba33._.js:1:11339)","timestamp":"2026-09-15T09:50:01.413Z"}

data: {"data":"    at async eR (.build/next/server/chunks/_15d2x83._.js:1:17203)","timestamp":"2026-09-15T09:50:01.413Z"}

data: {"data":"    at async e_ (.build/next/server/chunks/_15d2x83._.js:1:31954)","timestamp":"2026-09-15T09:50:01.413Z"}

data: {"data":"    at async eq (.build/next/server/chunks/_0gq2i23._.js:1:38291)","timestamp":"2026-09-15T09:50:01.413Z"}

data: {"data":"    at async eQ (.build/next/server/chunks/_0gq2i23._.js:1:33687)","timestamp":"2026-09-15T09:50:01.413Z"}

data: {"data":"    at async (.build/next/server/chunks/_0gq2i23._.js:1:52499) {","timestamp":"2026-09-15T09:50:01.413Z"}

data: {"data":"  code: 'SQLITE_CORRUPT'","timestamp":"2026-09-15T09:50:01.413Z"}

data: {"data":"}","timestamp":"2026-09-15T09:50:01.413Z"}

data: {"data":"{\"level\":30,\"time\":\"2026-09-15T09:50:01.393Z\",\"service\":\"omniroute\",\"module\":\"sse\",\"tag\":\"HTTP\",\"method\":\"POST\",\"path\":\"/v1/chat/completions | nvidia/moonshotai/kimi-k3 | 2 msgs\",\"msg\":\"📥 POST /v1/chat/completions | nvidia/moonshotai/kimi-k3 | 2 msgs\"}","timestamp":"2026-09-15T09:50:01.414Z"}

data: {"data":"{\"level\":30,\"time\":\"2026-09-15T09:50:01.409Z\",\"service\":\"omniroute\",\"module\":\"sse\",\"tag\":\"ROUTING\",\"msg\":\"Provider: nvidia, Model: moonshotai/kimi-k3\"}","timestamp":"2026-09-15T09:50:01.414Z"}

data: {"data":"[catalog] Could not materialize built-in auto model auto/best-coding: SqliteError: database disk image is malformed","timestamp":"2026-09-15T09:50:01.430Z"}

data: {"data":"    at Object.all (.build/next/server/chunks/src_02l7t6d._.js:1:5218)","timestamp":"2026-09-15T09:50:01.430Z"}

data: {"data":"    at b (.build/next/server/chunks/_1-iqx09._.js:1:14800)","timestamp":"2026-09-15T09:50:01.430Z"}

data: {"data":"    at c (.build/next/server/chunks/[root-of-the-server]__1k_ba33._.js:1:11339)","timestamp":"2026-09-15T09:50:01.430Z"}

data: {"data":"    at async x (.build/next/server/chunks/_1-iqx09._.js:1:14007)","timestamp":"2026-09-15T09:50:01.430Z"}

data: {"data":"    at async o (.build/next/server/chunks/[root-of-the-server]__1k_ba33._.js:1:11146)","timestamp":"2026-09-15T09:50:01.430Z"}

data: {"data":"    at async R (.build/next/server/chunks/open-sse_services_autoCombo_09kyb4x._.js:1:5269)","timestamp":"2026-09-15T09:50:01.430Z"}

data: {"data":"    at async ef (.build/next/server/chunks/_1vsj0p2._.js:1:13529)","timestamp":"2026-09-15T09:50:01.430Z"}

data: {"data":"    at async ec (.build/next/server/chunks/_1vsj0p2._.js:1:5672) {","timestamp":"2026-09-15T09:50:01.430Z"}

data: {"data":"  code: 'SQLITE_CORRUPT'","timestamp":"2026-09-15T09:50:01.430Z"}

data: {"data":"}","timestamp":"2026-09-15T09:50:01.430Z"}

data: {"data":"[catalog] Could not materialize built-in auto model auto/best-reasoning: SqliteError: database disk image is malformed","timestamp":"2026-09-15T09:50:01.431Z"}

data: {"data":"    at Object.all (.build/next/server/chunks/src_02l7t6d._.js:1:5218)","timestamp":"2026-09-15T09:50:01.431Z"}

data: {"data":"    at b (.build/next/server/chunks/_1-iqx09._.js:1:14800)","timestamp":"2026-09-15T09:50:01.431Z"}

data: {"data":"    at c (.build/next/server/chunks/[root-of-the-server]__1k_ba33._.js:1:11339)","timestamp":"2026-09-15T09:50:01.431Z"}

data: {"data":"    at async x (.build/next/server/chunks/_1-iqx09._.js:1:14007)","timestamp":"2026-09-15T09:50:01.431Z"}

data: {"data":"    at async o (.build/next/server/chunks/[root-of-the-server]__1k_ba33._.js:1:11146)","timestamp":"2026-09-15T09:50:01.431Z"}

data: {"data":"    at async R (.build/next/server/chunks/open-sse_services_autoCombo_09kyb4x._.js:1:5269)","timestamp":"2026-09-15T09:50:01.431Z"}

data: {"data":"    at async ef (.build/next/server/chunks/_1vsj0p2._.js:1:13529)","timestamp":"2026-09-15T09:50:01.431Z"}

data: {"data":"    at async ec (.build/next/server/chunks/_1vsj0p2._.js:1:5672) {","timestamp":"2026-09-15T09:50:01.431Z"}

data: {"data":"  code: 'SQLITE_CORRUPT'","timestamp":"2026-09-15T09:50:01.431Z"}

data: {"data":"}","timestamp":"2026-09-15T09:50:01.431Z"}

data: {"data":"[catalog] Could not materialize built-in auto model auto/best-fast: SqliteError: database disk image is malformed","timestamp":"2026-09-15T09:50:01.432Z"}

data: {"data":"    at Object.all (.build/next/server/chunks/src_02l7t6d._.js:1:5218)","timestamp":"2026-09-15T09:50:01.432Z"}

data: {"data":"    at b (.build/next/server/chunks/_1-iqx09._.js:1:14800)","timestamp":"2026-09-15T09:50:01.432Z"}

data: {"data":"    at c (.build/next/server/chunks/[root-of-the-server]__1k_ba33._.js:1:11339)","timestamp":"2026-09-15T09:50:01.432Z"}

data: {"data":"    at async x (.build/next/server/chunks/_1-iqx09._.js:1:14007)","timestamp":"2026-09-15T09:50:01.432Z"}

data: {"data":"    at async o (.build/next/server/chunks/[root-of-the-server]__1k_ba33._.js:1:11146)","timestamp":"2026-09-15T09:50:01.432Z"}

data: {"data":"    at async R (.build/next/server/chunks/open-sse_services_autoCombo_09kyb4x._.js:1:5269)","timestamp":"2026-09-15T09:50:01.432Z"}

data: {"data":"    at async ef (.build/next/server/chunks/_1vsj0p2._.js:1:13529)","timestamp":"2026-09-15T09:50:01.432Z"}

data: {"data":"    at async ec (.build/next/server/chunks/_1vsj0p2._.js:1:5672) {","timestamp":"2026-09-15T09:50:01.432Z"}

data: {"data":"  code: 'SQLITE_CORRUPT'","timestamp":"2026-09-15T09:50:01.432Z"}

data: {"data":"}","timestamp":"2026-09-15T09:50:01.432Z"}

data: {"data":"[catalog] Could not materialize built-in auto model auto/best-vision: SqliteError: database disk image is malformed","timestamp":"2026-09-15T09:50:01.433Z"}

data: {"data":"    at Object.all (.build/next/server/chunks/src_02l7t6d._.js:1:5218)","timestamp":"2026-09-15T09:50:01.433Z"}

data: {"data":"    at b (.build/next/server/chunks/_1-iqx09._.js:1:14800)","timestamp":"2026-09-15T09:50:01.433Z"}

data: {"data":"    at c (.build/next/server/chunks/[root-of-the-server]__1k_ba33._.js:1:11339)","timestamp":"2026-09-15T09:50:01.433Z"}

data: {"data":"    at async x (.build/next/server/chunks/_1-iqx09._.js:1:14007)","timestamp":"2026-09-15T09:50:01.433Z"}

data: {"data":"    at async o (.build/next/server/chunks/[root-of-the-server]__1k_ba33._.js:1:11146)","timestamp":"2026-09-15T09:50:01.433Z"}

data: {"data":"    at async R (.build/next/server/chunks/open-sse_services_autoCombo_09kyb4x._.js:1:5269)","timestamp":"2026-09-15T09:50:01.433Z"}

data: {"data":"    at async ef (.build/next/server/chunks/_1vsj0p2._.js:1:13529)","timestamp":"2026-09-15T09:50:01.433Z"}

data: {"data":"    at async ec (.build/next/server/chunks/_1vsj0p2._.js:1:5672) {","timestamp":"2026-09-15T09:50:01.433Z"}

data: {"data":"  code: 'SQLITE_CORRUPT'","timestamp":"2026-09-15T09:50:01.433Z"}

data: {"data":"}","timestamp":"2026-09-15T09:50:01.433Z"}

data: {"data":"[catalog] Could not materialize built-in auto model auto/best-chat: SqliteError: database disk image is malformed","timestamp":"2026-09-15T09:50:01.434Z"}

data: {"data":"    at Object.all (.build/next/server/chunks/src_02l7t6d._.js:1:5218)","timestamp":"2026-09-15T09:50:01.434Z"}

data: {"data":"    at b (.build/next/server/chunks/_1-iqx09._.js:1:14800)","timestamp":"2026-09-15T09:50:01.434Z"}

data: {"data":"    at c (.build/next/server/chunks/[root-of-the-server]__1k_ba33._.js:1:11339)","timestamp":"2026-09-15T09:50:01.434Z"}

data: {"data":"    at async x (.build/next/server/chunks/_1-iqx09._.js:1:14007)","timestamp":"2026-09-15T09:50:01.434Z"}

data: {"data":"    at async o (.build/next/server/chunks/[root-of-the-server]__1k_ba33._.js:1:11146)","timestamp":"2026-09-15T09:50:01.434Z"}

data: {"data":"    at async R (.build/next/server/chunks/open-sse_services_autoCombo_09kyb4x._.js:1:5269)","timestamp":"2026-09-15T09:50:01.434Z"}

data: {"data":"    at async ef (.build/next/server/chunks/_1vsj0p2._.js:1:13529)","timestamp":"2026-09-15T09:50:01.434Z"}

data: {"data":"    at async ec (.build/next/server/chunks/_1vsj0p2._.js:1:5672) {","timestamp":"2026-09-15T09:50:01.434Z"}

data: {"data":"  code: 'SQLITE_CORRUPT'","timestamp":"2026-09-15T09:50:01.434Z"}

data: {"data":"}","timestamp":"2026-09-15T09:50:01.434Z"}

data: {"data":"[catalog] Could not materialize built-in auto model auto/best-coding-fast: SqliteError: database disk image is malformed","timestamp":"2026-09-15T09:50:01.435Z"}

data: {"data":"    at Object.all (.build/next/server/chunks/src_02l7t6d._.js:1:5218)","timestamp":"2026-09-15T09:50:01.435Z"}

data: {"data":"    at b (.build/next/server/chunks/_1-iqx09._.js:1:14800)","timestamp":"2026-09-15T09:50:01.435Z"}

data: {"data":"    at c (.build/next/server/chunks/[root-of-the-server]__1k_ba33._.js:1:11339)","timestamp":"2026-09-15T09:50:01.435Z"}

data: {"data":"    at async x (.build/next/server/chunks/_1-iqx09._.js:1:14007)","timestamp":"2026-09-15T09:50:01.435Z"}

data: {"data":"    at async o (.build/next/server/chunks/[root-of-the-server]__1k_ba33._.js:1:11146)","timestamp":"2026-09-15T09:50:01.435Z"}

data: {"data":"    at async R (.build/next/server/chunks/open-sse_services_autoCombo_09kyb4x._.js:1:5269)","timestamp":"2026-09-15T09:50:01.435Z"}

data: {"data":"    at async ef (.build/next/server/chunks/_1vsj0p2._.js:1:13529)","timestamp":"2026-09-15T09:50:01.435Z"}

data: {"data":"    at async ec (.build/next/server/chunks/_1vsj0p2._.js:1:5672) {","timestamp":"2026-09-15T09:50:01.435Z"}

data: {"data":"  code: 'SQLITE_CORRUPT'","timestamp":"2026-09-15T09:50:01.435Z"}

data: {"data":"}","timestamp":"2026-09-15T09:50:01.435Z"}

data: {"data":"[catalog] Could not materialize built-in auto model auto/pro-coding: SqliteError: database disk image is malformed","timestamp":"2026-09-15T09:50:01.436Z"}

data: {"data":"    at Object.all (.build/next/server/chunks/src_02l7t6d._.js:1:5218)","timestamp":"2026-09-15T09:50:01.436Z"}

data: {"data":"    at b (.build/next/server/chunks/_1-iqx09._.js:1:14800)","timestamp":"2026-09-15T09:50:01.436Z"}

data: {"data":"    at c (.build/next/server/chunks/[root-of-the-server]__1k_ba33._.js:1:11339)","timestamp":"2026-09-15T09:50:01.436Z"}

data: {"data":"    at async x (.build/next/server/chunks/_1-iqx09._.js:1:14007)","timestamp":"2026-09-15T09:50:01.436Z"}

data: {"data":"    at async o (.build/next/server/chunks/[root-of-the-server]__1k_ba33._.js:1:11146)","timestamp":"2026-09-15T09:50:01.436Z"}

data: {"data":"    at async R (.build/next/server/chunks/open-sse_services_autoCombo_09kyb4x._.js:1:5269)","timestamp":"2026-09-15T09:50:01.436Z"}

data: {"data":"    at async ef (.build/next/server/chunks/_1vsj0p2._.js:1:13529)","timestamp":"2026-09-15T09:50:01.436Z"}

data: {"data":"    at async ec (.build/next/server/chunks/_1vsj0p2._.js:1:5672) {","timestamp":"2026-09-15T09:50:01.436Z"}

data: {"data":"  code: 'SQLITE_CORRUPT'","timestamp":"2026-09-15T09:50:01.436Z"}

data: {"data":"}","timestamp":"2026-09-15T09:50:01.436Z"}

data: {"data":"[catalog] Could not materialize built-in auto model auto/pro-reasoning: SqliteError: database disk image is malformed","timestamp":"2026-09-15T09:50:01.437Z"}

data: {"data":"    at Object.all (.build/next/server/chunks/src_02l7t6d._.js:1:5218)","timestamp":"2026-09-15T09:50:01.437Z"}

data: {"data":"    at b (.build/next/server/chunks/_1-iqx09._.js:1:14800)","timestamp":"2026-09-15T09:50:01.437Z"}

data: {"data":"    at c (.build/next/server/chunks/[root-of-the-server]__1k_ba33._.js:1:11339)","timestamp":"2026-09-15T09:50:01.437Z"}

data: {"data":"    at async x (.build/next/server/chunks/_1-iqx09._.js:1:14007)","timestamp":"2026-09-15T09:50:01.437Z"}

data: {"data":"    at async o (.build/next/server/chunks/[root-of-the-server]__1k_ba33._.js:1:11146)","timestamp":"2026-09-15T09:50:01.437Z"}

data: {"data":"    at async R (.build/next/server/chunks/open-sse_services_autoCombo_09kyb4x._.js:1:5269)","timestamp":"2026-09-15T09:50:01.437Z"}

data: {"data":"    at async ef (.build/next/server/chunks/_1vsj0p2._.js:1:13529)","timestamp":"2026-09-15T09:50:01.437Z"}

data: {"data":"    at async ec (.build/next/server/chunks/_1vsj0p2._.js:1:5672) {","timestamp":"2026-09-15T09:50:01.437Z"}

data: {"data":"  code: 'SQLITE_CORRUPT'","timestamp":"2026-09-15T09:50:01.437Z"}

data: {"data":"}","timestamp":"2026-09-15T09:50:01.437Z"}

data: {"data":"[catalog] Could not materialize built-in auto model auto/pro-vision: SqliteError: database disk image is malformed","timestamp":"2026-09-15T09:50:01.438Z"}

data: {"data":"    at Object.all (.build/next/server/chunks/src_02l7t6d._.js:1:5218)","timestamp":"2026-09-15T09:50:01.438Z"}

data: {"data":"    at b (.build/next/server/chunks/_1-iqx09._.js:1:14800)","timestamp":"2026-09-15T09:50:01.438Z"}

data: {"data":"    at c (.build/next/server/chunks/[root-of-the-server]__1k_ba33._.js:1:11339)","timestamp":"2026-09-15T09:50:01.438Z"}

data: {"data":"    at async x (.build/next/server/chunks/_1-iqx09._.js:1:14007)","timestamp":"2026-09-15T09:50:01.438Z"}

data: {"data":"    at async o (.build/next/server/chunks/[root-of-the-server]__1k_ba33._.js:1:11146)","timestamp":"2026-09-15T09:50:01.438Z"}

data: {"data":"    at async R (.build/next/server/chunks/open-sse_services_autoCombo_09kyb4x._.js:1:5269)","timestamp":"2026-09-15T09:50:01.438Z"}

data: {"data":"    at async ef (.build/next/server/chunks/_1vsj0p2._.js:1:13529)","timestamp":"2026-09-15T09:50:01.438Z"}

data: {"data":"    at async ec (.build/next/server/chunks/_1vsj0p2._.js:1:5672) {","timestamp":"2026-09-15T09:50:01.438Z"}

data: {"data":"  code: 'SQLITE_CORRUPT'","timestamp":"2026-09-15T09:50:01.438Z"}

data: {"data":"}","timestamp":"2026-09-15T09:50:01.438Z"}

data: {"data":"[catalog] Could not materialize built-in auto model auto/pro-chat: SqliteError: database disk image is malformed","timestamp":"2026-09-15T09:50:01.439Z"}

data: {"data":"    at Object.all (.build/next/server/chunks/src_02l7t6d._.js:1:5218)","timestamp":"2026-09-15T09:50:01.439Z"}

data: {"data":"    at b (.build/next/server/chunks/_1-iqx09._.js:1:14800)","timestamp":"2026-09-15T09:50:01.439Z"}

data: {"data":"    at c (.build/next/server/chunks/[root-of-the-server]__1k_ba33._.js:1:11339)","timestamp":"2026-09-15T09:50:01.439Z"}

data: {"data":"    at async x (.build/next/server/chunks/_1-iqx09._.js:1:14007)","timestamp":"2026-09-15T09:50:01.439Z"}

data: {"data":"    at async o (.build/next/server/chunks/[root-of-the-server]__1k_ba33._.js:1:11146)","timestamp":"2026-09-15T09:50:01.439Z"}

data: {"data":"    at async R (.build/next/server/chunks/open-sse_services_autoCombo_09kyb4x._.js:1:5269)","timestamp":"2026-09-15T09:50:01.439Z"}

data: {"data":"    at async ef (.build/next/server/chunks/_1vsj0p2._.js:1:13529)","timestamp":"2026-09-15T09:50:01.439Z"}

data: {"data":"    at async ec (.build/next/server/chunks/_1vsj0p2._.js:1:5672) {","timestamp":"2026-09-15T09:50:01.439Z"}

data: {"data":"  code: 'SQLITE_CORRUPT'","timestamp":"2026-09-15T09:50:01.439Z"}

data: {"data":"}","timestamp":"2026-09-15T09:50:01.439Z"}

data: {"data":"[catalog] Could not materialize built-in auto model auto/pro-fast: SqliteError: database disk image is malformed","timestamp":"2026-09-15T09:50:01.440Z"}

data: {"data":"    at Object.all (.build/next/server/chunks/src_02l7t6d._.js:1:5218)","timestamp":"2026-09-15T09:50:01.440Z"}

data: {"data":"    at b (.build/next/server/chunks/_1-iqx09._.js:1:14800)","timestamp":"2026-09-15T09:50:01.440Z"}

data: {"data":"    at c (.build/next/server/chunks/[root-of-the-server]__1k_ba33._.js:1:11339)","timestamp":"2026-09-15T09:50:01.440Z"}

data: {"data":"    at async x (.build/next/server/chunks/_1-iqx09._.js:1:14007)","timestamp":"2026-09-15T09:50:01.440Z"}

data: {"data":"    at async o (.build/next/server/chunks/[root-of-the-server]__1k_ba33._.js:1:11146)","timestamp":"2026-09-15T09:50:01.440Z"}

data: {"data":"    at async R (.build/next/server/chunks/open-sse_services_autoCombo_09kyb4x._.js:1:5269)","timestamp":"2026-09-15T09:50:01.440Z"}

data: {"data":"    at async ef (.build/next/server/chunks/_1vsj0p2._.js:1:13529)","timestamp":"2026-09-15T09:50:01.440Z"}

data: {"data":"    at async ec (.build/next/server/chunks/_1vsj0p2._.js:1:5672) {","timestamp":"2026-09-15T09:50:01.440Z"}

data: {"data":"  code: 'SQLITE_CORRUPT'","timestamp":"2026-09-15T09:50:01.440Z"}

data: {"data":"}","timestamp":"2026-09-15T09:50:01.440Z"}

data: {"data":"[catalog] Could not materialize built-in auto model auto/coding: SqliteError: database disk image is malformed","timestamp":"2026-09-15T09:50:01.442Z"}

data: {"data":"    at Object.all (.build/next/server/chunks/src_02l7t6d._.js:1:5218)","timestamp":"2026-09-15T09:50:01.442Z"}

data: {"data":"    at b (.build/next/server/chunks/_1-iqx09._.js:1:14800)","timestamp":"2026-09-15T09:50:01.442Z"}

data: {"data":"    at c (.build/next/server/chunks/[root-of-the-server]__1k_ba33._.js:1:11339)","timestamp":"2026-09-15T09:50:01.442Z"}

data: {"data":"    at async x (.build/next/server/chunks/_1-iqx09._.js:1:14007)","timestamp":"2026-09-15T09:50:01.442Z"}

data: {"data":"    at async o (.build/next/server/chunks/[root-of-the-server]__1k_ba33._.js:1:11146)","timestamp":"2026-09-15T09:50:01.442Z"}

data: {"data":"    at async R (.build/next/server/chunks/open-sse_services_autoCombo_09kyb4x._.js:1:5269)","timestamp":"2026-09-15T09:50:01.442Z"}

data: {"data":"    at async ef (.build/next/server/chunks/_1vsj0p2._.js:1:13529)","timestamp":"2026-09-15T09:50:01.442Z"}

data: {"data":"    at async ec (.build/next/server/chunks/_1vsj0p2._.js:1:5672) {","timestamp":"2026-09-15T09:50:01.442Z"}

data: {"data":"  code: 'SQLITE_CORRUPT'","timestamp":"2026-09-15T09:50:01.442Z"}

data: {"data":"}","timestamp":"2026-09-15T09:50:01.442Z"}

data: {"data":"[catalog] Could not materialize built-in auto model auto/fast: SqliteError: database disk image is malformed","timestamp":"2026-09-15T09:50:01.443Z"}

data: {"data":"    at Object.all (.build/next/server/chunks/src_02l7t6d._.js:1:5218)","timestamp":"2026-09-15T09:50:01.443Z"}

data: {"data":"    at b (.build/next/server/chunks/_1-iqx09._.js:1:14800)","timestamp":"2026-09-15T09:50:01.443Z"}

data: {"data":"    at c (.build/next/server/chunks/[root-of-the-server]__1k_ba33._.js:1:11339)","timestamp":"2026-09-15T09:50:01.443Z"}

data: {"data":"    at async x (.build/next/server/chunks/_1-iqx09._.js:1:14007)","timestamp":"2026-09-15T09:50:01.443Z"}

data: {"data":"    at async o (.build/next/server/chunks/[root-of-the-server]__1k_ba33._.js:1:11146)","timestamp":"2026-09-15T09:50:01.443Z"}

data: {"data":"    at async R (.build/next/server/chunks/open-sse_services_autoCombo_09kyb4x._.js:1:5269)","timestamp":"2026-09-15T09:50:01.443Z"}

data: {"data":"    at async ef (.build/next/server/chunks/_1vsj0p2._.js:1:13529)","timestamp":"2026-09-15T09:50:01.443Z"}

data: {"data":"    at async ec (.build/next/server/chunks/_1vsj0p2._.js:1:5672) {","timestamp":"2026-09-15T09:50:01.443Z"}

data: {"data":"  code: 'SQLITE_CORRUPT'","timestamp":"2026-09-15T09:50:01.443Z"}

data: {"data":"}","timestamp":"2026-09-15T09:50:01.443Z"}

data: {"data":"[catalog] Could not materialize built-in auto model auto/chat: SqliteError: database disk image is malformed","timestamp":"2026-09-15T09:50:01.444Z"}

data: {"data":"    at Object.all (.build/next/server/chunks/src_02l7t6d._.js:1:5218)","timestamp":"2026-09-15T09:50:01.444Z"}

data: {"data":"    at b (.build/next/server/chunks/_1-iqx09._.js:1:14800)","timestamp":"2026-09-15T09:50:01.444Z"}

data: {"data":"    at c (.build/next/server/chunks/[root-of-the-server]__1k_ba33._.js:1:11339)","timestamp":"2026-09-15T09:50:01.444Z"}

data: {"data":"    at async x (.build/next/server/chunks/_1-iqx09._.js:1:14007)","timestamp":"2026-09-15T09:50:01.444Z"}

data: {"data":"    at async o (.build/next/server/chunks/[root-of-the-server]__1k_ba33._.js:1:11146)","timestamp":"2026-09-15T09:50:01.444Z"}

data: {"data":"    at async R (.build/next/server/chunks/open-sse_services_autoCombo_09kyb4x._.js:1:5269)","timestamp":"2026-09-15T09:50:01.444Z"}

data: {"data":"    at async ef (.build/next/server/chunks/_1vsj0p2._.js:1:13529)","timestamp":"2026-09-15T09:50:01.444Z"}

data: {"data":"    at async ec (.build/next/server/chunks/_1vsj0p2._.js:1:5672) {","timestamp":"2026-09-15T09:50:01.444Z"}

data: {"data":"  code: 'SQLITE_CORRUPT'","timestamp":"2026-09-15T09:50:01.444Z"}

data: {"data":"}","timestamp":"2026-09-15T09:50:01.444Z"}

data: {"data":"[catalog] Could not materialize built-in auto model auto/cheap: SqliteError: database disk image is malformed","timestamp":"2026-09-15T09:50:01.445Z"}

data: {"data":"    at Object.all (.build/next/server/chunks/src_02l7t6d._.js:1:5218)","timestamp":"2026-09-15T09:50:01.445Z"}

data: {"data":"    at b (.build/next/server/chunks/_1-iqx09._.js:1:14800)","timestamp":"2026-09-15T09:50:01.445Z"}

data: {"data":"    at c (.build/next/server/chunks/[root-of-the-server]__1k_ba33._.js:1:11339)","timestamp":"2026-09-15T09:50:01.445Z"}

data: {"data":"    at async x (.build/next/server/chunks/_1-iqx09._.js:1:14007)","timestamp":"2026-09-15T09:50:01.445Z"}

data: {"data":"    at async o (.build/next/server/chunks/[root-of-the-server]__1k_ba33._.js:1:11146)","timestamp":"2026-09-15T09:50:01.445Z"}

data: {"data":"    at async R (.build/next/server/chunks/open-sse_services_autoCombo_09kyb4x._.js:1:5269)","timestamp":"2026-09-15T09:50:01.445Z"}

data: {"data":"    at async ef (.build/next/server/chunks/_1vsj0p2._.js:1:13529)","timestamp":"2026-09-15T09:50:01.445Z"}

data: {"data":"    at async ec (.build/next/server/chunks/_1vsj0p2._.js:1:5672) {","timestamp":"2026-09-15T09:50:01.445Z"}

data: {"data":"  code: 'SQLITE_CORRUPT'","timestamp":"2026-09-15T09:50:01.445Z"}

data: {"data":"}","timestamp":"2026-09-15T09:50:01.445Z"}

data: {"data":"[catalog] Could not materialize built-in auto model auto/offline: SqliteError: database disk image is malformed","timestamp":"2026-09-15T09:50:01.446Z"}

data: {"data":"    at Object.all (.build/next/server/chunks/src_02l7t6d._.js:1:5218)","timestamp":"2026-09-15T09:50:01.446Z"}

data: {"data":"    at b (.build/next/server/chunks/_1-iqx09._.js:1:14800)","timestamp":"2026-09-15T09:50:01.446Z"}

data: {"data":"    at c (.build/next/server/chunks/[root-of-the-server]__1k_ba33._.js:1:11339)","timestamp":"2026-09-15T09:50:01.446Z"}

data: {"data":"    at async x (.build/next/server/chunks/_1-iqx09._.js:1:14007)","timestamp":"2026-09-15T09:50:01.446Z"}

data: {"data":"    at async o (.build/next/server/chunks/[root-of-the-server]__1k_ba33._.js:1:11146)","timestamp":"2026-09-15T09:50:01.446Z"}

data: {"data":"    at async R (.build/next/server/chunks/open-sse_services_autoCombo_09kyb4x._.js:1:5269)","timestamp":"2026-09-15T09:50:01.446Z"}

data: {"data":"    at async ef (.build/next/server/chunks/_1vsj0p2._.js:1:13529)","timestamp":"2026-09-15T09:50:01.446Z"}

data: {"data":"    at async ec (.build/next/server/chunks/_1vsj0p2._.js:1:5672) {","timestamp":"2026-09-15T09:50:01.446Z"}

data: {"data":"  code: 'SQLITE_CORRUPT'","timestamp":"2026-09-15T09:50:01.446Z"}

data: {"data":"}","timestamp":"2026-09-15T09:50:01.446Z"}

data: {"data":"[catalog] Could not materialize built-in auto model auto/smart: SqliteError: database disk image is malformed","timestamp":"2026-09-15T09:50:01.448Z"}

data: {"data":"    at Object.all (.build/next/server/chunks/src_02l7t6d._.js:1:5218)","timestamp":"2026-09-15T09:50:01.448Z"}

data: {"data":"    at b (.build/next/server/chunks/_1-iqx09._.js:1:14800)","timestamp":"2026-09-15T09:50:01.448Z"}

data: {"data":"    at c (.build/next/server/chunks/[root-of-the-server]__1k_ba33._.js:1:11339)","timestamp":"2026-09-15T09:50:01.448Z"}

data: {"data":"    at async x (.build/next/server/chunks/_1-iqx09._.js:1:14007)","timestamp":"2026-09-15T09:50:01.448Z"}

data: {"data":"    at async o (.build/next/server/chunks/[root-of-the-server]__1k_ba33._.js:1:11146)","timestamp":"2026-09-15T09:50:01.448Z"}

data: {"data":"    at async R (.build/next/server/chunks/open-sse_services_autoCombo_09kyb4x._.js:1:5269)","timestamp":"2026-09-15T09:50:01.448Z"}

data: {"data":"    at async ef (.build/next/server/chunks/_1vsj0p2._.js:1:13529)","timestamp":"2026-09-15T09:50:01.448Z"}

data: {"data":"    at async ec (.build/next/server/chunks/_1vsj0p2._.js:1:5672) {","timestamp":"2026-09-15T09:50:01.448Z"}

data: {"data":"  code: 'SQLITE_CORRUPT'","timestamp":"2026-09-15T09:50:01.448Z"}

data: {"data":"}","timestamp":"2026-09-15T09:50:01.448Z"}

data: {"data":"[catalog] Could not materialize built-in auto model auto/claude-opus: SqliteError: database disk image is malformed","timestamp":"2026-09-15T09:50:01.449Z"}

data: {"data":"    at Object.all (.build/next/server/chunks/src_02l7t6d._.js:1:5218)","timestamp":"2026-09-15T09:50:01.449Z"}

data: {"data":"    at b (.build/next/server/chunks/_1-iqx09._.js:1:14800)","timestamp":"2026-09-15T09:50:01.449Z"}

data: {"data":"    at c (.build/next/server/chunks/[root-of-the-server]__1k_ba33._.js:1:11339)","timestamp":"2026-09-15T09:50:01.449Z"}

data: {"data":"    at async x (.build/next/server/chunks/_1-iqx09._.js:1:14007)","timestamp":"2026-09-15T09:50:01.449Z"}

data: {"data":"    at async o (.build/next/server/chunks/[root-of-the-server]__1k_ba33._.js:1:11146)","timestamp":"2026-09-15T09:50:01.449Z"}

data: {"data":"    at async R (.build/next/server/chunks/open-sse_services_autoCombo_09kyb4x._.js:1:5269)","timestamp":"2026-09-15T09:50:01.449Z"}

data: {"data":"    at async ef (.build/next/server/chunks/_1vsj0p2._.js:1:13529)","timestamp":"2026-09-15T09:50:01.449Z"}

data: {"data":"    at async ec (.build/next/server/chunks/_1vsj0p2._.js:1:5672) {","timestamp":"2026-09-15T09:50:01.449Z"}

data: {"data":"  code: 'SQLITE_CORRUPT'","timestamp":"2026-09-15T09:50:01.449Z"}

data: {"data":"}","timestamp":"2026-09-15T09:50:01.449Z"}

data: {"data":"[catalog] Could not materialize built-in auto model auto/claude-sonnet: SqliteError: database disk image is malformed","timestamp":"2026-09-15T09:50:01.450Z"}

data: {"data":"    at Object.all (.build/next/server/chunks/src_02l7t6d._.js:1:5218)","timestamp":"2026-09-15T09:50:01.450Z"}

data: {"data":"    at b (.build/next/server/chunks/_1-iqx09._.js:1:14800)","timestamp":"2026-09-15T09:50:01.450Z"}

data: {"data":"    at c (.build/next/server/chunks/[root-of-the-server]__1k_ba33._.js:1:11339)","timestamp":"2026-09-15T09:50:01.450Z"}

data: {"data":"    at async x (.build/next/server/chunks/_1-iqx09._.js:1:14007)","timestamp":"2026-09-15T09:50:01.450Z"}

data: {"data":"    at async o (.build/next/server/chunks/[root-of-the-server]__1k_ba33._.js:1:11146)","timestamp":"2026-09-15T09:50:01.450Z"}

data: {"data":"    at async R (.build/next/server/chunks/open-sse_services_autoCombo_09kyb4x._.js:1:5269)","timestamp":"2026-09-15T09:50:01.450Z"}

data: {"data":"    at async ef (.build/next/server/chunks/_1vsj0p2._.js:1:13529)","timestamp":"2026-09-15T09:50:01.450Z"}

data: {"data":"    at async ec (.build/next/server/chunks/_1vsj0p2._.js:1:5672) {","timestamp":"2026-09-15T09:50:01.450Z"}

data: {"data":"  code: 'SQLITE_CORRUPT'","timestamp":"2026-09-15T09:50:01.450Z"}

data: {"data":"}","timestamp":"2026-09-15T09:50:01.450Z"}

data: {"data":"[catalog] Could not materialize built-in auto model auto/best-free: SqliteError: database disk image is malformed","timestamp":"2026-09-15T09:50:01.451Z"}

data: {"data":"    at Object.all (.build/next/server/chunks/src_02l7t6d._.js:1:5218)","timestamp":"2026-09-15T09:50:01.451Z"}

data: {"data":"    at b (.build/next/server/chunks/_1-iqx09._.js:1:14800)","timestamp":"2026-09-15T09:50:01.451Z"}

data: {"data":"    at c (.build/next/server/chunks/[root-of-the-server]__1k_ba33._.js:1:11339)","timestamp":"2026-09-15T09:50:01.451Z"}

data: {"data":"    at async x (.build/next/server/chunks/_1-iqx09._.js:1:14007)","timestamp":"2026-09-15T09:50:01.451Z"}

data: {"data":"    at async o (.build/next/server/chunks/[root-of-the-server]__1k_ba33._.js:1:11146)","timestamp":"2026-09-15T09:50:01.451Z"}

data: {"data":"    at async R (.build/next/server/chunks/open-sse_services_autoCombo_09kyb4x._.js:1:5269)","timestamp":"2026-09-15T09:50:01.451Z"}

data: {"data":"    at async ef (.build/next/server/chunks/_1vsj0p2._.js:1:13529)","timestamp":"2026-09-15T09:50:01.451Z"}

data: {"data":"    at async ec (.build/next/server/chunks/_1vsj0p2._.js:1:5672) {","timestamp":"2026-09-15T09:50:01.451Z"}

data: {"data":"  code: 'SQLITE_CORRUPT'","timestamp":"2026-09-15T09:50:01.451Z"}

data: {"data":"}","timestamp":"2026-09-15T09:50:01.451Z"}

data: {"data":"[catalog] Could not materialize built-in auto model auto/best-chaos: SqliteError: database disk image is malformed","timestamp":"2026-09-15T09:50:01.452Z"}

data: {"data":"    at Object.all (.build/next/server/chunks/src_02l7t6d._.js:1:5218)","timestamp":"2026-09-15T09:50:01.452Z"}

data: {"data":"    at b (.build/next/server/chunks/_1-iqx09._.js:1:14800)","timestamp":"2026-09-15T09:50:01.452Z"}

data: {"data":"    at c (.build/next/server/chunks/[root-of-the-server]__1k_ba33._.js:1:11339)","timestamp":"2026-09-15T09:50:01.452Z"}

data: {"data":"    at async x (.build/next/server/chunks/_1-iqx09._.js:1:14007)","timestamp":"2026-09-15T09:50:01.452Z"}

data: {"data":"    at async o (.build/next/server/chunks/[root-of-the-server]__1k_ba33._.js:1:11146)","timestamp":"2026-09-15T09:50:01.452Z"}

data: {"data":"    at async R (.build/next/server/chunks/open-sse_services_autoCombo_09kyb4x._.js:1:5269)","timestamp":"2026-09-15T09:50:01.452Z"}

data: {"data":"    at async ef (.build/next/server/chunks/_1vsj0p2._.js:1:13529)","timestamp":"2026-09-15T09:50:01.452Z"}

data: {"data":"    at async ec (.build/next/server/chunks/_1vsj0p2._.js:1:5672) {","timestamp":"2026-09-15T09:50:01.452Z"}

data: {"data":"  code: 'SQLITE_CORRUPT'","timestamp":"2026-09-15T09:50:01.452Z"}

data: {"data":"}","timestamp":"2026-09-15T09:50:01.452Z"}

data: {"data":"[catalog] Could not materialize built-in auto model auto/chaos: SqliteError: database disk image is malformed","timestamp":"2026-09-15T09:50:01.453Z"}

data: {"data":"    at Object.all (.build/next/server/chunks/src_02l7t6d._.js:1:5218)","timestamp":"2026-09-15T09:50:01.453Z"}

data: {"data":"    at b (.build/next/server/chunks/_1-iqx09._.js:1:14800)","timestamp":"2026-09-15T09:50:01.453Z"}

data: {"data":"    at c (.build/next/server/chunks/[root-of-the-server]__1k_ba33._.js:1:11339)","timestamp":"2026-09-15T09:50:01.453Z"}

data: {"data":"    at async x (.build/next/server/chunks/_1-iqx09._.js:1:14007)","timestamp":"2026-09-15T09:50:01.453Z"}

data: {"data":"    at async o (.build/next/server/chunks/[root-of-the-server]__1k_ba33._.js:1:11146)","timestamp":"2026-09-15T09:50:01.453Z"}

data: {"data":"    at async R (.build/next/server/chunks/open-sse_services_autoCombo_09kyb4x._.js:1:5269)","timestamp":"2026-09-15T09:50:01.453Z"}

data: {"data":"    at async ef (.build/next/server/chunks/_1vsj0p2._.js:1:13529)","timestamp":"2026-09-15T09:50:01.453Z"}

data: {"data":"    at async ec (.build/next/server/chunks/_1vsj0p2._.js:1:5672) {","timestamp":"2026-09-15T09:50:01.453Z"}

data: {"data":"  code: 'SQLITE_CORRUPT'","timestamp":"2026-09-15T09:50:01.453Z"}

data: {"data":"}","timestamp":"2026-09-15T09:50:01.453Z"}

data: {"data":"[catalog] Could not materialize built-in auto model auto/coding:fast: SqliteError: database disk image is malformed","timestamp":"2026-09-15T09:50:01.454Z"}

data: {"data":"    at Object.all (.build/next/server/chunks/src_02l7t6d._.js:1:5218)","timestamp":"2026-09-15T09:50:01.454Z"}

data: {"data":"    at b (.build/next/server/chunks/_1-iqx09._.js:1:14800)","timestamp":"2026-09-15T09:50:01.454Z"}

data: {"data":"    at c (.build/next/server/chunks/[root-of-the-server]__1k_ba33._.js:1:11339)","timestamp":"2026-09-15T09:50:01.454Z"}

data: {"data":"    at async x (.build/next/server/chunks/_1-iqx09._.js:1:14007)","timestamp":"2026-09-15T09:50:01.454Z"}

data: {"data":"    at async o (.build/next/server/chunks/[root-of-the-server]__1k_ba33._.js:1:11146)","timestamp":"2026-09-15T09:50:01.454Z"}

data: {"data":"    at async R (.build/next/server/chunks/open-sse_services_autoCombo_09kyb4x._.js:1:5269)","timestamp":"2026-09-15T09:50:01.454Z"}

data: {"data":"    at async ef (.build/next/server/chunks/_1vsj0p2._.js:1:13529)","timestamp":"2026-09-15T09:50:01.454Z"}

data: {"data":"    at async ec (.build/next/server/chunks/_1vsj0p2._.js:1:5672) {","timestamp":"2026-09-15T09:50:01.454Z"}

data: {"data":"  code: 'SQLITE_CORRUPT'","timestamp":"2026-09-15T09:50:01.454Z"}

data: {"data":"}","timestamp":"2026-09-15T09:50:01.454Z"}

data: {"data":"[catalog] Could not materialize built-in auto model auto/coding:cheap: SqliteError: database disk image is malformed","timestamp":"2026-09-15T09:50:01.455Z"}

data: {"data":"    at Object.all (.build/next/server/chunks/src_02l7t6d._.js:1:5218)","timestamp":"2026-09-15T09:50:01.455Z"}

data: {"data":"    at b (.build/next/server/chunks/_1-iqx09._.js:1:14800)","timestamp":"2026-09-15T09:50:01.455Z"}

data: {"data":"    at c (.build/next/server/chunks/[root-of-the-server]__1k_ba33._.js:1:11339)","timestamp":"2026-09-15T09:50:01.455Z"}

data: {"data":"    at async x (.build/next/server/chunks/_1-iqx09._.js:1:14007)","timestamp":"2026-09-15T09:50:01.455Z"}

data: {"data":"    at async o (.build/next/server/chunks/[root-of-the-server]__1k_ba33._.js:1:11146)","timestamp":"2026-09-15T09:50:01.455Z"}

data: {"data":"    at async R (.build/next/server/chunks/open-sse_services_autoCombo_09kyb4x._.js:1:5269)","timestamp":"2026-09-15T09:50:01.455Z"}

data: {"data":"    at async ef (.build/next/server/chunks/_1vsj0p2._.js:1:13529)","timestamp":"2026-09-15T09:50:01.455Z"}

data: {"data":"    at async ec (.build/next/server/chunks/_1vsj0p2._.js:1:5672) {","timestamp":"2026-09-15T09:50:01.455Z"}

data: {"data":"  code: 'SQLITE_CORRUPT'","timestamp":"2026-09-15T09:50:01.455Z"}

data: {"data":"}","timestamp":"2026-09-15T09:50:01.455Z"}

data: {"data":"[catalog] Could not materialize built-in auto model auto/coding:free: SqliteError: database disk image is malformed","timestamp":"2026-09-15T09:50:01.456Z"}

data: {"data":"    at Object.all (.build/next/server/chunks/src_02l7t6d._.js:1:5218)","timestamp":"2026-09-15T09:50:01.456Z"}

data: {"data":"    at b (.build/next/server/chunks/_1-iqx09._.js:1:14800)","timestamp":"2026-09-15T09:50:01.456Z"}

data: {"data":"    at c (.build/next/server/chunks/[root-of-the-server]__1k_ba33._.js:1:11339)","timestamp":"2026-09-15T09:50:01.456Z"}

data: {"data":"    at async x (.build/next/server/chunks/_1-iqx09._.js:1:14007)","timestamp":"2026-09-15T09:50:01.456Z"}

data: {"data":"    at async o (.build/next/server/chunks/[root-of-the-server]__1k_ba33._.js:1:11146)","timestamp":"2026-09-15T09:50:01.456Z"}

data: {"data":"    at async R (.build/next/server/chunks/open-sse_services_autoCombo_09kyb4x._.js:1:5269)","timestamp":"2026-09-15T09:50:01.456Z"}

data: {"data":"    at async ef (.build/next/server/chunks/_1vsj0p2._.js:1:13529)","timestamp":"2026-09-15T09:50:01.456Z"}

data: {"data":"    at async ec (.build/next/server/chunks/_1vsj0p2._.js:1:5672) {","timestamp":"2026-09-15T09:50:01.456Z"}

data: {"data":"  code: 'SQLITE_CORRUPT'","timestamp":"2026-09-15T09:50:01.456Z"}

data: {"data":"}","timestamp":"2026-09-15T09:50:01.456Z"}

data: {"data":"[catalog] Could not materialize built-in auto model auto/coding:pro: SqliteError: database disk image is malformed","timestamp":"2026-09-15T09:50:01.456Z"}

data: {"data":"    at Object.all (.build/next/server/chunks/src_02l7t6d._.js:1:5218)","timestamp":"2026-09-15T09:50:01.457Z"}

data: {"data":"    at b (.build/next/server/chunks/_1-iqx09._.js:1:14800)","timestamp":"2026-09-15T09:50:01.457Z"}

data: {"data":"    at c (.build/next/server/chunks/[root-of-the-server]__1k_ba33._.js:1:11339)","timestamp":"2026-09-15T09:50:01.457Z"}

data: {"data":"    at async x (.build/next/server/chunks/_1-iqx09._.js:1:14007)","timestamp":"2026-09-15T09:50:01.457Z"}

data: {"data":"    at async o (.build/next/server/chunks/[root-of-the-server]__1k_ba33._.js:1:11146)","timestamp":"2026-09-15T09:50:01.457Z"}

data: {"data":"    at async R (.build/next/server/chunks/open-sse_services_autoCombo_09kyb4x._.js:1:5269)","timestamp":"2026-09-15T09:50:01.457Z"}

data: {"data":"    at async ef (.build/next/server/chunks/_1vsj0p2._.js:1:13529)","timestamp":"2026-09-15T09:50:01.457Z"}

data: {"data":"    at async ec (.build/next/server/chunks/_1vsj0p2._.js:1:5672) {","timestamp":"2026-09-15T09:50:01.457Z"}

data: {"data":"  code: 'SQLITE_CORRUPT'","timestamp":"2026-09-15T09:50:01.457Z"}

data: {"data":"}","timestamp":"2026-09-15T09:50:01.457Z"}

data: {"data":"[catalog] Could not materialize built-in auto model auto/coding:reliable: SqliteError: database disk image is malformed","timestamp":"2026-09-15T09:50:01.457Z"}

data: {"data":"    at Object.all (.build/next/server/chunks/src_02l7t6d._.js:1:5218)","timestamp":"2026-09-15T09:50:01.457Z"}

data: {"data":"    at b (.build/next/server/chunks/_1-iqx09._.js:1:14800)","timestamp":"2026-09-15T09:50:01.457Z"}

data: {"data":"    at c (.build/next/server/chunks/[root-of-the-server]__1k_ba33._.js:1:11339)","timestamp":"2026-09-15T09:50:01.457Z"}

data: {"data":"    at async x (.build/next/server/chunks/_1-iqx09._.js:1:14007)","timestamp":"2026-09-15T09:50:01.457Z"}

data: {"data":"    at async o (.build/next/server/chunks/[root-of-the-server]__1k_ba33._.js:1:11146)","timestamp":"2026-09-15T09:50:01.458Z"}

data: {"data":"    at async R (.build/next/server/chunks/open-sse_services_autoCombo_09kyb4x._.js:1:5269)","timestamp":"2026-09-15T09:50:01.458Z"}

data: {"data":"    at async ef (.build/next/server/chunks/_1vsj0p2._.js:1:13529)","timestamp":"2026-09-15T09:50:01.458Z"}

data: {"data":"    at async ec (.build/next/server/chunks/_1vsj0p2._.js:1:5672) {","timestamp":"2026-09-15T09:50:01.458Z"}

data: {"data":"  code: 'SQLITE_CORRUPT'","timestamp":"2026-09-15T09:50:01.458Z"}

data: {"data":"}","timestamp":"2026-09-15T09:50:01.458Z"}

data: {"data":"[catalog] Could not materialize built-in auto model auto/reasoning: SqliteError: database disk image is malformed","timestamp":"2026-09-15T09:50:01.458Z"}

data: {"data":"    at Object.all (.build/next/server/chunks/src_02l7t6d._.js:1:5218)","timestamp":"2026-09-15T09:50:01.458Z"}

data: {"data":"    at b (.build/next/server/chunks/_1-iqx09._.js:1:14800)","timestamp":"2026-09-15T09:50:01.458Z"}

data: {"data":"    at c (.build/next/server/chunks/[root-of-the-server]__1k_ba33._.js:1:11339)","timestamp":"2026-09-15T09:50:01.458Z"}

data: {"data":"    at async x (.build/next/server/chunks/_1-iqx09._.js:1:14007)","timestamp":"2026-09-15T09:50:01.458Z"}

data: {"data":"    at async o (.build/next/server/chunks/[root-of-the-server]__1k_ba33._.js:1:11146)","timestamp":"2026-09-15T09:50:01.458Z"}

data: {"data":"    at async R (.build/next/server/chunks/open-sse_services_autoCombo_09kyb4x._.js:1:5269)","timestamp":"2026-09-15T09:50:01.458Z"}

data: {"data":"    at async ef (.build/next/server/chunks/_1vsj0p2._.js:1:13529)","timestamp":"2026-09-15T09:50:01.458Z"}

data: {"data":"    at async ec (.build/next/server/chunks/_1vsj0p2._.js:1:5672) {","timestamp":"2026-09-15T09:50:01.458Z"}

data: {"data":"  code: 'SQLITE_CORRUPT'","timestamp":"2026-09-15T09:50:01.458Z"}

data: {"data":"}","timestamp":"2026-09-15T09:50:01.458Z"}

data: {"data":"[catalog] Could not materialize built-in auto model auto/reasoning:pro: SqliteError: database disk image is malformed","timestamp":"2026-09-15T09:50:01.459Z"}

data: {"data":"    at Object.all (.build/next/server/chunks/src_02l7t6d._.js:1:5218)","timestamp":"2026-09-15T09:50:01.459Z"}

data: {"data":"    at b (.build/next/server/chunks/_1-iqx09._.js:1:14800)","timestamp":"2026-09-15T09:50:01.459Z"}

data: {"data":"    at c (.build/next/server/chunks/[root-of-the-server]__1k_ba33._.js:1:11339)","timestamp":"2026-09-15T09:50:01.459Z"}

data: {"data":"    at async x (.build/next/server/chunks/_1-iqx09._.js:1:14007)","timestamp":"2026-09-15T09:50:01.459Z"}

data: {"data":"    at async o (.build/next/server/chunks/[root-of-the-server]__1k_ba33._.js:1:11146)","timestamp":"2026-09-15T09:50:01.459Z"}

data: {"data":"    at async R (.build/next/server/chunks/open-sse_services_autoCombo_09kyb4x._.js:1:5269)","timestamp":"2026-09-15T09:50:01.459Z"}

data: {"data":"    at async ef (.build/next/server/chunks/_1vsj0p2._.js:1:13529)","timestamp":"2026-09-15T09:50:01.459Z"}

data: {"data":"    at async ec (.build/next/server/chunks/_1vsj0p2._.js:1:5672) {","timestamp":"2026-09-15T09:50:01.459Z"}

data: {"data":"  code: 'SQLITE_CORRUPT'","timestamp":"2026-09-15T09:50:01.459Z"}

data: {"data":"}","timestamp":"2026-09-15T09:50:01.459Z"}

data: {"data":"[catalog] Could not materialize built-in auto model auto/vision: SqliteError: database disk image is malformed","timestamp":"2026-09-15T09:50:01.460Z"}

data: {"data":"    at Object.all (.build/next/server/chunks/src_02l7t6d._.js:1:5218)","timestamp":"2026-09-15T09:50:01.460Z"}

data: {"data":"    at b (.build/next/server/chunks/_1-iqx09._.js:1:14800)","timestamp":"2026-09-15T09:50:01.460Z"}

data: {"data":"    at c (.build/next/server/chunks/[root-of-the-server]__1k_ba33._.js:1:11339)","timestamp":"2026-09-15T09:50:01.460Z"}

data: {"data":"    at async x (.build/next/server/chunks/_1-iqx09._.js:1:14007)","timestamp":"2026-09-15T09:50:01.460Z"}

data: {"data":"    at async o (.build/next/server/chunks/[root-of-the-server]__1k_ba33._.js:1:11146)","timestamp":"2026-09-15T09:50:01.460Z"}

data: {"data":"    at async R (.build/next/server/chunks/open-sse_services_autoCombo_09kyb4x._.js:1:5269)","timestamp":"2026-09-15T09:50:01.460Z"}

data: {"data":"    at async ef (.build/next/server/chunks/_1vsj0p2._.js:1:13529)","timestamp":"2026-09-15T09:50:01.460Z"}

data: {"data":"    at async ec (.build/next/server/chunks/_1vsj0p2._.js:1:5672) {","timestamp":"2026-09-15T09:50:01.460Z"}

data: {"data":"  code: 'SQLITE_CORRUPT'","timestamp":"2026-09-15T09:50:01.460Z"}

data: {"data":"}","timestamp":"2026-09-15T09:50:01.460Z"}

data: {"data":"[catalog] Could not materialize built-in auto model auto/multimodal: SqliteError: database disk image is malformed","timestamp":"2026-09-15T09:50:01.461Z"}

data: {"data":"    at Object.all (.build/next/server/chunks/src_02l7t6d._.js:1:5218)","timestamp":"2026-09-15T09:50:01.461Z"}

data: {"data":"    at b (.build/next/server/chunks/_1-iqx09._.js:1:14800)","timestamp":"2026-09-15T09:50:01.461Z"}

data: {"data":"    at c (.build/next/server/chunks/[root-of-the-server]__1k_ba33._.js:1:11339)","timestamp":"2026-09-15T09:50:01.461Z"}

data: {"data":"    at async x (.build/next/server/chunks/_1-iqx09._.js:1:14007)","timestamp":"2026-09-15T09:50:01.461Z"}

data: {"data":"    at async o (.build/next/server/chunks/[root-of-the-server]__1k_ba33._.js:1:11146)","timestamp":"2026-09-15T09:50:01.461Z"}

data: {"data":"    at async R (.build/next/server/chunks/open-sse_services_autoCombo_09kyb4x._.js:1:5269)","timestamp":"2026-09-15T09:50:01.461Z"}

data: {"data":"    at async ef (.build/next/server/chunks/_1vsj0p2._.js:1:13529)","timestamp":"2026-09-15T09:50:01.461Z"}

data: {"data":"    at async ec (.build/next/server/chunks/_1vsj0p2._.js:1:5672) {","timestamp":"2026-09-15T09:50:01.461Z"}

data: {"data":"  code: 'SQLITE_CORRUPT'","timestamp":"2026-09-15T09:50:01.461Z"}

data: {"data":"}","timestamp":"2026-09-15T09:50:01.461Z"}

data: {"data":"[catalog] Could not materialize built-in auto model auto/glm: SqliteError: database disk image is malformed","timestamp":"2026-09-15T09:50:01.462Z"}

data: {"data":"    at Object.all (.build/next/server/chunks/src_02l7t6d._.js:1:5218)","timestamp":"2026-09-15T09:50:01.462Z"}

data: {"data":"    at b (.build/next/server/chunks/_1-iqx09._.js:1:14800)","timestamp":"2026-09-15T09:50:01.462Z"}

data: {"data":"    at c (.build/next/server/chunks/[root-of-the-server]__1k_ba33._.js:1:11339)","timestamp":"2026-09-15T09:50:01.462Z"}

data: {"data":"    at async x (.build/next/server/chunks/_1-iqx09._.js:1:14007)","timestamp":"2026-09-15T09:50:01.462Z"}

data: {"data":"    at async o (.build/next/server/chunks/[root-of-the-server]__1k_ba33._.js:1:11146)","timestamp":"2026-09-15T09:50:01.462Z"}

data: {"data":"    at async R (.build/next/server/chunks/open-sse_services_autoCombo_09kyb4x._.js:1:5269)","timestamp":"2026-09-15T09:50:01.462Z"}

data: {"data":"    at async ef (.build/next/server/chunks/_1vsj0p2._.js:1:13529)","timestamp":"2026-09-15T09:50:01.462Z"}

data: {"data":"    at async ec (.build/next/server/chunks/_1vsj0p2._.js:1:5672) {","timestamp":"2026-09-15T09:50:01.462Z"}

data: {"data":"  code: 'SQLITE_CORRUPT'","timestamp":"2026-09-15T09:50:01.462Z"}

data: {"data":"}","timestamp":"2026-09-15T09:50:01.462Z"}

data: {"data":"[catalog] Could not materialize built-in auto model auto/minimax: SqliteError: database disk image is malformed","timestamp":"2026-09-15T09:50:01.463Z"}

data: {"data":"    at Object.all (.build/next/server/chunks/src_02l7t6d._.js:1:5218)","timestamp":"2026-09-15T09:50:01.463Z"}

data: {"data":"    at b (.build/next/server/chunks/_1-iqx09._.js:1:14800)","timestamp":"2026-09-15T09:50:01.463Z"}

data: {"data":"    at c (.build/next/server/chunks/[root-of-the-server]__1k_ba33._.js:1:11339)","timestamp":"2026-09-15T09:50:01.463Z"}

data: {"data":"    at async x (.build/next/server/chunks/_1-iqx09._.js:1:14007)","timestamp":"2026-09-15T09:50:01.463Z"}

data: {"data":"    at async o (.build/next/server/chunks/[root-of-the-server]__1k_ba33._.js:1:11146)","timestamp":"2026-09-15T09:50:01.463Z"}

data: {"data":"    at async R (.build/next/server/chunks/open-sse_services_autoCombo_09kyb4x._.js:1:5269)","timestamp":"2026-09-15T09:50:01.463Z"}

data: {"data":"    at async ef (.build/next/server/chunks/_1vsj0p2._.js:1:13529)","timestamp":"2026-09-15T09:50:01.463Z"}

data: {"data":"    at async ec (.build/next/server/chunks/_1vsj0p2._.js:1:5672) {","timestamp":"2026-09-15T09:50:01.463Z"}

data: {"data":"  code: 'SQLITE_CORRUPT'","timestamp":"2026-09-15T09:50:01.463Z"}

data: {"data":"}","timestamp":"2026-09-15T09:50:01.463Z"}

data: {"data":"[catalog] Could not materialize built-in auto model auto/mimo: SqliteError: database disk image is malformed","timestamp":"2026-09-15T09:50:01.464Z"}

data: {"data":"    at Object.all (.build/next/server/chunks/src_02l7t6d._.js:1:5218)","timestamp":"2026-09-15T09:50:01.464Z"}

data: {"data":"    at b (.build/next/server/chunks/_1-iqx09._.js:1:14800)","timestamp":"2026-09-15T09:50:01.464Z"}

data: {"data":"    at c (.build/next/server/chunks/[root-of-the-server]__1k_ba33._.js:1:11339)","timestamp":"2026-09-15T09:50:01.464Z"}

data: {"data":"    at async x (.build/next/server/chunks/_1-iqx09._.js:1:14007)","timestamp":"2026-09-15T09:50:01.464Z"}

data: {"data":"    at async o (.build/next/server/chunks/[root-of-the-server]__1k_ba33._.js:1:11146)","timestamp":"2026-09-15T09:50:01.464Z"}

data: {"data":"    at async R (.build/next/server/chunks/open-sse_services_autoCombo_09kyb4x._.js:1:5269)","timestamp":"2026-09-15T09:50:01.464Z"}

data: {"data":"    at async ef (.build/next/server/chunks/_1vsj0p2._.js:1:13529)","timestamp":"2026-09-15T09:50:01.464Z"}

data: {"data":"    at async ec (.build/next/server/chunks/_1vsj0p2._.js:1:5672) {","timestamp":"2026-09-15T09:50:01.464Z"}

data: {"data":"  code: 'SQLITE_CORRUPT'","timestamp":"2026-09-15T09:50:01.464Z"}

data: {"data":"}","timestamp":"2026-09-15T09:50:01.464Z"}

data: {"data":"[catalog] Could not materialize built-in auto model auto/zai: SqliteError: database disk image is malformed","timestamp":"2026-09-15T09:50:01.465Z"}

data: {"data":"    at Object.all (.build/next/server/chunks/src_02l7t6d._.js:1:5218)","timestamp":"2026-09-15T09:50:01.465Z"}

data: {"data":"    at b (.build/next/server/chunks/_1-iqx09._.js:1:14800)","timestamp":"2026-09-15T09:50:01.465Z"}

data: {"data":"    at c (.build/next/server/chunks/[root-of-the-server]__1k_ba33._.js:1:11339)","timestamp":"2026-09-15T09:50:01.465Z"}

data: {"data":"    at async x (.build/next/server/chunks/_1-iqx09._.js:1:14007)","timestamp":"2026-09-15T09:50:01.465Z"}

data: {"data":"    at async o (.build/next/server/chunks/[root-of-the-server]__1k_ba33._.js:1:11146)","timestamp":"2026-09-15T09:50:01.465Z"}

data: {"data":"    at async R (.build/next/server/chunks/open-sse_services_autoCombo_09kyb4x._.js:1:5269)","timestamp":"2026-09-15T09:50:01.465Z"}

data: {"data":"    at async ef (.build/next/server/chunks/_1vsj0p2._.js:1:13529)","timestamp":"2026-09-15T09:50:01.465Z"}

data: {"data":"    at async ec (.build/next/server/chunks/_1vsj0p2._.js:1:5672) {","timestamp":"2026-09-15T09:50:01.465Z"}

data: {"data":"  code: 'SQLITE_CORRUPT'","timestamp":"2026-09-15T09:50:01.465Z"}

data: {"data":"}","timestamp":"2026-09-15T09:50:01.465Z"}

data: {"data":"[catalog] Could not materialize built-in auto model auto/gemma: SqliteError: database disk image is malformed","timestamp":"2026-09-15T09:50:01.466Z"}

data: {"data":"    at Object.all (.build/next/server/chunks/src_02l7t6d._.js:1:5218)","timestamp":"2026-09-15T09:50:01.466Z"}

data: {"data":"    at b (.build/next/server/chunks/_1-iqx09._.js:1:14800)","timestamp":"2026-09-15T09:50:01.466Z"}

data: {"data":"    at c (.build/next/server/chunks/[root-of-the-server]__1k_ba33._.js:1:11339)","timestamp":"2026-09-15T09:50:01.466Z"}

data: {"data":"    at async x (.build/next/server/chunks/_1-iqx09._.js:1:14007)","timestamp":"2026-09-15T09:50:01.466Z"}

data: {"data":"    at async o (.build/next/server/chunks/[root-of-the-server]__1k_ba33._.js:1:11146)","timestamp":"2026-09-15T09:50:01.466Z"}

data: {"data":"    at async R (.build/next/server/chunks/open-sse_services_autoCombo_09kyb4x._.js:1:5269)","timestamp":"2026-09-15T09:50:01.466Z"}

data: {"data":"    at async ef (.build/next/server/chunks/_1vsj0p2._.js:1:13529)","timestamp":"2026-09-15T09:50:01.466Z"}

data: {"data":"    at async ec (.build/next/server/chunks/_1vsj0p2._.js:1:5672) {","timestamp":"2026-09-15T09:50:01.466Z"}

data: {"data":"  code: 'SQLITE_CORRUPT'","timestamp":"2026-09-15T09:50:01.466Z"}

data: {"data":"}","timestamp":"2026-09-15T09:50:01.466Z"}

data: {"data":"[catalog] Could not materialize built-in auto model auto/llama: SqliteError: database disk image is malformed","timestamp":"2026-09-15T09:50:01.467Z"}

data: {"data":"    at Object.all (.build/next/server/chunks/src_02l7t6d._.js:1:5218)","timestamp":"2026-09-15T09:50:01.467Z"}

data: {"data":"    at b (.build/next/server/chunks/_1-iqx09._.js:1:14800)","timestamp":"2026-09-15T09:50:01.467Z"}

data: {"data":"    at c (.build/next/server/chunks/[root-of-the-server]__1k_ba33._.js:1:11339)","timestamp":"2026-09-15T09:50:01.467Z"}

data: {"data":"    at async x (.build/next/server/chunks/_1-iqx09._.js:1:14007)","timestamp":"2026-09-15T09:50:01.467Z"}

data: {"data":"    at async o (.build/next/server/chunks/[root-of-the-server]__1k_ba33._.js:1:11146)","timestamp":"2026-09-15T09:50:01.467Z"}

data: {"data":"    at async R (.build/next/server/chunks/open-sse_services_autoCombo_09kyb4x._.js:1:5269)","timestamp":"2026-09-15T09:50:01.467Z"}

data: {"data":"    at async ef (.build/next/server/chunks/_1vsj0p2._.js:1:13529)","timestamp":"2026-09-15T09:50:01.467Z"}

data: {"data":"    at async ec (.build/next/server/chunks/_1vsj0p2._.js:1:5672) {","timestamp":"2026-09-15T09:50:01.467Z"}

data: {"data":"  code: 'SQLITE_CORRUPT'","timestamp":"2026-09-15T09:50:01.467Z"}

data: {"data":"}","timestamp":"2026-09-15T09:50:01.467Z"}

data: {"data":"[catalog] Could not materialize built-in auto model auto/gemini: SqliteError: database disk image is malformed","timestamp":"2026-09-15T09:50:01.468Z"}

data: {"data":"    at Object.all (.build/next/server/chunks/src_02l7t6d._.js:1:5218)","timestamp":"2026-09-15T09:50:01.468Z"}

data: {"data":"    at b (.build/next/server/chunks/_1-iqx09._.js:1:14800)","timestamp":"2026-09-15T09:50:01.468Z"}

data: {"data":"    at c (.build/next/server/chunks/[root-of-the-server]__1k_ba33._.js:1:11339)","timestamp":"2026-09-15T09:50:01.468Z"}

data: {"data":"    at async x (.build/next/server/chunks/_1-iqx09._.js:1:14007)","timestamp":"2026-09-15T09:50:01.468Z"}

data: {"data":"    at async o (.build/next/server/chunks/[root-of-the-server]__1k_ba33._.js:1:11146)","timestamp":"2026-09-15T09:50:01.468Z"}

data: {"data":"    at async R (.build/next/server/chunks/open-sse_services_autoCombo_09kyb4x._.js:1:5269)","timestamp":"2026-09-15T09:50:01.468Z"}

data: {"data":"    at async ef (.build/next/server/chunks/_1vsj0p2._.js:1:13529)","timestamp":"2026-09-15T09:50:01.468Z"}

data: {"data":"    at async ec (.build/next/server/chunks/_1vsj0p2._.js:1:5672) {","timestamp":"2026-09-15T09:50:01.468Z"}

data: {"data":"  code: 'SQLITE_CORRUPT'","timestamp":"2026-09-15T09:50:01.468Z"}

data: {"data":"}","timestamp":"2026-09-15T09:50:01.468Z"}

data: {"data":"⨯ SqliteError: database disk image is malformed","timestamp":"2026-09-15T09:50:03.846Z"}

data: {"data":"    at Object.all (.build/next/server/chunks/src_02l7t6d._.js:1:5218)","timestamp":"2026-09-15T09:50:03.846Z"}

data: {"data":"    at b (.build/next/server/chunks/_1-iqx09._.js:1:14800)","timestamp":"2026-09-15T09:50:03.846Z"}

data: {"data":"    at c (.build/next/server/chunks/[root-of-the-server]__1k_ba33._.js:1:11339)","timestamp":"2026-09-15T09:50:03.846Z"}

data: {"data":"    at async eR (.build/next/server/chunks/_15d2x83._.js:1:17203)","timestamp":"2026-09-15T09:50:03.846Z"}

data: {"data":"    at async e_ (.build/next/server/chunks/_15d2x83._.js:1:31954)","timestamp":"2026-09-15T09:50:03.846Z"}

data: {"data":"    at async eq (.build/next/server/chunks/_0gq2i23._.js:1:38291)","timestamp":"2026-09-15T09:50:03.846Z"}

data: {"data":"    at async eQ (.build/next/server/chunks/_0gq2i23._.js:1:33687)","timestamp":"2026-09-15T09:50:03.846Z"}

data: {"data":"    at async (.build/next/server/chunks/_0gq2i23._.js:1:52499) {","timestamp":"2026-09-15T09:50:03.846Z"}

data: {"data":"  code: 'SQLITE_CORRUPT'","timestamp":"2026-09-15T09:50:03.846Z"}

data: {"data":"}","timestamp":"2026-09-15T09:50:03.846Z"}

data: {"data":"{\"level\":30,\"time\":\"2026-09-15T09:50:03.828Z\",\"service\":\"omniroute\",\"module\":\"sse\",\"tag\":\"HTTP\",\"method\":\"POST\",\"path\":\"/v1/chat/completions | nvidia/moonshotai/kimi-k3 | 2 msgs\",\"msg\":\"📥 POST /v1/chat/completions | nvidia/moonshotai/kimi-k3 | 2 msgs\"}","timestamp":"2026-09-15T09:50:03.847Z"}

data: {"data":"{\"level\":30,\"time\":\"2026-09-15T09:50:03.843Z\",\"service\":\"omniroute\",\"module\":\"sse\",\"tag\":\"ROUTING\",\"msg\":\"Provider: nvidia, Model: moonshotai/kimi-k3\"}","timestamp":"2026-09-15T09:50:03.847Z"}

data: {"data":"⨯ SqliteError: database disk image is malformed","timestamp":"2026-09-15T09:50:06.236Z"}

data: {"data":"    at Object.all (.build/next/server/chunks/src_02l7t6d._.js:1:5218)","timestamp":"2026-09-15T09:50:06.236Z"}

data: {"data":"    at b (.build/next/server/chunks/_1-iqx09._.js:1:14800)","timestamp":"2026-09-15T09:50:06.236Z"}

data: {"data":"    at c (.build/next/server/chunks/[root-of-the-server]__1k_ba33._.js:1:11339)","timestamp":"2026-09-15T09:50:06.236Z"}

data: {"data":"    at async eR (.build/next/server/chunks/_15d2x83._.js:1:17203)","timestamp":"2026-09-15T09:50:06.236Z"}

data: {"data":"    at async e_ (.build/next/server/chunks/_15d2x83._.js:1:31954)","timestamp":"2026-09-15T09:50:06.236Z"}

data: {"data":"    at async eq (.build/next/server/chunks/_0gq2i23._.js:1:38291)","timestamp":"2026-09-15T09:50:06.236Z"}

data: {"data":"    at async eQ (.build/next/server/chunks/_0gq2i23._.js:1:33687)","timestamp":"2026-09-15T09:50:06.236Z"}

data: {"data":"    at async (.build/next/server/chunks/_0gq2i23._.js:1:52499) {","timestamp":"2026-09-15T09:50:06.236Z"}

data: {"data":"  code: 'SQLITE_CORRUPT'","timestamp":"2026-09-15T09:50:06.236Z"}

data: {"data":"}","timestamp":"2026-09-15T09:50:06.236Z"}

data: {"data":"{\"level\":30,\"time\":\"2026-09-15T09:50:06.217Z\",\"service\":\"omniroute\",\"module\":\"sse\",\"tag\":\"HTTP\",\"method\":\"POST\",\"path\":\"/v1/chat/completions | nvidia/moonshotai/kimi-k3 | 2 msgs\",\"msg\":\"📥 POST /v1/chat/completions | nvidia/moonshotai/kimi-k3 | 2 msgs\"}","timestamp":"2026-09-15T09:50:06.237Z"}

data: {"data":"{\"level\":30,\"time\":\"2026-09-15T09:50:06.232Z\",\"service\":\"omniroute\",\"module\":\"sse\",\"tag\":\"ROUTING\",\"msg\":\"Provider: nvidia, Model: moonshotai/kimi-k3\"}","timestamp":"2026-09-15T09:50:06.237Z"}

data: {"data":"⨯ SqliteError: database disk image is malformed","timestamp":"2026-09-15T09:50:08.615Z"}

data: {"data":"    at Object.all (.build/next/server/chunks/src_02l7t6d._.js:1:5218)","timestamp":"2026-09-15T09:50:08.615Z"}

data: {"data":"    at b (.build/next/server/chunks/_1-iqx09._.js:1:14800)","timestamp":"2026-09-15T09:50:08.615Z"}

data: {"data":"    at c (.build/next/server/chunks/[root-of-the-server]__1k_ba33._.js:1:11339)","timestamp":"2026-09-15T09:50:08.615Z"}

data: {"data":"    at async eR (.build/next/server/chunks/_15d2x83._.js:1:17203)","timestamp":"2026-09-15T09:50:08.615Z"}

data: {"data":"    at async e_ (.build/next/server/chunks/_15d2x83._.js:1:31954)","timestamp":"2026-09-15T09:50:08.615Z"}

data: {"data":"    at async eq (.build/next/server/chunks/_0gq2i23._.js:1:38291)","timestamp":"2026-09-15T09:50:08.615Z"}

data: {"data":"    at async eQ (.build/next/server/chunks/_0gq2i23._.js:1:33687)","timestamp":"2026-09-15T09:50:08.615Z"}

data: {"data":"    at async (.build/next/server/chunks/_0gq2i23._.js:1:52499) {","timestamp":"2026-09-15T09:50:08.615Z"}

data: {"data":"  code: 'SQLITE_CORRUPT'","timestamp":"2026-09-15T09:50:08.615Z"}

data: {"data":"}","timestamp":"2026-09-15T09:50:08.615Z"}

data: {"data":"{\"level\":30,\"time\":\"2026-09-15T09:50:08.595Z\",\"service\":\"omniroute\",\"module\":\"sse\",\"tag\":\"HTTP\",\"method\":\"POST\",\"path\":\"/v1/chat/completions | nvidia/moonshotai/kimi-k3 | 2 msgs\",\"msg\":\"📥 POST /v1/chat/completions | nvidia/moonshotai/kimi-k3 | 2 msgs\"}","timestamp":"2026-09-15T09:50:08.616Z"}

data: {"data":"{\"level\":30,\"time\":\"2026-09-15T09:50:08.612Z\",\"service\":\"omniroute\",\"module\":\"sse\",\"tag\":\"ROUTING\",\"msg\":\"Provider: nvidia, Model: moonshotai/kimi-k3\"}","timestamp":"2026-09-15T09:50:08.616Z"}

data: {"data":"[heapwatch] heapUsed=333MB heap_size_limit=4192MB pressure=0.079 rss=640MB shed_threshold=0.75","timestamp":"2026-09-15T09:50:08.848Z"}

data: {"data":"[heapwatch] heapUsed=8MB heap_size_limit=4192MB pressure=0.002 rss=640MB shed_threshold=0.75","timestamp":"2026-09-15T09:50:09.805Z"}

data: {"data":"⨯ SqliteError: database disk image is malformed","timestamp":"2026-09-15T09:50:11.051Z"}

data: {"data":"    at Object.all (.build/next/server/chunks/src_02l7t6d._.js:1:5218)","timestamp":"2026-09-15T09:50:11.051Z"}

data: {"data":"    at b (.build/next/server/chunks/_1-iqx09._.js:1:14800)","timestamp":"2026-09-15T09:50:11.051Z"}

data: {"data":"    at c (.build/next/server/chunks/[root-of-the-server]__1k_ba33._.js:1:11339)","timestamp":"2026-09-15T09:50:11.051Z"}

data: {"data":"    at async eR (.build/next/server/chunks/_15d2x83._.js:1:17203)","timestamp":"2026-09-15T09:50:11.051Z"}

data: {"data":"    at async e_ (.build/next/server/chunks/_15d2x83._.js:1:31954)","timestamp":"2026-09-15T09:50:11.051Z"}

data: {"data":"    at async eq (.build/next/server/chunks/_0gq2i23._.js:1:38291)","timestamp":"2026-09-15T09:50:11.051Z"}

data: {"data":"    at async eQ (.build/next/server/chunks/_0gq2i23._.js:1:33687)","timestamp":"2026-09-15T09:50:11.051Z"}

data: {"data":"    at async (.build/next/server/chunks/_0gq2i23._.js:1:52499) {","timestamp":"2026-09-15T09:50:11.051Z"}

data: {"data":"  code: 'SQLITE_CORRUPT'","timestamp":"2026-09-15T09:50:11.051Z"}

data: {"data":"}","timestamp":"2026-09-15T09:50:11.051Z"}

data: {"data":"{\"level\":30,\"time\":\"2026-09-15T09:50:11.034Z\",\"service\":\"omniroute\",\"module\":\"sse\",\"tag\":\"HTTP\",\"method\":\"POST\",\"path\":\"/v1/chat/completions | nvidia/moonshotai/kimi-k3 | 2 msgs\",\"msg\":\"📥 POST /v1/chat/completions | nvidia/moonshotai/kimi-k3 | 2 msgs\"}","timestamp":"2026-09-15T09:50:11.052Z"}

data: {"data":"{\"level\":30,\"time\":\"2026-09-15T09:50:11.047Z\",\"service\":\"omniroute\",\"module\":\"sse\",\"tag\":\"ROUTING\",\"msg\":\"Provider: nvidia, Model: moonshotai/kimi-k3\"}","timestamp":"2026-09-15T09:50:11.052Z"}

data: {"data":"⨯ SqliteError: database disk image is malformed","timestamp":"2026-09-15T09:50:13.493Z"}

data: {"data":"    at Object.all (.build/next/server/chunks/src_02l7t6d._.js:1:5218)","timestamp":"2026-09-15T09:50:13.493Z"}

data: {"data":"    at b (.build/next/server/chunks/_1-iqx09._.js:1:14800)","timestamp":"2026-09-15T09:50:13.493Z"}

data: {"data":"    at c (.build/next/server/chunks/[root-of-the-server]__1k_ba33._.js:1:11339)","timestamp":"2026-09-15T09:50:13.493Z"}

data: {"data":"    at async eR (.build/next/server/chunks/_15d2x83._.js:1:17203)","timestamp":"2026-09-15T09:50:13.493Z"}

data: {"data":"    at async e_ (.build/next/server/chunks/_15d2x83._.js:1:31954)","timestamp":"2026-09-15T09:50:13.493Z"}

data: {"data":"    at async eq (.build/next/server/chunks/_0gq2i23._.js:1:38291)","timestamp":"2026-09-15T09:50:13.493Z"}

data: {"data":"    at async eQ (.build/next/server/chunks/_0gq2i23._.js:1:33687)","timestamp":"2026-09-15T09:50:13.493Z"}

data: {"data":"    at async (.build/next/server/chunks/_0gq2i23._.js:1:52499) {","timestamp":"2026-09-15T09:50:13.493Z"}

data: {"data":"  code: 'SQLITE_CORRUPT'","timestamp":"2026-09-15T09:50:13.493Z"}

data: {"data":"}","timestamp":"2026-09-15T09:50:13.493Z"}

data: {"data":"{\"level\":30,\"time\":\"2026-09-15T09:50:13.478Z\",\"service\":\"omniroute\",\"module\":\"sse\",\"tag\":\"HTTP\",\"method\":\"POST\",\"path\":\"/v1/chat/completions | nvidia/moonshotai/kimi-k3 | 2 msgs\",\"msg\":\"📥 POST /v1/chat/completions | nvidia/moonshotai/kimi-k3 | 2 msgs\"}","timestamp":"2026-09-15T09:50:13.493Z"}

data: {"data":"{\"level\":30,\"time\":\"2026-09-15T09:50:13.490Z\",\"service\":\"omniroute\",\"module\":\"sse\",\"tag\":\"ROUTING\",\"msg\":\"Provider: nvidia, Model: moonshotai/kimi-k3\"}","timestamp":"2026-09-15T09:50:13.494Z"}

data: {"data":"[heapwatch] heapUsed=8MB heap_size_limit=4192MB pressure=0.002 rss=643MB shed_threshold=0.75","timestamp":"2026-09-15T09:50:14.096Z"}

data: {"data":"[heapwatch] heapUsed=8MB heap_size_limit=4192MB pressure=0.002 rss=643MB shed_threshold=0.75","timestamp":"2026-09-15T09:50:14.416Z"}

data: {"data":"⨯ SqliteError: database disk image is malformed","timestamp":"2026-09-15T09:50:15.915Z"}

data: {"data":"    at Object.all (.build/next/server/chunks/src_02l7t6d._.js:1:5218)","timestamp":"2026-09-15T09:50:15.916Z"}

data: {"data":"    at b (.build/next/server/chunks/_1-iqx09._.js:1:14800)","timestamp":"2026-09-15T09:50:15.916Z"}

data: {"data":"    at c (.build/next/server/chunks/[root-of-the-server]__1k_ba33._.js:1:11339)","timestamp":"2026-09-15T09:50:15.916Z"}

data: {"data":"    at async eR (.build/next/server/chunks/_15d2x83._.js:1:17203)","timestamp":"2026-09-15T09:50:15.916Z"}

data: {"data":"    at async e_ (.build/next/server/chunks/_15d2x83._.js:1:31954)","timestamp":"2026-09-15T09:50:15.916Z"}

data: {"data":"    at async eq (.build/next/server/chunks/_0gq2i23._.js:1:38291)","timestamp":"2026-09-15T09:50:15.916Z"}

data: {"data":"    at async eQ (.build/next/server/chunks/_0gq2i23._.js:1:33687)","timestamp":"2026-09-15T09:50:15.916Z"}

data: {"data":"    at async (.build/next/server/chunks/_0gq2i23._.js:1:52499) {","timestamp":"2026-09-15T09:50:15.916Z"}

data: {"data":"  code: 'SQLITE_CORRUPT'","timestamp":"2026-09-15T09:50:15.916Z"}

data: {"data":"}","timestamp":"2026-09-15T09:50:15.916Z"}

data: {"data":"{\"level\":30,\"time\":\"2026-09-15T09:50:15.901Z\",\"service\":\"omniroute\",\"module\":\"sse\",\"tag\":\"HTTP\",\"method\":\"POST\",\"path\":\"/v1/chat/completions | nvidia/moonshotai/kimi-k3 | 2 msgs\",\"msg\":\"📥 POST /v1/chat/completions | nvidia/moonshotai/kimi-k3 | 2 msgs\"}","timestamp":"2026-09-15T09:50:15.916Z"}

data: {"data":"{\"level\":30,\"time\":\"2026-09-15T09:50:15.913Z\",\"service\":\"omniroute\",\"module\":\"sse\",\"tag\":\"ROUTING\",\"msg\":\"Provider: nvidia, Model: moonshotai/kimi-k3\"}","timestamp":"2026-09-15T09:50:15.916Z"}

data: {"data":"Error fetching providers: SqliteError: database disk image is malformed","timestamp":"2026-09-15T09:50:17.410Z"}

data: {"data":"    at Object.all (.build/next/server/chunks/src_02l7t6d._.js:1:5218)","timestamp":"2026-09-15T09:50:17.410Z"}

data: {"data":"    at b (.build/next/server/chunks/_1-iqx09._.js:1:14800)","timestamp":"2026-09-15T09:50:17.410Z"}

data: {"data":"    at x (.build/next/server/chunks/_1-iqx09._.js:1:14060)","timestamp":"2026-09-15T09:50:17.410Z"}

data: {"data":"    at S (.build/next/server/chunks/_0--ghm3._.js:1:819)","timestamp":"2026-09-15T09:50:17.410Z"}

data: {"data":"    at async J (.build/next/server/chunks/_0--ghm3._.js:1:10895)","timestamp":"2026-09-15T09:50:17.410Z"}

data: {"data":"    at async Q (.build/next/server/chunks/_0--ghm3._.js:1:11973)","timestamp":"2026-09-15T09:50:17.410Z"}

data: {"data":"    at async Module.A [as handler] (.build/next/server/chunks/_0--ghm3._.js:1:14030) {","timestamp":"2026-09-15T09:50:17.410Z"}

data: {"data":"  code: 'SQLITE_CORRUPT'","timestamp":"2026-09-15T09:50:17.410Z"}

data: {"data":"}","timestamp":"2026-09-15T09:50:17.410Z"}

data: {"data":"⨯ SqliteError: database disk image is malformed","timestamp":"2026-09-15T09:50:18.319Z"}

data: {"data":"    at Object.all (.build/next/server/chunks/src_02l7t6d._.js:1:5218)","timestamp":"2026-09-15T09:50:18.319Z"}

data: {"data":"    at b (.build/next/server/chunks/_1-iqx09._.js:1:14800)","timestamp":"2026-09-15T09:50:18.319Z"}

data: {"data":"    at c (.build/next/server/chunks/[root-of-the-server]__1k_ba33._.js:1:11339)","timestamp":"2026-09-15T09:50:18.319Z"}

data: {"data":"    at async eR (.build/next/server/chunks/_15d2x83._.js:1:17203)","timestamp":"2026-09-15T09:50:18.319Z"}

data: {"data":"    at async e_ (.build/next/server/chunks/_15d2x83._.js:1:31954)","timestamp":"2026-09-15T09:50:18.319Z"}

data: {"data":"    at async eq (.build/next/server/chunks/_0gq2i23._.js:1:38291)","timestamp":"2026-09-15T09:50:18.319Z"}

data: {"data":"    at async eQ (.build/next/server/chunks/_0gq2i23._.js:1:33687)","timestamp":"2026-09-15T09:50:18.319Z"}

data: {"data":"    at async (.build/next/server/chunks/_0gq2i23._.js:1:52499) {","timestamp":"2026-09-15T09:50:18.319Z"}

data: {"data":"  code: 'SQLITE_CORRUPT'","timestamp":"2026-09-15T09:50:18.319Z"}

data: {"data":"}","timestamp":"2026-09-15T09:50:18.319Z"}

data: {"data":"{\"level\":30,\"time\":\"2026-09-15T09:50:18.299Z\",\"service\":\"omniroute\",\"module\":\"sse\",\"tag\":\"HTTP\",\"method\":\"POST\",\"path\":\"/v1/chat/completions | nvidia/moonshotai/kimi-k3 | 2 msgs\",\"msg\":\"📥 POST /v1/chat/completions | nvidia/moonshotai/kimi-k3 | 2 msgs\"}","timestamp":"2026-09-15T09:50:18.320Z"}

data: {"data":"{\"level\":30,\"time\":\"2026-09-15T09:50:18.316Z\",\"service\":\"omniroute\",\"module\":\"sse\",\"tag\":\"ROUTING\",\"msg\":\"Provider: nvidia, Model: moonshotai/kimi-k3\"}","timestamp":"2026-09-15T09:50:18.320Z"}

data: {"data":"⨯ SqliteError: database disk image is malformed","timestamp":"2026-09-15T09:50:20.750Z"}

data: {"data":"    at Object.all (.build/next/server/chunks/src_02l7t6d._.js:1:5218)","timestamp":"2026-09-15T09:50:20.750Z"}

data: {"data":"    at b (.build/next/server/chunks/_1-iqx09._.js:1:14800)","timestamp":"2026-09-15T09:50:20.750Z"}

data: {"data":"    at c (.build/next/server/chunks/[root-of-the-server]__1k_ba33._.js:1:11339)","timestamp":"2026-09-15T09:50:20.750Z"}

data: {"data":"    at async eR (.build/next/server/chunks/_15d2x83._.js:1:17203)","timestamp":"2026-09-15T09:50:20.750Z"}

data: {"data":"    at async e_ (.build/next/server/chunks/_15d2x83._.js:1:31954)","timestamp":"2026-09-15T09:50:20.750Z"}

data: {"data":"    at async eq (.build/next/server/chunks/_0gq2i23._.js:1:38291)","timestamp":"2026-09-15T09:50:20.750Z"}

data: {"data":"    at async eQ (.build/next/server/chunks/_0gq2i23._.js:1:33687)","timestamp":"2026-09-15T09:50:20.750Z"}

data: {"data":"    at async (.build/next/server/chunks/_0gq2i23._.js:1:52499) {","timestamp":"2026-09-15T09:50:20.750Z"}

data: {"data":"  code: 'SQLITE_CORRUPT'","timestamp":"2026-09-15T09:50:20.750Z"}

data: {"data":"}","timestamp":"2026-09-15T09:50:20.750Z"}

data: {"data":"{\"level\":30,\"time\":\"2026-09-15T09:50:20.733Z\",\"service\":\"omniroute\",\"module\":\"sse\",\"tag\":\"HTTP\",\"method\":\"POST\",\"path\":\"/v1/chat/completions | nvidia/moonshotai/kimi-k3 | 2 msgs\",\"msg\":\"📥 POST /v1/chat/completions | nvidia/moonshotai/kimi-k3 | 2 msgs\"}","timestamp":"2026-09-15T09:50:20.750Z"}

data: {"data":"{\"level\":30,\"time\":\"2026-09-15T09:50:20.747Z\",\"service\":\"omniroute\",\"module\":\"sse\",\"tag\":\"ROUTING\",\"msg\":\"Provider: nvidia, Model: moonshotai/kimi-k3\"}","timestamp":"2026-09-15T09:50:20.750Z"}

data: {"data":"⨯ SqliteError: database disk image is malformed","timestamp":"2026-09-15T09:50:23.148Z"}

data: {"data":"    at Object.all (.build/next/server/chunks/src_02l7t6d._.js:1:5218)","timestamp":"2026-09-15T09:50:23.148Z"}

data: {"data":"    at b (.build/next/server/chunks/_1-iqx09._.js:1:14800)","timestamp":"2026-09-15T09:50:23.148Z"}

data: {"data":"    at c (.build/next/server/chunks/[root-of-the-server]__1k_ba33._.js:1:11339)","timestamp":"2026-09-15T09:50:23.148Z"}

data: {"data":"    at async eR (.build/next/server/chunks/_15d2x83._.js:1:17203)","timestamp":"2026-09-15T09:50:23.148Z"}

data: {"data":"    at async e_ (.build/next/server/chunks/_15d2x83._.js:1:31954)","timestamp":"2026-09-15T09:50:23.148Z"}

data: {"data":"    at async eq (.build/next/server/chunks/_0gq2i23._.js:1:38291)","timestamp":"2026-09-15T09:50:23.148Z"}

data: {"data":"    at async eQ (.build/next/server/chunks/_0gq2i23._.js:1:33687)","timestamp":"2026-09-15T09:50:23.148Z"}

data: {"data":"    at async (.build/next/server/chunks/_0gq2i23._.js:1:52499) {","timestamp":"2026-09-15T09:50:23.148Z"}

data: {"data":"  code: 'SQLITE_CORRUPT'","timestamp":"2026-09-15T09:50:23.148Z"}

data: {"data":"}","timestamp":"2026-09-15T09:50:23.148Z"}

data: {"data":"{\"level\":30,\"time\":\"2026-09-15T09:50:23.134Z\",\"service\":\"omniroute\",\"module\":\"sse\",\"tag\":\"HTTP\",\"method\":\"POST\",\"path\":\"/v1/chat/completions | nvidia/moonshotai/kimi-k3 | 2 msgs\",\"msg\":\"📥 POST /v1/chat/completions | nvidia/moonshotai/kimi-k3 | 2 msgs\"}","timestamp":"2026-09-15T09:50:23.149Z"}

data: {"data":"{\"level\":30,\"time\":\"2026-09-15T09:50:23.146Z\",\"service\":\"omniroute\",\"module\":\"sse\",\"tag\":\"ROUTING\",\"msg\":\"Provider: nvidia, Model: moonshotai/kimi-k3\"}","timestamp":"2026-09-15T09:50:23.149Z"}

data: {"data":"(node:82) ExperimentalWarning: localStorage is not available because --localstorage-file was not provided.","timestamp":"2026-09-15T09:50:23.956Z"}

data: {"data":"(Use `node --trace-warnings ...` to show where the warning was created)","timestamp":"2026-09-15T09:50:23.956Z"}

data: {"data":"⨯ SqliteError: database disk image is malformed","timestamp":"2026-09-15T09:50:25.445Z"}

data: {"data":"    at Object.all (.build/next/server/chunks/src_02l7t6d._.js:1:5218)","timestamp":"2026-09-15T09:50:25.445Z"}

data: {"data":"    at b (.build/next/server/chunks/_1-iqx09._.js:1:14800)","timestamp":"2026-09-15T09:50:25.445Z"}

data: {"data":"    at c (.build/next/server/chunks/[root-of-the-server]__1k_ba33._.js:1:11339)","timestamp":"2026-09-15T09:50:25.445Z"}

data: {"data":"    at async eR (.build/next/server/chunks/_15d2x83._.js:1:17203)","timestamp":"2026-09-15T09:50:25.445Z"}

data: {"data":"    at async e_ (.build/next/server/chunks/_15d2x83._.js:1:31954)","timestamp":"2026-09-15T09:50:25.445Z"}

data: {"data":"    at async eq (.build/next/server/chunks/_0gq2i23._.js:1:38291)","timestamp":"2026-09-15T09:50:25.445Z"}

data: {"data":"    at async eQ (.build/next/server/chunks/_0gq2i23._.js:1:33687)","timestamp":"2026-09-15T09:50:25.445Z"}

data: {"data":"    at async (.build/next/server/chunks/_0gq2i23._.js:1:52499) {","timestamp":"2026-09-15T09:50:25.445Z"}

data: {"data":"  code: 'SQLITE_CORRUPT'","timestamp":"2026-09-15T09:50:25.445Z"}

data: {"data":"}","timestamp":"2026-09-15T09:50:25.445Z"}

data: {"data":"{\"level\":30,\"time\":\"2026-09-15T09:50:25.429Z\",\"service\":\"omniroute\",\"module\":\"sse\",\"tag\":\"HTTP\",\"method\":\"POST\",\"path\":\"/v1/chat/completions | nvidia/moonshotai/kimi-k3 | 2 msgs\",\"msg\":\"📥 POST /v1/chat/completions | nvidia/moonshotai/kimi-k3 | 2 msgs\"}","timestamp":"2026-09-15T09:50:25.445Z"}

data: {"data":"{\"level\":30,\"time\":\"2026-09-15T09:50:25.442Z\",\"service\":\"omniroute\",\"module\":\"sse\",\"tag\":\"ROUTING\",\"msg\":\"Provider: nvidia, Model: moonshotai/kimi-k3\"}","timestamp":"2026-09-15T09:50:25.445Z"}

data: {"data":"[ConnectionRecovery] failed to load connections: database disk image is malformed","timestamp":"2026-09-15T09:50:26.046Z"}

data: {"data":"⨯ SqliteError: database disk image is malformed","timestamp":"2026-09-15T09:50:27.857Z"}

data: {"data":"    at Object.all (.build/next/server/chunks/src_02l7t6d._.js:1:5218)","timestamp":"2026-09-15T09:50:27.857Z"}

data: {"data":"    at b (.build/next/server/chunks/_1-iqx09._.js:1:14800)","timestamp":"2026-09-15T09:50:27.857Z"}

data: {"data":"    at c (.build/next/server/chunks/[root-of-the-server]__1k_ba33._.js:1:11339)","timestamp":"2026-09-15T09:50:27.857Z"}

data: {"data":"    at async eR (.build/next/server/chunks/_15d2x83._.js:1:17203)","timestamp":"2026-09-15T09:50:27.857Z"}

data: {"data":"    at async e_ (.build/next/server/chunks/_15d2x83._.js:1:31954)","timestamp":"2026-09-15T09:50:27.857Z"}

data: {"data":"    at async eq (.build/next/server/chunks/_0gq2i23._.js:1:38291)","timestamp":"2026-09-15T09:50:27.857Z"}

data: {"data":"    at async eQ (.build/next/server/chunks/_0gq2i23._.js:1:33687)","timestamp":"2026-09-15T09:50:27.857Z"}

data: {"data":"    at async (.build/next/server/chunks/_0gq2i23._.js:1:52499) {","timestamp":"2026-09-15T09:50:27.857Z"}

data: {"data":"  code: 'SQLITE_CORRUPT'","timestamp":"2026-09-15T09:50:27.857Z"}

data: {"data":"}","timestamp":"2026-09-15T09:50:27.857Z"}

data: {"data":"{\"level\":30,\"time\":\"2026-09-15T09:50:27.838Z\",\"service\":\"omniroute\",\"module\":\"sse\",\"tag\":\"HTTP\",\"method\":\"POST\",\"path\":\"/v1/chat/completions | nvidia/moonshotai/kimi-k3 | 2 msgs\",\"msg\":\"📥 POST /v1/chat/completions | nvidia/moonshotai/kimi-k3 | 2 msgs\"}","timestamp":"2026-09-15T09:50:27.858Z"}

data: {"data":"{\"level\":30,\"time\":\"2026-09-15T09:50:27.853Z\",\"service\":\"omniroute\",\"module\":\"sse\",\"tag\":\"ROUTING\",\"msg\":\"Provider: nvidia, Model: moonshotai/kimi-k3\"}","timestamp":"2026-09-15T09:50:27.858Z"}

data: {"data":"Error fetching providers: SqliteError: database disk image is malformed","timestamp":"2026-09-15T09:50:28.485Z"}

data: {"data":"    at Object.all (.build/next/server/chunks/src_02l7t6d._.js:1:5218)","timestamp":"2026-09-15T09:50:28.485Z"}

data: {"data":"    at b (.build/next/server/chunks/_1-iqx09._.js:1:14800)","timestamp":"2026-09-15T09:50:28.485Z"}

data: {"data":"    at x (.build/next/server/chunks/_1-iqx09._.js:1:14060)","timestamp":"2026-09-15T09:50:28.485Z"}

data: {"data":"    at S (.build/next/server/chunks/_0--ghm3._.js:1:819)","timestamp":"2026-09-15T09:50:28.485Z"}

data: {"data":"    at async J (.build/next/server/chunks/_0--ghm3._.js:1:10895)","timestamp":"2026-09-15T09:50:28.485Z"}

data: {"data":"    at async Q (.build/next/server/chunks/_0--ghm3._.js:1:11973)","timestamp":"2026-09-15T09:50:28.485Z"}

data: {"data":"    at async Module.A [as handler] (.build/next/server/chunks/_0--ghm3._.js:1:14030) {","timestamp":"2026-09-15T09:50:28.485Z"}

data: {"data":"  code: 'SQLITE_CORRUPT'","timestamp":"2026-09-15T09:50:28.485Z"}

data: {"data":"}","timestamp":"2026-09-15T09:50:28.485Z"}

data: {"data":"⨯ SqliteError: database disk image is malformed","timestamp":"2026-09-15T09:50:30.354Z"}

data: {"data":"    at Object.all (.build/next/server/chunks/src_02l7t6d._.js:1:5218)","timestamp":"2026-09-15T09:50:30.354Z"}

data: {"data":"    at b (.build/next/server/chunks/_1-iqx09._.js:1:14800)","timestamp":"2026-09-15T09:50:30.354Z"}

data: {"data":"    at c (.build/next/server/chunks/[root-of-the-server]__1k_ba33._.js:1:11339)","timestamp":"2026-09-15T09:50:30.354Z"}

data: {"data":"    at async eR (.build/next/server/chunks/_15d2x83._.js:1:17203)","timestamp":"2026-09-15T09:50:30.354Z"}

data: {"data":"    at async e_ (.build/next/server/chunks/_15d2x83._.js:1:31954)","timestamp":"2026-09-15T09:50:30.354Z"}

data: {"data":"    at async eq (.build/next/server/chunks/_0gq2i23._.js:1:38291)","timestamp":"2026-09-15T09:50:30.354Z"}

data: {"data":"    at async eQ (.build/next/server/chunks/_0gq2i23._.js:1:33687)","timestamp":"2026-09-15T09:50:30.354Z"}

data: {"data":"    at async (.build/next/server/chunks/_0gq2i23._.js:1:52499) {","timestamp":"2026-09-15T09:50:30.354Z"}

data: {"data":"  code: 'SQLITE_CORRUPT'","timestamp":"2026-09-15T09:50:30.354Z"}

data: {"data":"}","timestamp":"2026-09-15T09:50:30.354Z"}

data: {"data":"{\"level\":30,\"time\":\"2026-09-15T09:50:30.341Z\",\"service\":\"omniroute\",\"module\":\"sse\",\"tag\":\"HTTP\",\"method\":\"POST\",\"path\":\"/v1/chat/completions | nvidia/moonshotai/kimi-k3 | 2 msgs\",\"msg\":\"📥 POST /v1/chat/completions | nvidia/moonshotai/kimi-k3 | 2 msgs\"}","timestamp":"2026-09-15T09:50:30.355Z"}

data: {"data":"{\"level\":30,\"time\":\"2026-09-15T09:50:30.352Z\",\"service\":\"omniroute\",\"module\":\"sse\",\"tag\":\"ROUTING\",\"msg\":\"Provider: nvidia, Model: moonshotai/kimi-k3\"}","timestamp":"2026-09-15T09:50:30.355Z"}

data: {"data":"⨯ SqliteError: database disk image is malformed","timestamp":"2026-09-15T09:50:32.777Z"}

data: {"data":"    at Object.all (.build/next/server/chunks/src_02l7t6d._.js:1:5218)","timestamp":"2026-09-15T09:50:32.777Z"}

data: {"data":"    at b (.build/next/server/chunks/_1-iqx09._.js:1:14800)","timestamp":"2026-09-15T09:50:32.777Z"}

data: {"data":"    at c (.build/next/server/chunks/[root-of-the-server]__1k_ba33._.js:1:11339)","timestamp":"2026-09-15T09:50:32.777Z"}

data: {"data":"    at async eR (.build/next/server/chunks/_15d2x83._.js:1:17203)","timestamp":"2026-09-15T09:50:32.777Z"}

data: {"data":"    at async e_ (.build/next/server/chunks/_15d2x83._.js:1:31954)","timestamp":"2026-09-15T09:50:32.777Z"}

data: {"data":"    at async eq (.build/next/server/chunks/_0gq2i23._.js:1:38291)","timestamp":"2026-09-15T09:50:32.777Z"}

data: {"data":"    at async eQ (.build/next/server/chunks/_0gq2i23._.js:1:33687)","timestamp":"2026-09-15T09:50:32.777Z"}

data: {"data":"    at async (.build/next/server/chunks/_0gq2i23._.js:1:52499) {","timestamp":"2026-09-15T09:50:32.777Z"}

data: {"data":"  code: 'SQLITE_CORRUPT'","timestamp":"2026-09-15T09:50:32.777Z"}

data: {"data":"}","timestamp":"2026-09-15T09:50:32.777Z"}

data: {"data":"{\"level\":30,\"time\":\"2026-09-15T09:50:32.759Z\",\"service\":\"omniroute\",\"module\":\"sse\",\"tag\":\"HTTP\",\"method\":\"POST\",\"path\":\"/v1/chat/completions | nvidia/moonshotai/kimi-k3 | 2 msgs\",\"msg\":\"📥 POST /v1/chat/completions | nvidia/moonshotai/kimi-k3 | 2 msgs\"}","timestamp":"2026-09-15T09:50:32.777Z"}

data: {"data":"{\"level\":30,\"time\":\"2026-09-15T09:50:32.773Z\",\"service\":\"omniroute\",\"module\":\"sse\",\"tag\":\"ROUTING\",\"msg\":\"Provider: nvidia, Model: moonshotai/kimi-k3\"}","timestamp":"2026-09-15T09:50:32.778Z"}

data: {"data":"⨯ SqliteError: database disk image is malformed","timestamp":"2026-09-15T09:50:35.189Z"}

data: {"data":"    at Object.all (.build/next/server/chunks/src_02l7t6d._.js:1:5218)","timestamp":"2026-09-15T09:50:35.189Z"}

data: {"data":"    at b (.build/next/server/chunks/_1-iqx09._.js:1:14800)","timestamp":"2026-09-15T09:50:35.189Z"}

data: {"data":"    at c (.build/next/server/chunks/[root-of-the-server]__1k_ba33._.js:1:11339)","timestamp":"2026-09-15T09:50:35.189Z"}

data: {"data":"    at async eR (.build/next/server/chunks/_15d2x83._.js:1:17203)","timestamp":"2026-09-15T09:50:35.189Z"}

data: {"data":"    at async e_ (.build/next/server/chunks/_15d2x83._.js:1:31954)","timestamp":"2026-09-15T09:50:35.189Z"}

data: {"data":"    at async eq (.build/next/server/chunks/_0gq2i23._.js:1:38291)","timestamp":"2026-09-15T09:50:35.189Z"}

data: {"data":"    at async eQ (.build/next/server/chunks/_0gq2i23._.js:1:33687)","timestamp":"2026-09-15T09:50:35.189Z"}

data: {"data":"    at async (.build/next/server/chunks/_0gq2i23._.js:1:52499) {","timestamp":"2026-09-15T09:50:35.189Z"}

data: {"data":"  code: 'SQLITE_CORRUPT'","timestamp":"2026-09-15T09:50:35.189Z"}

data: {"data":"}","timestamp":"2026-09-15T09:50:35.189Z"}

data: {"data":"{\"level\":30,\"time\":\"2026-09-15T09:50:35.168Z\",\"service\":\"omniroute\",\"module\":\"sse\",\"tag\":\"HTTP\",\"method\":\"POST\",\"path\":\"/v1/chat/completions | nvidia/moonshotai/kimi-k3 | 2 msgs\",\"msg\":\"📥 POST /v1/chat/completions | nvidia/moonshotai/kimi-k3 | 2 msgs\"}","timestamp":"2026-09-15T09:50:35.190Z"}

data: {"data":"{\"level\":30,\"time\":\"2026-09-15T09:50:35.184Z\",\"service\":\"omniroute\",\"module\":\"sse\",\"tag\":\"ROUTING\",\"msg\":\"Provider: nvidia, Model: moonshotai/kimi-k3\"}","timestamp":"2026-09-15T09:50:35.190Z"}

data: {"data":"⨯ SqliteError: database disk image is malformed","timestamp":"2026-09-15T09:50:37.620Z"}

data: {"data":"    at Object.all (.build/next/server/chunks/src_02l7t6d._.js:1:5218)","timestamp":"2026-09-15T09:50:37.620Z"}

data: {"data":"    at b (.build/next/server/chunks/_1-iqx09._.js:1:14800)","timestamp":"2026-09-15T09:50:37.620Z"}

data: {"data":"    at c (.build/next/server/chunks/[root-of-the-server]__1k_ba33._.js:1:11339)","timestamp":"2026-09-15T09:50:37.620Z"}

data: {"data":"    at async eR (.build/next/server/chunks/_15d2x83._.js:1:17203)","timestamp":"2026-09-15T09:50:37.620Z"}

data: {"data":"    at async e_ (.build/next/server/chunks/_15d2x83._.js:1:31954)","timestamp":"2026-09-15T09:50:37.620Z"}

data: {"data":"    at async eq (.build/next/server/chunks/_0gq2i23._.js:1:38291)","timestamp":"2026-09-15T09:50:37.620Z"}

data: {"data":"    at async eQ (.build/next/server/chunks/_0gq2i23._.js:1:33687)","timestamp":"2026-09-15T09:50:37.620Z"}

data: {"data":"    at async (.build/next/server/chunks/_0gq2i23._.js:1:52499) {","timestamp":"2026-09-15T09:50:37.620Z"}

data: {"data":"  code: 'SQLITE_CORRUPT'","timestamp":"2026-09-15T09:50:37.620Z"}

data: {"data":"}","timestamp":"2026-09-15T09:50:37.620Z"}

data: {"data":"{\"level\":30,\"time\":\"2026-09-15T09:50:37.602Z\",\"service\":\"omniroute\",\"module\":\"sse\",\"tag\":\"HTTP\",\"method\":\"POST\",\"path\":\"/v1/chat/completions | nvidia/moonshotai/kimi-k3 | 2 msgs\",\"msg\":\"📥 POST /v1/chat/completions | nvidia/moonshotai/kimi-k3 | 2 msgs\"}","timestamp":"2026-09-15T09:50:37.621Z"}

data: {"data":"{\"level\":30,\"time\":\"2026-09-15T09:50:37.616Z\",\"service\":\"omniroute\",\"module\":\"sse\",\"tag\":\"ROUTING\",\"msg\":\"Provider: nvidia, Model: moonshotai/kimi-k3\"}","timestamp":"2026-09-15T09:50:37.621Z"}

data: {"data":"[heapwatch] heapUsed=347MB heap_size_limit=4192MB pressure=0.083 rss=665MB shed_threshold=0.75","timestamp":"2026-09-15T09:50:38.847Z"}

data: {"data":"[heapwatch] heapUsed=8MB heap_size_limit=4192MB pressure=0.002 rss=665MB shed_threshold=0.75","timestamp":"2026-09-15T09:50:39.811Z"}

data: {"data":"⨯ SqliteError: database disk image is malformed","timestamp":"2026-09-15T09:50:40.120Z"}

data: {"data":"    at Object.all (.build/next/server/chunks/src_02l7t6d._.js:1:5218)","timestamp":"2026-09-15T09:50:40.120Z"}

data: {"data":"    at b (.build/next/server/chunks/_1-iqx09._.js:1:14800)","timestamp":"2026-09-15T09:50:40.120Z"}

data: {"data":"    at c (.build/next/server/chunks/[root-of-the-server]__1k_ba33._.js:1:11339)","timestamp":"2026-09-15T09:50:40.120Z"}

data: {"data":"    at async eR (.build/next/server/chunks/_15d2x83._.js:1:17203)","timestamp":"2026-09-15T09:50:40.120Z"}

data: {"data":"    at async e_ (.build/next/server/chunks/_15d2x83._.js:1:31954)","timestamp":"2026-09-15T09:50:40.120Z"}

data: {"data":"    at async eq (.build/next/server/chunks/_0gq2i23._.js:1:38291)","timestamp":"2026-09-15T09:50:40.120Z"}

data: {"data":"    at async eQ (.build/next/server/chunks/_0gq2i23._.js:1:33687)","timestamp":"2026-09-15T09:50:40.120Z"}

data: {"data":"    at async (.build/next/server/chunks/_0gq2i23._.js:1:52499) {","timestamp":"2026-09-15T09:50:40.120Z"}

data: {"data":"  code: 'SQLITE_CORRUPT'","timestamp":"2026-09-15T09:50:40.120Z"}

data: {"data":"}","timestamp":"2026-09-15T09:50:40.120Z"}

data: {"data":"{\"level\":30,\"time\":\"2026-09-15T09:50:40.102Z\",\"service\":\"omniroute\",\"module\":\"sse\",\"tag\":\"HTTP\",\"method\":\"POST\",\"path\":\"/v1/chat/completions | nvidia/moonshotai/kimi-k3 | 2 msgs\",\"msg\":\"📥 POST /v1/chat/completions | nvidia/moonshotai/kimi-k3 | 2 msgs\"}","timestamp":"2026-09-15T09:50:40.121Z"}

data: {"data":"{\"level\":30,\"time\":\"2026-09-15T09:50:40.117Z\",\"service\":\"omniroute\",\"module\":\"sse\",\"tag\":\"ROUTING\",\"msg\":\"Provider: nvidia, Model: moonshotai/kimi-k3\"}","timestamp":"2026-09-15T09:50:40.121Z"}

data: {"data":"⨯ SqliteError: database disk image is malformed","timestamp":"2026-09-15T09:50:42.924Z"}

data: {"data":"    at Object.all (.build/next/server/chunks/src_02l7t6d._.js:1:5218)","timestamp":"2026-09-15T09:50:42.924Z"}

data: {"data":"    at b (.build/next/server/chunks/_1-iqx09._.js:1:14800)","timestamp":"2026-09-15T09:50:42.924Z"}

data: {"data":"    at c (.build/next/server/chunks/[root-of-the-server]__1k_ba33._.js:1:11339)","timestamp":"2026-09-15T09:50:42.924Z"}

data: {"data":"    at async eR (.build/next/server/chunks/_15d2x83._.js:1:17203)","timestamp":"2026-09-15T09:50:42.924Z"}

data: {"data":"    at async e_ (.build/next/server/chunks/_15d2x83._.js:1:31954)","timestamp":"2026-09-15T09:50:42.924Z"}

data: {"data":"    at async eq (.build/next/server/chunks/_0gq2i23._.js:1:38291)","timestamp":"2026-09-15T09:50:42.924Z"}

data: {"data":"    at async eQ (.build/next/server/chunks/_0gq2i23._.js:1:33687)","timestamp":"2026-09-15T09:50:42.924Z"}

data: {"data":"    at async (.build/next/server/chunks/_0gq2i23._.js:1:52499) {","timestamp":"2026-09-15T09:50:42.924Z"}

data: {"data":"  code: 'SQLITE_CORRUPT'","timestamp":"2026-09-15T09:50:42.924Z"}

data: {"data":"}","timestamp":"2026-09-15T09:50:42.924Z"}

data: {"data":"{\"level\":30,\"time\":\"2026-09-15T09:50:42.910Z\",\"service\":\"omniroute\",\"module\":\"sse\",\"tag\":\"HTTP\",\"method\":\"POST\",\"path\":\"/v1/chat/completions | nvidia/moonshotai/kimi-k3 | 2 msgs\",\"msg\":\"📥 POST /v1/chat/completions | nvidia/moonshotai/kimi-k3 | 2 msgs\"}","timestamp":"2026-09-15T09:50:42.925Z"}

data: {"data":"{\"level\":30,\"time\":\"2026-09-15T09:50:42.921Z\",\"service\":\"omniroute\",\"module\":\"sse\",\"tag\":\"ROUTING\",\"msg\":\"Provider: nvidia, Model: moonshotai/kimi-k3\"}","timestamp":"2026-09-15T09:50:42.925Z"}

data: {"data":"[heapwatch] heapUsed=8MB heap_size_limit=4192MB pressure=0.002 rss=664MB shed_threshold=0.75","timestamp":"2026-09-15T09:50:44.103Z"}

data: {"data":"[heapwatch] heapUsed=8MB heap_size_limit=4192MB pressure=0.002 rss=664MB shed_threshold=0.75","timestamp":"2026-09-15T09:50:44.419Z"}

data: {"data":"⨯ SqliteError: database disk image is malformed","timestamp":"2026-09-15T09:50:45.374Z"}

data: {"data":"    at Object.all (.build/next/server/chunks/src_02l7t6d._.js:1:5218)","timestamp":"2026-09-15T09:50:45.374Z"}

data: {"data":"    at b (.build/next/server/chunks/_1-iqx09._.js:1:14800)","timestamp":"2026-09-15T09:50:45.374Z"}

data: {"data":"    at c (.build/next/server/chunks/[root-of-the-server]__1k_ba33._.js:1:11339)","timestamp":"2026-09-15T09:50:45.374Z"}

data: {"data":"    at async eR (.build/next/server/chunks/_15d2x83._.js:1:17203)","timestamp":"2026-09-15T09:50:45.374Z"}

data: {"data":"    at async e_ (.build/next/server/chunks/_15d2x83._.js:1:31954)","timestamp":"2026-09-15T09:50:45.374Z"}

data: {"data":"    at async eq (.build/next/server/chunks/_0gq2i23._.js:1:38291)","timestamp":"2026-09-15T09:50:45.374Z"}

data: {"data":"    at async eQ (.build/next/server/chunks/_0gq2i23._.js:1:33687)","timestamp":"2026-09-15T09:50:45.374Z"}

data: {"data":"    at async (.build/next/server/chunks/_0gq2i23._.js:1:52499) {","timestamp":"2026-09-15T09:50:45.374Z"}

data: {"data":"  code: 'SQLITE_CORRUPT'","timestamp":"2026-09-15T09:50:45.374Z"}

data: {"data":"}","timestamp":"2026-09-15T09:50:45.374Z"}

data: {"data":"{\"level\":30,\"time\":\"2026-09-15T09:50:45.358Z\",\"service\":\"omniroute\",\"module\":\"sse\",\"tag\":\"HTTP\",\"method\":\"POST\",\"path\":\"/v1/chat/completions | nvidia/moonshotai/kimi-k3 | 2 msgs\",\"msg\":\"📥 POST /v1/chat/completions | nvidia/moonshotai/kimi-k3 | 2 msgs\"}","timestamp":"2026-09-15T09:50:45.375Z"}

data: {"data":"{\"level\":30,\"time\":\"2026-09-15T09:50:45.371Z\",\"service\":\"omniroute\",\"module\":\"sse\",\"tag\":\"ROUTING\",\"msg\":\"Provider: nvidia, Model: moonshotai/kimi-k3\"}","timestamp":"2026-09-15T09:50:45.375Z"}

data: {"data":"⨯ SqliteError: database disk image is malformed","timestamp":"2026-09-15T09:50:47.777Z"}

data: {"data":"    at Object.all (.build/next/server/chunks/src_02l7t6d._.js:1:5218)","timestamp":"2026-09-15T09:50:47.777Z"}

data: {"data":"    at b (.build/next/server/chunks/_1-iqx09._.js:1:14800)","timestamp":"2026-09-15T09:50:47.777Z"}

data: {"data":"    at c (.build/next/server/chunks/[root-of-the-server]__1k_ba33._.js:1:11339)","timestamp":"2026-09-15T09:50:47.777Z"}

data: {"data":"    at async eR (.build/next/server/chunks/_15d2x83._.js:1:17203)","timestamp":"2026-09-15T09:50:47.777Z"}

data: {"data":"    at async e_ (.build/next/server/chunks/_15d2x83._.js:1:31954)","timestamp":"2026-09-15T09:50:47.777Z"}

data: {"data":"    at async eq (.build/next/server/chunks/_0gq2i23._.js:1:38291)","timestamp":"2026-09-15T09:50:47.777Z"}

data: {"data":"    at async eQ (.build/next/server/chunks/_0gq2i23._.js:1:33687)","timestamp":"2026-09-15T09:50:47.777Z"}

data: {"data":"    at async (.build/next/server/chunks/_0gq2i23._.js:1:52499) {","timestamp":"2026-09-15T09:50:47.777Z"}

data: {"data":"  code: 'SQLITE_CORRUPT'","timestamp":"2026-09-15T09:50:47.777Z"}

data: {"data":"}","timestamp":"2026-09-15T09:50:47.777Z"}

data: {"data":"{\"level\":30,\"time\":\"2026-09-15T09:50:47.762Z\",\"service\":\"omniroute\",\"module\":\"sse\",\"tag\":\"HTTP\",\"method\":\"POST\",\"path\":\"/v1/chat/completions | nvidia/moonshotai/kimi-k3 | 2 msgs\",\"msg\":\"📥 POST /v1/chat/completions | nvidia/moonshotai/kimi-k3 | 2 msgs\"}","timestamp":"2026-09-15T09:50:47.778Z"}

data: {"data":"{\"level\":30,\"time\":\"2026-09-15T09:50:47.774Z\",\"service\":\"omniroute\",\"module\":\"sse\",\"tag\":\"ROUTING\",\"msg\":\"Provider: nvidia, Model: moonshotai/kimi-k3\"}","timestamp":"2026-09-15T09:50:47.778Z"}

data: {"data":"⨯ SqliteError: database disk image is malformed","timestamp":"2026-09-15T09:50:50.294Z"}

data: {"data":"    at Object.all (.build/next/server/chunks/src_02l7t6d._.js:1:5218)","timestamp":"2026-09-15T09:50:50.294Z"}

data: {"data":"    at b (.build/next/server/chunks/_1-iqx09._.js:1:14800)","timestamp":"2026-09-15T09:50:50.294Z"}

data: {"data":"    at c (.build/next/server/chunks/[root-of-the-server]__1k_ba33._.js:1:11339)","timestamp":"2026-09-15T09:50:50.294Z"}

data: {"data":"    at async eR (.build/next/server/chunks/_15d2x83._.js:1:17203)","timestamp":"2026-09-15T09:50:50.294Z"}

data: {"data":"    at async e_ (.build/next/server/chunks/_15d2x83._.js:1:31954)","timestamp":"2026-09-15T09:50:50.294Z"}

data: {"data":"    at async eq (.build/next/server/chunks/_0gq2i23._.js:1:38291)","timestamp":"2026-09-15T09:50:50.294Z"}

data: {"data":"    at async eQ (.build/next/server/chunks/_0gq2i23._.js:1:33687)","timestamp":"2026-09-15T09:50:50.294Z"}

data: {"data":"    at async (.build/next/server/chunks/_0gq2i23._.js:1:52499) {","timestamp":"2026-09-15T09:50:50.294Z"}

data: {"data":"  code: 'SQLITE_CORRUPT'","timestamp":"2026-09-15T09:50:50.294Z"}

data: {"data":"}","timestamp":"2026-09-15T09:50:50.294Z"}

data: {"data":"{\"level\":30,\"time\":\"2026-09-15T09:50:50.278Z\",\"service\":\"omniroute\",\"module\":\"sse\",\"tag\":\"HTTP\",\"method\":\"POST\",\"path\":\"/v1/chat/completions | nvidia/moonshotai/kimi-k3 | 2 msgs\",\"msg\":\"📥 POST /v1/chat/completions | nvidia/moonshotai/kimi-k3 | 2 msgs\"}","timestamp":"2026-09-15T09:50:50.294Z"}

data: {"data":"{\"level\":30,\"time\":\"2026-09-15T09:50:50.290Z\",\"service\":\"omniroute\",\"module\":\"sse\",\"tag\":\"ROUTING\",\"msg\":\"Provider: nvidia, Model: moonshotai/kimi-k3\"}","timestamp":"2026-09-15T09:50:50.294Z"}

data: {"data":"⨯ SqliteError: database disk image is malformed","timestamp":"2026-09-15T09:51:01.966Z"}

data: {"data":"    at Object.all (.build/next/server/chunks/src_02l7t6d._.js:1:5218)","timestamp":"2026-09-15T09:51:01.966Z"}

data: {"data":"    at b (.build/next/server/chunks/_1-iqx09._.js:1:14800)","timestamp":"2026-09-15T09:51:01.966Z"}

data: {"data":"    at c (.build/next/server/chunks/[root-of-the-server]__1k_ba33._.js:1:11339)","timestamp":"2026-09-15T09:51:01.966Z"}

data: {"data":"    at async eR (.build/next/server/chunks/_15d2x83._.js:1:17203)","timestamp":"2026-09-15T09:51:01.966Z"}

data: {"data":"    at async e_ (.build/next/server/chunks/_15d2x83._.js:1:31954)","timestamp":"2026-09-15T09:51:01.966Z"}

data: {"data":"    at async eq (.build/next/server/chunks/_0gq2i23._.js:1:38291)","timestamp":"2026-09-15T09:51:01.966Z"}

data: {"data":"    at async eQ (.build/next/server/chunks/_0gq2i23._.js:1:33687)","timestamp":"2026-09-15T09:51:01.966Z"}

data: {"data":"    at async (.build/next/server/chunks/_0gq2i23._.js:1:52499) {","timestamp":"2026-09-15T09:51:01.966Z"}

data: {"data":"  code: 'SQLITE_CORRUPT'","timestamp":"2026-09-15T09:51:01.966Z"}

data: {"data":"}","timestamp":"2026-09-15T09:51:01.966Z"}

data: {"data":"{\"level\":30,\"time\":\"2026-09-15T09:51:01.949Z\",\"service\":\"omniroute\",\"module\":\"sse\",\"tag\":\"HTTP\",\"method\":\"POST\",\"path\":\"/v1/chat/completions | nvidia/moonshotai/kimi-k3 | 2 msgs\",\"msg\":\"📥 POST /v1/chat/completions | nvidia/moonshotai/kimi-k3 | 2 msgs\"}","timestamp":"2026-09-15T09:51:01.966Z"}

data: {"data":"{\"level\":30,\"time\":\"2026-09-15T09:51:01.962Z\",\"service\":\"omniroute\",\"module\":\"sse\",\"tag\":\"ROUTING\",\"msg\":\"Provider: nvidia, Model: moonshotai/kimi-k3\"}","timestamp":"2026-09-15T09:51:01.966Z"}

data: {"data":"⨯ SqliteError: database disk image is malformed","timestamp":"2026-09-15T09:51:04.418Z"}

data: {"data":"    at Object.all (.build/next/server/chunks/src_02l7t6d._.js:1:5218)","timestamp":"2026-09-15T09:51:04.418Z"}

data: {"data":"    at b (.build/next/server/chunks/_1-iqx09._.js:1:14800)","timestamp":"2026-09-15T09:51:04.418Z"}

data: {"data":"    at c (.build/next/server/chunks/[root-of-the-server]__1k_ba33._.js:1:11339)","timestamp":"2026-09-15T09:51:04.418Z"}

data: {"data":"    at async eR (.build/next/server/chunks/_15d2x83._.js:1:17203)","timestamp":"2026-09-15T09:51:04.418Z"}

data: {"data":"    at async e_ (.build/next/server/chunks/_15d2x83._.js:1:31954)","timestamp":"2026-09-15T09:51:04.418Z"}

data: {"data":"    at async eq (.build/next/server/chunks/_0gq2i23._.js:1:38291)","timestamp":"2026-09-15T09:51:04.418Z"}

data: {"data":"    at async eQ (.build/next/server/chunks/_0gq2i23._.js:1:33687)","timestamp":"2026-09-15T09:51:04.418Z"}

data: {"data":"    at async (.build/next/server/chunks/_0gq2i23._.js:1:52499) {","timestamp":"2026-09-15T09:51:04.418Z"}

data: {"data":"  code: 'SQLITE_CORRUPT'","timestamp":"2026-09-15T09:51:04.418Z"}

data: {"data":"}","timestamp":"2026-09-15T09:51:04.418Z"}

data: {"data":"{\"level\":30,\"time\":\"2026-09-15T09:51:04.404Z\",\"service\":\"omniroute\",\"module\":\"sse\",\"tag\":\"HTTP\",\"method\":\"POST\",\"path\":\"/v1/chat/completions | nvidia/moonshotai/kimi-k3 | 2 msgs\",\"msg\":\"📥 POST /v1/chat/completions | nvidia/moonshotai/kimi-k3 | 2 msgs\"}","timestamp":"2026-09-15T09:51:04.418Z"}

data: {"data":"{\"level\":30,\"time\":\"2026-09-15T09:51:04.415Z\",\"service\":\"omniroute\",\"module\":\"sse\",\"tag\":\"ROUTING\",\"msg\":\"Provider: nvidia, Model: moonshotai/kimi-k3\"}","timestamp":"2026-09-15T09:51:04.418Z"}

data: {"data":"⨯ SqliteError: database disk image is malformed","timestamp":"2026-09-15T09:51:06.805Z"}

data: {"data":"    at Object.all (.build/next/server/chunks/src_02l7t6d._.js:1:5218)","timestamp":"2026-09-15T09:51:06.805Z"}

data: {"data":"    at b (.build/next/server/chunks/_1-iqx09._.js:1:14800)","timestamp":"2026-09-15T09:51:06.805Z"}

data: {"data":"    at c (.build/next/server/chunks/[root-of-the-server]__1k_ba33._.js:1:11339)","timestamp":"2026-09-15T09:51:06.805Z"}

data: {"data":"    at async eR (.build/next/server/chunks/_15d2x83._.js:1:17203)","timestamp":"2026-09-15T09:51:06.806Z"}

data: {"data":"    at async e_ (.build/next/server/chunks/_15d2x83._.js:1:31954)","timestamp":"2026-09-15T09:51:06.806Z"}

data: {"data":"    at async eq (.build/next/server/chunks/_0gq2i23._.js:1:38291)","timestamp":"2026-09-15T09:51:06.806Z"}

data: {"data":"    at async eQ (.build/next/server/chunks/_0gq2i23._.js:1:33687)","timestamp":"2026-09-15T09:51:06.806Z"}

data: {"data":"    at async (.build/next/server/chunks/_0gq2i23._.js:1:52499) {","timestamp":"2026-09-15T09:51:06.806Z"}

data: {"data":"  code: 'SQLITE_CORRUPT'","timestamp":"2026-09-15T09:51:06.806Z"}

data: {"data":"}","timestamp":"2026-09-15T09:51:06.806Z"}

data: {"data":"{\"level\":30,\"time\":\"2026-09-15T09:51:06.790Z\",\"service\":\"omniroute\",\"module\":\"sse\",\"tag\":\"HTTP\",\"method\":\"POST\",\"path\":\"/v1/chat/completions | nvidia/moonshotai/kimi-k3 | 2 msgs\",\"msg\":\"📥 POST /v1/chat/completions | nvidia/moonshotai/kimi-k3 | 2 msgs\"}","timestamp":"2026-09-15T09:51:06.806Z"}

data: {"data":"{\"level\":30,\"time\":\"2026-09-15T09:51:06.802Z\",\"service\":\"omniroute\",\"module\":\"sse\",\"tag\":\"ROUTING\",\"msg\":\"Provider: nvidia, Model: moonshotai/kimi-k3\"}","timestamp":"2026-09-15T09:51:06.806Z"}

data: {"data":"[heapwatch] heapUsed=343MB heap_size_limit=4192MB pressure=0.082 rss=689MB shed_threshold=0.75","timestamp":"2026-09-15T09:51:08.847Z"}

data: {"data":"⨯ SqliteError: database disk image is malformed","timestamp":"2026-09-15T09:51:09.184Z"}

data: {"data":"    at Object.all (.build/next/server/chunks/src_02l7t6d._.js:1:5218)","timestamp":"2026-09-15T09:51:09.185Z"}

data: {"data":"    at b (.build/next/server/chunks/_1-iqx09._.js:1:14800)","timestamp":"2026-09-15T09:51:09.185Z"}

data: {"data":"    at c (.build/next/server/chunks/[root-of-the-server]__1k_ba33._.js:1:11339)","timestamp":"2026-09-15T09:51:09.185Z"}

data: {"data":"    at async eR (.build/next/server/chunks/_15d2x83._.js:1:17203)","timestamp":"2026-09-15T09:51:09.185Z"}

data: {"data":"    at async e_ (.build/next/server/chunks/_15d2x83._.js:1:31954)","timestamp":"2026-09-15T09:51:09.185Z"}

data: {"data":"    at async eq (.build/next/server/chunks/_0gq2i23._.js:1:38291)","timestamp":"2026-09-15T09:51:09.185Z"}

data: {"data":"    at async eQ (.build/next/server/chunks/_0gq2i23._.js:1:33687)","timestamp":"2026-09-15T09:51:09.185Z"}

data: {"data":"    at async (.build/next/server/chunks/_0gq2i23._.js:1:52499) {","timestamp":"2026-09-15T09:51:09.185Z"}

data: {"data":"  code: 'SQLITE_CORRUPT'","timestamp":"2026-09-15T09:51:09.185Z"}

data: {"data":"}","timestamp":"2026-09-15T09:51:09.185Z"}

data: {"data":"{\"level\":30,\"time\":\"2026-09-15T09:51:09.170Z\",\"service\":\"omniroute\",\"module\":\"sse\",\"tag\":\"HTTP\",\"method\":\"POST\",\"path\":\"/v1/chat/completions | nvidia/moonshotai/kimi-k3 | 2 msgs\",\"msg\":\"📥 POST /v1/chat/completions | nvidia/moonshotai/kimi-k3 | 2 msgs\"}","timestamp":"2026-09-15T09:51:09.185Z"}

data: {"data":"{\"level\":30,\"time\":\"2026-09-15T09:51:09.181Z\",\"service\":\"omniroute\",\"module\":\"sse\",\"tag\":\"ROUTING\",\"msg\":\"Provider: nvidia, Model: moonshotai/kimi-k3\"}","timestamp":"2026-09-15T09:51:09.185Z"}

data: {"data":"[heapwatch] heapUsed=8MB heap_size_limit=4192MB pressure=0.002 rss=689MB shed_threshold=0.75","timestamp":"2026-09-15T09:51:09.814Z"}

data: {"data":"⨯ SqliteError: database disk image is malformed","timestamp":"2026-09-15T09:51:11.638Z"}

data: {"data":"    at Object.all (.build/next/server/chunks/src_02l7t6d._.js:1:5218)","timestamp":"2026-09-15T09:51:11.638Z"}

data: {"data":"    at b (.build/next/server/chunks/_1-iqx09._.js:1:14800)","timestamp":"2026-09-15T09:51:11.638Z"}

data: {"data":"    at c (.build/next/server/chunks/[root-of-the-server]__1k_ba33._.js:1:11339)","timestamp":"2026-09-15T09:51:11.638Z"}

data: {"data":"    at async eR (.build/next/server/chunks/_15d2x83._.js:1:17203)","timestamp":"2026-09-15T09:51:11.638Z"}

data: {"data":"    at async e_ (.build/next/server/chunks/_15d2x83._.js:1:31954)","timestamp":"2026-09-15T09:51:11.638Z"}

data: {"data":"    at async eq (.build/next/server/chunks/_0gq2i23._.js:1:38291)","timestamp":"2026-09-15T09:51:11.638Z"}

data: {"data":"    at async eQ (.build/next/server/chunks/_0gq2i23._.js:1:33687)","timestamp":"2026-09-15T09:51:11.638Z"}

data: {"data":"    at async (.build/next/server/chunks/_0gq2i23._.js:1:52499) {","timestamp":"2026-09-15T09:51:11.638Z"}

data: {"data":"  code: 'SQLITE_CORRUPT'","timestamp":"2026-09-15T09:51:11.638Z"}

data: {"data":"}","timestamp":"2026-09-15T09:51:11.638Z"}

data: {"data":"{\"level\":30,\"time\":\"2026-09-15T09:51:11.621Z\",\"service\":\"omniroute\",\"module\":\"sse\",\"tag\":\"HTTP\",\"method\":\"POST\",\"path\":\"/v1/chat/completions | nvidia/moonshotai/kimi-k3 | 2 msgs\",\"msg\":\"📥 POST /v1/chat/completions | nvidia/moonshotai/kimi-k3 | 2 msgs\"}","timestamp":"2026-09-15T09:51:11.639Z"}

data: {"data":"{\"level\":30,\"time\":\"2026-09-15T09:51:11.636Z\",\"service\":\"omniroute\",\"module\":\"sse\",\"tag\":\"ROUTING\",\"msg\":\"Provider: nvidia, Model: moonshotai/kimi-k3\"}","timestamp":"2026-09-15T09:51:11.639Z"}

data: {"data":"⨯ SqliteError: database disk image is malformed","timestamp":"2026-09-15T09:51:14.014Z"}

data: {"data":"    at Object.all (.build/next/server/chunks/src_02l7t6d._.js:1:5218)","timestamp":"2026-09-15T09:51:14.014Z"}

data: {"data":"    at b (.build/next/server/chunks/_1-iqx09._.js:1:14800)","timestamp":"2026-09-15T09:51:14.014Z"}

data: {"data":"    at c (.build/next/server/chunks/[root-of-the-server]__1k_ba33._.js:1:11339)","timestamp":"2026-09-15T09:51:14.014Z"}

data: {"data":"    at async eR (.build/next/server/chunks/_15d2x83._.js:1:17203)","timestamp":"2026-09-15T09:51:14.014Z"}

data: {"data":"    at async e_ (.build/next/server/chunks/_15d2x83._.js:1:31954)","timestamp":"2026-09-15T09:51:14.014Z"}

data: {"data":"    at async eq (.build/next/server/chunks/_0gq2i23._.js:1:38291)","timestamp":"2026-09-15T09:51:14.014Z"}

data: {"data":"    at async eQ (.build/next/server/chunks/_0gq2i23._.js:1:33687)","timestamp":"2026-09-15T09:51:14.014Z"}

data: {"data":"    at async (.build/next/server/chunks/_0gq2i23._.js:1:52499) {","timestamp":"2026-09-15T09:51:14.014Z"}

data: {"data":"  code: 'SQLITE_CORRUPT'","timestamp":"2026-09-15T09:51:14.014Z"}

data: {"data":"}","timestamp":"2026-09-15T09:51:14.014Z"}

data: {"data":"{\"level\":30,\"time\":\"2026-09-15T09:51:13.997Z\",\"service\":\"omniroute\",\"module\":\"sse\",\"tag\":\"HTTP\",\"method\":\"POST\",\"path\":\"/v1/chat/completions | nvidia/moonshotai/kimi-k3 | 2 msgs\",\"msg\":\"📥 POST /v1/chat/completions | nvidia/moonshotai/kimi-k3 | 2 msgs\"}","timestamp":"2026-09-15T09:51:14.014Z"}

data: {"data":"{\"level\":30,\"time\":\"2026-09-15T09:51:14.010Z\",\"service\":\"omniroute\",\"module\":\"sse\",\"tag\":\"ROUTING\",\"msg\":\"Provider: nvidia, Model: moonshotai/kimi-k3\"}","timestamp":"2026-09-15T09:51:14.015Z"}

data: {"data":"[heapwatch] heapUsed=8MB heap_size_limit=4192MB pressure=0.002 rss=692MB shed_threshold=0.75","timestamp":"2026-09-15T09:51:14.107Z"}

data: {"data":"[heapwatch] heapUsed=8MB heap_size_limit=4192MB pressure=0.002 rss=692MB shed_threshold=0.75","timestamp":"2026-09-15T09:51:14.420Z"}

data: {"data":"⨯ SqliteError: database disk image is malformed","timestamp":"2026-09-15T09:51:16.449Z"}

data: {"data":"    at Object.all (.build/next/server/chunks/src_02l7t6d._.js:1:5218)","timestamp":"2026-09-15T09:51:16.449Z"}

data: {"data":"    at b (.build/next/server/chunks/_1-iqx09._.js:1:14800)","timestamp":"2026-09-15T09:51:16.449Z"}

data: {"data":"    at c (.build/next/server/chunks/[root-of-the-server]__1k_ba33._.js:1:11339)","timestamp":"2026-09-15T09:51:16.449Z"}

data: {"data":"    at async eR (.build/next/server/chunks/_15d2x83._.js:1:17203)","timestamp":"2026-09-15T09:51:16.449Z"}

data: {"data":"    at async e_ (.build/next/server/chunks/_15d2x83._.js:1:31954)","timestamp":"2026-09-15T09:51:16.449Z"}

data: {"data":"    at async eq (.build/next/server/chunks/_0gq2i23._.js:1:38291)","timestamp":"2026-09-15T09:51:16.449Z"}

data: {"data":"    at async eQ (.build/next/server/chunks/_0gq2i23._.js:1:33687)","timestamp":"2026-09-15T09:51:16.449Z"}

data: {"data":"    at async (.build/next/server/chunks/_0gq2i23._.js:1:52499) {","timestamp":"2026-09-15T09:51:16.449Z"}

data: {"data":"  code: 'SQLITE_CORRUPT'","timestamp":"2026-09-15T09:51:16.449Z"}

data: {"data":"}","timestamp":"2026-09-15T09:51:16.449Z"}

data: {"data":"{\"level\":30,\"time\":\"2026-09-15T09:51:16.436Z\",\"service\":\"omniroute\",\"module\":\"sse\",\"tag\":\"HTTP\",\"method\":\"POST\",\"path\":\"/v1/chat/completions | nvidia/moonshotai/kimi-k3 | 2 msgs\",\"msg\":\"📥 POST /v1/chat/completions | nvidia/moonshotai/kimi-k3 | 2 msgs\"}","timestamp":"2026-09-15T09:51:16.450Z"}

data: {"data":"{\"level\":30,\"time\":\"2026-09-15T09:51:16.446Z\",\"service\":\"omniroute\",\"module\":\"sse\",\"tag\":\"ROUTING\",\"msg\":\"Provider: nvidia, Model: moonshotai/kimi-k3\"}","timestamp":"2026-09-15T09:51:16.450Z"}

data: {"data":"⨯ SqliteError: database disk image is malformed","timestamp":"2026-09-15T09:51:18.817Z"}

data: {"data":"    at Object.all (.build/next/server/chunks/src_02l7t6d._.js:1:5218)","timestamp":"2026-09-15T09:51:18.817Z"}

data: {"data":"    at b (.build/next/server/chunks/_1-iqx09._.js:1:14800)","timestamp":"2026-09-15T09:51:18.817Z"}

data: {"data":"    at c (.build/next/server/chunks/[root-of-the-server]__1k_ba33._.js:1:11339)","timestamp":"2026-09-15T09:51:18.817Z"}

data: {"data":"    at async eR (.build/next/server/chunks/_15d2x83._.js:1:17203)","timestamp":"2026-09-15T09:51:18.817Z"}

data: {"data":"    at async e_ (.build/next/server/chunks/_15d2x83._.js:1:31954)","timestamp":"2026-09-15T09:51:18.817Z"}

data: {"data":"    at async eq (.build/next/server/chunks/_0gq2i23._.js:1:38291)","timestamp":"2026-09-15T09:51:18.817Z"}

data: {"data":"    at async eQ (.build/next/server/chunks/_0gq2i23._.js:1:33687)","timestamp":"2026-09-15T09:51:18.817Z"}

data: {"data":"    at async (.build/next/server/chunks/_0gq2i23._.js:1:52499) {","timestamp":"2026-09-15T09:51:18.817Z"}

data: {"data":"  code: 'SQLITE_CORRUPT'","timestamp":"2026-09-15T09:51:18.817Z"}

data: {"data":"}","timestamp":"2026-09-15T09:51:18.817Z"}

data: {"data":"{\"level\":30,\"time\":\"2026-09-15T09:51:18.803Z\",\"service\":\"omniroute\",\"module\":\"sse\",\"tag\":\"HTTP\",\"method\":\"POST\",\"path\":\"/v1/chat/completions | nvidia/moonshotai/kimi-k3 | 2 msgs\",\"msg\":\"📥 POST /v1/chat/completions | nvidia/moonshotai/kimi-k3 | 2 msgs\"}","timestamp":"2026-09-15T09:51:18.817Z"}

data: {"data":"{\"level\":30,\"time\":\"2026-09-15T09:51:18.814Z\",\"service\":\"omniroute\",\"module\":\"sse\",\"tag\":\"ROUTING\",\"msg\":\"Provider: nvidia, Model: moonshotai/kimi-k3\"}","timestamp":"2026-09-15T09:51:18.818Z"}

data: {"data":"⨯ SqliteError: database disk image is malformed","timestamp":"2026-09-15T09:51:21.231Z"}

data: {"data":"    at Object.all (.build/next/server/chunks/src_02l7t6d._.js:1:5218)","timestamp":"2026-09-15T09:51:21.231Z"}

data: {"data":"    at b (.build/next/server/chunks/_1-iqx09._.js:1:14800)","timestamp":"2026-09-15T09:51:21.231Z"}

data: {"data":"    at c (.build/next/server/chunks/[root-of-the-server]__1k_ba33._.js:1:11339)","timestamp":"2026-09-15T09:51:21.231Z"}

data: {"data":"    at async eR (.build/next/server/chunks/_15d2x83._.js:1:17203)","timestamp":"2026-09-15T09:51:21.231Z"}

data: {"data":"    at async e_ (.build/next/server/chunks/_15d2x83._.js:1:31954)","timestamp":"2026-09-15T09:51:21.231Z"}

data: {"data":"    at async eq (.build/next/server/chunks/_0gq2i23._.js:1:38291)","timestamp":"2026-09-15T09:51:21.231Z"}

data: {"data":"    at async eQ (.build/next/server/chunks/_0gq2i23._.js:1:33687)","timestamp":"2026-09-15T09:51:21.231Z"}

data: {"data":"    at async (.build/next/server/chunks/_0gq2i23._.js:1:52499) {","timestamp":"2026-09-15T09:51:21.231Z"}

data: {"data":"  code: 'SQLITE_CORRUPT'","timestamp":"2026-09-15T09:51:21.231Z"}

data: {"data":"}","timestamp":"2026-09-15T09:51:21.231Z"}

data: {"data":"{\"level\":30,\"time\":\"2026-09-15T09:51:21.218Z\",\"service\":\"omniroute\",\"module\":\"sse\",\"tag\":\"HTTP\",\"method\":\"POST\",\"path\":\"/v1/chat/completions | nvidia/moonshotai/kimi-k3 | 2 msgs\",\"msg\":\"📥 POST /v1/chat/completions | nvidia/moonshotai/kimi-k3 | 2 msgs\"}","timestamp":"2026-09-15T09:51:21.232Z"}

data: {"data":"{\"level\":30,\"time\":\"2026-09-15T09:51:21.228Z\",\"service\":\"omniroute\",\"module\":\"sse\",\"tag\":\"ROUTING\",\"msg\":\"Provider: nvidia, Model: moonshotai/kimi-k3\"}","timestamp":"2026-09-15T09:51:21.232Z"}

data: {"data":"Error fetching providers: SqliteError: database disk image is malformed","timestamp":"2026-09-15T09:51:21.582Z"}

data: {"data":"    at Object.all (.build/next/server/chunks/src_02l7t6d._.js:1:5218)","timestamp":"2026-09-15T09:51:21.582Z"}

data: {"data":"    at b (.build/next/server/chunks/_1-iqx09._.js:1:14800)","timestamp":"2026-09-15T09:51:21.582Z"}

data: {"data":"    at x (.build/next/server/chunks/_1-iqx09._.js:1:14060)","timestamp":"2026-09-15T09:51:21.582Z"}

data: {"data":"    at S (.build/next/server/chunks/_0--ghm3._.js:1:819)","timestamp":"2026-09-15T09:51:21.582Z"}

data: {"data":"    at async J (.build/next/server/chunks/_0--ghm3._.js:1:10895)","timestamp":"2026-09-15T09:51:21.582Z"}

data: {"data":"    at async Q (.build/next/server/chunks/_0--ghm3._.js:1:11973)","timestamp":"2026-09-15T09:51:21.582Z"}

data: {"data":"    at async Module.A [as handler] (.build/next/server/chunks/_0--ghm3._.js:1:14030) {","timestamp":"2026-09-15T09:51:21.582Z"}

data: {"data":"  code: 'SQLITE_CORRUPT'","timestamp":"2026-09-15T09:51:21.582Z"}

data: {"data":"}","timestamp":"2026-09-15T09:51:21.582Z"}

data: {"data":"[catalog] Could not materialize built-in auto model auto/best-coding: SqliteError: database disk image is malformed","timestamp":"2026-09-15T09:51:22.125Z"}

data: {"data":"    at Object.all (.build/next/server/chunks/src_02l7t6d._.js:1:5218)","timestamp":"2026-09-15T09:51:22.125Z"}

data: {"data":"    at b (.build/next/server/chunks/_1-iqx09._.js:1:14800)","timestamp":"2026-09-15T09:51:22.125Z"}

data: {"data":"    at c (.build/next/server/chunks/[root-of-the-server]__1k_ba33._.js:1:11339)","timestamp":"2026-09-15T09:51:22.125Z"}

data: {"data":"    at async x (.build/next/server/chunks/_1-iqx09._.js:1:14007)","timestamp":"2026-09-15T09:51:22.125Z"}

data: {"data":"    at async o (.build/next/server/chunks/[root-of-the-server]__1k_ba33._.js:1:11146)","timestamp":"2026-09-15T09:51:22.125Z"}

data: {"data":"    at async R (.build/next/server/chunks/open-sse_services_autoCombo_09kyb4x._.js:1:5269)","timestamp":"2026-09-15T09:51:22.125Z"}

data: {"data":"    at async ef (.build/next/server/chunks/_1vsj0p2._.js:1:13529)","timestamp":"2026-09-15T09:51:22.125Z"}

data: {"data":"    at async ec (.build/next/server/chunks/_1vsj0p2._.js:1:5672) {","timestamp":"2026-09-15T09:51:22.125Z"}

data: {"data":"  code: 'SQLITE_CORRUPT'","timestamp":"2026-09-15T09:51:22.125Z"}

data: {"data":"}","timestamp":"2026-09-15T09:51:22.125Z"}

data: {"data":"[catalog] Could not materialize built-in auto model auto/best-reasoning: SqliteError: database disk image is malformed","timestamp":"2026-09-15T09:51:22.126Z"}

data: {"data":"    at Object.all (.build/next/server/chunks/src_02l7t6d._.js:1:5218)","timestamp":"2026-09-15T09:51:22.126Z"}

data: {"data":"    at b (.build/next/server/chunks/_1-iqx09._.js:1:14800)","timestamp":"2026-09-15T09:51:22.126Z"}

data: {"data":"    at c (.build/next/server/chunks/[root-of-the-server]__1k_ba33._.js:1:11339)","timestamp":"2026-09-15T09:51:22.126Z"}

data: {"data":"    at async x (.build/next/server/chunks/_1-iqx09._.js:1:14007)","timestamp":"2026-09-15T09:51:22.126Z"}

data: {"data":"    at async o (.build/next/server/chunks/[root-of-the-server]__1k_ba33._.js:1:11146)","timestamp":"2026-09-15T09:51:22.126Z"}

data: {"data":"    at async R (.build/next/server/chunks/open-sse_services_autoCombo_09kyb4x._.js:1:5269)","timestamp":"2026-09-15T09:51:22.126Z"}

data: {"data":"    at async ef (.build/next/server/chunks/_1vsj0p2._.js:1:13529)","timestamp":"2026-09-15T09:51:22.126Z"}

data: {"data":"    at async ec (.build/next/server/chunks/_1vsj0p2._.js:1:5672) {","timestamp":"2026-09-15T09:51:22.126Z"}

data: {"data":"  code: 'SQLITE_CORRUPT'","timestamp":"2026-09-15T09:51:22.126Z"}

data: {"data":"}","timestamp":"2026-09-15T09:51:22.126Z"}

data: {"data":"[catalog] Could not materialize built-in auto model auto/best-fast: SqliteError: database disk image is malformed","timestamp":"2026-09-15T09:51:22.127Z"}

data: {"data":"    at Object.all (.build/next/server/chunks/src_02l7t6d._.js:1:5218)","timestamp":"2026-09-15T09:51:22.127Z"}

data: {"data":"    at b (.build/next/server/chunks/_1-iqx09._.js:1:14800)","timestamp":"2026-09-15T09:51:22.127Z"}

data: {"data":"    at c (.build/next/server/chunks/[root-of-the-server]__1k_ba33._.js:1:11339)","timestamp":"2026-09-15T09:51:22.127Z"}

data: {"data":"    at async x (.build/next/server/chunks/_1-iqx09._.js:1:14007)","timestamp":"2026-09-15T09:51:22.127Z"}

data: {"data":"    at async o (.build/next/server/chunks/[root-of-the-server]__1k_ba33._.js:1:11146)","timestamp":"2026-09-15T09:51:22.127Z"}

data: {"data":"    at async R (.build/next/server/chunks/open-sse_services_autoCombo_09kyb4x._.js:1:5269)","timestamp":"2026-09-15T09:51:22.127Z"}

data: {"data":"    at async ef (.build/next/server/chunks/_1vsj0p2._.js:1:13529)","timestamp":"2026-09-15T09:51:22.127Z"}

data: {"data":"    at async ec (.build/next/server/chunks/_1vsj0p2._.js:1:5672) {","timestamp":"2026-09-15T09:51:22.127Z"}

data: {"data":"  code: 'SQLITE_CORRUPT'","timestamp":"2026-09-15T09:51:22.127Z"}

data: {"data":"}","timestamp":"2026-09-15T09:51:22.127Z"}

data: {"data":"[catalog] Could not materialize built-in auto model auto/best-vision: SqliteError: database disk image is malformed","timestamp":"2026-09-15T09:51:22.128Z"}

data: {"data":"    at Object.all (.build/next/server/chunks/src_02l7t6d._.js:1:5218)","timestamp":"2026-09-15T09:51:22.128Z"}

data: {"data":"    at b (.build/next/server/chunks/_1-iqx09._.js:1:14800)","timestamp":"2026-09-15T09:51:22.128Z"}

data: {"data":"    at c (.build/next/server/chunks/[root-of-the-server]__1k_ba33._.js:1:11339)","timestamp":"2026-09-15T09:51:22.128Z"}

data: {"data":"    at async x (.build/next/server/chunks/_1-iqx09._.js:1:14007)","timestamp":"2026-09-15T09:51:22.128Z"}

data: {"data":"    at async o (.build/next/server/chunks/[root-of-the-server]__1k_ba33._.js:1:11146)","timestamp":"2026-09-15T09:51:22.128Z"}

data: {"data":"    at async R (.build/next/server/chunks/open-sse_services_autoCombo_09kyb4x._.js:1:5269)","timestamp":"2026-09-15T09:51:22.128Z"}

data: {"data":"    at async ef (.build/next/server/chunks/_1vsj0p2._.js:1:13529)","timestamp":"2026-09-15T09:51:22.128Z"}

data: {"data":"    at async ec (.build/next/server/chunks/_1vsj0p2._.js:1:5672) {","timestamp":"2026-09-15T09:51:22.128Z"}

data: {"data":"  code: 'SQLITE_CORRUPT'","timestamp":"2026-09-15T09:51:22.128Z"}

data: {"data":"}","timestamp":"2026-09-15T09:51:22.128Z"}

data: {"data":"[catalog] Could not materialize built-in auto model auto/best-chat: SqliteError: database disk image is malformed","timestamp":"2026-09-15T09:51:22.129Z"}

data: {"data":"    at Object.all (.build/next/server/chunks/src_02l7t6d._.js:1:5218)","timestamp":"2026-09-15T09:51:22.129Z"}

data: {"data":"    at b (.build/next/server/chunks/_1-iqx09._.js:1:14800)","timestamp":"2026-09-15T09:51:22.129Z"}

data: {"data":"    at c (.build/next/server/chunks/[root-of-the-server]__1k_ba33._.js:1:11339)","timestamp":"2026-09-15T09:51:22.129Z"}

data: {"data":"    at async x (.build/next/server/chunks/_1-iqx09._.js:1:14007)","timestamp":"2026-09-15T09:51:22.129Z"}

data: {"data":"    at async o (.build/next/server/chunks/[root-of-the-server]__1k_ba33._.js:1:11146)","timestamp":"2026-09-15T09:51:22.129Z"}

data: {"data":"    at async R (.build/next/server/chunks/open-sse_services_autoCombo_09kyb4x._.js:1:5269)","timestamp":"2026-09-15T09:51:22.129Z"}

data: {"data":"    at async ef (.build/next/server/chunks/_1vsj0p2._.js:1:13529)","timestamp":"2026-09-15T09:51:22.129Z"}

data: {"data":"    at async ec (.build/next/server/chunks/_1vsj0p2._.js:1:5672) {","timestamp":"2026-09-15T09:51:22.129Z"}

data: {"data":"  code: 'SQLITE_CORRUPT'","timestamp":"2026-09-15T09:51:22.129Z"}

data: {"data":"}","timestamp":"2026-09-15T09:51:22.129Z"}

data: {"data":"[catalog] Could not materialize built-in auto model auto/best-coding-fast: SqliteError: database disk image is malformed","timestamp":"2026-09-15T09:51:22.130Z"}

data: {"data":"    at Object.all (.build/next/server/chunks/src_02l7t6d._.js:1:5218)","timestamp":"2026-09-15T09:51:22.130Z"}

data: {"data":"    at b (.build/next/server/chunks/_1-iqx09._.js:1:14800)","timestamp":"2026-09-15T09:51:22.130Z"}

data: {"data":"    at c (.build/next/server/chunks/[root-of-the-server]__1k_ba33._.js:1:11339)","timestamp":"2026-09-15T09:51:22.130Z"}

data: {"data":"    at async x (.build/next/server/chunks/_1-iqx09._.js:1:14007)","timestamp":"2026-09-15T09:51:22.130Z"}

data: {"data":"    at async o (.build/next/server/chunks/[root-of-the-server]__1k_ba33._.js:1:11146)","timestamp":"2026-09-15T09:51:22.130Z"}

data: {"data":"    at async R (.build/next/server/chunks/open-sse_services_autoCombo_09kyb4x._.js:1:5269)","timestamp":"2026-09-15T09:51:22.130Z"}

data: {"data":"    at async ef (.build/next/server/chunks/_1vsj0p2._.js:1:13529)","timestamp":"2026-09-15T09:51:22.130Z"}

data: {"data":"    at async ec (.build/next/server/chunks/_1vsj0p2._.js:1:5672) {","timestamp":"2026-09-15T09:51:22.130Z"}

data: {"data":"  code: 'SQLITE_CORRUPT'","timestamp":"2026-09-15T09:51:22.130Z"}

data: {"data":"}","timestamp":"2026-09-15T09:51:22.130Z"}

data: {"data":"[catalog] Could not materialize built-in auto model auto/pro-coding: SqliteError: database disk image is malformed","timestamp":"2026-09-15T09:51:22.130Z"}

data: {"data":"    at Object.all (.build/next/server/chunks/src_02l7t6d._.js:1:5218)","timestamp":"2026-09-15T09:51:22.130Z"}

data: {"data":"    at b (.build/next/server/chunks/_1-iqx09._.js:1:14800)","timestamp":"2026-09-15T09:51:22.130Z"}

data: {"data":"    at c (.build/next/server/chunks/[root-of-the-server]__1k_ba33._.js:1:11339)","timestamp":"2026-09-15T09:51:22.130Z"}

data: {"data":"    at async x (.build/next/server/chunks/_1-iqx09._.js:1:14007)","timestamp":"2026-09-15T09:51:22.130Z"}

data: {"data":"    at async o (.build/next/server/chunks/[root-of-the-server]__1k_ba33._.js:1:11146)","timestamp":"2026-09-15T09:51:22.130Z"}

data: {"data":"    at async R (.build/next/server/chunks/open-sse_services_autoCombo_09kyb4x._.js:1:5269)","timestamp":"2026-09-15T09:51:22.130Z"}

data: {"data":"    at async ef (.build/next/server/chunks/_1vsj0p2._.js:1:13529)","timestamp":"2026-09-15T09:51:22.130Z"}

data: {"data":"    at async ec (.build/next/server/chunks/_1vsj0p2._.js:1:5672) {","timestamp":"2026-09-15T09:51:22.130Z"}

data: {"data":"  code: 'SQLITE_CORRUPT'","timestamp":"2026-09-15T09:51:22.130Z"}

data: {"data":"}","timestamp":"2026-09-15T09:51:22.130Z"}

data: {"data":"[catalog] Could not materialize built-in auto model auto/pro-reasoning: SqliteError: database disk image is malformed","timestamp":"2026-09-15T09:51:22.131Z"}

data: {"data":"    at Object.all (.build/next/server/chunks/src_02l7t6d._.js:1:5218)","timestamp":"2026-09-15T09:51:22.131Z"}

data: {"data":"    at b (.build/next/server/chunks/_1-iqx09._.js:1:14800)","timestamp":"2026-09-15T09:51:22.131Z"}

data: {"data":"    at c (.build/next/server/chunks/[root-of-the-server]__1k_ba33._.js:1:11339)","timestamp":"2026-09-15T09:51:22.131Z"}

data: {"data":"    at async x (.build/next/server/chunks/_1-iqx09._.js:1:14007)","timestamp":"2026-09-15T09:51:22.131Z"}

data: {"data":"    at async o (.build/next/server/chunks/[root-of-the-server]__1k_ba33._.js:1:11146)","timestamp":"2026-09-15T09:51:22.131Z"}

data: {"data":"    at async R (.build/next/server/chunks/open-sse_services_autoCombo_09kyb4x._.js:1:5269)","timestamp":"2026-09-15T09:51:22.131Z"}

data: {"data":"    at async ef (.build/next/server/chunks/_1vsj0p2._.js:1:13529)","timestamp":"2026-09-15T09:51:22.131Z"}

data: {"data":"    at async ec (.build/next/server/chunks/_1vsj0p2._.js:1:5672) {","timestamp":"2026-09-15T09:51:22.131Z"}

data: {"data":"  code: 'SQLITE_CORRUPT'","timestamp":"2026-09-15T09:51:22.131Z"}

data: {"data":"}","timestamp":"2026-09-15T09:51:22.131Z"}

data: {"data":"[catalog] Could not materialize built-in auto model auto/pro-vision: SqliteError: database disk image is malformed","timestamp":"2026-09-15T09:51:22.132Z"}

data: {"data":"    at Object.all (.build/next/server/chunks/src_02l7t6d._.js:1:5218)","timestamp":"2026-09-15T09:51:22.132Z"}

data: {"data":"    at b (.build/next/server/chunks/_1-iqx09._.js:1:14800)","timestamp":"2026-09-15T09:51:22.132Z"}

data: {"data":"    at c (.build/next/server/chunks/[root-of-the-server]__1k_ba33._.js:1:11339)","timestamp":"2026-09-15T09:51:22.132Z"}

data: {"data":"    at async x (.build/next/server/chunks/_1-iqx09._.js:1:14007)","timestamp":"2026-09-15T09:51:22.132Z"}

data: {"data":"    at async o (.build/next/server/chunks/[root-of-the-server]__1k_ba33._.js:1:11146)","timestamp":"2026-09-15T09:51:22.132Z"}

data: {"data":"    at async R (.build/next/server/chunks/open-sse_services_autoCombo_09kyb4x._.js:1:5269)","timestamp":"2026-09-15T09:51:22.132Z"}

data: {"data":"    at async ef (.build/next/server/chunks/_1vsj0p2._.js:1:13529)","timestamp":"2026-09-15T09:51:22.132Z"}

data: {"data":"    at async ec (.build/next/server/chunks/_1vsj0p2._.js:1:5672) {","timestamp":"2026-09-15T09:51:22.132Z"}

data: {"data":"  code: 'SQLITE_CORRUPT'","timestamp":"2026-09-15T09:51:22.132Z"}

data: {"data":"}","timestamp":"2026-09-15T09:51:22.132Z"}

data: {"data":"[catalog] Could not materialize built-in auto model auto/pro-chat: SqliteError: database disk image is malformed","timestamp":"2026-09-15T09:51:22.133Z"}

data: {"data":"    at Object.all (.build/next/server/chunks/src_02l7t6d._.js:1:5218)","timestamp":"2026-09-15T09:51:22.133Z"}

data: {"data":"    at b (.build/next/server/chunks/_1-iqx09._.js:1:14800)","timestamp":"2026-09-15T09:51:22.133Z"}

data: {"data":"    at c (.build/next/server/chunks/[root-of-the-server]__1k_ba33._.js:1:11339)","timestamp":"2026-09-15T09:51:22.133Z"}

data: {"data":"    at async x (.build/next/server/chunks/_1-iqx09._.js:1:14007)","timestamp":"2026-09-15T09:51:22.133Z"}

data: {"data":"    at async o (.build/next/server/chunks/[root-of-the-server]__1k_ba33._.js:1:11146)","timestamp":"2026-09-15T09:51:22.133Z"}

data: {"data":"    at async R (.build/next/server/chunks/open-sse_services_autoCombo_09kyb4x._.js:1:5269)","timestamp":"2026-09-15T09:51:22.133Z"}

data: {"data":"    at async ef (.build/next/server/chunks/_1vsj0p2._.js:1:13529)","timestamp":"2026-09-15T09:51:22.133Z"}

data: {"data":"    at async ec (.build/next/server/chunks/_1vsj0p2._.js:1:5672) {","timestamp":"2026-09-15T09:51:22.133Z"}

data: {"data":"  code: 'SQLITE_CORRUPT'","timestamp":"2026-09-15T09:51:22.133Z"}

data: {"data":"}","timestamp":"2026-09-15T09:51:22.133Z"}

data: {"data":"[catalog] Could not materialize built-in auto model auto/pro-fast: SqliteError: database disk image is malformed","timestamp":"2026-09-15T09:51:22.134Z"}

data: {"data":"    at Object.all (.build/next/server/chunks/src_02l7t6d._.js:1:5218)","timestamp":"2026-09-15T09:51:22.134Z"}

data: {"data":"    at b (.build/next/server/chunks/_1-iqx09._.js:1:14800)","timestamp":"2026-09-15T09:51:22.134Z"}

data: {"data":"    at c (.build/next/server/chunks/[root-of-the-server]__1k_ba33._.js:1:11339)","timestamp":"2026-09-15T09:51:22.134Z"}

data: {"data":"    at async x (.build/next/server/chunks/_1-iqx09._.js:1:14007)","timestamp":"2026-09-15T09:51:22.134Z"}

data: {"data":"    at async o (.build/next/server/chunks/[root-of-the-server]__1k_ba33._.js:1:11146)","timestamp":"2026-09-15T09:51:22.134Z"}

data: {"data":"    at async R (.build/next/server/chunks/open-sse_services_autoCombo_09kyb4x._.js:1:5269)","timestamp":"2026-09-15T09:51:22.134Z"}

data: {"data":"    at async ef (.build/next/server/chunks/_1vsj0p2._.js:1:13529)","timestamp":"2026-09-15T09:51:22.134Z"}

data: {"data":"    at async ec (.build/next/server/chunks/_1vsj0p2._.js:1:5672) {","timestamp":"2026-09-15T09:51:22.134Z"}

data: {"data":"  code: 'SQLITE_CORRUPT'","timestamp":"2026-09-15T09:51:22.134Z"}

data: {"data":"}","timestamp":"2026-09-15T09:51:22.134Z"}

data: {"data":"[catalog] Could not materialize built-in auto model auto/coding: SqliteError: database disk image is malformed","timestamp":"2026-09-15T09:51:22.135Z"}

data: {"data":"    at Object.all (.build/next/server/chunks/src_02l7t6d._.js:1:5218)","timestamp":"2026-09-15T09:51:22.135Z"}

data: {"data":"    at b (.build/next/server/chunks/_1-iqx09._.js:1:14800)","timestamp":"2026-09-15T09:51:22.135Z"}

data: {"data":"    at c (.build/next/server/chunks/[root-of-the-server]__1k_ba33._.js:1:11339)","timestamp":"2026-09-15T09:51:22.135Z"}

data: {"data":"    at async x (.build/next/server/chunks/_1-iqx09._.js:1:14007)","timestamp":"2026-09-15T09:51:22.135Z"}

data: {"data":"    at async o (.build/next/server/chunks/[root-of-the-server]__1k_ba33._.js:1:11146)","timestamp":"2026-09-15T09:51:22.135Z"}

data: {"data":"    at async R (.build/next/server/chunks/open-sse_services_autoCombo_09kyb4x._.js:1:5269)","timestamp":"2026-09-15T09:51:22.135Z"}

data: {"data":"    at async ef (.build/next/server/chunks/_1vsj0p2._.js:1:13529)","timestamp":"2026-09-15T09:51:22.135Z"}

data: {"data":"    at async ec (.build/next/server/chunks/_1vsj0p2._.js:1:5672) {","timestamp":"2026-09-15T09:51:22.135Z"}

data: {"data":"  code: 'SQLITE_CORRUPT'","timestamp":"2026-09-15T09:51:22.135Z"}

data: {"data":"}","timestamp":"2026-09-15T09:51:22.135Z"}

data: {"data":"[catalog] Could not materialize built-in auto model auto/fast: SqliteError: database disk image is malformed","timestamp":"2026-09-15T09:51:22.136Z"}

data: {"data":"    at Object.all (.build/next/server/chunks/src_02l7t6d._.js:1:5218)","timestamp":"2026-09-15T09:51:22.136Z"}

data: {"data":"    at b (.build/next/server/chunks/_1-iqx09._.js:1:14800)","timestamp":"2026-09-15T09:51:22.136Z"}

data: {"data":"    at c (.build/next/server/chunks/[root-of-the-server]__1k_ba33._.js:1:11339)","timestamp":"2026-09-15T09:51:22.136Z"}

data: {"data":"    at async x (.build/next/server/chunks/_1-iqx09._.js:1:14007)","timestamp":"2026-09-15T09:51:22.136Z"}

data: {"data":"    at async o (.build/next/server/chunks/[root-of-the-server]__1k_ba33._.js:1:11146)","timestamp":"2026-09-15T09:51:22.136Z"}

data: {"data":"    at async R (.build/next/server/chunks/open-sse_services_autoCombo_09kyb4x._.js:1:5269)","timestamp":"2026-09-15T09:51:22.136Z"}

data: {"data":"    at async ef (.build/next/server/chunks/_1vsj0p2._.js:1:13529)","timestamp":"2026-09-15T09:51:22.136Z"}

data: {"data":"    at async ec (.build/next/server/chunks/_1vsj0p2._.js:1:5672) {","timestamp":"2026-09-15T09:51:22.136Z"}

data: {"data":"  code: 'SQLITE_CORRUPT'","timestamp":"2026-09-15T09:51:22.136Z"}

data: {"data":"}","timestamp":"2026-09-15T09:51:22.136Z"}

data: {"data":"[catalog] Could not materialize built-in auto model auto/chat: SqliteError: database disk image is malformed","timestamp":"2026-09-15T09:51:22.137Z"}

data: {"data":"    at Object.all (.build/next/server/chunks/src_02l7t6d._.js:1:5218)","timestamp":"2026-09-15T09:51:22.137Z"}

data: {"data":"    at b (.build/next/server/chunks/_1-iqx09._.js:1:14800)","timestamp":"2026-09-15T09:51:22.137Z"}

data: {"data":"    at c (.build/next/server/chunks/[root-of-the-server]__1k_ba33._.js:1:11339)","timestamp":"2026-09-15T09:51:22.137Z"}

data: {"data":"    at async x (.build/next/server/chunks/_1-iqx09._.js:1:14007)","timestamp":"2026-09-15T09:51:22.137Z"}

data: {"data":"    at async o (.build/next/server/chunks/[root-of-the-server]__1k_ba33._.js:1:11146)","timestamp":"2026-09-15T09:51:22.137Z"}

data: {"data":"    at async R (.build/next/server/chunks/open-sse_services_autoCombo_09kyb4x._.js:1:5269)","timestamp":"2026-09-15T09:51:22.137Z"}

data: {"data":"    at async ef (.build/next/server/chunks/_1vsj0p2._.js:1:13529)","timestamp":"2026-09-15T09:51:22.137Z"}

data: {"data":"    at async ec (.build/next/server/chunks/_1vsj0p2._.js:1:5672) {","timestamp":"2026-09-15T09:51:22.137Z"}

data: {"data":"  code: 'SQLITE_CORRUPT'","timestamp":"2026-09-15T09:51:22.137Z"}

data: {"data":"}","timestamp":"2026-09-15T09:51:22.137Z"}

data: {"data":"[catalog] Could not materialize built-in auto model auto/cheap: SqliteError: database disk image is malformed","timestamp":"2026-09-15T09:51:22.137Z"}

data: {"data":"    at Object.all (.build/next/server/chunks/src_02l7t6d._.js:1:5218)","timestamp":"2026-09-15T09:51:22.137Z"}

data: {"data":"    at b (.build/next/server/chunks/_1-iqx09._.js:1:14800)","timestamp":"2026-09-15T09:51:22.137Z"}

data: {"data":"    at c (.build/next/server/chunks/[root-of-the-server]__1k_ba33._.js:1:11339)","timestamp":"2026-09-15T09:51:22.137Z"}

data: {"data":"    at async x (.build/next/server/chunks/_1-iqx09._.js:1:14007)","timestamp":"2026-09-15T09:51:22.137Z"}

data: {"data":"    at async o (.build/next/server/chunks/[root-of-the-server]__1k_ba33._.js:1:11146)","timestamp":"2026-09-15T09:51:22.137Z"}

data: {"data":"    at async R (.build/next/server/chunks/open-sse_services_autoCombo_09kyb4x._.js:1:5269)","timestamp":"2026-09-15T09:51:22.137Z"}

data: {"data":"    at async ef (.build/next/server/chunks/_1vsj0p2._.js:1:13529)","timestamp":"2026-09-15T09:51:22.137Z"}

data: {"data":"    at async ec (.build/next/server/chunks/_1vsj0p2._.js:1:5672) {","timestamp":"2026-09-15T09:51:22.137Z"}

data: {"data":"  code: 'SQLITE_CORRUPT'","timestamp":"2026-09-15T09:51:22.137Z"}

data: {"data":"}","timestamp":"2026-09-15T09:51:22.137Z"}

data: {"data":"[catalog] Could not materialize built-in auto model auto/offline: SqliteError: database disk image is malformed","timestamp":"2026-09-15T09:51:22.138Z"}

data: {"data":"    at Object.all (.build/next/server/chunks/src_02l7t6d._.js:1:5218)","timestamp":"2026-09-15T09:51:22.138Z"}

data: {"data":"    at b (.build/next/server/chunks/_1-iqx09._.js:1:14800)","timestamp":"2026-09-15T09:51:22.138Z"}

data: {"data":"    at c (.build/next/server/chunks/[root-of-the-server]__1k_ba33._.js:1:11339)","timestamp":"2026-09-15T09:51:22.138Z"}

data: {"data":"    at async x (.build/next/server/chunks/_1-iqx09._.js:1:14007)","timestamp":"2026-09-15T09:51:22.138Z"}

data: {"data":"    at async o (.build/next/server/chunks/[root-of-the-server]__1k_ba33._.js:1:11146)","timestamp":"2026-09-15T09:51:22.138Z"}

data: {"data":"    at async R (.build/next/server/chunks/open-sse_services_autoCombo_09kyb4x._.js:1:5269)","timestamp":"2026-09-15T09:51:22.138Z"}

data: {"data":"    at async ef (.build/next/server/chunks/_1vsj0p2._.js:1:13529)","timestamp":"2026-09-15T09:51:22.138Z"}

data: {"data":"    at async ec (.build/next/server/chunks/_1vsj0p2._.js:1:5672) {","timestamp":"2026-09-15T09:51:22.138Z"}

data: {"data":"  code: 'SQLITE_CORRUPT'","timestamp":"2026-09-15T09:51:22.138Z"}

data: {"data":"}","timestamp":"2026-09-15T09:51:22.138Z"}

data: {"data":"[catalog] Could not materialize built-in auto model auto/smart: SqliteError: database disk image is malformed","timestamp":"2026-09-15T09:51:22.139Z"}

data: {"data":"    at Object.all (.build/next/server/chunks/src_02l7t6d._.js:1:5218)","timestamp":"2026-09-15T09:51:22.139Z"}

data: {"data":"    at b (.build/next/server/chunks/_1-iqx09._.js:1:14800)","timestamp":"2026-09-15T09:51:22.139Z"}

data: {"data":"    at c (.build/next/server/chunks/[root-of-the-server]__1k_ba33._.js:1:11339)","timestamp":"2026-09-15T09:51:22.139Z"}

data: {"data":"    at async x (.build/next/server/chunks/_1-iqx09._.js:1:14007)","timestamp":"2026-09-15T09:51:22.139Z"}

data: {"data":"    at async o (.build/next/server/chunks/[root-of-the-server]__1k_ba33._.js:1:11146)","timestamp":"2026-09-15T09:51:22.139Z"}

data: {"data":"    at async R (.build/next/server/chunks/open-sse_services_autoCombo_09kyb4x._.js:1:5269)","timestamp":"2026-09-15T09:51:22.139Z"}

data: {"data":"    at async ef (.build/next/server/chunks/_1vsj0p2._.js:1:13529)","timestamp":"2026-09-15T09:51:22.139Z"}

data: {"data":"    at async ec (.build/next/server/chunks/_1vsj0p2._.js:1:5672) {","timestamp":"2026-09-15T09:51:22.139Z"}

data: {"data":"  code: 'SQLITE_CORRUPT'","timestamp":"2026-09-15T09:51:22.139Z"}

data: {"data":"}","timestamp":"2026-09-15T09:51:22.139Z"}

data: {"data":"[catalog] Could not materialize built-in auto model auto/claude-opus: SqliteError: database disk image is malformed","timestamp":"2026-09-15T09:51:22.140Z"}

data: {"data":"    at Object.all (.build/next/server/chunks/src_02l7t6d._.js:1:5218)","timestamp":"2026-09-15T09:51:22.140Z"}

data: {"data":"    at b (.build/next/server/chunks/_1-iqx09._.js:1:14800)","timestamp":"2026-09-15T09:51:22.140Z"}

data: {"data":"    at c (.build/next/server/chunks/[root-of-the-server]__1k_ba33._.js:1:11339)","timestamp":"2026-09-15T09:51:22.140Z"}

data: {"data":"    at async x (.build/next/server/chunks/_1-iqx09._.js:1:14007)","timestamp":"2026-09-15T09:51:22.140Z"}

data: {"data":"    at async o (.build/next/server/chunks/[root-of-the-server]__1k_ba33._.js:1:11146)","timestamp":"2026-09-15T09:51:22.140Z"}

data: {"data":"    at async R (.build/next/server/chunks/open-sse_services_autoCombo_09kyb4x._.js:1:5269)","timestamp":"2026-09-15T09:51:22.140Z"}

data: {"data":"    at async ef (.build/next/server/chunks/_1vsj0p2._.js:1:13529)","timestamp":"2026-09-15T09:51:22.140Z"}

data: {"data":"    at async ec (.build/next/server/chunks/_1vsj0p2._.js:1:5672) {","timestamp":"2026-09-15T09:51:22.140Z"}

data: {"data":"  code: 'SQLITE_CORRUPT'","timestamp":"2026-09-15T09:51:22.140Z"}

data: {"data":"}","timestamp":"2026-09-15T09:51:22.140Z"}

data: {"data":"[catalog] Could not materialize built-in auto model auto/claude-sonnet: SqliteError: database disk image is malformed","timestamp":"2026-09-15T09:51:22.141Z"}

data: {"data":"    at Object.all (.build/next/server/chunks/src_02l7t6d._.js:1:5218)","timestamp":"2026-09-15T09:51:22.141Z"}

data: {"data":"    at b (.build/next/server/chunks/_1-iqx09._.js:1:14800)","timestamp":"2026-09-15T09:51:22.141Z"}

data: {"data":"    at c (.build/next/server/chunks/[root-of-the-server]__1k_ba33._.js:1:11339)","timestamp":"2026-09-15T09:51:22.141Z"}

data: {"data":"    at async x (.build/next/server/chunks/_1-iqx09._.js:1:14007)","timestamp":"2026-09-15T09:51:22.141Z"}

data: {"data":"    at async o (.build/next/server/chunks/[root-of-the-server]__1k_ba33._.js:1:11146)","timestamp":"2026-09-15T09:51:22.141Z"}

data: {"data":"    at async R (.build/next/server/chunks/open-sse_services_autoCombo_09kyb4x._.js:1:5269)","timestamp":"2026-09-15T09:51:22.141Z"}

data: {"data":"    at async ef (.build/next/server/chunks/_1vsj0p2._.js:1:13529)","timestamp":"2026-09-15T09:51:22.141Z"}

data: {"data":"    at async ec (.build/next/server/chunks/_1vsj0p2._.js:1:5672) {","timestamp":"2026-09-15T09:51:22.141Z"}

data: {"data":"  code: 'SQLITE_CORRUPT'","timestamp":"2026-09-15T09:51:22.141Z"}

data: {"data":"}","timestamp":"2026-09-15T09:51:22.141Z"}

data: {"data":"[catalog] Could not materialize built-in auto model auto/best-free: SqliteError: database disk image is malformed","timestamp":"2026-09-15T09:51:22.142Z"}

data: {"data":"    at Object.all (.build/next/server/chunks/src_02l7t6d._.js:1:5218)","timestamp":"2026-09-15T09:51:22.142Z"}

data: {"data":"    at b (.build/next/server/chunks/_1-iqx09._.js:1:14800)","timestamp":"2026-09-15T09:51:22.142Z"}

data: {"data":"    at c (.build/next/server/chunks/[root-of-the-server]__1k_ba33._.js:1:11339)","timestamp":"2026-09-15T09:51:22.142Z"}

data: {"data":"    at async x (.build/next/server/chunks/_1-iqx09._.js:1:14007)","timestamp":"2026-09-15T09:51:22.142Z"}

data: {"data":"    at async o (.build/next/server/chunks/[root-of-the-server]__1k_ba33._.js:1:11146)","timestamp":"2026-09-15T09:51:22.142Z"}

data: {"data":"    at async R (.build/next/server/chunks/open-sse_services_autoCombo_09kyb4x._.js:1:5269)","timestamp":"2026-09-15T09:51:22.142Z"}

data: {"data":"    at async ef (.build/next/server/chunks/_1vsj0p2._.js:1:13529)","timestamp":"2026-09-15T09:51:22.142Z"}

data: {"data":"    at async ec (.build/next/server/chunks/_1vsj0p2._.js:1:5672) {","timestamp":"2026-09-15T09:51:22.142Z"}

data: {"data":"  code: 'SQLITE_CORRUPT'","timestamp":"2026-09-15T09:51:22.142Z"}

data: {"data":"}","timestamp":"2026-09-15T09:51:22.142Z"}

data: {"data":"[catalog] Could not materialize built-in auto model auto/best-chaos: SqliteError: database disk image is malformed","timestamp":"2026-09-15T09:51:22.143Z"}

data: {"data":"    at Object.all (.build/next/server/chunks/src_02l7t6d._.js:1:5218)","timestamp":"2026-09-15T09:51:22.143Z"}

data: {"data":"    at b (.build/next/server/chunks/_1-iqx09._.js:1:14800)","timestamp":"2026-09-15T09:51:22.143Z"}

data: {"data":"    at c (.build/next/server/chunks/[root-of-the-server]__1k_ba33._.js:1:11339)","timestamp":"2026-09-15T09:51:22.143Z"}

data: {"data":"    at async x (.build/next/server/chunks/_1-iqx09._.js:1:14007)","timestamp":"2026-09-15T09:51:22.143Z"}

data: {"data":"    at async o (.build/next/server/chunks/[root-of-the-server]__1k_ba33._.js:1:11146)","timestamp":"2026-09-15T09:51:22.143Z"}

data: {"data":"    at async R (.build/next/server/chunks/open-sse_services_autoCombo_09kyb4x._.js:1:5269)","timestamp":"2026-09-15T09:51:22.143Z"}

data: {"data":"    at async ef (.build/next/server/chunks/_1vsj0p2._.js:1:13529)","timestamp":"2026-09-15T09:51:22.143Z"}

data: {"data":"    at async ec (.build/next/server/chunks/_1vsj0p2._.js:1:5672) {","timestamp":"2026-09-15T09:51:22.143Z"}

data: {"data":"  code: 'SQLITE_CORRUPT'","timestamp":"2026-09-15T09:51:22.143Z"}

data: {"data":"}","timestamp":"2026-09-15T09:51:22.143Z"}

data: {"data":"[catalog] Could not materialize built-in auto model auto/chaos: SqliteError: database disk image is malformed","timestamp":"2026-09-15T09:51:22.143Z"}

data: {"data":"    at Object.all (.build/next/server/chunks/src_02l7t6d._.js:1:5218)","timestamp":"2026-09-15T09:51:22.143Z"}

data: {"data":"    at b (.build/next/server/chunks/_1-iqx09._.js:1:14800)","timestamp":"2026-09-15T09:51:22.143Z"}

data: {"data":"    at c (.build/next/server/chunks/[root-of-the-server]__1k_ba33._.js:1:11339)","timestamp":"2026-09-15T09:51:22.143Z"}

data: {"data":"    at async x (.build/next/server/chunks/_1-iqx09._.js:1:14007)","timestamp":"2026-09-15T09:51:22.143Z"}

data: {"data":"    at async o (.build/next/server/chunks/[root-of-the-server]__1k_ba33._.js:1:11146)","timestamp":"2026-09-15T09:51:22.143Z"}

data: {"data":"    at async R (.build/next/server/chunks/open-sse_services_autoCombo_09kyb4x._.js:1:5269)","timestamp":"2026-09-15T09:51:22.143Z"}

data: {"data":"    at async ef (.build/next/server/chunks/_1vsj0p2._.js:1:13529)","timestamp":"2026-09-15T09:51:22.143Z"}

data: {"data":"    at async ec (.build/next/server/chunks/_1vsj0p2._.js:1:5672) {","timestamp":"2026-09-15T09:51:22.143Z"}

data: {"data":"  code: 'SQLITE_CORRUPT'","timestamp":"2026-09-15T09:51:22.143Z"}

data: {"data":"}","timestamp":"2026-09-15T09:51:22.143Z"}

data: {"data":"[catalog] Could not materialize built-in auto model auto/coding:fast: SqliteError: database disk image is malformed","timestamp":"2026-09-15T09:51:22.144Z"}

data: {"data":"    at Object.all (.build/next/server/chunks/src_02l7t6d._.js:1:5218)","timestamp":"2026-09-15T09:51:22.144Z"}

data: {"data":"    at b (.build/next/server/chunks/_1-iqx09._.js:1:14800)","timestamp":"2026-09-15T09:51:22.144Z"}

data: {"data":"    at c (.build/next/server/chunks/[root-of-the-server]__1k_ba33._.js:1:11339)","timestamp":"2026-09-15T09:51:22.144Z"}

data: {"data":"    at async x (.build/next/server/chunks/_1-iqx09._.js:1:14007)","timestamp":"2026-09-15T09:51:22.144Z"}

data: {"data":"    at async o (.build/next/server/chunks/[root-of-the-server]__1k_ba33._.js:1:11146)","timestamp":"2026-09-15T09:51:22.144Z"}

data: {"data":"    at async R (.build/next/server/chunks/open-sse_services_autoCombo_09kyb4x._.js:1:5269)","timestamp":"2026-09-15T09:51:22.144Z"}

data: {"data":"    at async ef (.build/next/server/chunks/_1vsj0p2._.js:1:13529)","timestamp":"2026-09-15T09:51:22.144Z"}

data: {"data":"    at async ec (.build/next/server/chunks/_1vsj0p2._.js:1:5672) {","timestamp":"2026-09-15T09:51:22.144Z"}

data: {"data":"  code: 'SQLITE_CORRUPT'","timestamp":"2026-09-15T09:51:22.144Z"}

data: {"data":"}","timestamp":"2026-09-15T09:51:22.144Z"}

data: {"data":"[catalog] Could not materialize built-in auto model auto/coding:cheap: SqliteError: database disk image is malformed","timestamp":"2026-09-15T09:51:22.145Z"}

data: {"data":"    at Object.all (.build/next/server/chunks/src_02l7t6d._.js:1:5218)","timestamp":"2026-09-15T09:51:22.145Z"}

data: {"data":"    at b (.build/next/server/chunks/_1-iqx09._.js:1:14800)","timestamp":"2026-09-15T09:51:22.145Z"}

data: {"data":"    at c (.build/next/server/chunks/[root-of-the-server]__1k_ba33._.js:1:11339)","timestamp":"2026-09-15T09:51:22.145Z"}

data: {"data":"    at async x (.build/next/server/chunks/_1-iqx09._.js:1:14007)","timestamp":"2026-09-15T09:51:22.145Z"}

data: {"data":"    at async o (.build/next/server/chunks/[root-of-the-server]__1k_ba33._.js:1:11146)","timestamp":"2026-09-15T09:51:22.145Z"}

data: {"data":"    at async R (.build/next/server/chunks/open-sse_services_autoCombo_09kyb4x._.js:1:5269)","timestamp":"2026-09-15T09:51:22.145Z"}

data: {"data":"    at async ef (.build/next/server/chunks/_1vsj0p2._.js:1:13529)","timestamp":"2026-09-15T09:51:22.145Z"}

data: {"data":"    at async ec (.build/next/server/chunks/_1vsj0p2._.js:1:5672) {","timestamp":"2026-09-15T09:51:22.145Z"}

data: {"data":"  code: 'SQLITE_CORRUPT'","timestamp":"2026-09-15T09:51:22.145Z"}

data: {"data":"}","timestamp":"2026-09-15T09:51:22.145Z"}

data: {"data":"[catalog] Could not materialize built-in auto model auto/coding:free: SqliteError: database disk image is malformed","timestamp":"2026-09-15T09:51:22.146Z"}

data: {"data":"    at Object.all (.build/next/server/chunks/src_02l7t6d._.js:1:5218)","timestamp":"2026-09-15T09:51:22.146Z"}

data: {"data":"    at b (.build/next/server/chunks/_1-iqx09._.js:1:14800)","timestamp":"2026-09-15T09:51:22.146Z"}

data: {"data":"    at c (.build/next/server/chunks/[root-of-the-server]__1k_ba33._.js:1:11339)","timestamp":"2026-09-15T09:51:22.146Z"}

data: {"data":"    at async x (.build/next/server/chunks/_1-iqx09._.js:1:14007)","timestamp":"2026-09-15T09:51:22.146Z"}

data: {"data":"    at async o (.build/next/server/chunks/[root-of-the-server]__1k_ba33._.js:1:11146)","timestamp":"2026-09-15T09:51:22.146Z"}

data: {"data":"    at async R (.build/next/server/chunks/open-sse_services_autoCombo_09kyb4x._.js:1:5269)","timestamp":"2026-09-15T09:51:22.146Z"}

data: {"data":"    at async ef (.build/next/server/chunks/_1vsj0p2._.js:1:13529)","timestamp":"2026-09-15T09:51:22.146Z"}

data: {"data":"    at async ec (.build/next/server/chunks/_1vsj0p2._.js:1:5672) {","timestamp":"2026-09-15T09:51:22.146Z"}

data: {"data":"  code: 'SQLITE_CORRUPT'","timestamp":"2026-09-15T09:51:22.146Z"}

data: {"data":"}","timestamp":"2026-09-15T09:51:22.146Z"}

data: {"data":"[catalog] Could not materialize built-in auto model auto/coding:pro: SqliteError: database disk image is malformed","timestamp":"2026-09-15T09:51:22.147Z"}

data: {"data":"    at Object.all (.build/next/server/chunks/src_02l7t6d._.js:1:5218)","timestamp":"2026-09-15T09:51:22.147Z"}

data: {"data":"    at b (.build/next/server/chunks/_1-iqx09._.js:1:14800)","timestamp":"2026-09-15T09:51:22.147Z"}

data: {"data":"    at c (.build/next/server/chunks/[root-of-the-server]__1k_ba33._.js:1:11339)","timestamp":"2026-09-15T09:51:22.147Z"}

data: {"data":"    at async x (.build/next/server/chunks/_1-iqx09._.js:1:14007)","timestamp":"2026-09-15T09:51:22.147Z"}

data: {"data":"    at async o (.build/next/server/chunks/[root-of-the-server]__1k_ba33._.js:1:11146)","timestamp":"2026-09-15T09:51:22.147Z"}

data: {"data":"    at async R (.build/next/server/chunks/open-sse_services_autoCombo_09kyb4x._.js:1:5269)","timestamp":"2026-09-15T09:51:22.147Z"}

data: {"data":"    at async ef (.build/next/server/chunks/_1vsj0p2._.js:1:13529)","timestamp":"2026-09-15T09:51:22.147Z"}

data: {"data":"    at async ec (.build/next/server/chunks/_1vsj0p2._.js:1:5672) {","timestamp":"2026-09-15T09:51:22.147Z"}

data: {"data":"  code: 'SQLITE_CORRUPT'","timestamp":"2026-09-15T09:51:22.147Z"}

data: {"data":"}","timestamp":"2026-09-15T09:51:22.147Z"}

data: {"data":"[catalog] Could not materialize built-in auto model auto/coding:reliable: SqliteError: database disk image is malformed","timestamp":"2026-09-15T09:51:22.148Z"}

data: {"data":"    at Object.all (.build/next/server/chunks/src_02l7t6d._.js:1:5218)","timestamp":"2026-09-15T09:51:22.148Z"}

data: {"data":"    at b (.build/next/server/chunks/_1-iqx09._.js:1:14800)","timestamp":"2026-09-15T09:51:22.148Z"}

data: {"data":"    at c (.build/next/server/chunks/[root-of-the-server]__1k_ba33._.js:1:11339)","timestamp":"2026-09-15T09:51:22.148Z"}

data: {"data":"    at async x (.build/next/server/chunks/_1-iqx09._.js:1:14007)","timestamp":"2026-09-15T09:51:22.148Z"}

data: {"data":"    at async o (.build/next/server/chunks/[root-of-the-server]__1k_ba33._.js:1:11146)","timestamp":"2026-09-15T09:51:22.148Z"}

data: {"data":"    at async R (.build/next/server/chunks/open-sse_services_autoCombo_09kyb4x._.js:1:5269)","timestamp":"2026-09-15T09:51:22.148Z"}

data: {"data":"    at async ef (.build/next/server/chunks/_1vsj0p2._.js:1:13529)","timestamp":"2026-09-15T09:51:22.148Z"}

data: {"data":"    at async ec (.build/next/server/chunks/_1vsj0p2._.js:1:5672) {","timestamp":"2026-09-15T09:51:22.148Z"}

data: {"data":"  code: 'SQLITE_CORRUPT'","timestamp":"2026-09-15T09:51:22.148Z"}

data: {"data":"}","timestamp":"2026-09-15T09:51:22.148Z"}

data: {"data":"[catalog] Could not materialize built-in auto model auto/reasoning: SqliteError: database disk image is malformed","timestamp":"2026-09-15T09:51:22.148Z"}

data: {"data":"    at Object.all (.build/next/server/chunks/src_02l7t6d._.js:1:5218)","timestamp":"2026-09-15T09:51:22.148Z"}

data: {"data":"    at b (.build/next/server/chunks/_1-iqx09._.js:1:14800)","timestamp":"2026-09-15T09:51:22.148Z"}

data: {"data":"    at c (.build/next/server/chunks/[root-of-the-server]__1k_ba33._.js:1:11339)","timestamp":"2026-09-15T09:51:22.148Z"}

data: {"data":"    at async x (.build/next/server/chunks/_1-iqx09._.js:1:14007)","timestamp":"2026-09-15T09:51:22.148Z"}

data: {"data":"    at async o (.build/next/server/chunks/[root-of-the-server]__1k_ba33._.js:1:11146)","timestamp":"2026-09-15T09:51:22.148Z"}

data: {"data":"    at async R (.build/next/server/chunks/open-sse_services_autoCombo_09kyb4x._.js:1:5269)","timestamp":"2026-09-15T09:51:22.148Z"}

data: {"data":"    at async ef (.build/next/server/chunks/_1vsj0p2._.js:1:13529)","timestamp":"2026-09-15T09:51:22.148Z"}

data: {"data":"    at async ec (.build/next/server/chunks/_1vsj0p2._.js:1:5672) {","timestamp":"2026-09-15T09:51:22.148Z"}

data: {"data":"  code: 'SQLITE_CORRUPT'","timestamp":"2026-09-15T09:51:22.148Z"}

data: {"data":"}","timestamp":"2026-09-15T09:51:22.148Z"}

data: {"data":"[catalog] Could not materialize built-in auto model auto/reasoning:pro: SqliteError: database disk image is malformed","timestamp":"2026-09-15T09:51:22.149Z"}

data: {"data":"    at Object.all (.build/next/server/chunks/src_02l7t6d._.js:1:5218)","timestamp":"2026-09-15T09:51:22.149Z"}

data: {"data":"    at b (.build/next/server/chunks/_1-iqx09._.js:1:14800)","timestamp":"2026-09-15T09:51:22.149Z"}

data: {"data":"    at c (.build/next/server/chunks/[root-of-the-server]__1k_ba33._.js:1:11339)","timestamp":"2026-09-15T09:51:22.149Z"}

data: {"data":"    at async x (.build/next/server/chunks/_1-iqx09._.js:1:14007)","timestamp":"2026-09-15T09:51:22.149Z"}

data: {"data":"    at async o (.build/next/server/chunks/[root-of-the-server]__1k_ba33._.js:1:11146)","timestamp":"2026-09-15T09:51:22.149Z"}

data: {"data":"    at async R (.build/next/server/chunks/open-sse_services_autoCombo_09kyb4x._.js:1:5269)","timestamp":"2026-09-15T09:51:22.149Z"}

data: {"data":"    at async ef (.build/next/server/chunks/_1vsj0p2._.js:1:13529)","timestamp":"2026-09-15T09:51:22.149Z"}

data: {"data":"    at async ec (.build/next/server/chunks/_1vsj0p2._.js:1:5672) {","timestamp":"2026-09-15T09:51:22.149Z"}

data: {"data":"  code: 'SQLITE_CORRUPT'","timestamp":"2026-09-15T09:51:22.149Z"}

data: {"data":"}","timestamp":"2026-09-15T09:51:22.149Z"}

data: {"data":"[catalog] Could not materialize built-in auto model auto/vision: SqliteError: database disk image is malformed","timestamp":"2026-09-15T09:51:22.150Z"}

data: {"data":"    at Object.all (.build/next/server/chunks/src_02l7t6d._.js:1:5218)","timestamp":"2026-09-15T09:51:22.150Z"}

data: {"data":"    at b (.build/next/server/chunks/_1-iqx09._.js:1:14800)","timestamp":"2026-09-15T09:51:22.150Z"}

data: {"data":"    at c (.build/next/server/chunks/[root-of-the-server]__1k_ba33._.js:1:11339)","timestamp":"2026-09-15T09:51:22.150Z"}

data: {"data":"    at async x (.build/next/server/chunks/_1-iqx09._.js:1:14007)","timestamp":"2026-09-15T09:51:22.150Z"}

data: {"data":"    at async o (.build/next/server/chunks/[root-of-the-server]__1k_ba33._.js:1:11146)","timestamp":"2026-09-15T09:51:22.150Z"}

data: {"data":"    at async R (.build/next/server/chunks/open-sse_services_autoCombo_09kyb4x._.js:1:5269)","timestamp":"2026-09-15T09:51:22.150Z"}

data: {"data":"    at async ef (.build/next/server/chunks/_1vsj0p2._.js:1:13529)","timestamp":"2026-09-15T09:51:22.150Z"}

data: {"data":"    at async ec (.build/next/server/chunks/_1vsj0p2._.js:1:5672) {","timestamp":"2026-09-15T09:51:22.150Z"}

data: {"data":"  code: 'SQLITE_CORRUPT'","timestamp":"2026-09-15T09:51:22.150Z"}

data: {"data":"}","timestamp":"2026-09-15T09:51:22.150Z"}

data: {"data":"[catalog] Could not materialize built-in auto model auto/multimodal: SqliteError: database disk image is malformed","timestamp":"2026-09-15T09:51:22.151Z"}

data: {"data":"    at Object.all (.build/next/server/chunks/src_02l7t6d._.js:1:5218)","timestamp":"2026-09-15T09:51:22.151Z"}

data: {"data":"    at b (.build/next/server/chunks/_1-iqx09._.js:1:14800)","timestamp":"2026-09-15T09:51:22.151Z"}

data: {"data":"    at c (.build/next/server/chunks/[root-of-the-server]__1k_ba33._.js:1:11339)","timestamp":"2026-09-15T09:51:22.151Z"}

data: {"data":"    at async x (.build/next/server/chunks/_1-iqx09._.js:1:14007)","timestamp":"2026-09-15T09:51:22.151Z"}

data: {"data":"    at async o (.build/next/server/chunks/[root-of-the-server]__1k_ba33._.js:1:11146)","timestamp":"2026-09-15T09:51:22.151Z"}

data: {"data":"    at async R (.build/next/server/chunks/open-sse_services_autoCombo_09kyb4x._.js:1:5269)","timestamp":"2026-09-15T09:51:22.151Z"}

data: {"data":"    at async ef (.build/next/server/chunks/_1vsj0p2._.js:1:13529)","timestamp":"2026-09-15T09:51:22.151Z"}

data: {"data":"    at async ec (.build/next/server/chunks/_1vsj0p2._.js:1:5672) {","timestamp":"2026-09-15T09:51:22.151Z"}

data: {"data":"  code: 'SQLITE_CORRUPT'","timestamp":"2026-09-15T09:51:22.151Z"}

data: {"data":"}","timestamp":"2026-09-15T09:51:22.151Z"}

data: {"data":"[catalog] Could not materialize built-in auto model auto/glm: SqliteError: database disk image is malformed","timestamp":"2026-09-15T09:51:22.152Z"}

data: {"data":"    at Object.all (.build/next/server/chunks/src_02l7t6d._.js:1:5218)","timestamp":"2026-09-15T09:51:22.152Z"}

data: {"data":"    at b (.build/next/server/chunks/_1-iqx09._.js:1:14800)","timestamp":"2026-09-15T09:51:22.152Z"}

data: {"data":"    at c (.build/next/server/chunks/[root-of-the-server]__1k_ba33._.js:1:11339)","timestamp":"2026-09-15T09:51:22.152Z"}

data: {"data":"    at async x (.build/next/server/chunks/_1-iqx09._.js:1:14007)","timestamp":"2026-09-15T09:51:22.152Z"}

data: {"data":"    at async o (.build/next/server/chunks/[root-of-the-server]__1k_ba33._.js:1:11146)","timestamp":"2026-09-15T09:51:22.152Z"}

data: {"data":"    at async R (.build/next/server/chunks/open-sse_services_autoCombo_09kyb4x._.js:1:5269)","timestamp":"2026-09-15T09:51:22.152Z"}

data: {"data":"    at async ef (.build/next/server/chunks/_1vsj0p2._.js:1:13529)","timestamp":"2026-09-15T09:51:22.152Z"}

data: {"data":"    at async ec (.build/next/server/chunks/_1vsj0p2._.js:1:5672) {","timestamp":"2026-09-15T09:51:22.152Z"}

data: {"data":"  code: 'SQLITE_CORRUPT'","timestamp":"2026-09-15T09:51:22.152Z"}

data: {"data":"}","timestamp":"2026-09-15T09:51:22.152Z"}

data: {"data":"[catalog] Could not materialize built-in auto model auto/minimax: SqliteError: database disk image is malformed","timestamp":"2026-09-15T09:51:22.153Z"}

data: {"data":"    at Object.all (.build/next/server/chunks/src_02l7t6d._.js:1:5218)","timestamp":"2026-09-15T09:51:22.153Z"}

data: {"data":"    at b (.build/next/server/chunks/_1-iqx09._.js:1:14800)","timestamp":"2026-09-15T09:51:22.153Z"}

data: {"data":"    at c (.build/next/server/chunks/[root-of-the-server]__1k_ba33._.js:1:11339)","timestamp":"2026-09-15T09:51:22.153Z"}

data: {"data":"    at async x (.build/next/server/chunks/_1-iqx09._.js:1:14007)","timestamp":"2026-09-15T09:51:22.153Z"}

data: {"data":"    at async o (.build/next/server/chunks/[root-of-the-server]__1k_ba33._.js:1:11146)","timestamp":"2026-09-15T09:51:22.153Z"}

data: {"data":"    at async R (.build/next/server/chunks/open-sse_services_autoCombo_09kyb4x._.js:1:5269)","timestamp":"2026-09-15T09:51:22.153Z"}

data: {"data":"    at async ef (.build/next/server/chunks/_1vsj0p2._.js:1:13529)","timestamp":"2026-09-15T09:51:22.153Z"}

data: {"data":"    at async ec (.build/next/server/chunks/_1vsj0p2._.js:1:5672) {","timestamp":"2026-09-15T09:51:22.153Z"}

data: {"data":"  code: 'SQLITE_CORRUPT'","timestamp":"2026-09-15T09:51:22.153Z"}

data: {"data":"}","timestamp":"2026-09-15T09:51:22.153Z"}

data: {"data":"[catalog] Could not materialize built-in auto model auto/mimo: SqliteError: database disk image is malformed","timestamp":"2026-09-15T09:51:22.154Z"}

data: {"data":"    at Object.all (.build/next/server/chunks/src_02l7t6d._.js:1:5218)","timestamp":"2026-09-15T09:51:22.154Z"}

data: {"data":"    at b (.build/next/server/chunks/_1-iqx09._.js:1:14800)","timestamp":"2026-09-15T09:51:22.154Z"}

data: {"data":"    at c (.build/next/server/chunks/[root-of-the-server]__1k_ba33._.js:1:11339)","timestamp":"2026-09-15T09:51:22.154Z"}

data: {"data":"    at async x (.build/next/server/chunks/_1-iqx09._.js:1:14007)","timestamp":"2026-09-15T09:51:22.154Z"}

data: {"data":"    at async o (.build/next/server/chunks/[root-of-the-server]__1k_ba33._.js:1:11146)","timestamp":"2026-09-15T09:51:22.154Z"}

data: {"data":"    at async R (.build/next/server/chunks/open-sse_services_autoCombo_09kyb4x._.js:1:5269)","timestamp":"2026-09-15T09:51:22.154Z"}

data: {"data":"    at async ef (.build/next/server/chunks/_1vsj0p2._.js:1:13529)","timestamp":"2026-09-15T09:51:22.154Z"}

data: {"data":"    at async ec (.build/next/server/chunks/_1vsj0p2._.js:1:5672) {","timestamp":"2026-09-15T09:51:22.154Z"}

data: {"data":"  code: 'SQLITE_CORRUPT'","timestamp":"2026-09-15T09:51:22.154Z"}

data: {"data":"}","timestamp":"2026-09-15T09:51:22.154Z"}

data: {"data":"[catalog] Could not materialize built-in auto model auto/zai: SqliteError: database disk image is malformed","timestamp":"2026-09-15T09:51:22.154Z"}

data: {"data":"    at Object.all (.build/next/server/chunks/src_02l7t6d._.js:1:5218)","timestamp":"2026-09-15T09:51:22.154Z"}

data: {"data":"    at b (.build/next/server/chunks/_1-iqx09._.js:1:14800)","timestamp":"2026-09-15T09:51:22.154Z"}

data: {"data":"    at c (.build/next/server/chunks/[root-of-the-server]__1k_ba33._.js:1:11339)","timestamp":"2026-09-15T09:51:22.154Z"}

data: {"data":"    at async x (.build/next/server/chunks/_1-iqx09._.js:1:14007)","timestamp":"2026-09-15T09:51:22.154Z"}

data: {"data":"    at async o (.build/next/server/chunks/[root-of-the-server]__1k_ba33._.js:1:11146)","timestamp":"2026-09-15T09:51:22.154Z"}

data: {"data":"    at async R (.build/next/server/chunks/open-sse_services_autoCombo_09kyb4x._.js:1:5269)","timestamp":"2026-09-15T09:51:22.154Z"}

data: {"data":"    at async ef (.build/next/server/chunks/_1vsj0p2._.js:1:13529)","timestamp":"2026-09-15T09:51:22.154Z"}

data: {"data":"    at async ec (.build/next/server/chunks/_1vsj0p2._.js:1:5672) {","timestamp":"2026-09-15T09:51:22.154Z"}

data: {"data":"  code: 'SQLITE_CORRUPT'","timestamp":"2026-09-15T09:51:22.154Z"}

data: {"data":"}","timestamp":"2026-09-15T09:51:22.154Z"}

data: {"data":"[catalog] Could not materialize built-in auto model auto/gemma: SqliteError: database disk image is malformed","timestamp":"2026-09-15T09:51:22.155Z"}

data: {"data":"    at Object.all (.build/next/server/chunks/src_02l7t6d._.js:1:5218)","timestamp":"2026-09-15T09:51:22.155Z"}

data: {"data":"    at b (.build/next/server/chunks/_1-iqx09._.js:1:14800)","timestamp":"2026-09-15T09:51:22.155Z"}

data: {"data":"    at c (.build/next/server/chunks/[root-of-the-server]__1k_ba33._.js:1:11339)","timestamp":"2026-09-15T09:51:22.155Z"}

data: {"data":"    at async x (.build/next/server/chunks/_1-iqx09._.js:1:14007)","timestamp":"2026-09-15T09:51:22.155Z"}

data: {"data":"    at async o (.build/next/server/chunks/[root-of-the-server]__1k_ba33._.js:1:11146)","timestamp":"2026-09-15T09:51:22.155Z"}

data: {"data":"    at async R (.build/next/server/chunks/open-sse_services_autoCombo_09kyb4x._.js:1:5269)","timestamp":"2026-09-15T09:51:22.155Z"}

data: {"data":"    at async ef (.build/next/server/chunks/_1vsj0p2._.js:1:13529)","timestamp":"2026-09-15T09:51:22.155Z"}

data: {"data":"    at async ec (.build/next/server/chunks/_1vsj0p2._.js:1:5672) {","timestamp":"2026-09-15T09:51:22.155Z"}

data: {"data":"  code: 'SQLITE_CORRUPT'","timestamp":"2026-09-15T09:51:22.155Z"}

data: {"data":"}","timestamp":"2026-09-15T09:51:22.155Z"}

data: {"data":"[catalog] Could not materialize built-in auto model auto/llama: SqliteError: database disk image is malformed","timestamp":"2026-09-15T09:51:22.156Z"}

data: {"data":"    at Object.all (.build/next/server/chunks/src_02l7t6d._.js:1:5218)","timestamp":"2026-09-15T09:51:22.156Z"}

data: {"data":"    at b (.build/next/server/chunks/_1-iqx09._.js:1:14800)","timestamp":"2026-09-15T09:51:22.156Z"}

data: {"data":"    at c (.build/next/server/chunks/[root-of-the-server]__1k_ba33._.js:1:11339)","timestamp":"2026-09-15T09:51:22.156Z"}

data: {"data":"    at async x (.build/next/server/chunks/_1-iqx09._.js:1:14007)","timestamp":"2026-09-15T09:51:22.156Z"}

data: {"data":"    at async o (.build/next/server/chunks/[root-of-the-server]__1k_ba33._.js:1:11146)","timestamp":"2026-09-15T09:51:22.156Z"}

data: {"data":"    at async R (.build/next/server/chunks/open-sse_services_autoCombo_09kyb4x._.js:1:5269)","timestamp":"2026-09-15T09:51:22.156Z"}

data: {"data":"    at async ef (.build/next/server/chunks/_1vsj0p2._.js:1:13529)","timestamp":"2026-09-15T09:51:22.156Z"}

data: {"data":"    at async ec (.build/next/server/chunks/_1vsj0p2._.js:1:5672) {","timestamp":"2026-09-15T09:51:22.156Z"}

data: {"data":"  code: 'SQLITE_CORRUPT'","timestamp":"2026-09-15T09:51:22.156Z"}

data: {"data":"}","timestamp":"2026-09-15T09:51:22.156Z"}

data: {"data":"[catalog] Could not materialize built-in auto model auto/gemini: SqliteError: database disk image is malformed","timestamp":"2026-09-15T09:51:22.157Z"}

data: {"data":"    at Object.all (.build/next/server/chunks/src_02l7t6d._.js:1:5218)","timestamp":"2026-09-15T09:51:22.157Z"}

data: {"data":"    at b (.build/next/server/chunks/_1-iqx09._.js:1:14800)","timestamp":"2026-09-15T09:51:22.157Z"}

data: {"data":"    at c (.build/next/server/chunks/[root-of-the-server]__1k_ba33._.js:1:11339)","timestamp":"2026-09-15T09:51:22.157Z"}

data: {"data":"    at async x (.build/next/server/chunks/_1-iqx09._.js:1:14007)","timestamp":"2026-09-15T09:51:22.157Z"}

data: {"data":"    at async o (.build/next/server/chunks/[root-of-the-server]__1k_ba33._.js:1:11146)","timestamp":"2026-09-15T09:51:22.157Z"}

data: {"data":"    at async R (.build/next/server/chunks/open-sse_services_autoCombo_09kyb4x._.js:1:5269)","timestamp":"2026-09-15T09:51:22.157Z"}

data: {"data":"    at async ef (.build/next/server/chunks/_1vsj0p2._.js:1:13529)","timestamp":"2026-09-15T09:51:22.157Z"}

data: {"data":"    at async ec (.build/next/server/chunks/_1vsj0p2._.js:1:5672) {","timestamp":"2026-09-15T09:51:22.157Z"}

data: {"data":"  code: 'SQLITE_CORRUPT'","timestamp":"2026-09-15T09:51:22.157Z"}

data: {"data":"}","timestamp":"2026-09-15T09:51:22.157Z"}

data: {"data":"⨯ SqliteError: database disk image is malformed","timestamp":"2026-09-15T09:51:23.639Z"}

data: {"data":"    at Object.all (.build/next/server/chunks/src_02l7t6d._.js:1:5218)","timestamp":"2026-09-15T09:51:23.639Z"}

data: {"data":"    at b (.build/next/server/chunks/_1-iqx09._.js:1:14800)","timestamp":"2026-09-15T09:51:23.639Z"}

data: {"data":"    at c (.build/next/server/chunks/[root-of-the-server]__1k_ba33._.js:1:11339)","timestamp":"2026-09-15T09:51:23.639Z"}

data: {"data":"    at async eR (.build/next/server/chunks/_15d2x83._.js:1:17203)","timestamp":"2026-09-15T09:51:23.639Z"}

data: {"data":"    at async e_ (.build/next/server/chunks/_15d2x83._.js:1:31954)","timestamp":"2026-09-15T09:51:23.639Z"}

data: {"data":"    at async eq (.build/next/server/chunks/_0gq2i23._.js:1:38291)","timestamp":"2026-09-15T09:51:23.639Z"}

data: {"data":"    at async eQ (.build/next/server/chunks/_0gq2i23._.js:1:33687)","timestamp":"2026-09-15T09:51:23.639Z"}

data: {"data":"    at async (.build/next/server/chunks/_0gq2i23._.js:1:52499) {","timestamp":"2026-09-15T09:51:23.639Z"}

data: {"data":"  code: 'SQLITE_CORRUPT'","timestamp":"2026-09-15T09:51:23.639Z"}

data: {"data":"}","timestamp":"2026-09-15T09:51:23.639Z"}

data: {"data":"{\"level\":30,\"time\":\"2026-09-15T09:51:23.620Z\",\"service\":\"omniroute\",\"module\":\"sse\",\"tag\":\"HTTP\",\"method\":\"POST\",\"path\":\"/v1/chat/completions | nvidia/moonshotai/kimi-k3 | 2 msgs\",\"msg\":\"📥 POST /v1/chat/completions | nvidia/moonshotai/kimi-k3 | 2 msgs\"}","timestamp":"2026-09-15T09:51:23.640Z"}

data: {"data":"{\"level\":30,\"time\":\"2026-09-15T09:51:23.636Z\",\"service\":\"omniroute\",\"module\":\"sse\",\"tag\":\"ROUTING\",\"msg\":\"Provider: nvidia, Model: moonshotai/kimi-k3\"}","timestamp":"2026-09-15T09:51:23.640Z"}

data: {"data":"[ConnectionRecovery] failed to load connections: database disk image is malformed","timestamp":"2026-09-15T09:51:26.047Z"}

data: {"data":"⨯ SqliteError: database disk image is malformed","timestamp":"2026-09-15T09:51:26.132Z"}

data: {"data":"    at Object.all (.build/next/server/chunks/src_02l7t6d._.js:1:5218)","timestamp":"2026-09-15T09:51:26.132Z"}

data: {"data":"    at b (.build/next/server/chunks/_1-iqx09._.js:1:14800)","timestamp":"2026-09-15T09:51:26.132Z"}

data: {"data":"    at c (.build/next/server/chunks/[root-of-the-server]__1k_ba33._.js:1:11339)","timestamp":"2026-09-15T09:51:26.132Z"}

data: {"data":"    at async eR (.build/next/server/chunks/_15d2x83._.js:1:17203)","timestamp":"2026-09-15T09:51:26.132Z"}

data: {"data":"    at async e_ (.build/next/server/chunks/_15d2x83._.js:1:31954)","timestamp":"2026-09-15T09:51:26.132Z"}

data: {"data":"    at async eq (.build/next/server/chunks/_0gq2i23._.js:1:38291)","timestamp":"2026-09-15T09:51:26.132Z"}

data: {"data":"    at async eQ (.build/next/server/chunks/_0gq2i23._.js:1:33687)","timestamp":"2026-09-15T09:51:26.132Z"}

data: {"data":"    at async (.build/next/server/chunks/_0gq2i23._.js:1:52499) {","timestamp":"2026-09-15T09:51:26.132Z"}

data: {"data":"  code: 'SQLITE_CORRUPT'","timestamp":"2026-09-15T09:51:26.132Z"}

data: {"data":"}","timestamp":"2026-09-15T09:51:26.132Z"}

data: {"data":"{\"level\":30,\"time\":\"2026-09-15T09:51:26.117Z\",\"service\":\"omniroute\",\"module\":\"sse\",\"tag\":\"HTTP\",\"method\":\"POST\",\"path\":\"/v1/chat/completions | nvidia/moonshotai/kimi-k3 | 2 msgs\",\"msg\":\"📥 POST /v1/chat/completions | nvidia/moonshotai/kimi-k3 | 2 msgs\"}","timestamp":"2026-09-15T09:51:26.132Z"}

data: {"data":"{\"level\":30,\"time\":\"2026-09-15T09:51:26.129Z\",\"service\":\"omniroute\",\"module\":\"sse\",\"tag\":\"ROUTING\",\"msg\":\"Provider: nvidia, Model: moonshotai/kimi-k3\"}","timestamp":"2026-09-15T09:51:26.133Z"}

data: {"data":"⨯ SqliteError: database disk image is malformed","timestamp":"2026-09-15T09:51:28.530Z"}

data: {"data":"    at Object.all (.build/next/server/chunks/src_02l7t6d._.js:1:5218)","timestamp":"2026-09-15T09:51:28.530Z"}

data: {"data":"    at b (.build/next/server/chunks/_1-iqx09._.js:1:14800)","timestamp":"2026-09-15T09:51:28.530Z"}

data: {"data":"    at c (.build/next/server/chunks/[root-of-the-server]__1k_ba33._.js:1:11339)","timestamp":"2026-09-15T09:51:28.530Z"}

data: {"data":"    at async eR (.build/next/server/chunks/_15d2x83._.js:1:17203)","timestamp":"2026-09-15T09:51:28.530Z"}

data: {"data":"    at async e_ (.build/next/server/chunks/_15d2x83._.js:1:31954)","timestamp":"2026-09-15T09:51:28.530Z"}

data: {"data":"    at async eq (.build/next/server/chunks/_0gq2i23._.js:1:38291)","timestamp":"2026-09-15T09:51:28.530Z"}

data: {"data":"    at async eQ (.build/next/server/chunks/_0gq2i23._.js:1:33687)","timestamp":"2026-09-15T09:51:28.530Z"}

data: {"data":"    at async (.build/next/server/chunks/_0gq2i23._.js:1:52499) {","timestamp":"2026-09-15T09:51:28.530Z"}

data: {"data":"  code: 'SQLITE_CORRUPT'","timestamp":"2026-09-15T09:51:28.530Z"}

data: {"data":"}","timestamp":"2026-09-15T09:51:28.530Z"}

data: {"data":"{\"level\":30,\"time\":\"2026-09-15T09:51:28.517Z\",\"service\":\"omniroute\",\"module\":\"sse\",\"tag\":\"HTTP\",\"method\":\"POST\",\"path\":\"/v1/chat/completions | nvidia/moonshotai/kimi-k3 | 2 msgs\",\"msg\":\"📥 POST /v1/chat/completions | nvidia/moonshotai/kimi-k3 | 2 msgs\"}","timestamp":"2026-09-15T09:51:28.531Z"}

data: {"data":"{\"level\":30,\"time\":\"2026-09-15T09:51:28.528Z\",\"service\":\"omniroute\",\"module\":\"sse\",\"tag\":\"ROUTING\",\"msg\":\"Provider: nvidia, Model: moonshotai/kimi-k3\"}","timestamp":"2026-09-15T09:51:28.531Z"}

data: {"data":"⨯ SqliteError: database disk image is malformed","timestamp":"2026-09-15T09:51:30.989Z"}

data: {"data":"    at Object.all (.build/next/server/chunks/src_02l7t6d._.js:1:5218)","timestamp":"2026-09-15T09:51:30.991Z"}

data: {"data":"    at b (.build/next/server/chunks/_1-iqx09._.js:1:14800)","timestamp":"2026-09-15T09:51:30.991Z"}

data: {"data":"    at c (.build/next/server/chunks/[root-of-the-server]__1k_ba33._.js:1:11339)","timestamp":"2026-09-15T09:51:30.991Z"}

data: {"data":"    at async eR (.build/next/server/chunks/_15d2x83._.js:1:17203)","timestamp":"2026-09-15T09:51:30.991Z"}

data: {"data":"    at async e_ (.build/next/server/chunks/_15d2x83._.js:1:31954)","timestamp":"2026-09-15T09:51:30.991Z"}

data: {"data":"    at async eq (.build/next/server/chunks/_0gq2i23._.js:1:38291)","timestamp":"2026-09-15T09:51:30.991Z"}

data: {"data":"    at async eQ (.build/next/server/chunks/_0gq2i23._.js:1:33687)","timestamp":"2026-09-15T09:51:30.991Z"}

data: {"data":"    at async (.build/next/server/chunks/_0gq2i23._.js:1:52499) {","timestamp":"2026-09-15T09:51:30.991Z"}

data: {"data":"  code: 'SQLITE_CORRUPT'","timestamp":"2026-09-15T09:51:30.991Z"}

data: {"data":"}","timestamp":"2026-09-15T09:51:30.991Z"}

data: {"data":"{\"level\":30,\"time\":\"2026-09-15T09:51:30.971Z\",\"service\":\"omniroute\",\"module\":\"sse\",\"tag\":\"HTTP\",\"method\":\"POST\",\"path\":\"/v1/chat/completions | nvidia/moonshotai/kimi-k3 | 2 msgs\",\"msg\":\"📥 POST /v1/chat/completions | nvidia/moonshotai/kimi-k3 | 2 msgs\"}","timestamp":"2026-09-15T09:51:30.993Z"}

data: {"data":"{\"level\":30,\"time\":\"2026-09-15T09:51:30.986Z\",\"service\":\"omniroute\",\"module\":\"sse\",\"tag\":\"ROUTING\",\"msg\":\"Provider: nvidia, Model: moonshotai/kimi-k3\"}","timestamp":"2026-09-15T09:51:30.993Z"}

data: {"data":"⨯ SqliteError: database disk image is malformed","timestamp":"2026-09-15T09:51:33.414Z"}

data: {"data":"    at Object.all (.build/next/server/chunks/src_02l7t6d._.js:1:5218)","timestamp":"2026-09-15T09:51:33.414Z"}

data: {"data":"    at b (.build/next/server/chunks/_1-iqx09._.js:1:14800)","timestamp":"2026-09-15T09:51:33.414Z"}

data: {"data":"    at c (.build/next/server/chunks/[root-of-the-server]__1k_ba33._.js:1:11339)","timestamp":"2026-09-15T09:51:33.414Z"}

data: {"data":"    at async eR (.build/next/server/chunks/_15d2x83._.js:1:17203)","timestamp":"2026-09-15T09:51:33.414Z"}

data: {"data":"    at async e_ (.build/next/server/chunks/_15d2x83._.js:1:31954)","timestamp":"2026-09-15T09:51:33.414Z"}

data: {"data":"    at async eq (.build/next/server/chunks/_0gq2i23._.js:1:38291)","timestamp":"2026-09-15T09:51:33.414Z"}

data: {"data":"    at async eQ (.build/next/server/chunks/_0gq2i23._.js:1:33687)","timestamp":"2026-09-15T09:51:33.414Z"}

data: {"data":"    at async (.build/next/server/chunks/_0gq2i23._.js:1:52499) {","timestamp":"2026-09-15T09:51:33.414Z"}

data: {"data":"  code: 'SQLITE_CORRUPT'","timestamp":"2026-09-15T09:51:33.414Z"}

data: {"data":"}","timestamp":"2026-09-15T09:51:33.414Z"}

data: {"data":"{\"level\":30,\"time\":\"2026-09-15T09:51:33.395Z\",\"service\":\"omniroute\",\"module\":\"sse\",\"tag\":\"HTTP\",\"method\":\"POST\",\"path\":\"/v1/chat/completions | nvidia/moonshotai/kimi-k3 | 2 msgs\",\"msg\":\"📥 POST /v1/chat/completions | nvidia/moonshotai/kimi-k3 | 2 msgs\"}","timestamp":"2026-09-15T09:51:33.414Z"}

data: {"data":"{\"level\":30,\"time\":\"2026-09-15T09:51:33.411Z\",\"service\":\"omniroute\",\"module\":\"sse\",\"tag\":\"ROUTING\",\"msg\":\"Provider: nvidia, Model: moonshotai/kimi-k3\"}","timestamp":"2026-09-15T09:51:33.414Z"}

data: {"data":"⨯ SqliteError: database disk image is malformed","timestamp":"2026-09-15T09:51:35.856Z"}

data: {"data":"    at Object.all (.build/next/server/chunks/src_02l7t6d._.js:1:5218)","timestamp":"2026-09-15T09:51:35.856Z"}

data: {"data":"    at b (.build/next/server/chunks/_1-iqx09._.js:1:14800)","timestamp":"2026-09-15T09:51:35.856Z"}

data: {"data":"    at c (.build/next/server/chunks/[root-of-the-server]__1k_ba33._.js:1:11339)","timestamp":"2026-09-15T09:51:35.856Z"}

data: {"data":"    at async eR (.build/next/server/chunks/_15d2x83._.js:1:17203)","timestamp":"2026-09-15T09:51:35.856Z"}

data: {"data":"    at async e_ (.build/next/server/chunks/_15d2x83._.js:1:31954)","timestamp":"2026-09-15T09:51:35.856Z"}

data: {"data":"    at async eq (.build/next/server/chunks/_0gq2i23._.js:1:38291)","timestamp":"2026-09-15T09:51:35.856Z"}

data: {"data":"    at async eQ (.build/next/server/chunks/_0gq2i23._.js:1:33687)","timestamp":"2026-09-15T09:51:35.856Z"}

data: {"data":"    at async (.build/next/server/chunks/_0gq2i23._.js:1:52499) {","timestamp":"2026-09-15T09:51:35.856Z"}

data: {"data":"  code: 'SQLITE_CORRUPT'","timestamp":"2026-09-15T09:51:35.856Z"}

data: {"data":"}","timestamp":"2026-09-15T09:51:35.856Z"}

data: {"data":"{\"level\":30,\"time\":\"2026-09-15T09:51:35.840Z\",\"service\":\"omniroute\",\"module\":\"sse\",\"tag\":\"HTTP\",\"method\":\"POST\",\"path\":\"/v1/chat/completions | nvidia/moonshotai/kimi-k3 | 2 msgs\",\"msg\":\"📥 POST /v1/chat/completions | nvidia/moonshotai/kimi-k3 | 2 msgs\"}","timestamp":"2026-09-15T09:51:35.857Z"}

data: {"data":"{\"level\":30,\"time\":\"2026-09-15T09:51:35.853Z\",\"service\":\"omniroute\",\"module\":\"sse\",\"tag\":\"ROUTING\",\"msg\":\"Provider: nvidia, Model: moonshotai/kimi-k3\"}","timestamp":"2026-09-15T09:51:35.857Z"}

data: {"data":"⨯ SqliteError: database disk image is malformed","timestamp":"2026-09-15T09:51:38.312Z"}

data: {"data":"    at Object.all (.build/next/server/chunks/src_02l7t6d._.js:1:5218)","timestamp":"2026-09-15T09:51:38.312Z"}

data: {"data":"    at b (.build/next/server/chunks/_1-iqx09._.js:1:14800)","timestamp":"2026-09-15T09:51:38.312Z"}

data: {"data":"    at c (.build/next/server/chunks/[root-of-the-server]__1k_ba33._.js:1:11339)","timestamp":"2026-09-15T09:51:38.312Z"}

data: {"data":"    at async eR (.build/next/server/chunks/_15d2x83._.js:1:17203)","timestamp":"2026-09-15T09:51:38.312Z"}

data: {"data":"    at async e_ (.build/next/server/chunks/_15d2x83._.js:1:31954)","timestamp":"2026-09-15T09:51:38.312Z"}

data: {"data":"    at async eq (.build/next/server/chunks/_0gq2i23._.js:1:38291)","timestamp":"2026-09-15T09:51:38.312Z"}

data: {"data":"    at async eQ (.build/next/server/chunks/_0gq2i23._.js:1:33687)","timestamp":"2026-09-15T09:51:38.312Z"}

data: {"data":"    at async (.build/next/server/chunks/_0gq2i23._.js:1:52499) {","timestamp":"2026-09-15T09:51:38.312Z"}

data: {"data":"  code: 'SQLITE_CORRUPT'","timestamp":"2026-09-15T09:51:38.312Z"}

data: {"data":"}","timestamp":"2026-09-15T09:51:38.312Z"}

data: {"data":"{\"level\":30,\"time\":\"2026-09-15T09:51:38.297Z\",\"service\":\"omniroute\",\"module\":\"sse\",\"tag\":\"HTTP\",\"method\":\"POST\",\"path\":\"/v1/chat/completions | nvidia/moonshotai/kimi-k3 | 2 msgs\",\"msg\":\"📥 POST /v1/chat/completions | nvidia/moonshotai/kimi-k3 | 2 msgs\"}","timestamp":"2026-09-15T09:51:38.312Z"}

data: {"data":"{\"level\":30,\"time\":\"2026-09-15T09:51:38.309Z\",\"service\":\"omniroute\",\"module\":\"sse\",\"tag\":\"ROUTING\",\"msg\":\"Provider: nvidia, Model: moonshotai/kimi-k3\"}","timestamp":"2026-09-15T09:51:38.312Z"}

data: {"data":"[heapwatch] heapUsed=353MB heap_size_limit=4192MB pressure=0.084 rss=700MB shed_threshold=0.75","timestamp":"2026-09-15T09:51:38.847Z"}

data: {"data":"[heapwatch] heapUsed=8MB heap_size_limit=4192MB pressure=0.002 rss=700MB shed_threshold=0.75","timestamp":"2026-09-15T09:51:39.815Z"}

data: {"data":"⨯ SqliteError: database disk image is malformed","timestamp":"2026-09-15T09:51:40.736Z"}

data: {"data":"    at Object.all (.build/next/server/chunks/src_02l7t6d._.js:1:5218)","timestamp":"2026-09-15T09:51:40.736Z"}

data: {"data":"    at b (.build/next/server/chunks/_1-iqx09._.js:1:14800)","timestamp":"2026-09-15T09:51:40.736Z"}

data: {"data":"    at c (.build/next/server/chunks/[root-of-the-server]__1k_ba33._.js:1:11339)","timestamp":"2026-09-15T09:51:40.736Z"}

data: {"data":"    at async eR (.build/next/server/chunks/_15d2x83._.js:1:17203)","timestamp":"2026-09-15T09:51:40.736Z"}

data: {"data":"    at async e_ (.build/next/server/chunks/_15d2x83._.js:1:31954)","timestamp":"2026-09-15T09:51:40.736Z"}

data: {"data":"    at async eq (.build/next/server/chunks/_0gq2i23._.js:1:38291)","timestamp":"2026-09-15T09:51:40.736Z"}

data: {"data":"    at async eQ (.build/next/server/chunks/_0gq2i23._.js:1:33687)","timestamp":"2026-09-15T09:51:40.736Z"}

data: {"data":"    at async (.build/next/server/chunks/_0gq2i23._.js:1:52499) {","timestamp":"2026-09-15T09:51:40.736Z"}

data: {"data":"  code: 'SQLITE_CORRUPT'","timestamp":"2026-09-15T09:51:40.736Z"}

data: {"data":"}","timestamp":"2026-09-15T09:51:40.736Z"}

data: {"data":"{\"level\":30,\"time\":\"2026-09-15T09:51:40.720Z\",\"service\":\"omniroute\",\"module\":\"sse\",\"tag\":\"HTTP\",\"method\":\"POST\",\"path\":\"/v1/chat/completions | nvidia/moonshotai/kimi-k3 | 2 msgs\",\"msg\":\"📥 POST /v1/chat/completions | nvidia/moonshotai/kimi-k3 | 2 msgs\"}","timestamp":"2026-09-15T09:51:40.736Z"}

data: {"data":"{\"level\":30,\"time\":\"2026-09-15T09:51:40.733Z\",\"service\":\"omniroute\",\"module\":\"sse\",\"tag\":\"ROUTING\",\"msg\":\"Provider: nvidia, Model: moonshotai/kimi-k3\"}","timestamp":"2026-09-15T09:51:40.737Z"}

data: {"data":"⨯ SqliteError: database disk image is malformed","timestamp":"2026-09-15T09:51:43.124Z"}

data: {"data":"    at Object.all (.build/next/server/chunks/src_02l7t6d._.js:1:5218)","timestamp":"2026-09-15T09:51:43.124Z"}

data: {"data":"    at b (.build/next/server/chunks/_1-iqx09._.js:1:14800)","timestamp":"2026-09-15T09:51:43.124Z"}

data: {"data":"    at c (.build/next/server/chunks/[root-of-the-server]__1k_ba33._.js:1:11339)","timestamp":"2026-09-15T09:51:43.124Z"}

data: {"data":"    at async eR (.build/next/server/chunks/_15d2x83._.js:1:17203)","timestamp":"2026-09-15T09:51:43.124Z"}

data: {"data":"    at async e_ (.build/next/server/chunks/_15d2x83._.js:1:31954)","timestamp":"2026-09-15T09:51:43.124Z"}

data: {"data":"    at async eq (.build/next/server/chunks/_0gq2i23._.js:1:38291)","timestamp":"2026-09-15T09:51:43.124Z"}

data: {"data":"    at async eQ (.build/next/server/chunks/_0gq2i23._.js:1:33687)","timestamp":"2026-09-15T09:51:43.124Z"}

data: {"data":"    at async (.build/next/server/chunks/_0gq2i23._.js:1:52499) {","timestamp":"2026-09-15T09:51:43.124Z"}

data: {"data":"  code: 'SQLITE_CORRUPT'","timestamp":"2026-09-15T09:51:43.124Z"}

data: {"data":"}","timestamp":"2026-09-15T09:51:43.124Z"}

data: {"data":"{\"level\":30,\"time\":\"2026-09-15T09:51:43.110Z\",\"service\":\"omniroute\",\"module\":\"sse\",\"tag\":\"HTTP\",\"method\":\"POST\",\"path\":\"/v1/chat/completions | nvidia/moonshotai/kimi-k3 | 2 msgs\",\"msg\":\"📥 POST /v1/chat/completions | nvidia/moonshotai/kimi-k3 | 2 msgs\"}","timestamp":"2026-09-15T09:51:43.124Z"}

data: {"data":"{\"level\":30,\"time\":\"2026-09-15T09:51:43.121Z\",\"service\":\"omniroute\",\"module\":\"sse\",\"tag\":\"ROUTING\",\"msg\":\"Provider: nvidia, Model: moonshotai/kimi-k3\"}","timestamp":"2026-09-15T09:51:43.124Z"}

data: {"data":"[heapwatch] heapUsed=8MB heap_size_limit=4192MB pressure=0.002 rss=702MB shed_threshold=0.75","timestamp":"2026-09-15T09:51:44.108Z"}

data: {"data":"[heapwatch] heapUsed=8MB heap_size_limit=4192MB pressure=0.002 rss=702MB shed_threshold=0.75","timestamp":"2026-09-15T09:51:44.421Z"}

data: {"data":"⨯ SqliteError: database disk image is malformed","timestamp":"2026-09-15T09:51:45.540Z"}

data: {"data":"    at Object.all (.build/next/server/chunks/src_02l7t6d._.js:1:5218)","timestamp":"2026-09-15T09:51:45.540Z"}

data: {"data":"    at b (.build/next/server/chunks/_1-iqx09._.js:1:14800)","timestamp":"2026-09-15T09:51:45.540Z"}

data: {"data":"    at c (.build/next/server/chunks/[root-of-the-server]__1k_ba33._.js:1:11339)","timestamp":"2026-09-15T09:51:45.540Z"}

data: {"data":"    at async eR (.build/next/server/chunks/_15d2x83._.js:1:17203)","timestamp":"2026-09-15T09:51:45.540Z"}

data: {"data":"    at async e_ (.build/next/server/chunks/_15d2x83._.js:1:31954)","timestamp":"2026-09-15T09:51:45.540Z"}

data: {"data":"    at async eq (.build/next/server/chunks/_0gq2i23._.js:1:38291)","timestamp":"2026-09-15T09:51:45.540Z"}

data: {"data":"    at async eQ (.build/next/server/chunks/_0gq2i23._.js:1:33687)","timestamp":"2026-09-15T09:51:45.540Z"}

data: {"data":"    at async (.build/next/server/chunks/_0gq2i23._.js:1:52499) {","timestamp":"2026-09-15T09:51:45.540Z"}

data: {"data":"  code: 'SQLITE_CORRUPT'","timestamp":"2026-09-15T09:51:45.540Z"}

data: {"data":"}","timestamp":"2026-09-15T09:51:45.540Z"}

data: {"data":"{\"level\":30,\"time\":\"2026-09-15T09:51:45.527Z\",\"service\":\"omniroute\",\"module\":\"sse\",\"tag\":\"HTTP\",\"method\":\"POST\",\"path\":\"/v1/chat/completions | nvidia/moonshotai/kimi-k3 | 2 msgs\",\"msg\":\"📥 POST /v1/chat/completions | nvidia/moonshotai/kimi-k3 | 2 msgs\"}","timestamp":"2026-09-15T09:51:45.540Z"}

data: {"data":"{\"level\":30,\"time\":\"2026-09-15T09:51:45.537Z\",\"service\":\"omniroute\",\"module\":\"sse\",\"tag\":\"ROUTING\",\"msg\":\"Provider: nvidia, Model: moonshotai/kimi-k3\"}","timestamp":"2026-09-15T09:51:45.541Z"}

data: {"data":"⨯ SqliteError: database disk image is malformed","timestamp":"2026-09-15T09:51:48.089Z"}

data: {"data":"    at Object.all (.build/next/server/chunks/src_02l7t6d._.js:1:5218)","timestamp":"2026-09-15T09:51:48.089Z"}

data: {"data":"    at b (.build/next/server/chunks/_1-iqx09._.js:1:14800)","timestamp":"2026-09-15T09:51:48.089Z"}

data: {"data":"    at c (.build/next/server/chunks/[root-of-the-server]__1k_ba33._.js:1:11339)","timestamp":"2026-09-15T09:51:48.089Z"}

data: {"data":"    at async eR (.build/next/server/chunks/_15d2x83._.js:1:17203)","timestamp":"2026-09-15T09:51:48.089Z"}

data: {"data":"    at async e_ (.build/next/server/chunks/_15d2x83._.js:1:31954)","timestamp":"2026-09-15T09:51:48.089Z"}

data: {"data":"    at async eq (.build/next/server/chunks/_0gq2i23._.js:1:38291)","timestamp":"2026-09-15T09:51:48.089Z"}

data: {"data":"    at async eQ (.build/next/server/chunks/_0gq2i23._.js:1:33687)","timestamp":"2026-09-15T09:51:48.089Z"}

data: {"data":"    at async (.build/next/server/chunks/_0gq2i23._.js:1:52499) {","timestamp":"2026-09-15T09:51:48.089Z"}

data: {"data":"  code: 'SQLITE_CORRUPT'","timestamp":"2026-09-15T09:51:48.089Z"}

data: {"data":"}","timestamp":"2026-09-15T09:51:48.089Z"}

data: {"data":"{\"level\":30,\"time\":\"2026-09-15T09:51:48.074Z\",\"service\":\"omniroute\",\"module\":\"sse\",\"tag\":\"HTTP\",\"method\":\"POST\",\"path\":\"/v1/chat/completions | nvidia/moonshotai/kimi-k3 | 2 msgs\",\"msg\":\"📥 POST /v1/chat/completions | nvidia/moonshotai/kimi-k3 | 2 msgs\"}","timestamp":"2026-09-15T09:51:48.090Z"}

data: {"data":"{\"level\":30,\"time\":\"2026-09-15T09:51:48.086Z\",\"service\":\"omniroute\",\"module\":\"sse\",\"tag\":\"ROUTING\",\"msg\":\"Provider: nvidia, Model: moonshotai/kimi-k3\"}","timestamp":"2026-09-15T09:51:48.090Z"}

data: {"data":"⨯ SqliteError: database disk image is malformed","timestamp":"2026-09-15T09:51:50.500Z"}

data: {"data":"    at Object.all (.build/next/server/chunks/src_02l7t6d._.js:1:5218)","timestamp":"2026-09-15T09:51:50.500Z"}

data: {"data":"    at b (.build/next/server/chunks/_1-iqx09._.js:1:14800)","timestamp":"2026-09-15T09:51:50.500Z"}

data: {"data":"    at c (.build/next/server/chunks/[root-of-the-server]__1k_ba33._.js:1:11339)","timestamp":"2026-09-15T09:51:50.500Z"}

data: {"data":"    at async eR (.build/next/server/chunks/_15d2x83._.js:1:17203)","timestamp":"2026-09-15T09:51:50.500Z"}

data: {"data":"    at async e_ (.build/next/server/chunks/_15d2x83._.js:1:31954)","timestamp":"2026-09-15T09:51:50.500Z"}

data: {"data":"    at async eq (.build/next/server/chunks/_0gq2i23._.js:1:38291)","timestamp":"2026-09-15T09:51:50.500Z"}

data: {"data":"    at async eQ (.build/next/server/chunks/_0gq2i23._.js:1:33687)","timestamp":"2026-09-15T09:51:50.500Z"}

data: {"data":"    at async (.build/next/server/chunks/_0gq2i23._.js:1:52499) {","timestamp":"2026-09-15T09:51:50.500Z"}

data: {"data":"  code: 'SQLITE_CORRUPT'","timestamp":"2026-09-15T09:51:50.500Z"}

data: {"data":"}","timestamp":"2026-09-15T09:51:50.500Z"}

data: {"data":"{\"level\":30,\"time\":\"2026-09-15T09:51:50.485Z\",\"service\":\"omniroute\",\"module\":\"sse\",\"tag\":\"HTTP\",\"method\":\"POST\",\"path\":\"/v1/chat/completions | nvidia/moonshotai/kimi-k3 | 2 msgs\",\"msg\":\"📥 POST /v1/chat/completions | nvidia/moonshotai/kimi-k3 | 2 msgs\"}","timestamp":"2026-09-15T09:51:50.501Z"}

data: {"data":"{\"level\":30,\"time\":\"2026-09-15T09:51:50.497Z\",\"service\":\"omniroute\",\"module\":\"sse\",\"tag\":\"ROUTING\",\"msg\":\"Provider: nvidia, Model: moonshotai/kimi-k3\"}","timestamp":"2026-09-15T09:51:50.501Z"}

data: {"data":"⨯ SqliteError: database disk image is malformed","timestamp":"2026-09-15T09:51:52.977Z"}

data: {"data":"    at Object.all (.build/next/server/chunks/src_02l7t6d._.js:1:5218)","timestamp":"2026-09-15T09:51:52.977Z"}

data: {"data":"    at b (.build/next/server/chunks/_1-iqx09._.js:1:14800)","timestamp":"2026-09-15T09:51:52.977Z"}

data: {"data":"    at c (.build/next/server/chunks/[root-of-the-server]__1k_ba33._.js:1:11339)","timestamp":"2026-09-15T09:51:52.977Z"}

data: {"data":"    at async eR (.build/next/server/chunks/_15d2x83._.js:1:17203)","timestamp":"2026-09-15T09:51:52.977Z"}

data: {"data":"    at async e_ (.build/next/server/chunks/_15d2x83._.js:1:31954)","timestamp":"2026-09-15T09:51:52.977Z"}

data: {"data":"    at async eq (.build/next/server/chunks/_0gq2i23._.js:1:38291)","timestamp":"2026-09-15T09:51:52.977Z"}

data: {"data":"    at async eQ (.build/next/server/chunks/_0gq2i23._.js:1:33687)","timestamp":"2026-09-15T09:51:52.977Z"}

data: {"data":"    at async (.build/next/server/chunks/_0gq2i23._.js:1:52499) {","timestamp":"2026-09-15T09:51:52.977Z"}

data: {"data":"  code: 'SQLITE_CORRUPT'","timestamp":"2026-09-15T09:51:52.977Z"}

data: {"data":"}","timestamp":"2026-09-15T09:51:52.977Z"}

data: {"data":"{\"level\":30,\"time\":\"2026-09-15T09:51:52.963Z\",\"service\":\"omniroute\",\"module\":\"sse\",\"tag\":\"HTTP\",\"method\":\"POST\",\"path\":\"/v1/chat/completions | nvidia/moonshotai/kimi-k3 | 2 msgs\",\"msg\":\"📥 POST /v1/chat/completions | nvidia/moonshotai/kimi-k3 | 2 msgs\"}","timestamp":"2026-09-15T09:51:52.978Z"}

data: {"data":"{\"level\":30,\"time\":\"2026-09-15T09:51:52.974Z\",\"service\":\"omniroute\",\"module\":\"sse\",\"tag\":\"ROUTING\",\"msg\":\"Provider: nvidia, Model: moonshotai/kimi-k3\"}","timestamp":"2026-09-15T09:51:52.978Z"}

data: {"data":"⨯ SqliteError: database disk image is malformed","timestamp":"2026-09-15T09:51:55.432Z"}

data: {"data":"    at Object.all (.build/next/server/chunks/src_02l7t6d._.js:1:5218)","timestamp":"2026-09-15T09:51:55.432Z"}

data: {"data":"    at b (.build/next/server/chunks/_1-iqx09._.js:1:14800)","timestamp":"2026-09-15T09:51:55.432Z"}

data: {"data":"    at c (.build/next/server/chunks/[root-of-the-server]__1k_ba33._.js:1:11339)","timestamp":"2026-09-15T09:51:55.432Z"}

data: {"data":"    at async eR (.build/next/server/chunks/_15d2x83._.js:1:17203)","timestamp":"2026-09-15T09:51:55.432Z"}

data: {"data":"    at async e_ (.build/next/server/chunks/_15d2x83._.js:1:31954)","timestamp":"2026-09-15T09:51:55.432Z"}

data: {"data":"    at async eq (.build/next/server/chunks/_0gq2i23._.js:1:38291)","timestamp":"2026-09-15T09:51:55.432Z"}

data: {"data":"    at async eQ (.build/next/server/chunks/_0gq2i23._.js:1:33687)","timestamp":"2026-09-15T09:51:55.432Z"}

data: {"data":"    at async (.build/next/server/chunks/_0gq2i23._.js:1:52499) {","timestamp":"2026-09-15T09:51:55.432Z"}

data: {"data":"  code: 'SQLITE_CORRUPT'","timestamp":"2026-09-15T09:51:55.432Z"}

data: {"data":"}","timestamp":"2026-09-15T09:51:55.432Z"}

data: {"data":"{\"level\":30,\"time\":\"2026-09-15T09:51:55.418Z\",\"service\":\"omniroute\",\"module\":\"sse\",\"tag\":\"HTTP\",\"method\":\"POST\",\"path\":\"/v1/chat/completions | nvidia/moonshotai/kimi-k3 | 2 msgs\",\"msg\":\"📥 POST /v1/chat/completions | nvidia/moonshotai/kimi-k3 | 2 msgs\"}","timestamp":"2026-09-15T09:51:55.433Z"}

data: {"data":"{\"level\":30,\"time\":\"2026-09-15T09:51:55.429Z\",\"service\":\"omniroute\",\"module\":\"sse\",\"tag\":\"ROUTING\",\"msg\":\"Provider: nvidia, Model: moonshotai/kimi-k3\"}","timestamp":"2026-09-15T09:51:55.433Z"}

data: {"data":"⨯ SqliteError: database disk image is malformed","timestamp":"2026-09-15T09:51:57.796Z"}

data: {"data":"    at Object.all (.build/next/server/chunks/src_02l7t6d._.js:1:5218)","timestamp":"2026-09-15T09:51:57.796Z"}

data: {"data":"    at b (.build/next/server/chunks/_1-iqx09._.js:1:14800)","timestamp":"2026-09-15T09:51:57.796Z"}

data: {"data":"    at c (.build/next/server/chunks/[root-of-the-server]__1k_ba33._.js:1:11339)","timestamp":"2026-09-15T09:51:57.796Z"}

data: {"data":"    at async eR (.build/next/server/chunks/_15d2x83._.js:1:17203)","timestamp":"2026-09-15T09:51:57.796Z"}

data: {"data":"    at async e_ (.build/next/server/chunks/_15d2x83._.js:1:31954)","timestamp":"2026-09-15T09:51:57.796Z"}

data: {"data":"    at async eq (.build/next/server/chunks/_0gq2i23._.js:1:38291)","timestamp":"2026-09-15T09:51:57.796Z"}

data: {"data":"    at async eQ (.build/next/server/chunks/_0gq2i23._.js:1:33687)","timestamp":"2026-09-15T09:51:57.796Z"}

data: {"data":"    at async (.build/next/server/chunks/_0gq2i23._.js:1:52499) {","timestamp":"2026-09-15T09:51:57.796Z"}

data: {"data":"  code: 'SQLITE_CORRUPT'","timestamp":"2026-09-15T09:51:57.796Z"}

data: {"data":"}","timestamp":"2026-09-15T09:51:57.796Z"}

data: {"data":"{\"level\":30,\"time\":\"2026-09-15T09:51:57.779Z\",\"service\":\"omniroute\",\"module\":\"sse\",\"tag\":\"HTTP\",\"method\":\"POST\",\"path\":\"/v1/chat/completions | nvidia/moonshotai/kimi-k3 | 4 msgs | 24 tools\",\"msg\":\"📥 POST /v1/chat/completions | nvidia/moonshotai/kimi-k3 | 4 msgs | 24 tools\"}","timestamp":"2026-09-15T09:51:57.796Z"}

data: {"data":"{\"level\":30,\"time\":\"2026-09-15T09:51:57.793Z\",\"service\":\"omniroute\",\"module\":\"sse\",\"tag\":\"ROUTING\",\"msg\":\"Provider: nvidia, Model: moonshotai/kimi-k3\"}","timestamp":"2026-09-15T09:51:57.797Z"}

data: {"data":"⨯ SqliteError: database disk image is malformed","timestamp":"2026-09-15T09:52:00.214Z"}

data: {"data":"    at Object.all (.build/next/server/chunks/src_02l7t6d._.js:1:5218)","timestamp":"2026-09-15T09:52:00.215Z"}

data: {"data":"    at b (.build/next/server/chunks/_1-iqx09._.js:1:14800)","timestamp":"2026-09-15T09:52:00.215Z"}

data: {"data":"    at c (.build/next/server/chunks/[root-of-the-server]__1k_ba33._.js:1:11339)","timestamp":"2026-09-15T09:52:00.215Z"}

data: {"data":"    at async eR (.build/next/server/chunks/_15d2x83._.js:1:17203)","timestamp":"2026-09-15T09:52:00.215Z"}

data: {"data":"    at async e_ (.build/next/server/chunks/_15d2x83._.js:1:31954)","timestamp":"2026-09-15T09:52:00.215Z"}

data: {"data":"    at async eq (.build/next/server/chunks/_0gq2i23._.js:1:38291)","timestamp":"2026-09-15T09:52:00.215Z"}

data: {"data":"    at async eQ (.build/next/server/chunks/_0gq2i23._.js:1:33687)","timestamp":"2026-09-15T09:52:00.215Z"}

data: {"data":"    at async (.build/next/server/chunks/_0gq2i23._.js:1:52499) {","timestamp":"2026-09-15T09:52:00.215Z"}

data: {"data":"  code: 'SQLITE_CORRUPT'","timestamp":"2026-09-15T09:52:00.215Z"}

data: {"data":"}","timestamp":"2026-09-15T09:52:00.215Z"}

data: {"data":"{\"level\":30,\"time\":\"2026-09-15T09:52:00.199Z\",\"service\":\"omniroute\",\"module\":\"sse\",\"tag\":\"HTTP\",\"method\":\"POST\",\"path\":\"/v1/chat/completions | nvidia/moonshotai/kimi-k3 | 4 msgs | 24 tools\",\"msg\":\"📥 POST /v1/chat/completions | nvidia/moonshotai/kimi-k3 | 4 msgs | 24 tools\"}","timestamp":"2026-09-15T09:52:00.215Z"}

data: {"data":"{\"level\":30,\"time\":\"2026-09-15T09:52:00.211Z\",\"service\":\"omniroute\",\"module\":\"sse\",\"tag\":\"ROUTING\",\"msg\":\"Provider: nvidia, Model: moonshotai/kimi-k3\"}","timestamp":"2026-09-15T09:52:00.215Z"}

data: {"data":"[API ERROR] /api/usage/call-logs failed: SqliteError: database disk image is malformed","timestamp":"2026-09-15T09:52:00.726Z"}

data: {"data":"    at Object.all (.build/next/server/chunks/src_02l7t6d._.js:1:5218)","timestamp":"2026-09-15T09:52:00.726Z"}

data: {"data":"    at N (.build/next/server/chunks/src_1d9k4gu._.js:54:296)","timestamp":"2026-09-15T09:52:00.726Z"}

data: {"data":"    at R (.build/next/server/chunks/_0rnzd8a._.js:1:3761)","timestamp":"2026-09-15T09:52:00.726Z"}

data: {"data":"    at async Z (.build/next/server/chunks/_0rnzd8a._.js:1:7663)","timestamp":"2026-09-15T09:52:00.726Z"}

data: {"data":"    at async J (.build/next/server/chunks/_0rnzd8a._.js:1:8741)","timestamp":"2026-09-15T09:52:00.726Z"}

data: {"data":"    at async Module.b [as handler] (.build/next/server/chunks/_0rnzd8a._.js:1:10798) {","timestamp":"2026-09-15T09:52:00.726Z"}

data: {"data":"  code: 'SQLITE_CORRUPT'","timestamp":"2026-09-15T09:52:00.726Z"}

data: {"data":"}","timestamp":"2026-09-15T09:52:00.726Z"}

data: {"data":"⨯ SqliteError: database disk image is malformed","timestamp":"2026-09-15T09:52:06.136Z"}

data: {"data":"    at Object.all (.build/next/server/chunks/src_02l7t6d._.js:1:5218)","timestamp":"2026-09-15T09:52:06.136Z"}

data: {"data":"    at b (.build/next/server/chunks/_1-iqx09._.js:1:14800)","timestamp":"2026-09-15T09:52:06.136Z"}

data: {"data":"    at c (.build/next/server/chunks/[root-of-the-server]__1k_ba33._.js:1:11339)","timestamp":"2026-09-15T09:52:06.136Z"}

data: {"data":"    at async eR (.build/next/server/chunks/_15d2x83._.js:1:17203)","timestamp":"2026-09-15T09:52:06.136Z"}

data: {"data":"    at async e_ (.build/next/server/chunks/_15d2x83._.js:1:31954)","timestamp":"2026-09-15T09:52:06.136Z"}

data: {"data":"    at async eq (.build/next/server/chunks/_0gq2i23._.js:1:38291)","timestamp":"2026-09-15T09:52:06.136Z"}

data: {"data":"    at async eQ (.build/next/server/chunks/_0gq2i23._.js:1:33687)","timestamp":"2026-09-15T09:52:06.136Z"}

data: {"data":"    at async (.build/next/server/chunks/_0gq2i23._.js:1:52499) {","timestamp":"2026-09-15T09:52:06.136Z"}

data: {"data":"  code: 'SQLITE_CORRUPT'","timestamp":"2026-09-15T09:52:06.136Z"}

data: {"data":"}","timestamp":"2026-09-15T09:52:06.136Z"}

data: {"data":"{\"level\":30,\"time\":\"2026-09-15T09:52:06.120Z\",\"service\":\"omniroute\",\"module\":\"sse\",\"tag\":\"HTTP\",\"method\":\"POST\",\"path\":\"/v1/chat/completions | nvidia/moonshotai/kimi-k3 | 4 msgs | 24 tools\",\"msg\":\"📥 POST /v1/chat/completions | nvidia/moonshotai/kimi-k3 | 4 msgs | 24 tools\"}","timestamp":"2026-09-15T09:52:06.137Z"}

data: {"data":"{\"level\":30,\"time\":\"2026-09-15T09:52:06.132Z\",\"service\":\"omniroute\",\"module\":\"sse\",\"tag\":\"ROUTING\",\"msg\":\"Provider: nvidia, Model: moonshotai/kimi-k3\"}","timestamp":"2026-09-15T09:52:06.137Z"}

data: {"data":"[heapwatch] heapUsed=340MB heap_size_limit=4192MB pressure=0.081 rss=711MB shed_threshold=0.75","timestamp":"2026-09-15T09:52:08.847Z"}

data: {"data":"[heapwatch] heapUsed=8MB heap_size_limit=4192MB pressure=0.002 rss=711MB shed_threshold=0.75","timestamp":"2026-09-15T09:52:09.823Z"}

data: {"data":"[API ERROR] /api/usage/call-logs failed: SqliteError: database disk image is malformed","timestamp":"2026-09-15T09:52:10.716Z"}

data: {"data":"    at Object.all (.build/next/server/chunks/src_02l7t6d._.js:1:5218)","timestamp":"2026-09-15T09:52:10.716Z"}

data: {"data":"    at N (.build/next/server/chunks/src_1d9k4gu._.js:54:296)","timestamp":"2026-09-15T09:52:10.716Z"}

data: {"data":"    at R (.build/next/server/chunks/_0rnzd8a._.js:1:3761)","timestamp":"2026-09-15T09:52:10.716Z"}

data: {"data":"    at async Z (.build/next/server/chunks/_0rnzd8a._.js:1:7663)","timestamp":"2026-09-15T09:52:10.716Z"}

data: {"data":"    at async J (.build/next/server/chunks/_0rnzd8a._.js:1:8741)","timestamp":"2026-09-15T09:52:10.716Z"}

data: {"data":"    at async Module.b [as handler] (.build/next/server/chunks/_0rnzd8a._.js:1:10798) {","timestamp":"2026-09-15T09:52:10.716Z"}

data: {"data":"  code: 'SQLITE_CORRUPT'","timestamp":"2026-09-15T09:52:10.716Z"}

data: {"data":"}","timestamp":"2026-09-15T09:52:10.716Z"}

data: {"data":"[heapwatch] heapUsed=8MB heap_size_limit=4192MB pressure=0.002 rss=711MB shed_threshold=0.75","timestamp":"2026-09-15T09:52:14.117Z"}

data: {"data":"[heapwatch] heapUsed=8MB heap_size_limit=4192MB pressure=0.002 rss=711MB shed_threshold=0.75","timestamp":"2026-09-15T09:52:14.425Z"}

data: {"data":"[ConnectionRecovery] failed to load connections: database disk image is malformed","timestamp":"2026-09-15T09:52:26.117Z"}

data: {"data":"[heapwatch] heapUsed=341MB heap_size_limit=4192MB pressure=0.081 rss=662MB shed_threshold=0.75","timestamp":"2026-09-15T09:52:38.860Z"}

data: {"data":"[heapwatch] heapUsed=8MB heap_size_limit=4192MB pressure=0.002 rss=662MB shed_threshold=0.75","timestamp":"2026-09-15T09:52:39.827Z"}

data: {"data":"[heapwatch] heapUsed=8MB heap_size_limit=4192MB pressure=0.002 rss=651MB shed_threshold=0.75","timestamp":"2026-09-15T09:52:44.121Z"}

data: {"data":"[heapwatch] heapUsed=8MB heap_size_limit=4192MB pressure=0.002 rss=651MB shed_threshold=0.75","timestamp":"2026-09-15T09:52:44.430Z"}

data: {"data":"Error fetching providers: SqliteError: database disk image is malformed","timestamp":"2026-09-15T09:52:49.097Z"}

data: {"data":"    at Object.all (.build/next/server/chunks/src_02l7t6d._.js:1:5218)","timestamp":"2026-09-15T09:52:49.097Z"}

data: {"data":"    at b (.build/next/server/chunks/_1-iqx09._.js:1:14800)","timestamp":"2026-09-15T09:52:49.097Z"}

data: {"data":"    at x (.build/next/server/chunks/_1-iqx09._.js:1:14060)","timestamp":"2026-09-15T09:52:49.097Z"}

data: {"data":"    at S (.build/next/server/chunks/_0--ghm3._.js:1:819)","timestamp":"2026-09-15T09:52:49.097Z"}

data: {"data":"    at async J (.build/next/server/chunks/_0--ghm3._.js:1:10895)","timestamp":"2026-09-15T09:52:49.097Z"}

data: {"data":"    at async Q (.build/next/server/chunks/_0--ghm3._.js:1:11973)","timestamp":"2026-09-15T09:52:49.097Z"}

data: {"data":"    at async Module.A [as handler] (.build/next/server/chunks/_0--ghm3._.js:1:14030) {","timestamp":"2026-09-15T09:52:49.097Z"}

data: {"data":"  code: 'SQLITE_CORRUPT'","timestamp":"2026-09-15T09:52:49.097Z"}

data: {"data":"}","timestamp":"2026-09-15T09:52:49.097Z"}

data: {"data":"[catalog] Could not materialize built-in auto model auto/best-coding: SqliteError: database disk image is malformed","timestamp":"2026-09-15T09:52:49.445Z"}

data: {"data":"    at Object.all (.build/next/server/chunks/src_02l7t6d._.js:1:5218)","timestamp":"2026-09-15T09:52:49.445Z"}

data: {"data":"    at b (.build/next/server/chunks/_1-iqx09._.js:1:14800)","timestamp":"2026-09-15T09:52:49.445Z"}

data: {"data":"    at c (.build/next/server/chunks/[root-of-the-server]__1k_ba33._.js:1:11339)","timestamp":"2026-09-15T09:52:49.445Z"}

data: {"data":"    at async x (.build/next/server/chunks/_1-iqx09._.js:1:14007)","timestamp":"2026-09-15T09:52:49.445Z"}

data: {"data":"    at async o (.build/next/server/chunks/[root-of-the-server]__1k_ba33._.js:1:11146)","timestamp":"2026-09-15T09:52:49.445Z"}

data: {"data":"    at async R (.build/next/server/chunks/open-sse_services_autoCombo_09kyb4x._.js:1:5269)","timestamp":"2026-09-15T09:52:49.445Z"}

data: {"data":"    at async ef (.build/next/server/chunks/_1vsj0p2._.js:1:13529)","timestamp":"2026-09-15T09:52:49.445Z"}

data: {"data":"    at async ec (.build/next/server/chunks/_1vsj0p2._.js:1:5672) {","timestamp":"2026-09-15T09:52:49.445Z"}

data: {"data":"  code: 'SQLITE_CORRUPT'","timestamp":"2026-09-15T09:52:49.445Z"}

data: {"data":"}","timestamp":"2026-09-15T09:52:49.445Z"}

data: {"data":"[catalog] Could not materialize built-in auto model auto/best-reasoning: SqliteError: database disk image is malformed","timestamp":"2026-09-15T09:52:49.446Z"}

data: {"data":"    at Object.all (.build/next/server/chunks/src_02l7t6d._.js:1:5218)","timestamp":"2026-09-15T09:52:49.446Z"}

data: {"data":"    at b (.build/next/server/chunks/_1-iqx09._.js:1:14800)","timestamp":"2026-09-15T09:52:49.446Z"}

data: {"data":"    at c (.build/next/server/chunks/[root-of-the-server]__1k_ba33._.js:1:11339)","timestamp":"2026-09-15T09:52:49.446Z"}

data: {"data":"    at async x (.build/next/server/chunks/_1-iqx09._.js:1:14007)","timestamp":"2026-09-15T09:52:49.446Z"}

data: {"data":"    at async o (.build/next/server/chunks/[root-of-the-server]__1k_ba33._.js:1:11146)","timestamp":"2026-09-15T09:52:49.446Z"}

data: {"data":"    at async R (.build/next/server/chunks/open-sse_services_autoCombo_09kyb4x._.js:1:5269)","timestamp":"2026-09-15T09:52:49.446Z"}

data: {"data":"    at async ef (.build/next/server/chunks/_1vsj0p2._.js:1:13529)","timestamp":"2026-09-15T09:52:49.446Z"}

data: {"data":"    at async ec (.build/next/server/chunks/_1vsj0p2._.js:1:5672) {","timestamp":"2026-09-15T09:52:49.446Z"}

data: {"data":"  code: 'SQLITE_CORRUPT'","timestamp":"2026-09-15T09:52:49.446Z"}

data: {"data":"}","timestamp":"2026-09-15T09:52:49.446Z"}

data: {"data":"[catalog] Could not materialize built-in auto model auto/best-fast: SqliteError: database disk image is malformed","timestamp":"2026-09-15T09:52:49.447Z"}

data: {"data":"    at Object.all (.build/next/server/chunks/src_02l7t6d._.js:1:5218)","timestamp":"2026-09-15T09:52:49.447Z"}

data: {"data":"    at b (.build/next/server/chunks/_1-iqx09._.js:1:14800)","timestamp":"2026-09-15T09:52:49.447Z"}

data: {"data":"    at c (.build/next/server/chunks/[root-of-the-server]__1k_ba33._.js:1:11339)","timestamp":"2026-09-15T09:52:49.447Z"}

data: {"data":"    at async x (.build/next/server/chunks/_1-iqx09._.js:1:14007)","timestamp":"2026-09-15T09:52:49.447Z"}

data: {"data":"    at async o (.build/next/server/chunks/[root-of-the-server]__1k_ba33._.js:1:11146)","timestamp":"2026-09-15T09:52:49.447Z"}

data: {"data":"    at async R (.build/next/server/chunks/open-sse_services_autoCombo_09kyb4x._.js:1:5269)","timestamp":"2026-09-15T09:52:49.447Z"}

data: {"data":"    at async ef (.build/next/server/chunks/_1vsj0p2._.js:1:13529)","timestamp":"2026-09-15T09:52:49.447Z"}

data: {"data":"    at async ec (.build/next/server/chunks/_1vsj0p2._.js:1:5672) {","timestamp":"2026-09-15T09:52:49.447Z"}

data: {"data":"  code: 'SQLITE_CORRUPT'","timestamp":"2026-09-15T09:52:49.447Z"}

data: {"data":"}","timestamp":"2026-09-15T09:52:49.447Z"}

data: {"data":"[catalog] Could not materialize built-in auto model auto/best-vision: SqliteError: database disk image is malformed","timestamp":"2026-09-15T09:52:49.448Z"}

data: {"data":"    at Object.all (.build/next/server/chunks/src_02l7t6d._.js:1:5218)","timestamp":"2026-09-15T09:52:49.448Z"}

data: {"data":"    at b (.build/next/server/chunks/_1-iqx09._.js:1:14800)","timestamp":"2026-09-15T09:52:49.448Z"}

data: {"data":"    at c (.build/next/server/chunks/[root-of-the-server]__1k_ba33._.js:1:11339)","timestamp":"2026-09-15T09:52:49.448Z"}

data: {"data":"    at async x (.build/next/server/chunks/_1-iqx09._.js:1:14007)","timestamp":"2026-09-15T09:52:49.448Z"}

data: {"data":"    at async o (.build/next/server/chunks/[root-of-the-server]__1k_ba33._.js:1:11146)","timestamp":"2026-09-15T09:52:49.448Z"}

data: {"data":"    at async R (.build/next/server/chunks/open-sse_services_autoCombo_09kyb4x._.js:1:5269)","timestamp":"2026-09-15T09:52:49.448Z"}

data: {"data":"    at async ef (.build/next/server/chunks/_1vsj0p2._.js:1:13529)","timestamp":"2026-09-15T09:52:49.448Z"}

data: {"data":"    at async ec (.build/next/server/chunks/_1vsj0p2._.js:1:5672) {","timestamp":"2026-09-15T09:52:49.448Z"}

data: {"data":"  code: 'SQLITE_CORRUPT'","timestamp":"2026-09-15T09:52:49.448Z"}

data: {"data":"}","timestamp":"2026-09-15T09:52:49.448Z"}

data: {"data":"[catalog] Could not materialize built-in auto model auto/best-chat: SqliteError: database disk image is malformed","timestamp":"2026-09-15T09:52:49.449Z"}

data: {"data":"    at Object.all (.build/next/server/chunks/src_02l7t6d._.js:1:5218)","timestamp":"2026-09-15T09:52:49.449Z"}

data: {"data":"    at b (.build/next/server/chunks/_1-iqx09._.js:1:14800)","timestamp":"2026-09-15T09:52:49.449Z"}

data: {"data":"    at c (.build/next/server/chunks/[root-of-the-server]__1k_ba33._.js:1:11339)","timestamp":"2026-09-15T09:52:49.449Z"}

data: {"data":"    at async x (.build/next/server/chunks/_1-iqx09._.js:1:14007)","timestamp":"2026-09-15T09:52:49.449Z"}

data: {"data":"    at async o (.build/next/server/chunks/[root-of-the-server]__1k_ba33._.js:1:11146)","timestamp":"2026-09-15T09:52:49.449Z"}

data: {"data":"    at async R (.build/next/server/chunks/open-sse_services_autoCombo_09kyb4x._.js:1:5269)","timestamp":"2026-09-15T09:52:49.449Z"}

data: {"data":"    at async ef (.build/next/server/chunks/_1vsj0p2._.js:1:13529)","timestamp":"2026-09-15T09:52:49.449Z"}

data: {"data":"    at async ec (.build/next/server/chunks/_1vsj0p2._.js:1:5672) {","timestamp":"2026-09-15T09:52:49.449Z"}

data: {"data":"  code: 'SQLITE_CORRUPT'","timestamp":"2026-09-15T09:52:49.449Z"}

data: {"data":"}","timestamp":"2026-09-15T09:52:49.449Z"}

data: {"data":"[catalog] Could not materialize built-in auto model auto/best-coding-fast: SqliteError: database disk image is malformed","timestamp":"2026-09-15T09:52:49.450Z"}

data: {"data":"    at Object.all (.build/next/server/chunks/src_02l7t6d._.js:1:5218)","timestamp":"2026-09-15T09:52:49.450Z"}

data: {"data":"    at b (.build/next/server/chunks/_1-iqx09._.js:1:14800)","timestamp":"2026-09-15T09:52:49.450Z"}

data: {"data":"    at c (.build/next/server/chunks/[root-of-the-server]__1k_ba33._.js:1:11339)","timestamp":"2026-09-15T09:52:49.450Z"}

data: {"data":"    at async x (.build/next/server/chunks/_1-iqx09._.js:1:14007)","timestamp":"2026-09-15T09:52:49.450Z"}

data: {"data":"    at async o (.build/next/server/chunks/[root-of-the-server]__1k_ba33._.js:1:11146)","timestamp":"2026-09-15T09:52:49.450Z"}

data: {"data":"    at async R (.build/next/server/chunks/open-sse_services_autoCombo_09kyb4x._.js:1:5269)","timestamp":"2026-09-15T09:52:49.450Z"}

data: {"data":"    at async ef (.build/next/server/chunks/_1vsj0p2._.js:1:13529)","timestamp":"2026-09-15T09:52:49.450Z"}

data: {"data":"    at async ec (.build/next/server/chunks/_1vsj0p2._.js:1:5672) {","timestamp":"2026-09-15T09:52:49.450Z"}

data: {"data":"  code: 'SQLITE_CORRUPT'","timestamp":"2026-09-15T09:52:49.450Z"}

data: {"data":"}","timestamp":"2026-09-15T09:52:49.450Z"}

data: {"data":"[catalog] Could not materialize built-in auto model auto/pro-coding: SqliteError: database disk image is malformed","timestamp":"2026-09-15T09:52:49.451Z"}

data: {"data":"    at Object.all (.build/next/server/chunks/src_02l7t6d._.js:1:5218)","timestamp":"2026-09-15T09:52:49.451Z"}

data: {"data":"    at b (.build/next/server/chunks/_1-iqx09._.js:1:14800)","timestamp":"2026-09-15T09:52:49.451Z"}

data: {"data":"    at c (.build/next/server/chunks/[root-of-the-server]__1k_ba33._.js:1:11339)","timestamp":"2026-09-15T09:52:49.451Z"}

data: {"data":"    at async x (.build/next/server/chunks/_1-iqx09._.js:1:14007)","timestamp":"2026-09-15T09:52:49.451Z"}

data: {"data":"    at async o (.build/next/server/chunks/[root-of-the-server]__1k_ba33._.js:1:11146)","timestamp":"2026-09-15T09:52:49.451Z"}

data: {"data":"    at async R (.build/next/server/chunks/open-sse_services_autoCombo_09kyb4x._.js:1:5269)","timestamp":"2026-09-15T09:52:49.451Z"}

data: {"data":"    at async ef (.build/next/server/chunks/_1vsj0p2._.js:1:13529)","timestamp":"2026-09-15T09:52:49.451Z"}

data: {"data":"    at async ec (.build/next/server/chunks/_1vsj0p2._.js:1:5672) {","timestamp":"2026-09-15T09:52:49.451Z"}

data: {"data":"  code: 'SQLITE_CORRUPT'","timestamp":"2026-09-15T09:52:49.451Z"}

data: {"data":"}","timestamp":"2026-09-15T09:52:49.451Z"}

data: {"data":"[catalog] Could not materialize built-in auto model auto/pro-reasoning: SqliteError: database disk image is malformed","timestamp":"2026-09-15T09:52:49.452Z"}

data: {"data":"    at Object.all (.build/next/server/chunks/src_02l7t6d._.js:1:5218)","timestamp":"2026-09-15T09:52:49.452Z"}

data: {"data":"    at b (.build/next/server/chunks/_1-iqx09._.js:1:14800)","timestamp":"2026-09-15T09:52:49.452Z"}

data: {"data":"    at c (.build/next/server/chunks/[root-of-the-server]__1k_ba33._.js:1:11339)","timestamp":"2026-09-15T09:52:49.452Z"}

data: {"data":"    at async x (.build/next/server/chunks/_1-iqx09._.js:1:14007)","timestamp":"2026-09-15T09:52:49.452Z"}

data: {"data":"    at async o (.build/next/server/chunks/[root-of-the-server]__1k_ba33._.js:1:11146)","timestamp":"2026-09-15T09:52:49.452Z"}

data: {"data":"    at async R (.build/next/server/chunks/open-sse_services_autoCombo_09kyb4x._.js:1:5269)","timestamp":"2026-09-15T09:52:49.452Z"}

data: {"data":"    at async ef (.build/next/server/chunks/_1vsj0p2._.js:1:13529)","timestamp":"2026-09-15T09:52:49.452Z"}

data: {"data":"    at async ec (.build/next/server/chunks/_1vsj0p2._.js:1:5672) {","timestamp":"2026-09-15T09:52:49.452Z"}

data: {"data":"  code: 'SQLITE_CORRUPT'","timestamp":"2026-09-15T09:52:49.452Z"}

data: {"data":"}","timestamp":"2026-09-15T09:52:49.452Z"}

data: {"data":"[catalog] Could not materialize built-in auto model auto/pro-vision: SqliteError: database disk image is malformed","timestamp":"2026-09-15T09:52:49.453Z"}

data: {"data":"    at Object.all (.build/next/server/chunks/src_02l7t6d._.js:1:5218)","timestamp":"2026-09-15T09:52:49.453Z"}

data: {"data":"    at b (.build/next/server/chunks/_1-iqx09._.js:1:14800)","timestamp":"2026-09-15T09:52:49.453Z"}

data: {"data":"    at c (.build/next/server/chunks/[root-of-the-server]__1k_ba33._.js:1:11339)","timestamp":"2026-09-15T09:52:49.453Z"}

data: {"data":"    at async x (.build/next/server/chunks/_1-iqx09._.js:1:14007)","timestamp":"2026-09-15T09:52:49.453Z"}

data: {"data":"    at async o (.build/next/server/chunks/[root-of-the-server]__1k_ba33._.js:1:11146)","timestamp":"2026-09-15T09:52:49.453Z"}

data: {"data":"    at async R (.build/next/server/chunks/open-sse_services_autoCombo_09kyb4x._.js:1:5269)","timestamp":"2026-09-15T09:52:49.453Z"}

data: {"data":"    at async ef (.build/next/server/chunks/_1vsj0p2._.js:1:13529)","timestamp":"2026-09-15T09:52:49.453Z"}

data: {"data":"    at async ec (.build/next/server/chunks/_1vsj0p2._.js:1:5672) {","timestamp":"2026-09-15T09:52:49.453Z"}

data: {"data":"  code: 'SQLITE_CORRUPT'","timestamp":"2026-09-15T09:52:49.453Z"}

data: {"data":"}","timestamp":"2026-09-15T09:52:49.453Z"}

data: {"data":"[catalog] Could not materialize built-in auto model auto/pro-chat: SqliteError: database disk image is malformed","timestamp":"2026-09-15T09:52:49.453Z"}

data: {"data":"    at Object.all (.build/next/server/chunks/src_02l7t6d._.js:1:5218)","timestamp":"2026-09-15T09:52:49.453Z"}

data: {"data":"    at b (.build/next/server/chunks/_1-iqx09._.js:1:14800)","timestamp":"2026-09-15T09:52:49.453Z"}

data: {"data":"    at c (.build/next/server/chunks/[root-of-the-server]__1k_ba33._.js:1:11339)","timestamp":"2026-09-15T09:52:49.453Z"}

data: {"data":"    at async x (.build/next/server/chunks/_1-iqx09._.js:1:14007)","timestamp":"2026-09-15T09:52:49.453Z"}

data: {"data":"    at async o (.build/next/server/chunks/[root-of-the-server]__1k_ba33._.js:1:11146)","timestamp":"2026-09-15T09:52:49.453Z"}

data: {"data":"    at async R (.build/next/server/chunks/open-sse_services_autoCombo_09kyb4x._.js:1:5269)","timestamp":"2026-09-15T09:52:49.453Z"}

data: {"data":"    at async ef (.build/next/server/chunks/_1vsj0p2._.js:1:13529)","timestamp":"2026-09-15T09:52:49.453Z"}

data: {"data":"    at async ec (.build/next/server/chunks/_1vsj0p2._.js:1:5672) {","timestamp":"2026-09-15T09:52:49.453Z"}

data: {"data":"  code: 'SQLITE_CORRUPT'","timestamp":"2026-09-15T09:52:49.453Z"}

data: {"data":"}","timestamp":"2026-09-15T09:52:49.453Z"}

data: {"data":"[catalog] Could not materialize built-in auto model auto/pro-fast: SqliteError: database disk image is malformed","timestamp":"2026-09-15T09:52:49.454Z"}

data: {"data":"    at Object.all (.build/next/server/chunks/src_02l7t6d._.js:1:5218)","timestamp":"2026-09-15T09:52:49.454Z"}

data: {"data":"    at b (.build/next/server/chunks/_1-iqx09._.js:1:14800)","timestamp":"2026-09-15T09:52:49.454Z"}

data: {"data":"    at c (.build/next/server/chunks/[root-of-the-server]__1k_ba33._.js:1:11339)","timestamp":"2026-09-15T09:52:49.454Z"}

data: {"data":"    at async x (.build/next/server/chunks/_1-iqx09._.js:1:14007)","timestamp":"2026-09-15T09:52:49.454Z"}

data: {"data":"    at async o (.build/next/server/chunks/[root-of-the-server]__1k_ba33._.js:1:11146)","timestamp":"2026-09-15T09:52:49.454Z"}

data: {"data":"    at async R (.build/next/server/chunks/open-sse_services_autoCombo_09kyb4x._.js:1:5269)","timestamp":"2026-09-15T09:52:49.454Z"}

data: {"data":"    at async ef (.build/next/server/chunks/_1vsj0p2._.js:1:13529)","timestamp":"2026-09-15T09:52:49.454Z"}

data: {"data":"    at async ec (.build/next/server/chunks/_1vsj0p2._.js:1:5672) {","timestamp":"2026-09-15T09:52:49.454Z"}

data: {"data":"  code: 'SQLITE_CORRUPT'","timestamp":"2026-09-15T09:52:49.454Z"}

data: {"data":"}","timestamp":"2026-09-15T09:52:49.454Z"}

data: {"data":"[catalog] Could not materialize built-in auto model auto/coding: SqliteError: database disk image is malformed","timestamp":"2026-09-15T09:52:49.455Z"}

data: {"data":"    at Object.all (.build/next/server/chunks/src_02l7t6d._.js:1:5218)","timestamp":"2026-09-15T09:52:49.455Z"}

data: {"data":"    at b (.build/next/server/chunks/_1-iqx09._.js:1:14800)","timestamp":"2026-09-15T09:52:49.455Z"}

data: {"data":"    at c (.build/next/server/chunks/[root-of-the-server]__1k_ba33._.js:1:11339)","timestamp":"2026-09-15T09:52:49.455Z"}

data: {"data":"    at async x (.build/next/server/chunks/_1-iqx09._.js:1:14007)","timestamp":"2026-09-15T09:52:49.455Z"}

data: {"data":"    at async o (.build/next/server/chunks/[root-of-the-server]__1k_ba33._.js:1:11146)","timestamp":"2026-09-15T09:52:49.455Z"}

data: {"data":"    at async R (.build/next/server/chunks/open-sse_services_autoCombo_09kyb4x._.js:1:5269)","timestamp":"2026-09-15T09:52:49.455Z"}

data: {"data":"    at async ef (.build/next/server/chunks/_1vsj0p2._.js:1:13529)","timestamp":"2026-09-15T09:52:49.455Z"}

data: {"data":"    at async ec (.build/next/server/chunks/_1vsj0p2._.js:1:5672) {","timestamp":"2026-09-15T09:52:49.455Z"}

data: {"data":"  code: 'SQLITE_CORRUPT'","timestamp":"2026-09-15T09:52:49.455Z"}

data: {"data":"}","timestamp":"2026-09-15T09:52:49.455Z"}

data: {"data":"[catalog] Could not materialize built-in auto model auto/fast: SqliteError: database disk image is malformed","timestamp":"2026-09-15T09:52:49.456Z"}

data: {"data":"    at Object.all (.build/next/server/chunks/src_02l7t6d._.js:1:5218)","timestamp":"2026-09-15T09:52:49.456Z"}

data: {"data":"    at b (.build/next/server/chunks/_1-iqx09._.js:1:14800)","timestamp":"2026-09-15T09:52:49.456Z"}

data: {"data":"    at c (.build/next/server/chunks/[root-of-the-server]__1k_ba33._.js:1:11339)","timestamp":"2026-09-15T09:52:49.456Z"}

data: {"data":"    at async x (.build/next/server/chunks/_1-iqx09._.js:1:14007)","timestamp":"2026-09-15T09:52:49.456Z"}

data: {"data":"    at async o (.build/next/server/chunks/[root-of-the-server]__1k_ba33._.js:1:11146)","timestamp":"2026-09-15T09:52:49.456Z"}

data: {"data":"    at async R (.build/next/server/chunks/open-sse_services_autoCombo_09kyb4x._.js:1:5269)","timestamp":"2026-09-15T09:52:49.456Z"}

data: {"data":"    at async ef (.build/next/server/chunks/_1vsj0p2._.js:1:13529)","timestamp":"2026-09-15T09:52:49.456Z"}

data: {"data":"    at async ec (.build/next/server/chunks/_1vsj0p2._.js:1:5672) {","timestamp":"2026-09-15T09:52:49.456Z"}

data: {"data":"  code: 'SQLITE_CORRUPT'","timestamp":"2026-09-15T09:52:49.456Z"}

data: {"data":"}","timestamp":"2026-09-15T09:52:49.456Z"}

data: {"data":"[catalog] Could not materialize built-in auto model auto/chat: SqliteError: database disk image is malformed","timestamp":"2026-09-15T09:52:49.457Z"}

data: {"data":"    at Object.all (.build/next/server/chunks/src_02l7t6d._.js:1:5218)","timestamp":"2026-09-15T09:52:49.457Z"}

data: {"data":"    at b (.build/next/server/chunks/_1-iqx09._.js:1:14800)","timestamp":"2026-09-15T09:52:49.457Z"}

data: {"data":"    at c (.build/next/server/chunks/[root-of-the-server]__1k_ba33._.js:1:11339)","timestamp":"2026-09-15T09:52:49.457Z"}

data: {"data":"    at async x (.build/next/server/chunks/_1-iqx09._.js:1:14007)","timestamp":"2026-09-15T09:52:49.457Z"}

data: {"data":"    at async o (.build/next/server/chunks/[root-of-the-server]__1k_ba33._.js:1:11146)","timestamp":"2026-09-15T09:52:49.457Z"}

data: {"data":"    at async R (.build/next/server/chunks/open-sse_services_autoCombo_09kyb4x._.js:1:5269)","timestamp":"2026-09-15T09:52:49.457Z"}

data: {"data":"    at async ef (.build/next/server/chunks/_1vsj0p2._.js:1:13529)","timestamp":"2026-09-15T09:52:49.457Z"}

data: {"data":"    at async ec (.build/next/server/chunks/_1vsj0p2._.js:1:5672) {","timestamp":"2026-09-15T09:52:49.457Z"}

data: {"data":"  code: 'SQLITE_CORRUPT'","timestamp":"2026-09-15T09:52:49.457Z"}

data: {"data":"}","timestamp":"2026-09-15T09:52:49.457Z"}

data: {"data":"[catalog] Could not materialize built-in auto model auto/cheap: SqliteError: database disk image is malformed","timestamp":"2026-09-15T09:52:49.458Z"}

data: {"data":"    at Object.all (.build/next/server/chunks/src_02l7t6d._.js:1:5218)","timestamp":"2026-09-15T09:52:49.458Z"}

data: {"data":"    at b (.build/next/server/chunks/_1-iqx09._.js:1:14800)","timestamp":"2026-09-15T09:52:49.458Z"}

data: {"data":"    at c (.build/next/server/chunks/[root-of-the-server]__1k_ba33._.js:1:11339)","timestamp":"2026-09-15T09:52:49.458Z"}

data: {"data":"    at async x (.build/next/server/chunks/_1-iqx09._.js:1:14007)","timestamp":"2026-09-15T09:52:49.458Z"}

data: {"data":"    at async o (.build/next/server/chunks/[root-of-the-server]__1k_ba33._.js:1:11146)","timestamp":"2026-09-15T09:52:49.458Z"}

data: {"data":"    at async R (.build/next/server/chunks/open-sse_services_autoCombo_09kyb4x._.js:1:5269)","timestamp":"2026-09-15T09:52:49.458Z"}

data: {"data":"    at async ef (.build/next/server/chunks/_1vsj0p2._.js:1:13529)","timestamp":"2026-09-15T09:52:49.458Z"}

data: {"data":"    at async ec (.build/next/server/chunks/_1vsj0p2._.js:1:5672) {","timestamp":"2026-09-15T09:52:49.458Z"}

data: {"data":"  code: 'SQLITE_CORRUPT'","timestamp":"2026-09-15T09:52:49.458Z"}

data: {"data":"}","timestamp":"2026-09-15T09:52:49.458Z"}

data: {"data":"[catalog] Could not materialize built-in auto model auto/offline: SqliteError: database disk image is malformed","timestamp":"2026-09-15T09:52:49.459Z"}

data: {"data":"    at Object.all (.build/next/server/chunks/src_02l7t6d._.js:1:5218)","timestamp":"2026-09-15T09:52:49.459Z"}

data: {"data":"    at b (.build/next/server/chunks/_1-iqx09._.js:1:14800)","timestamp":"2026-09-15T09:52:49.459Z"}

data: {"data":"    at c (.build/next/server/chunks/[root-of-the-server]__1k_ba33._.js:1:11339)","timestamp":"2026-09-15T09:52:49.459Z"}

data: {"data":"    at async x (.build/next/server/chunks/_1-iqx09._.js:1:14007)","timestamp":"2026-09-15T09:52:49.459Z"}

data: {"data":"    at async o (.build/next/server/chunks/[root-of-the-server]__1k_ba33._.js:1:11146)","timestamp":"2026-09-15T09:52:49.459Z"}

data: {"data":"    at async R (.build/next/server/chunks/open-sse_services_autoCombo_09kyb4x._.js:1:5269)","timestamp":"2026-09-15T09:52:49.459Z"}

data: {"data":"    at async ef (.build/next/server/chunks/_1vsj0p2._.js:1:13529)","timestamp":"2026-09-15T09:52:49.459Z"}

data: {"data":"    at async ec (.build/next/server/chunks/_1vsj0p2._.js:1:5672) {","timestamp":"2026-09-15T09:52:49.459Z"}

data: {"data":"  code: 'SQLITE_CORRUPT'","timestamp":"2026-09-15T09:52:49.459Z"}

data: {"data":"}","timestamp":"2026-09-15T09:52:49.459Z"}

data: {"data":"[catalog] Could not materialize built-in auto model auto/smart: SqliteError: database disk image is malformed","timestamp":"2026-09-15T09:52:49.460Z"}

data: {"data":"    at Object.all (.build/next/server/chunks/src_02l7t6d._.js:1:5218)","timestamp":"2026-09-15T09:52:49.460Z"}

data: {"data":"    at b (.build/next/server/chunks/_1-iqx09._.js:1:14800)","timestamp":"2026-09-15T09:52:49.460Z"}

data: {"data":"    at c (.build/next/server/chunks/[root-of-the-server]__1k_ba33._.js:1:11339)","timestamp":"2026-09-15T09:52:49.460Z"}

data: {"data":"    at async x (.build/next/server/chunks/_1-iqx09._.js:1:14007)","timestamp":"2026-09-15T09:52:49.460Z"}

data: {"data":"    at async o (.build/next/server/chunks/[root-of-the-server]__1k_ba33._.js:1:11146)","timestamp":"2026-09-15T09:52:49.460Z"}

data: {"data":"    at async R (.build/next/server/chunks/open-sse_services_autoCombo_09kyb4x._.js:1:5269)","timestamp":"2026-09-15T09:52:49.460Z"}

data: {"data":"    at async ef (.build/next/server/chunks/_1vsj0p2._.js:1:13529)","timestamp":"2026-09-15T09:52:49.460Z"}

data: {"data":"    at async ec (.build/next/server/chunks/_1vsj0p2._.js:1:5672) {","timestamp":"2026-09-15T09:52:49.460Z"}

data: {"data":"  code: 'SQLITE_CORRUPT'","timestamp":"2026-09-15T09:52:49.460Z"}

data: {"data":"}","timestamp":"2026-09-15T09:52:49.460Z"}

data: {"data":"[catalog] Could not materialize built-in auto model auto/claude-opus: SqliteError: database disk image is malformed","timestamp":"2026-09-15T09:52:49.461Z"}

data: {"data":"    at Object.all (.build/next/server/chunks/src_02l7t6d._.js:1:5218)","timestamp":"2026-09-15T09:52:49.461Z"}

data: {"data":"    at b (.build/next/server/chunks/_1-iqx09._.js:1:14800)","timestamp":"2026-09-15T09:52:49.461Z"}

data: {"data":"    at c (.build/next/server/chunks/[root-of-the-server]__1k_ba33._.js:1:11339)","timestamp":"2026-09-15T09:52:49.461Z"}

data: {"data":"    at async x (.build/next/server/chunks/_1-iqx09._.js:1:14007)","timestamp":"2026-09-15T09:52:49.461Z"}

data: {"data":"    at async o (.build/next/server/chunks/[root-of-the-server]__1k_ba33._.js:1:11146)","timestamp":"2026-09-15T09:52:49.461Z"}

data: {"data":"    at async R (.build/next/server/chunks/open-sse_services_autoCombo_09kyb4x._.js:1:5269)","timestamp":"2026-09-15T09:52:49.461Z"}

data: {"data":"    at async ef (.build/next/server/chunks/_1vsj0p2._.js:1:13529)","timestamp":"2026-09-15T09:52:49.461Z"}

data: {"data":"    at async ec (.build/next/server/chunks/_1vsj0p2._.js:1:5672) {","timestamp":"2026-09-15T09:52:49.461Z"}

data: {"data":"  code: 'SQLITE_CORRUPT'","timestamp":"2026-09-15T09:52:49.461Z"}

data: {"data":"}","timestamp":"2026-09-15T09:52:49.461Z"}

data: {"data":"[catalog] Could not materialize built-in auto model auto/claude-sonnet: SqliteError: database disk image is malformed","timestamp":"2026-09-15T09:52:49.462Z"}

data: {"data":"    at Object.all (.build/next/server/chunks/src_02l7t6d._.js:1:5218)","timestamp":"2026-09-15T09:52:49.462Z"}

data: {"data":"    at b (.build/next/server/chunks/_1-iqx09._.js:1:14800)","timestamp":"2026-09-15T09:52:49.462Z"}

data: {"data":"    at c (.build/next/server/chunks/[root-of-the-server]__1k_ba33._.js:1:11339)","timestamp":"2026-09-15T09:52:49.462Z"}

data: {"data":"    at async x (.build/next/server/chunks/_1-iqx09._.js:1:14007)","timestamp":"2026-09-15T09:52:49.462Z"}

data: {"data":"    at async o (.build/next/server/chunks/[root-of-the-server]__1k_ba33._.js:1:11146)","timestamp":"2026-09-15T09:52:49.462Z"}

data: {"data":"    at async R (.build/next/server/chunks/open-sse_services_autoCombo_09kyb4x._.js:1:5269)","timestamp":"2026-09-15T09:52:49.462Z"}

data: {"data":"    at async ef (.build/next/server/chunks/_1vsj0p2._.js:1:13529)","timestamp":"2026-09-15T09:52:49.462Z"}

data: {"data":"    at async ec (.build/next/server/chunks/_1vsj0p2._.js:1:5672) {","timestamp":"2026-09-15T09:52:49.462Z"}

data: {"data":"  code: 'SQLITE_CORRUPT'","timestamp":"2026-09-15T09:52:49.462Z"}

data: {"data":"}","timestamp":"2026-09-15T09:52:49.462Z"}

data: {"data":"[catalog] Could not materialize built-in auto model auto/best-free: SqliteError: database disk image is malformed","timestamp":"2026-09-15T09:52:49.463Z"}

data: {"data":"    at Object.all (.build/next/server/chunks/src_02l7t6d._.js:1:5218)","timestamp":"2026-09-15T09:52:49.463Z"}

data: {"data":"    at b (.build/next/server/chunks/_1-iqx09._.js:1:14800)","timestamp":"2026-09-15T09:52:49.463Z"}

data: {"data":"    at c (.build/next/server/chunks/[root-of-the-server]__1k_ba33._.js:1:11339)","timestamp":"2026-09-15T09:52:49.463Z"}

data: {"data":"    at async x (.build/next/server/chunks/_1-iqx09._.js:1:14007)","timestamp":"2026-09-15T09:52:49.463Z"}

data: {"data":"    at async o (.build/next/server/chunks/[root-of-the-server]__1k_ba33._.js:1:11146)","timestamp":"2026-09-15T09:52:49.463Z"}

data: {"data":"    at async R (.build/next/server/chunks/open-sse_services_autoCombo_09kyb4x._.js:1:5269)","timestamp":"2026-09-15T09:52:49.463Z"}

data: {"data":"    at async ef (.build/next/server/chunks/_1vsj0p2._.js:1:13529)","timestamp":"2026-09-15T09:52:49.463Z"}

data: {"data":"    at async ec (.build/next/server/chunks/_1vsj0p2._.js:1:5672) {","timestamp":"2026-09-15T09:52:49.463Z"}

data: {"data":"  code: 'SQLITE_CORRUPT'","timestamp":"2026-09-15T09:52:49.463Z"}

data: {"data":"}","timestamp":"2026-09-15T09:52:49.463Z"}

data: {"data":"[catalog] Could not materialize built-in auto model auto/best-chaos: SqliteError: database disk image is malformed","timestamp":"2026-09-15T09:52:49.464Z"}

data: {"data":"    at Object.all (.build/next/server/chunks/src_02l7t6d._.js:1:5218)","timestamp":"2026-09-15T09:52:49.464Z"}

data: {"data":"    at b (.build/next/server/chunks/_1-iqx09._.js:1:14800)","timestamp":"2026-09-15T09:52:49.464Z"}

data: {"data":"    at c (.build/next/server/chunks/[root-of-the-server]__1k_ba33._.js:1:11339)","timestamp":"2026-09-15T09:52:49.464Z"}

data: {"data":"    at async x (.build/next/server/chunks/_1-iqx09._.js:1:14007)","timestamp":"2026-09-15T09:52:49.464Z"}

data: {"data":"    at async o (.build/next/server/chunks/[root-of-the-server]__1k_ba33._.js:1:11146)","timestamp":"2026-09-15T09:52:49.464Z"}

data: {"data":"    at async R (.build/next/server/chunks/open-sse_services_autoCombo_09kyb4x._.js:1:5269)","timestamp":"2026-09-15T09:52:49.464Z"}

data: {"data":"    at async ef (.build/next/server/chunks/_1vsj0p2._.js:1:13529)","timestamp":"2026-09-15T09:52:49.464Z"}

data: {"data":"    at async ec (.build/next/server/chunks/_1vsj0p2._.js:1:5672) {","timestamp":"2026-09-15T09:52:49.464Z"}

data: {"data":"  code: 'SQLITE_CORRUPT'","timestamp":"2026-09-15T09:52:49.464Z"}

data: {"data":"}","timestamp":"2026-09-15T09:52:49.464Z"}

data: {"data":"[catalog] Could not materialize built-in auto model auto/chaos: SqliteError: database disk image is malformed","timestamp":"2026-09-15T09:52:49.465Z"}

data: {"data":"    at Object.all (.build/next/server/chunks/src_02l7t6d._.js:1:5218)","timestamp":"2026-09-15T09:52:49.465Z"}

data: {"data":"    at b (.build/next/server/chunks/_1-iqx09._.js:1:14800)","timestamp":"2026-09-15T09:52:49.465Z"}

data: {"data":"    at c (.build/next/server/chunks/[root-of-the-server]__1k_ba33._.js:1:11339)","timestamp":"2026-09-15T09:52:49.465Z"}

data: {"data":"    at async x (.build/next/server/chunks/_1-iqx09._.js:1:14007)","timestamp":"2026-09-15T09:52:49.465Z"}

data: {"data":"    at async o (.build/next/server/chunks/[root-of-the-server]__1k_ba33._.js:1:11146)","timestamp":"2026-09-15T09:52:49.465Z"}

data: {"data":"    at async R (.build/next/server/chunks/open-sse_services_autoCombo_09kyb4x._.js:1:5269)","timestamp":"2026-09-15T09:52:49.465Z"}

data: {"data":"    at async ef (.build/next/server/chunks/_1vsj0p2._.js:1:13529)","timestamp":"2026-09-15T09:52:49.465Z"}

data: {"data":"    at async ec (.build/next/server/chunks/_1vsj0p2._.js:1:5672) {","timestamp":"2026-09-15T09:52:49.465Z"}

data: {"data":"  code: 'SQLITE_CORRUPT'","timestamp":"2026-09-15T09:52:49.465Z"}

data: {"data":"}","timestamp":"2026-09-15T09:52:49.465Z"}

data: {"data":"[catalog] Could not materialize built-in auto model auto/coding:fast: SqliteError: database disk image is malformed","timestamp":"2026-09-15T09:52:49.466Z"}

data: {"data":"    at Object.all (.build/next/server/chunks/src_02l7t6d._.js:1:5218)","timestamp":"2026-09-15T09:52:49.466Z"}

data: {"data":"    at b (.build/next/server/chunks/_1-iqx09._.js:1:14800)","timestamp":"2026-09-15T09:52:49.466Z"}

data: {"data":"    at c (.build/next/server/chunks/[root-of-the-server]__1k_ba33._.js:1:11339)","timestamp":"2026-09-15T09:52:49.466Z"}

data: {"data":"    at async x (.build/next/server/chunks/_1-iqx09._.js:1:14007)","timestamp":"2026-09-15T09:52:49.466Z"}

data: {"data":"    at async o (.build/next/server/chunks/[root-of-the-server]__1k_ba33._.js:1:11146)","timestamp":"2026-09-15T09:52:49.466Z"}

data: {"data":"    at async R (.build/next/server/chunks/open-sse_services_autoCombo_09kyb4x._.js:1:5269)","timestamp":"2026-09-15T09:52:49.466Z"}

data: {"data":"    at async ef (.build/next/server/chunks/_1vsj0p2._.js:1:13529)","timestamp":"2026-09-15T09:52:49.466Z"}

data: {"data":"    at async ec (.build/next/server/chunks/_1vsj0p2._.js:1:5672) {","timestamp":"2026-09-15T09:52:49.466Z"}

data: {"data":"  code: 'SQLITE_CORRUPT'","timestamp":"2026-09-15T09:52:49.466Z"}

data: {"data":"}","timestamp":"2026-09-15T09:52:49.466Z"}

data: {"data":"[catalog] Could not materialize built-in auto model auto/coding:cheap: SqliteError: database disk image is malformed","timestamp":"2026-09-15T09:52:49.467Z"}

data: {"data":"    at Object.all (.build/next/server/chunks/src_02l7t6d._.js:1:5218)","timestamp":"2026-09-15T09:52:49.467Z"}

data: {"data":"    at b (.build/next/server/chunks/_1-iqx09._.js:1:14800)","timestamp":"2026-09-15T09:52:49.467Z"}

data: {"data":"    at c (.build/next/server/chunks/[root-of-the-server]__1k_ba33._.js:1:11339)","timestamp":"2026-09-15T09:52:49.467Z"}

data: {"data":"    at async x (.build/next/server/chunks/_1-iqx09._.js:1:14007)","timestamp":"2026-09-15T09:52:49.467Z"}

data: {"data":"    at async o (.build/next/server/chunks/[root-of-the-server]__1k_ba33._.js:1:11146)","timestamp":"2026-09-15T09:52:49.467Z"}

data: {"data":"    at async R (.build/next/server/chunks/open-sse_services_autoCombo_09kyb4x._.js:1:5269)","timestamp":"2026-09-15T09:52:49.467Z"}

data: {"data":"    at async ef (.build/next/server/chunks/_1vsj0p2._.js:1:13529)","timestamp":"2026-09-15T09:52:49.467Z"}

data: {"data":"    at async ec (.build/next/server/chunks/_1vsj0p2._.js:1:5672) {","timestamp":"2026-09-15T09:52:49.467Z"}

data: {"data":"  code: 'SQLITE_CORRUPT'","timestamp":"2026-09-15T09:52:49.467Z"}

data: {"data":"}","timestamp":"2026-09-15T09:52:49.467Z"}

data: {"data":"[catalog] Could not materialize built-in auto model auto/coding:free: SqliteError: database disk image is malformed","timestamp":"2026-09-15T09:52:49.468Z"}

data: {"data":"    at Object.all (.build/next/server/chunks/src_02l7t6d._.js:1:5218)","timestamp":"2026-09-15T09:52:49.468Z"}

data: {"data":"    at b (.build/next/server/chunks/_1-iqx09._.js:1:14800)","timestamp":"2026-09-15T09:52:49.468Z"}

data: {"data":"    at c (.build/next/server/chunks/[root-of-the-server]__1k_ba33._.js:1:11339)","timestamp":"2026-09-15T09:52:49.468Z"}

data: {"data":"    at async x (.build/next/server/chunks/_1-iqx09._.js:1:14007)","timestamp":"2026-09-15T09:52:49.468Z"}

data: {"data":"    at async o (.build/next/server/chunks/[root-of-the-server]__1k_ba33._.js:1:11146)","timestamp":"2026-09-15T09:52:49.468Z"}

data: {"data":"    at async R (.build/next/server/chunks/open-sse_services_autoCombo_09kyb4x._.js:1:5269)","timestamp":"2026-09-15T09:52:49.468Z"}

data: {"data":"    at async ef (.build/next/server/chunks/_1vsj0p2._.js:1:13529)","timestamp":"2026-09-15T09:52:49.468Z"}

data: {"data":"    at async ec (.build/next/server/chunks/_1vsj0p2._.js:1:5672) {","timestamp":"2026-09-15T09:52:49.468Z"}

data: {"data":"  code: 'SQLITE_CORRUPT'","timestamp":"2026-09-15T09:52:49.468Z"}

data: {"data":"}","timestamp":"2026-09-15T09:52:49.468Z"}

data: {"data":"[catalog] Could not materialize built-in auto model auto/coding:pro: SqliteError: database disk image is malformed","timestamp":"2026-09-15T09:52:49.469Z"}

data: {"data":"    at Object.all (.build/next/server/chunks/src_02l7t6d._.js:1:5218)","timestamp":"2026-09-15T09:52:49.469Z"}

data: {"data":"    at b (.build/next/server/chunks/_1-iqx09._.js:1:14800)","timestamp":"2026-09-15T09:52:49.469Z"}

data: {"data":"    at c (.build/next/server/chunks/[root-of-the-server]__1k_ba33._.js:1:11339)","timestamp":"2026-09-15T09:52:49.469Z"}

data: {"data":"    at async x (.build/next/server/chunks/_1-iqx09._.js:1:14007)","timestamp":"2026-09-15T09:52:49.469Z"}

data: {"data":"    at async o (.build/next/server/chunks/[root-of-the-server]__1k_ba33._.js:1:11146)","timestamp":"2026-09-15T09:52:49.469Z"}

data: {"data":"    at async R (.build/next/server/chunks/open-sse_services_autoCombo_09kyb4x._.js:1:5269)","timestamp":"2026-09-15T09:52:49.469Z"}

data: {"data":"    at async ef (.build/next/server/chunks/_1vsj0p2._.js:1:13529)","timestamp":"2026-09-15T09:52:49.469Z"}

data: {"data":"    at async ec (.build/next/server/chunks/_1vsj0p2._.js:1:5672) {","timestamp":"2026-09-15T09:52:49.469Z"}

data: {"data":"  code: 'SQLITE_CORRUPT'","timestamp":"2026-09-15T09:52:49.469Z"}

data: {"data":"}","timestamp":"2026-09-15T09:52:49.469Z"}

data: {"data":"[catalog] Could not materialize built-in auto model auto/coding:reliable: SqliteError: database disk image is malformed","timestamp":"2026-09-15T09:52:49.470Z"}

data: {"data":"    at Object.all (.build/next/server/chunks/src_02l7t6d._.js:1:5218)","timestamp":"2026-09-15T09:52:49.470Z"}

data: {"data":"    at b (.build/next/server/chunks/_1-iqx09._.js:1:14800)","timestamp":"2026-09-15T09:52:49.470Z"}

data: {"data":"    at c (.build/next/server/chunks/[root-of-the-server]__1k_ba33._.js:1:11339)","timestamp":"2026-09-15T09:52:49.470Z"}

data: {"data":"    at async x (.build/next/server/chunks/_1-iqx09._.js:1:14007)","timestamp":"2026-09-15T09:52:49.470Z"}

data: {"data":"    at async o (.build/next/server/chunks/[root-of-the-server]__1k_ba33._.js:1:11146)","timestamp":"2026-09-15T09:52:49.470Z"}

data: {"data":"    at async R (.build/next/server/chunks/open-sse_services_autoCombo_09kyb4x._.js:1:5269)","timestamp":"2026-09-15T09:52:49.470Z"}

data: {"data":"    at async ef (.build/next/server/chunks/_1vsj0p2._.js:1:13529)","timestamp":"2026-09-15T09:52:49.470Z"}

data: {"data":"    at async ec (.build/next/server/chunks/_1vsj0p2._.js:1:5672) {","timestamp":"2026-09-15T09:52:49.470Z"}

data: {"data":"  code: 'SQLITE_CORRUPT'","timestamp":"2026-09-15T09:52:49.470Z"}

data: {"data":"}","timestamp":"2026-09-15T09:52:49.470Z"}

data: {"data":"[catalog] Could not materialize built-in auto model auto/reasoning: SqliteError: database disk image is malformed","timestamp":"2026-09-15T09:52:49.470Z"}

data: {"data":"    at Object.all (.build/next/server/chunks/src_02l7t6d._.js:1:5218)","timestamp":"2026-09-15T09:52:49.470Z"}

data: {"data":"    at b (.build/next/server/chunks/_1-iqx09._.js:1:14800)","timestamp":"2026-09-15T09:52:49.470Z"}

data: {"data":"    at c (.build/next/server/chunks/[root-of-the-server]__1k_ba33._.js:1:11339)","timestamp":"2026-09-15T09:52:49.470Z"}

data: {"data":"    at async x (.build/next/server/chunks/_1-iqx09._.js:1:14007)","timestamp":"2026-09-15T09:52:49.470Z"}

data: {"data":"    at async o (.build/next/server/chunks/[root-of-the-server]__1k_ba33._.js:1:11146)","timestamp":"2026-09-15T09:52:49.470Z"}

data: {"data":"    at async R (.build/next/server/chunks/open-sse_services_autoCombo_09kyb4x._.js:1:5269)","timestamp":"2026-09-15T09:52:49.470Z"}

data: {"data":"    at async ef (.build/next/server/chunks/_1vsj0p2._.js:1:13529)","timestamp":"2026-09-15T09:52:49.470Z"}

data: {"data":"    at async ec (.build/next/server/chunks/_1vsj0p2._.js:1:5672) {","timestamp":"2026-09-15T09:52:49.470Z"}

data: {"data":"  code: 'SQLITE_CORRUPT'","timestamp":"2026-09-15T09:52:49.470Z"}

data: {"data":"}","timestamp":"2026-09-15T09:52:49.470Z"}

data: {"data":"[catalog] Could not materialize built-in auto model auto/reasoning:pro: SqliteError: database disk image is malformed","timestamp":"2026-09-15T09:52:49.471Z"}

data: {"data":"    at Object.all (.build/next/server/chunks/src_02l7t6d._.js:1:5218)","timestamp":"2026-09-15T09:52:49.471Z"}

data: {"data":"    at b (.build/next/server/chunks/_1-iqx09._.js:1:14800)","timestamp":"2026-09-15T09:52:49.471Z"}

data: {"data":"    at c (.build/next/server/chunks/[root-of-the-server]__1k_ba33._.js:1:11339)","timestamp":"2026-09-15T09:52:49.471Z"}

data: {"data":"    at async x (.build/next/server/chunks/_1-iqx09._.js:1:14007)","timestamp":"2026-09-15T09:52:49.471Z"}

data: {"data":"    at async o (.build/next/server/chunks/[root-of-the-server]__1k_ba33._.js:1:11146)","timestamp":"2026-09-15T09:52:49.471Z"}

data: {"data":"    at async R (.build/next/server/chunks/open-sse_services_autoCombo_09kyb4x._.js:1:5269)","timestamp":"2026-09-15T09:52:49.471Z"}

data: {"data":"    at async ef (.build/next/server/chunks/_1vsj0p2._.js:1:13529)","timestamp":"2026-09-15T09:52:49.471Z"}

data: {"data":"    at async ec (.build/next/server/chunks/_1vsj0p2._.js:1:5672) {","timestamp":"2026-09-15T09:52:49.471Z"}

data: {"data":"  code: 'SQLITE_CORRUPT'","timestamp":"2026-09-15T09:52:49.471Z"}

data: {"data":"}","timestamp":"2026-09-15T09:52:49.471Z"}

data: {"data":"[catalog] Could not materialize built-in auto model auto/vision: SqliteError: database disk image is malformed","timestamp":"2026-09-15T09:52:49.472Z"}

data: {"data":"    at Object.all (.build/next/server/chunks/src_02l7t6d._.js:1:5218)","timestamp":"2026-09-15T09:52:49.472Z"}

data: {"data":"    at b (.build/next/server/chunks/_1-iqx09._.js:1:14800)","timestamp":"2026-09-15T09:52:49.472Z"}

data: {"data":"    at c (.build/next/server/chunks/[root-of-the-server]__1k_ba33._.js:1:11339)","timestamp":"2026-09-15T09:52:49.472Z"}

data: {"data":"    at async x (.build/next/server/chunks/_1-iqx09._.js:1:14007)","timestamp":"2026-09-15T09:52:49.472Z"}

data: {"data":"    at async o (.build/next/server/chunks/[root-of-the-server]__1k_ba33._.js:1:11146)","timestamp":"2026-09-15T09:52:49.472Z"}

data: {"data":"    at async R (.build/next/server/chunks/open-sse_services_autoCombo_09kyb4x._.js:1:5269)","timestamp":"2026-09-15T09:52:49.472Z"}

data: {"data":"    at async ef (.build/next/server/chunks/_1vsj0p2._.js:1:13529)","timestamp":"2026-09-15T09:52:49.472Z"}

data: {"data":"    at async ec (.build/next/server/chunks/_1vsj0p2._.js:1:5672) {","timestamp":"2026-09-15T09:52:49.472Z"}

data: {"data":"  code: 'SQLITE_CORRUPT'","timestamp":"2026-09-15T09:52:49.472Z"}

data: {"data":"}","timestamp":"2026-09-15T09:52:49.472Z"}

data: {"data":"[catalog] Could not materialize built-in auto model auto/multimodal: SqliteError: database disk image is malformed","timestamp":"2026-09-15T09:52:49.473Z"}

data: {"data":"    at Object.all (.build/next/server/chunks/src_02l7t6d._.js:1:5218)","timestamp":"2026-09-15T09:52:49.473Z"}

data: {"data":"    at b (.build/next/server/chunks/_1-iqx09._.js:1:14800)","timestamp":"2026-09-15T09:52:49.473Z"}

data: {"data":"    at c (.build/next/server/chunks/[root-of-the-server]__1k_ba33._.js:1:11339)","timestamp":"2026-09-15T09:52:49.473Z"}

data: {"data":"    at async x (.build/next/server/chunks/_1-iqx09._.js:1:14007)","timestamp":"2026-09-15T09:52:49.473Z"}

data: {"data":"    at async o (.build/next/server/chunks/[root-of-the-server]__1k_ba33._.js:1:11146)","timestamp":"2026-09-15T09:52:49.473Z"}

data: {"data":"    at async R (.build/next/server/chunks/open-sse_services_autoCombo_09kyb4x._.js:1:5269)","timestamp":"2026-09-15T09:52:49.473Z"}

data: {"data":"    at async ef (.build/next/server/chunks/_1vsj0p2._.js:1:13529)","timestamp":"2026-09-15T09:52:49.473Z"}

data: {"data":"    at async ec (.build/next/server/chunks/_1vsj0p2._.js:1:5672) {","timestamp":"2026-09-15T09:52:49.473Z"}

data: {"data":"  code: 'SQLITE_CORRUPT'","timestamp":"2026-09-15T09:52:49.473Z"}

data: {"data":"}","timestamp":"2026-09-15T09:52:49.473Z"}

data: {"data":"[catalog] Could not materialize built-in auto model auto/glm: SqliteError: database disk image is malformed","timestamp":"2026-09-15T09:52:49.474Z"}

data: {"data":"    at Object.all (.build/next/server/chunks/src_02l7t6d._.js:1:5218)","timestamp":"2026-09-15T09:52:49.474Z"}

data: {"data":"    at b (.build/next/server/chunks/_1-iqx09._.js:1:14800)","timestamp":"2026-09-15T09:52:49.474Z"}

data: {"data":"    at c (.build/next/server/chunks/[root-of-the-server]__1k_ba33._.js:1:11339)","timestamp":"2026-09-15T09:52:49.474Z"}

data: {"data":"    at async x (.build/next/server/chunks/_1-iqx09._.js:1:14007)","timestamp":"2026-09-15T09:52:49.474Z"}

data: {"data":"    at async o (.build/next/server/chunks/[root-of-the-server]__1k_ba33._.js:1:11146)","timestamp":"2026-09-15T09:52:49.474Z"}

data: {"data":"    at async R (.build/next/server/chunks/open-sse_services_autoCombo_09kyb4x._.js:1:5269)","timestamp":"2026-09-15T09:52:49.474Z"}

data: {"data":"    at async ef (.build/next/server/chunks/_1vsj0p2._.js:1:13529)","timestamp":"2026-09-15T09:52:49.474Z"}

data: {"data":"    at async ec (.build/next/server/chunks/_1vsj0p2._.js:1:5672) {","timestamp":"2026-09-15T09:52:49.474Z"}

data: {"data":"  code: 'SQLITE_CORRUPT'","timestamp":"2026-09-15T09:52:49.474Z"}

data: {"data":"}","timestamp":"2026-09-15T09:52:49.474Z"}

data: {"data":"[catalog] Could not materialize built-in auto model auto/minimax: SqliteError: database disk image is malformed","timestamp":"2026-09-15T09:52:49.474Z"}

data: {"data":"    at Object.all (.build/next/server/chunks/src_02l7t6d._.js:1:5218)","timestamp":"2026-09-15T09:52:49.474Z"}

data: {"data":"    at b (.build/next/server/chunks/_1-iqx09._.js:1:14800)","timestamp":"2026-09-15T09:52:49.474Z"}

data: {"data":"    at c (.build/next/server/chunks/[root-of-the-server]__1k_ba33._.js:1:11339)","timestamp":"2026-09-15T09:52:49.474Z"}

data: {"data":"    at async x (.build/next/server/chunks/_1-iqx09._.js:1:14007)","timestamp":"2026-09-15T09:52:49.474Z"}

data: {"data":"    at async o (.build/next/server/chunks/[root-of-the-server]__1k_ba33._.js:1:11146)","timestamp":"2026-09-15T09:52:49.474Z"}

data: {"data":"    at async R (.build/next/server/chunks/open-sse_services_autoCombo_09kyb4x._.js:1:5269)","timestamp":"2026-09-15T09:52:49.474Z"}

data: {"data":"    at async ef (.build/next/server/chunks/_1vsj0p2._.js:1:13529)","timestamp":"2026-09-15T09:52:49.474Z"}

data: {"data":"    at async ec (.build/next/server/chunks/_1vsj0p2._.js:1:5672) {","timestamp":"2026-09-15T09:52:49.474Z"}

data: {"data":"  code: 'SQLITE_CORRUPT'","timestamp":"2026-09-15T09:52:49.474Z"}

data: {"data":"}","timestamp":"2026-09-15T09:52:49.474Z"}

data: {"data":"[catalog] Could not materialize built-in auto model auto/mimo: SqliteError: database disk image is malformed","timestamp":"2026-09-15T09:52:49.475Z"}

data: {"data":"    at Object.all (.build/next/server/chunks/src_02l7t6d._.js:1:5218)","timestamp":"2026-09-15T09:52:49.475Z"}

data: {"data":"    at b (.build/next/server/chunks/_1-iqx09._.js:1:14800)","timestamp":"2026-09-15T09:52:49.475Z"}

data: {"data":"    at c (.build/next/server/chunks/[root-of-the-server]__1k_ba33._.js:1:11339)","timestamp":"2026-09-15T09:52:49.475Z"}

data: {"data":"    at async x (.build/next/server/chunks/_1-iqx09._.js:1:14007)","timestamp":"2026-09-15T09:52:49.475Z"}

data: {"data":"    at async o (.build/next/server/chunks/[root-of-the-server]__1k_ba33._.js:1:11146)","timestamp":"2026-09-15T09:52:49.475Z"}

data: {"data":"    at async R (.build/next/server/chunks/open-sse_services_autoCombo_09kyb4x._.js:1:5269)","timestamp":"2026-09-15T09:52:49.475Z"}

data: {"data":"    at async ef (.build/next/server/chunks/_1vsj0p2._.js:1:13529)","timestamp":"2026-09-15T09:52:49.475Z"}

data: {"data":"    at async ec (.build/next/server/chunks/_1vsj0p2._.js:1:5672) {","timestamp":"2026-09-15T09:52:49.475Z"}

data: {"data":"  code: 'SQLITE_CORRUPT'","timestamp":"2026-09-15T09:52:49.475Z"}

data: {"data":"}","timestamp":"2026-09-15T09:52:49.475Z"}

data: {"data":"[catalog] Could not materialize built-in auto model auto/zai: SqliteError: database disk image is malformed","timestamp":"2026-09-15T09:52:49.476Z"}

data: {"data":"    at Object.all (.build/next/server/chunks/src_02l7t6d._.js:1:5218)","timestamp":"2026-09-15T09:52:49.476Z"}

data: {"data":"    at b (.build/next/server/chunks/_1-iqx09._.js:1:14800)","timestamp":"2026-09-15T09:52:49.476Z"}

data: {"data":"    at c (.build/next/server/chunks/[root-of-the-server]__1k_ba33._.js:1:11339)","timestamp":"2026-09-15T09:52:49.476Z"}

data: {"data":"    at async x (.build/next/server/chunks/_1-iqx09._.js:1:14007)","timestamp":"2026-09-15T09:52:49.476Z"}

data: {"data":"    at async o (.build/next/server/chunks/[root-of-the-server]__1k_ba33._.js:1:11146)","timestamp":"2026-09-15T09:52:49.476Z"}

data: {"data":"    at async R (.build/next/server/chunks/open-sse_services_autoCombo_09kyb4x._.js:1:5269)","timestamp":"2026-09-15T09:52:49.476Z"}

data: {"data":"    at async ef (.build/next/server/chunks/_1vsj0p2._.js:1:13529)","timestamp":"2026-09-15T09:52:49.476Z"}

data: {"data":"    at async ec (.build/next/server/chunks/_1vsj0p2._.js:1:5672) {","timestamp":"2026-09-15T09:52:49.476Z"}

data: {"data":"  code: 'SQLITE_CORRUPT'","timestamp":"2026-09-15T09:52:49.476Z"}

data: {"data":"}","timestamp":"2026-09-15T09:52:49.476Z"}

data: {"data":"[catalog] Could not materialize built-in auto model auto/gemma: SqliteError: database disk image is malformed","timestamp":"2026-09-15T09:52:49.477Z"}

data: {"data":"    at Object.all (.build/next/server/chunks/src_02l7t6d._.js:1:5218)","timestamp":"2026-09-15T09:52:49.477Z"}

data: {"data":"    at b (.build/next/server/chunks/_1-iqx09._.js:1:14800)","timestamp":"2026-09-15T09:52:49.477Z"}

data: {"data":"    at c (.build/next/server/chunks/[root-of-the-server]__1k_ba33._.js:1:11339)","timestamp":"2026-09-15T09:52:49.477Z"}

data: {"data":"    at async x (.build/next/server/chunks/_1-iqx09._.js:1:14007)","timestamp":"2026-09-15T09:52:49.477Z"}

data: {"data":"    at async o (.build/next/server/chunks/[root-of-the-server]__1k_ba33._.js:1:11146)","timestamp":"2026-09-15T09:52:49.477Z"}

data: {"data":"    at async R (.build/next/server/chunks/open-sse_services_autoCombo_09kyb4x._.js:1:5269)","timestamp":"2026-09-15T09:52:49.477Z"}

data: {"data":"    at async ef (.build/next/server/chunks/_1vsj0p2._.js:1:13529)","timestamp":"2026-09-15T09:52:49.477Z"}

data: {"data":"    at async ec (.build/next/server/chunks/_1vsj0p2._.js:1:5672) {","timestamp":"2026-09-15T09:52:49.477Z"}

data: {"data":"  code: 'SQLITE_CORRUPT'","timestamp":"2026-09-15T09:52:49.477Z"}

data: {"data":"}","timestamp":"2026-09-15T09:52:49.477Z"}

data: {"data":"[catalog] Could not materialize built-in auto model auto/llama: SqliteError: database disk image is malformed","timestamp":"2026-09-15T09:52:49.478Z"}

data: {"data":"    at Object.all (.build/next/server/chunks/src_02l7t6d._.js:1:5218)","timestamp":"2026-09-15T09:52:49.478Z"}

data: {"data":"    at b (.build/next/server/chunks/_1-iqx09._.js:1:14800)","timestamp":"2026-09-15T09:52:49.478Z"}

data: {"data":"    at c (.build/next/server/chunks/[root-of-the-server]__1k_ba33._.js:1:11339)","timestamp":"2026-09-15T09:52:49.478Z"}

data: {"data":"    at async x (.build/next/server/chunks/_1-iqx09._.js:1:14007)","timestamp":"2026-09-15T09:52:49.478Z"}

data: {"data":"    at async o (.build/next/server/chunks/[root-of-the-server]__1k_ba33._.js:1:11146)","timestamp":"2026-09-15T09:52:49.478Z"}

data: {"data":"    at async R (.build/next/server/chunks/open-sse_services_autoCombo_09kyb4x._.js:1:5269)","timestamp":"2026-09-15T09:52:49.478Z"}

data: {"data":"    at async ef (.build/next/server/chunks/_1vsj0p2._.js:1:13529)","timestamp":"2026-09-15T09:52:49.478Z"}

data: {"data":"    at async ec (.build/next/server/chunks/_1vsj0p2._.js:1:5672) {","timestamp":"2026-09-15T09:52:49.478Z"}

data: {"data":"  code: 'SQLITE_CORRUPT'","timestamp":"2026-09-15T09:52:49.478Z"}

data: {"data":"}","timestamp":"2026-09-15T09:52:49.478Z"}

data: {"data":"[catalog] Could not materialize built-in auto model auto/gemini: SqliteError: database disk image is malformed","timestamp":"2026-09-15T09:52:49.479Z"}

data: {"data":"    at Object.all (.build/next/server/chunks/src_02l7t6d._.js:1:5218)","timestamp":"2026-09-15T09:52:49.479Z"}

data: {"data":"    at b (.build/next/server/chunks/_1-iqx09._.js:1:14800)","timestamp":"2026-09-15T09:52:49.479Z"}

data: {"data":"    at c (.build/next/server/chunks/[root-of-the-server]__1k_ba33._.js:1:11339)","timestamp":"2026-09-15T09:52:49.479Z"}

data: {"data":"    at async x (.build/next/server/chunks/_1-iqx09._.js:1:14007)","timestamp":"2026-09-15T09:52:49.479Z"}

data: {"data":"    at async o (.build/next/server/chunks/[root-of-the-server]__1k_ba33._.js:1:11146)","timestamp":"2026-09-15T09:52:49.479Z"}

data: {"data":"    at async R (.build/next/server/chunks/open-sse_services_autoCombo_09kyb4x._.js:1:5269)","timestamp":"2026-09-15T09:52:49.479Z"}

data: {"data":"    at async ef (.build/next/server/chunks/_1vsj0p2._.js:1:13529)","timestamp":"2026-09-15T09:52:49.479Z"}

data: {"data":"    at async ec (.build/next/server/chunks/_1vsj0p2._.js:1:5672) {","timestamp":"2026-09-15T09:52:49.479Z"}

data: {"data":"  code: 'SQLITE_CORRUPT'","timestamp":"2026-09-15T09:52:49.479Z"}

data: {"data":"}","timestamp":"2026-09-15T09:52:49.479Z"}

data: {"data":"[heapwatch] heapUsed=338MB heap_size_limit=4192MB pressure=0.081 rss=651MB shed_threshold=0.75","timestamp":"2026-09-15T09:53:08.867Z"}

data: {"data":"[heapwatch] heapUsed=8MB heap_size_limit=4192MB pressure=0.002 rss=651MB shed_threshold=0.75","timestamp":"2026-09-15T09:53:09.829Z"}

data: {"data":"[heapwatch] heapUsed=8MB heap_size_limit=4192MB pressure=0.002 rss=651MB shed_threshold=0.75","timestamp":"2026-09-15T09:53:14.123Z"}

data: {"data":"[heapwatch] heapUsed=8MB heap_size_limit=4192MB pressure=0.002 rss=651MB shed_threshold=0.75","timestamp":"2026-09-15T09:53:14.432Z"}

data: {"data":"[ConnectionRecovery] failed to load connections: database disk image is malformed","timestamp":"2026-09-15T09:53:26.063Z"}

data: {"data":"⨯ SqliteError: database disk image is malformed","timestamp":"2026-09-15T09:53:37.368Z"}

data: {"data":"    at Object.all (.build/next/server/chunks/src_02l7t6d._.js:1:5218)","timestamp":"2026-09-15T09:53:37.368Z"}

data: {"data":"    at b (.build/next/server/chunks/_1-iqx09._.js:1:14800)","timestamp":"2026-09-15T09:53:37.368Z"}

data: {"data":"    at c (.build/next/server/chunks/[root-of-the-server]__1k_ba33._.js:1:11339)","timestamp":"2026-09-15T09:53:37.368Z"}

data: {"data":"    at async eR (.build/next/server/chunks/_15d2x83._.js:1:17203)","timestamp":"2026-09-15T09:53:37.368Z"}

data: {"data":"    at async e_ (.build/next/server/chunks/_15d2x83._.js:1:31954)","timestamp":"2026-09-15T09:53:37.368Z"}

data: {"data":"    at async eq (.build/next/server/chunks/_0gq2i23._.js:1:38291)","timestamp":"2026-09-15T09:53:37.368Z"}

data: {"data":"    at async eQ (.build/next/server/chunks/_0gq2i23._.js:1:33687)","timestamp":"2026-09-15T09:53:37.368Z"}

data: {"data":"    at async (.build/next/server/chunks/_0gq2i23._.js:1:52499) {","timestamp":"2026-09-15T09:53:37.368Z"}

data: {"data":"  code: 'SQLITE_CORRUPT'","timestamp":"2026-09-15T09:53:37.368Z"}

data: {"data":"}","timestamp":"2026-09-15T09:53:37.368Z"}

data: {"data":"{\"level\":30,\"time\":\"2026-09-15T09:53:37.191Z\",\"service\":\"omniroute\",\"module\":\"sse\",\"tag\":\"HTTP\",\"method\":\"POST\",\"path\":\"/v1/chat/completions | nvidia/moonshotai/kimi-k3 | 152 msgs | 26 tools\",\"msg\":\"📥 POST /v1/chat/completions | nvidia/moonshotai/kimi-k3 | 152 msgs | 26 tools\"}","timestamp":"2026-09-15T09:53:37.368Z"}

data: {"data":"{\"level\":30,\"time\":\"2026-09-15T09:53:37.360Z\",\"service\":\"omniroute\",\"module\":\"sse\",\"tag\":\"ROUTING\",\"msg\":\"Provider: nvidia, Model: moonshotai/kimi-k3\"}","timestamp":"2026-09-15T09:53:37.369Z"}

data: {"data":"[heapwatch] heapUsed=359MB heap_size_limit=4192MB pressure=0.086 rss=664MB shed_threshold=0.75","timestamp":"2026-09-15T09:53:38.848Z"}

data: {"data":"[heapwatch] heapUsed=8MB heap_size_limit=4192MB pressure=0.002 rss=664MB shed_threshold=0.75","timestamp":"2026-09-15T09:53:39.829Z"}

data: {"data":"⨯ SqliteError: database disk image is malformed","timestamp":"2026-09-15T09:53:40.699Z"}

data: {"data":"    at Object.all (.build/next/server/chunks/src_02l7t6d._.js:1:5218)","timestamp":"2026-09-15T09:53:40.699Z"}

data: {"data":"    at b (.build/next/server/chunks/_1-iqx09._.js:1:14800)","timestamp":"2026-09-15T09:53:40.699Z"}

data: {"data":"    at c (.build/next/server/chunks/[root-of-the-server]__1k_ba33._.js:1:11339)","timestamp":"2026-09-15T09:53:40.699Z"}

data: {"data":"    at async eR (.build/next/server/chunks/_15d2x83._.js:1:17203)","timestamp":"2026-09-15T09:53:40.699Z"}

data: {"data":"    at async e_ (.build/next/server/chunks/_15d2x83._.js:1:31954)","timestamp":"2026-09-15T09:53:40.699Z"}

data: {"data":"    at async eq (.build/next/server/chunks/_0gq2i23._.js:1:38291)","timestamp":"2026-09-15T09:53:40.699Z"}

data: {"data":"    at async eQ (.build/next/server/chunks/_0gq2i23._.js:1:33687)","timestamp":"2026-09-15T09:53:40.699Z"}

data: {"data":"    at async (.build/next/server/chunks/_0gq2i23._.js:1:52499) {","timestamp":"2026-09-15T09:53:40.699Z"}

data: {"data":"  code: 'SQLITE_CORRUPT'","timestamp":"2026-09-15T09:53:40.699Z"}

data: {"data":"}","timestamp":"2026-09-15T09:53:40.699Z"}

data: {"data":"{\"level\":30,\"time\":\"2026-09-15T09:53:40.668Z\",\"service\":\"omniroute\",\"module\":\"sse\",\"tag\":\"HTTP\",\"method\":\"POST\",\"path\":\"/v1/chat/completions | nvidia/moonshotai/kimi-k3 | 152 msgs | 26 tools\",\"msg\":\"📥 POST /v1/chat/completions | nvidia/moonshotai/kimi-k3 | 152 msgs | 26 tools\"}","timestamp":"2026-09-15T09:53:40.701Z"}

data: {"data":"{\"level\":30,\"time\":\"2026-09-15T09:53:40.695Z\",\"service\":\"omniroute\",\"module\":\"sse\",\"tag\":\"ROUTING\",\"msg\":\"Provider: nvidia, Model: moonshotai/kimi-k3\"}","timestamp":"2026-09-15T09:53:40.701Z"}

data: {"data":"[CredentialHealth] Failed to load provider connections: SqliteError: database disk image is malformed","timestamp":"2026-09-15T09:53:40.750Z"}

data: {"data":"    at Object.all (.build/next/server/chunks/src_02l7t6d._.js:1:5218)","timestamp":"2026-09-15T09:53:40.750Z"}

data: {"data":"    at C (.build/next/server/chunks/_1zujanj._.js:1:14797)","timestamp":"2026-09-15T09:53:40.750Z"}

data: {"data":"    at c (.build/next/server/chunks/src_02l7t6d._.js:1:10136)","timestamp":"2026-09-15T09:53:40.750Z"}

data: {"data":"    at async b (.build/next/server/chunks/_1zujanj._.js:1:14004)","timestamp":"2026-09-15T09:53:40.750Z"}

data: {"data":"    at async Timeout.m [as _onTimeout] (.build/next/server/chunks/src_1iku948._.js:1:25059) {","timestamp":"2026-09-15T09:53:40.750Z"}

data: {"data":"  code: 'SQLITE_CORRUPT'","timestamp":"2026-09-15T09:53:40.750Z"}

data: {"data":"}","timestamp":"2026-09-15T09:53:40.750Z"}

data: {"data":"⨯ SqliteError: database disk image is malformed","timestamp":"2026-09-15T09:53:42.677Z"}

data: {"data":"    at Object.all (.build/next/server/chunks/src_02l7t6d._.js:1:5218)","timestamp":"2026-09-15T09:53:42.677Z"}

data: {"data":"    at b (.build/next/server/chunks/_1-iqx09._.js:1:14800)","timestamp":"2026-09-15T09:53:42.677Z"}

data: {"data":"    at c (.build/next/server/chunks/[root-of-the-server]__1k_ba33._.js:1:11339)","timestamp":"2026-09-15T09:53:42.677Z"}

data: {"data":"    at async eR (.build/next/server/chunks/_15d2x83._.js:1:17203)","timestamp":"2026-09-15T09:53:42.677Z"}

data: {"data":"    at async e_ (.build/next/server/chunks/_15d2x83._.js:1:31954)","timestamp":"2026-09-15T09:53:42.677Z"}

data: {"data":"    at async eq (.build/next/server/chunks/_0gq2i23._.js:1:38291)","timestamp":"2026-09-15T09:53:42.677Z"}

data: {"data":"    at async eQ (.build/next/server/chunks/_0gq2i23._.js:1:33687)","timestamp":"2026-09-15T09:53:42.677Z"}

data: {"data":"    at async (.build/next/server/chunks/_0gq2i23._.js:1:52499) {","timestamp":"2026-09-15T09:53:42.677Z"}

data: {"data":"  code: 'SQLITE_CORRUPT'","timestamp":"2026-09-15T09:53:42.677Z"}

data: {"data":"}","timestamp":"2026-09-15T09:53:42.677Z"}

data: {"data":"{\"level\":30,\"time\":\"2026-09-15T09:53:42.569Z\",\"service\":\"omniroute\",\"module\":\"sse\",\"tag\":\"HTTP\",\"method\":\"POST\",\"path\":\"/v1/chat/completions | nvidia/moonshotai/kimi-k3 | 152 msgs | 26 tools\",\"msg\":\"📥 POST /v1/chat/completions | nvidia/moonshotai/kimi-k3 | 152 msgs | 26 tools\"}","timestamp":"2026-09-15T09:53:42.678Z"}

data: {"data":"{\"level\":30,\"time\":\"2026-09-15T09:53:42.673Z\",\"service\":\"omniroute\",\"module\":\"sse\",\"tag\":\"ROUTING\",\"msg\":\"Provider: nvidia, Model: moonshotai/kimi-k3\"}","timestamp":"2026-09-15T09:53:42.678Z"}

data: {"data":"[heapwatch] heapUsed=8MB heap_size_limit=4192MB pressure=0.002 rss=666MB shed_threshold=0.75","timestamp":"2026-09-15T09:53:44.123Z"}

data: {"data":"[heapwatch] heapUsed=8MB heap_size_limit=4192MB pressure=0.002 rss=666MB shed_threshold=0.75","timestamp":"2026-09-15T09:53:44.433Z"}

data: {"data":"⨯ SqliteError: database disk image is malformed","timestamp":"2026-09-15T09:53:45.287Z"}

data: {"data":"    at Object.all (.build/next/server/chunks/src_02l7t6d._.js:1:5218)","timestamp":"2026-09-15T09:53:45.287Z"}

data: {"data":"    at b (.build/next/server/chunks/_1-iqx09._.js:1:14800)","timestamp":"2026-09-15T09:53:45.287Z"}

data: {"data":"    at c (.build/next/server/chunks/[root-of-the-server]__1k_ba33._.js:1:11339)","timestamp":"2026-09-15T09:53:45.287Z"}

data: {"data":"    at async eR (.build/next/server/chunks/_15d2x83._.js:1:17203)","timestamp":"2026-09-15T09:53:45.287Z"}

data: {"data":"    at async e_ (.build/next/server/chunks/_15d2x83._.js:1:31954)","timestamp":"2026-09-15T09:53:45.287Z"}

data: {"data":"    at async eq (.build/next/server/chunks/_0gq2i23._.js:1:38291)","timestamp":"2026-09-15T09:53:45.287Z"}

data: {"data":"    at async eQ (.build/next/server/chunks/_0gq2i23._.js:1:33687)","timestamp":"2026-09-15T09:53:45.287Z"}

data: {"data":"    at async (.build/next/server/chunks/_0gq2i23._.js:1:52499) {","timestamp":"2026-09-15T09:53:45.287Z"}

data: {"data":"  code: 'SQLITE_CORRUPT'","timestamp":"2026-09-15T09:53:45.287Z"}

data: {"data":"}","timestamp":"2026-09-15T09:53:45.287Z"}

data: {"data":"{\"level\":30,\"time\":\"2026-09-15T09:53:45.260Z\",\"service\":\"omniroute\",\"module\":\"sse\",\"tag\":\"HTTP\",\"method\":\"POST\",\"path\":\"/v1/chat/completions | nvidia/moonshotai/kimi-k3 | 152 msgs | 26 tools\",\"msg\":\"📥 POST /v1/chat/completions | nvidia/moonshotai/kimi-k3 | 152 msgs | 26 tools\"}","timestamp":"2026-09-15T09:53:45.289Z"}

data: {"data":"{\"level\":30,\"time\":\"2026-09-15T09:53:45.284Z\",\"service\":\"omniroute\",\"module\":\"sse\",\"tag\":\"ROUTING\",\"msg\":\"Provider: nvidia, Model: moonshotai/kimi-k3\"}","timestamp":"2026-09-15T09:53:45.289Z"}

data: {"data":"⨯ SqliteError: database disk image is malformed","timestamp":"2026-09-15T09:53:50.930Z"}

data: {"data":"    at Object.all (.build/next/server/chunks/src_02l7t6d._.js:1:5218)","timestamp":"2026-09-15T09:53:50.930Z"}

data: {"data":"    at b (.build/next/server/chunks/_1-iqx09._.js:1:14800)","timestamp":"2026-09-15T09:53:50.930Z"}

data: {"data":"    at c (.build/next/server/chunks/[root-of-the-server]__1k_ba33._.js:1:11339)","timestamp":"2026-09-15T09:53:50.930Z"}

data: {"data":"    at async eR (.build/next/server/chunks/_15d2x83._.js:1:17203)","timestamp":"2026-09-15T09:53:50.930Z"}

data: {"data":"    at async e_ (.build/next/server/chunks/_15d2x83._.js:1:31954)","timestamp":"2026-09-15T09:53:50.930Z"}

data: {"data":"    at async eq (.build/next/server/chunks/_0gq2i23._.js:1:38291)","timestamp":"2026-09-15T09:53:50.930Z"}

data: {"data":"    at async eQ (.build/next/server/chunks/_0gq2i23._.js:1:33687)","timestamp":"2026-09-15T09:53:50.930Z"}

data: {"data":"    at async (.build/next/server/chunks/_0gq2i23._.js:1:52499) {","timestamp":"2026-09-15T09:53:50.930Z"}

data: {"data":"  code: 'SQLITE_CORRUPT'","timestamp":"2026-09-15T09:53:50.930Z"}

data: {"data":"}","timestamp":"2026-09-15T09:53:50.930Z"}

data: {"data":"{\"level\":30,\"time\":\"2026-09-15T09:53:50.902Z\",\"service\":\"omniroute\",\"module\":\"sse\",\"tag\":\"HTTP\",\"method\":\"POST\",\"path\":\"/v1/chat/completions | nvidia/moonshotai/kimi-k3 | 152 msgs | 26 tools\",\"msg\":\"📥 POST /v1/chat/completions | nvidia/moonshotai/kimi-k3 | 152 msgs | 26 tools\"}","timestamp":"2026-09-15T09:53:50.931Z"}

data: {"data":"{\"level\":30,\"time\":\"2026-09-15T09:53:50.926Z\",\"service\":\"omniroute\",\"module\":\"sse\",\"tag\":\"ROUTING\",\"msg\":\"Provider: nvidia, Model: moonshotai/kimi-k3\"}","timestamp":"2026-09-15T09:53:50.931Z"}

data: {"data":"[heapwatch] heapUsed=345MB heap_size_limit=4192MB pressure=0.082 rss=666MB shed_threshold=0.75","timestamp":"2026-09-15T09:54:08.864Z"}

data: {"data":"[heapwatch] heapUsed=8MB heap_size_limit=4192MB pressure=0.002 rss=666MB shed_threshold=0.75","timestamp":"2026-09-15T09:54:09.834Z"}

data: {"data":"[heapwatch] heapUsed=8MB heap_size_limit=4192MB pressure=0.002 rss=666MB shed_threshold=0.75","timestamp":"2026-09-15T09:54:14.128Z"}

data: {"data":"[heapwatch] heapUsed=8MB heap_size_limit=4192MB pressure=0.002 rss=666MB shed_threshold=0.75","timestamp":"2026-09-15T09:54:14.436Z"}

data: {"data":"[ConnectionRecovery] failed to load connections: database disk image is malformed","timestamp":"2026-09-15T09:54:26.064Z"}

data: {"data":"[heapwatch] heapUsed=347MB heap_size_limit=4192MB pressure=0.083 rss=666MB shed_threshold=0.75","timestamp":"2026-09-15T09:54:38.897Z"}

data: {"data":"[heapwatch] heapUsed=8MB heap_size_limit=4192MB pressure=0.002 rss=666MB shed_threshold=0.75","timestamp":"2026-09-15T09:54:39.837Z"}

data: {"data":"[heapwatch] heapUsed=8MB heap_size_limit=4192MB pressure=0.002 rss=666MB shed_threshold=0.75","timestamp":"2026-09-15T09:54:44.131Z"}

data: {"data":"[heapwatch] heapUsed=8MB heap_size_limit=4192MB pressure=0.002 rss=666MB shed_threshold=0.75","timestamp":"2026-09-15T09:54:44.440Z"}

data: {"data":"[catalog] Could not materialize built-in auto model auto/best-coding: SqliteError: database disk image is malformed","timestamp":"2026-09-15T09:54:56.784Z"}

data: {"data":"    at Object.all (.build/next/server/chunks/src_02l7t6d._.js:1:5218)","timestamp":"2026-09-15T09:54:56.784Z"}

data: {"data":"    at b (.build/next/server/chunks/_1-iqx09._.js:1:14800)","timestamp":"2026-09-15T09:54:56.784Z"}

data: {"data":"    at c (.build/next/server/chunks/[root-of-the-server]__1k_ba33._.js:1:11339)","timestamp":"2026-09-15T09:54:56.784Z"}

data: {"data":"    at async x (.build/next/server/chunks/_1-iqx09._.js:1:14007)","timestamp":"2026-09-15T09:54:56.784Z"}

data: {"data":"    at async o (.build/next/server/chunks/[root-of-the-server]__1k_ba33._.js:1:11146)","timestamp":"2026-09-15T09:54:56.784Z"}

data: {"data":"    at async R (.build/next/server/chunks/open-sse_services_autoCombo_09kyb4x._.js:1:5269)","timestamp":"2026-09-15T09:54:56.784Z"}

data: {"data":"    at async ef (.build/next/server/chunks/_1vsj0p2._.js:1:13529)","timestamp":"2026-09-15T09:54:56.784Z"}

data: {"data":"    at async ec (.build/next/server/chunks/_1vsj0p2._.js:1:5672) {","timestamp":"2026-09-15T09:54:56.784Z"}

data: {"data":"  code: 'SQLITE_CORRUPT'","timestamp":"2026-09-15T09:54:56.784Z"}

data: {"data":"}","timestamp":"2026-09-15T09:54:56.784Z"}

data: {"data":"[catalog] Could not materialize built-in auto model auto/best-reasoning: SqliteError: database disk image is malformed","timestamp":"2026-09-15T09:54:56.787Z"}

data: {"data":"    at Object.all (.build/next/server/chunks/src_02l7t6d._.js:1:5218)","timestamp":"2026-09-15T09:54:56.787Z"}

data: {"data":"    at b (.build/next/server/chunks/_1-iqx09._.js:1:14800)","timestamp":"2026-09-15T09:54:56.787Z"}

data: {"data":"    at c (.build/next/server/chunks/[root-of-the-server]__1k_ba33._.js:1:11339)","timestamp":"2026-09-15T09:54:56.787Z"}

data: {"data":"    at async x (.build/next/server/chunks/_1-iqx09._.js:1:14007)","timestamp":"2026-09-15T09:54:56.787Z"}

data: {"data":"    at async o (.build/next/server/chunks/[root-of-the-server]__1k_ba33._.js:1:11146)","timestamp":"2026-09-15T09:54:56.787Z"}

data: {"data":"    at async R (.build/next/server/chunks/open-sse_services_autoCombo_09kyb4x._.js:1:5269)","timestamp":"2026-09-15T09:54:56.787Z"}

data: {"data":"    at async ef (.build/next/server/chunks/_1vsj0p2._.js:1:13529)","timestamp":"2026-09-15T09:54:56.787Z"}

data: {"data":"    at async ec (.build/next/server/chunks/_1vsj0p2._.js:1:5672) {","timestamp":"2026-09-15T09:54:56.787Z"}

data: {"data":"  code: 'SQLITE_CORRUPT'","timestamp":"2026-09-15T09:54:56.787Z"}

data: {"data":"}","timestamp":"2026-09-15T09:54:56.787Z"}

data: {"data":"[catalog] Could not materialize built-in auto model auto/best-fast: SqliteError: database disk image is malformed","timestamp":"2026-09-15T09:54:56.787Z"}

data: {"data":"    at Object.all (.build/next/server/chunks/src_02l7t6d._.js:1:5218)","timestamp":"2026-09-15T09:54:56.787Z"}

data: {"data":"    at b (.build/next/server/chunks/_1-iqx09._.js:1:14800)","timestamp":"2026-09-15T09:54:56.787Z"}

data: {"data":"    at c (.build/next/server/chunks/[root-of-the-server]__1k_ba33._.js:1:11339)","timestamp":"2026-09-15T09:54:56.788Z"}

data: {"data":"    at async x (.build/next/server/chunks/_1-iqx09._.js:1:14007)","timestamp":"2026-09-15T09:54:56.788Z"}

data: {"data":"    at async o (.build/next/server/chunks/[root-of-the-server]__1k_ba33._.js:1:11146)","timestamp":"2026-09-15T09:54:56.788Z"}

data: {"data":"    at async R (.build/next/server/chunks/open-sse_services_autoCombo_09kyb4x._.js:1:5269)","timestamp":"2026-09-15T09:54:56.788Z"}

data: {"data":"    at async ef (.build/next/server/chunks/_1vsj0p2._.js:1:13529)","timestamp":"2026-09-15T09:54:56.788Z"}

data: {"data":"    at async ec (.build/next/server/chunks/_1vsj0p2._.js:1:5672) {","timestamp":"2026-09-15T09:54:56.788Z"}

data: {"data":"  code: 'SQLITE_CORRUPT'","timestamp":"2026-09-15T09:54:56.788Z"}

data: {"data":"}","timestamp":"2026-09-15T09:54:56.788Z"}

data: {"data":"[catalog] Could not materialize built-in auto model auto/best-vision: SqliteError: database disk image is malformed","timestamp":"2026-09-15T09:54:56.789Z"}

data: {"data":"    at Object.all (.build/next/server/chunks/src_02l7t6d._.js:1:5218)","timestamp":"2026-09-15T09:54:56.789Z"}

data: {"data":"    at b (.build/next/server/chunks/_1-iqx09._.js:1:14800)","timestamp":"2026-09-15T09:54:56.789Z"}

data: {"data":"    at c (.build/next/server/chunks/[root-of-the-server]__1k_ba33._.js:1:11339)","timestamp":"2026-09-15T09:54:56.789Z"}

data: {"data":"    at async x (.build/next/server/chunks/_1-iqx09._.js:1:14007)","timestamp":"2026-09-15T09:54:56.789Z"}

data: {"data":"    at async o (.build/next/server/chunks/[root-of-the-server]__1k_ba33._.js:1:11146)","timestamp":"2026-09-15T09:54:56.789Z"}

data: {"data":"    at async R (.build/next/server/chunks/open-sse_services_autoCombo_09kyb4x._.js:1:5269)","timestamp":"2026-09-15T09:54:56.789Z"}

data: {"data":"    at async ef (.build/next/server/chunks/_1vsj0p2._.js:1:13529)","timestamp":"2026-09-15T09:54:56.789Z"}

data: {"data":"    at async ec (.build/next/server/chunks/_1vsj0p2._.js:1:5672) {","timestamp":"2026-09-15T09:54:56.789Z"}

data: {"data":"  code: 'SQLITE_CORRUPT'","timestamp":"2026-09-15T09:54:56.789Z"}

data: {"data":"}","timestamp":"2026-09-15T09:54:56.789Z"}

data: {"data":"[catalog] Could not materialize built-in auto model auto/best-chat: SqliteError: database disk image is malformed","timestamp":"2026-09-15T09:54:56.790Z"}

data: {"data":"    at Object.all (.build/next/server/chunks/src_02l7t6d._.js:1:5218)","timestamp":"2026-09-15T09:54:56.790Z"}

data: {"data":"    at b (.build/next/server/chunks/_1-iqx09._.js:1:14800)","timestamp":"2026-09-15T09:54:56.790Z"}

data: {"data":"    at c (.build/next/server/chunks/[root-of-the-server]__1k_ba33._.js:1:11339)","timestamp":"2026-09-15T09:54:56.790Z"}

data: {"data":"    at async x (.build/next/server/chunks/_1-iqx09._.js:1:14007)","timestamp":"2026-09-15T09:54:56.790Z"}

data: {"data":"    at async o (.build/next/server/chunks/[root-of-the-server]__1k_ba33._.js:1:11146)","timestamp":"2026-09-15T09:54:56.790Z"}

data: {"data":"    at async R (.build/next/server/chunks/open-sse_services_autoCombo_09kyb4x._.js:1:5269)","timestamp":"2026-09-15T09:54:56.790Z"}

data: {"data":"    at async ef (.build/next/server/chunks/_1vsj0p2._.js:1:13529)","timestamp":"2026-09-15T09:54:56.790Z"}

data: {"data":"    at async ec (.build/next/server/chunks/_1vsj0p2._.js:1:5672) {","timestamp":"2026-09-15T09:54:56.790Z"}

data: {"data":"  code: 'SQLITE_CORRUPT'","timestamp":"2026-09-15T09:54:56.790Z"}

data: {"data":"}","timestamp":"2026-09-15T09:54:56.790Z"}

data: {"data":"[catalog] Could not materialize built-in auto model auto/best-coding-fast: SqliteError: database disk image is malformed","timestamp":"2026-09-15T09:54:56.791Z"}

data: {"data":"    at Object.all (.build/next/server/chunks/src_02l7t6d._.js:1:5218)","timestamp":"2026-09-15T09:54:56.791Z"}

data: {"data":"    at b (.build/next/server/chunks/_1-iqx09._.js:1:14800)","timestamp":"2026-09-15T09:54:56.791Z"}

data: {"data":"    at c (.build/next/server/chunks/[root-of-the-server]__1k_ba33._.js:1:11339)","timestamp":"2026-09-15T09:54:56.791Z"}

data: {"data":"    at async x (.build/next/server/chunks/_1-iqx09._.js:1:14007)","timestamp":"2026-09-15T09:54:56.791Z"}

data: {"data":"    at async o (.build/next/server/chunks/[root-of-the-server]__1k_ba33._.js:1:11146)","timestamp":"2026-09-15T09:54:56.791Z"}

data: {"data":"    at async R (.build/next/server/chunks/open-sse_services_autoCombo_09kyb4x._.js:1:5269)","timestamp":"2026-09-15T09:54:56.791Z"}

data: {"data":"    at async ef (.build/next/server/chunks/_1vsj0p2._.js:1:13529)","timestamp":"2026-09-15T09:54:56.791Z"}

data: {"data":"    at async ec (.build/next/server/chunks/_1vsj0p2._.js:1:5672) {","timestamp":"2026-09-15T09:54:56.791Z"}

data: {"data":"  code: 'SQLITE_CORRUPT'","timestamp":"2026-09-15T09:54:56.791Z"}

data: {"data":"}","timestamp":"2026-09-15T09:54:56.791Z"}

data: {"data":"[catalog] Could not materialize built-in auto model auto/pro-coding: SqliteError: database disk image is malformed","timestamp":"2026-09-15T09:54:56.792Z"}

data: {"data":"    at Object.all (.build/next/server/chunks/src_02l7t6d._.js:1:5218)","timestamp":"2026-09-15T09:54:56.792Z"}

data: {"data":"    at b (.build/next/server/chunks/_1-iqx09._.js:1:14800)","timestamp":"2026-09-15T09:54:56.792Z"}

data: {"data":"    at c (.build/next/server/chunks/[root-of-the-server]__1k_ba33._.js:1:11339)","timestamp":"2026-09-15T09:54:56.792Z"}

data: {"data":"    at async x (.build/next/server/chunks/_1-iqx09._.js:1:14007)","timestamp":"2026-09-15T09:54:56.792Z"}

data: {"data":"    at async o (.build/next/server/chunks/[root-of-the-server]__1k_ba33._.js:1:11146)","timestamp":"2026-09-15T09:54:56.792Z"}

data: {"data":"    at async R (.build/next/server/chunks/open-sse_services_autoCombo_09kyb4x._.js:1:5269)","timestamp":"2026-09-15T09:54:56.792Z"}

data: {"data":"    at async ef (.build/next/server/chunks/_1vsj0p2._.js:1:13529)","timestamp":"2026-09-15T09:54:56.792Z"}

data: {"data":"    at async ec (.build/next/server/chunks/_1vsj0p2._.js:1:5672) {","timestamp":"2026-09-15T09:54:56.792Z"}

data: {"data":"  code: 'SQLITE_CORRUPT'","timestamp":"2026-09-15T09:54:56.792Z"}

data: {"data":"}","timestamp":"2026-09-15T09:54:56.792Z"}

data: {"data":"[catalog] Could not materialize built-in auto model auto/pro-reasoning: SqliteError: database disk image is malformed","timestamp":"2026-09-15T09:54:56.793Z"}

data: {"data":"    at Object.all (.build/next/server/chunks/src_02l7t6d._.js:1:5218)","timestamp":"2026-09-15T09:54:56.793Z"}

data: {"data":"    at b (.build/next/server/chunks/_1-iqx09._.js:1:14800)","timestamp":"2026-09-15T09:54:56.793Z"}

data: {"data":"    at c (.build/next/server/chunks/[root-of-the-server]__1k_ba33._.js:1:11339)","timestamp":"2026-09-15T09:54:56.793Z"}

data: {"data":"    at async x (.build/next/server/chunks/_1-iqx09._.js:1:14007)","timestamp":"2026-09-15T09:54:56.793Z"}

data: {"data":"    at async o (.build/next/server/chunks/[root-of-the-server]__1k_ba33._.js:1:11146)","timestamp":"2026-09-15T09:54:56.793Z"}

data: {"data":"    at async R (.build/next/server/chunks/open-sse_services_autoCombo_09kyb4x._.js:1:5269)","timestamp":"2026-09-15T09:54:56.793Z"}

data: {"data":"    at async ef (.build/next/server/chunks/_1vsj0p2._.js:1:13529)","timestamp":"2026-09-15T09:54:56.793Z"}

data: {"data":"    at async ec (.build/next/server/chunks/_1vsj0p2._.js:1:5672) {","timestamp":"2026-09-15T09:54:56.793Z"}

data: {"data":"  code: 'SQLITE_CORRUPT'","timestamp":"2026-09-15T09:54:56.793Z"}

data: {"data":"}","timestamp":"2026-09-15T09:54:56.793Z"}

data: {"data":"[catalog] Could not materialize built-in auto model auto/pro-vision: SqliteError: database disk image is malformed","timestamp":"2026-09-15T09:54:56.794Z"}

data: {"data":"    at Object.all (.build/next/server/chunks/src_02l7t6d._.js:1:5218)","timestamp":"2026-09-15T09:54:56.794Z"}

data: {"data":"    at b (.build/next/server/chunks/_1-iqx09._.js:1:14800)","timestamp":"2026-09-15T09:54:56.794Z"}

data: {"data":"    at c (.build/next/server/chunks/[root-of-the-server]__1k_ba33._.js:1:11339)","timestamp":"2026-09-15T09:54:56.794Z"}

data: {"data":"    at async x (.build/next/server/chunks/_1-iqx09._.js:1:14007)","timestamp":"2026-09-15T09:54:56.794Z"}

data: {"data":"    at async o (.build/next/server/chunks/[root-of-the-server]__1k_ba33._.js:1:11146)","timestamp":"2026-09-15T09:54:56.794Z"}

data: {"data":"    at async R (.build/next/server/chunks/open-sse_services_autoCombo_09kyb4x._.js:1:5269)","timestamp":"2026-09-15T09:54:56.794Z"}

data: {"data":"    at async ef (.build/next/server/chunks/_1vsj0p2._.js:1:13529)","timestamp":"2026-09-15T09:54:56.794Z"}

data: {"data":"    at async ec (.build/next/server/chunks/_1vsj0p2._.js:1:5672) {","timestamp":"2026-09-15T09:54:56.794Z"}

data: {"data":"  code: 'SQLITE_CORRUPT'","timestamp":"2026-09-15T09:54:56.794Z"}

data: {"data":"}","timestamp":"2026-09-15T09:54:56.794Z"}

data: {"data":"[catalog] Could not materialize built-in auto model auto/pro-chat: SqliteError: database disk image is malformed","timestamp":"2026-09-15T09:54:56.795Z"}

data: {"data":"    at Object.all (.build/next/server/chunks/src_02l7t6d._.js:1:5218)","timestamp":"2026-09-15T09:54:56.795Z"}

data: {"data":"    at b (.build/next/server/chunks/_1-iqx09._.js:1:14800)","timestamp":"2026-09-15T09:54:56.795Z"}

data: {"data":"    at c (.build/next/server/chunks/[root-of-the-server]__1k_ba33._.js:1:11339)","timestamp":"2026-09-15T09:54:56.795Z"}

data: {"data":"    at async x (.build/next/server/chunks/_1-iqx09._.js:1:14007)","timestamp":"2026-09-15T09:54:56.795Z"}

data: {"data":"    at async o (.build/next/server/chunks/[root-of-the-server]__1k_ba33._.js:1:11146)","timestamp":"2026-09-15T09:54:56.795Z"}

data: {"data":"    at async R (.build/next/server/chunks/open-sse_services_autoCombo_09kyb4x._.js:1:5269)","timestamp":"2026-09-15T09:54:56.795Z"}

data: {"data":"    at async ef (.build/next/server/chunks/_1vsj0p2._.js:1:13529)","timestamp":"2026-09-15T09:54:56.795Z"}

data: {"data":"    at async ec (.build/next/server/chunks/_1vsj0p2._.js:1:5672) {","timestamp":"2026-09-15T09:54:56.795Z"}

data: {"data":"  code: 'SQLITE_CORRUPT'","timestamp":"2026-09-15T09:54:56.795Z"}

data: {"data":"}","timestamp":"2026-09-15T09:54:56.795Z"}

data: {"data":"[catalog] Could not materialize built-in auto model auto/pro-fast: SqliteError: database disk image is malformed","timestamp":"2026-09-15T09:54:56.796Z"}

data: {"data":"    at Object.all (.build/next/server/chunks/src_02l7t6d._.js:1:5218)","timestamp":"2026-09-15T09:54:56.796Z"}

data: {"data":"    at b (.build/next/server/chunks/_1-iqx09._.js:1:14800)","timestamp":"2026-09-15T09:54:56.796Z"}

data: {"data":"    at c (.build/next/server/chunks/[root-of-the-server]__1k_ba33._.js:1:11339)","timestamp":"2026-09-15T09:54:56.796Z"}

data: {"data":"    at async x (.build/next/server/chunks/_1-iqx09._.js:1:14007)","timestamp":"2026-09-15T09:54:56.796Z"}

data: {"data":"    at async o (.build/next/server/chunks/[root-of-the-server]__1k_ba33._.js:1:11146)","timestamp":"2026-09-15T09:54:56.796Z"}

data: {"data":"    at async R (.build/next/server/chunks/open-sse_services_autoCombo_09kyb4x._.js:1:5269)","timestamp":"2026-09-15T09:54:56.796Z"}

data: {"data":"    at async ef (.build/next/server/chunks/_1vsj0p2._.js:1:13529)","timestamp":"2026-09-15T09:54:56.796Z"}

data: {"data":"    at async ec (.build/next/server/chunks/_1vsj0p2._.js:1:5672) {","timestamp":"2026-09-15T09:54:56.796Z"}

data: {"data":"  code: 'SQLITE_CORRUPT'","timestamp":"2026-09-15T09:54:56.796Z"}

data: {"data":"}","timestamp":"2026-09-15T09:54:56.796Z"}

data: {"data":"[catalog] Could not materialize built-in auto model auto/coding: SqliteError: database disk image is malformed","timestamp":"2026-09-15T09:54:56.797Z"}

data: {"data":"    at Object.all (.build/next/server/chunks/src_02l7t6d._.js:1:5218)","timestamp":"2026-09-15T09:54:56.798Z"}

data: {"data":"    at b (.build/next/server/chunks/_1-iqx09._.js:1:14800)","timestamp":"2026-09-15T09:54:56.798Z"}

data: {"data":"    at c (.build/next/server/chunks/[root-of-the-server]__1k_ba33._.js:1:11339)","timestamp":"2026-09-15T09:54:56.798Z"}

data: {"data":"    at async x (.build/next/server/chunks/_1-iqx09._.js:1:14007)","timestamp":"2026-09-15T09:54:56.798Z"}

data: {"data":"    at async o (.build/next/server/chunks/[root-of-the-server]__1k_ba33._.js:1:11146)","timestamp":"2026-09-15T09:54:56.798Z"}

data: {"data":"    at async R (.build/next/server/chunks/open-sse_services_autoCombo_09kyb4x._.js:1:5269)","timestamp":"2026-09-15T09:54:56.798Z"}

data: {"data":"    at async ef (.build/next/server/chunks/_1vsj0p2._.js:1:13529)","timestamp":"2026-09-15T09:54:56.798Z"}

data: {"data":"    at async ec (.build/next/server/chunks/_1vsj0p2._.js:1:5672) {","timestamp":"2026-09-15T09:54:56.798Z"}

data: {"data":"  code: 'SQLITE_CORRUPT'","timestamp":"2026-09-15T09:54:56.798Z"}

data: {"data":"}","timestamp":"2026-09-15T09:54:56.798Z"}

data: {"data":"[catalog] Could not materialize built-in auto model auto/fast: SqliteError: database disk image is malformed","timestamp":"2026-09-15T09:54:56.799Z"}

data: {"data":"    at Object.all (.build/next/server/chunks/src_02l7t6d._.js:1:5218)","timestamp":"2026-09-15T09:54:56.799Z"}

data: {"data":"    at b (.build/next/server/chunks/_1-iqx09._.js:1:14800)","timestamp":"2026-09-15T09:54:56.799Z"}

data: {"data":"    at c (.build/next/server/chunks/[root-of-the-server]__1k_ba33._.js:1:11339)","timestamp":"2026-09-15T09:54:56.799Z"}

data: {"data":"    at async x (.build/next/server/chunks/_1-iqx09._.js:1:14007)","timestamp":"2026-09-15T09:54:56.799Z"}

data: {"data":"    at async o (.build/next/server/chunks/[root-of-the-server]__1k_ba33._.js:1:11146)","timestamp":"2026-09-15T09:54:56.799Z"}

data: {"data":"    at async R (.build/next/server/chunks/open-sse_services_autoCombo_09kyb4x._.js:1:5269)","timestamp":"2026-09-15T09:54:56.799Z"}

data: {"data":"    at async ef (.build/next/server/chunks/_1vsj0p2._.js:1:13529)","timestamp":"2026-09-15T09:54:56.799Z"}

data: {"data":"    at async ec (.build/next/server/chunks/_1vsj0p2._.js:1:5672) {","timestamp":"2026-09-15T09:54:56.799Z"}

data: {"data":"  code: 'SQLITE_CORRUPT'","timestamp":"2026-09-15T09:54:56.799Z"}

data: {"data":"}","timestamp":"2026-09-15T09:54:56.799Z"}

data: {"data":"[catalog] Could not materialize built-in auto model auto/chat: SqliteError: database disk image is malformed","timestamp":"2026-09-15T09:54:56.800Z"}

data: {"data":"    at Object.all (.build/next/server/chunks/src_02l7t6d._.js:1:5218)","timestamp":"2026-09-15T09:54:56.800Z"}

data: {"data":"    at b (.build/next/server/chunks/_1-iqx09._.js:1:14800)","timestamp":"2026-09-15T09:54:56.800Z"}

data: {"data":"    at c (.build/next/server/chunks/[root-of-the-server]__1k_ba33._.js:1:11339)","timestamp":"2026-09-15T09:54:56.800Z"}

data: {"data":"    at async x (.build/next/server/chunks/_1-iqx09._.js:1:14007)","timestamp":"2026-09-15T09:54:56.800Z"}

data: {"data":"    at async o (.build/next/server/chunks/[root-of-the-server]__1k_ba33._.js:1:11146)","timestamp":"2026-09-15T09:54:56.800Z"}

data: {"data":"    at async R (.build/next/server/chunks/open-sse_services_autoCombo_09kyb4x._.js:1:5269)","timestamp":"2026-09-15T09:54:56.800Z"}

data: {"data":"    at async ef (.build/next/server/chunks/_1vsj0p2._.js:1:13529)","timestamp":"2026-09-15T09:54:56.800Z"}

data: {"data":"    at async ec (.build/next/server/chunks/_1vsj0p2._.js:1:5672) {","timestamp":"2026-09-15T09:54:56.800Z"}

data: {"data":"  code: 'SQLITE_CORRUPT'","timestamp":"2026-09-15T09:54:56.800Z"}

data: {"data":"}","timestamp":"2026-09-15T09:54:56.800Z"}

data: {"data":"[catalog] Could not materialize built-in auto model auto/cheap: SqliteError: database disk image is malformed","timestamp":"2026-09-15T09:54:56.801Z"}

data: {"data":"    at Object.all (.build/next/server/chunks/src_02l7t6d._.js:1:5218)","timestamp":"2026-09-15T09:54:56.801Z"}

data: {"data":"    at b (.build/next/server/chunks/_1-iqx09._.js:1:14800)","timestamp":"2026-09-15T09:54:56.801Z"}

data: {"data":"    at c (.build/next/server/chunks/[root-of-the-server]__1k_ba33._.js:1:11339)","timestamp":"2026-09-15T09:54:56.801Z"}

data: {"data":"    at async x (.build/next/server/chunks/_1-iqx09._.js:1:14007)","timestamp":"2026-09-15T09:54:56.801Z"}

data: {"data":"    at async o (.build/next/server/chunks/[root-of-the-server]__1k_ba33._.js:1:11146)","timestamp":"2026-09-15T09:54:56.801Z"}

data: {"data":"    at async R (.build/next/server/chunks/open-sse_services_autoCombo_09kyb4x._.js:1:5269)","timestamp":"2026-09-15T09:54:56.801Z"}

data: {"data":"    at async ef (.build/next/server/chunks/_1vsj0p2._.js:1:13529)","timestamp":"2026-09-15T09:54:56.801Z"}

data: {"data":"    at async ec (.build/next/server/chunks/_1vsj0p2._.js:1:5672) {","timestamp":"2026-09-15T09:54:56.801Z"}

data: {"data":"  code: 'SQLITE_CORRUPT'","timestamp":"2026-09-15T09:54:56.801Z"}

data: {"data":"}","timestamp":"2026-09-15T09:54:56.801Z"}

data: {"data":"[catalog] Could not materialize built-in auto model auto/offline: SqliteError: database disk image is malformed","timestamp":"2026-09-15T09:54:56.804Z"}

data: {"data":"    at Object.all (.build/next/server/chunks/src_02l7t6d._.js:1:5218)","timestamp":"2026-09-15T09:54:56.804Z"}

data: {"data":"    at b (.build/next/server/chunks/_1-iqx09._.js:1:14800)","timestamp":"2026-09-15T09:54:56.804Z"}

data: {"data":"    at c (.build/next/server/chunks/[root-of-the-server]__1k_ba33._.js:1:11339)","timestamp":"2026-09-15T09:54:56.804Z"}

data: {"data":"    at async x (.build/next/server/chunks/_1-iqx09._.js:1:14007)","timestamp":"2026-09-15T09:54:56.804Z"}

data: {"data":"    at async o (.build/next/server/chunks/[root-of-the-server]__1k_ba33._.js:1:11146)","timestamp":"2026-09-15T09:54:56.804Z"}

data: {"data":"    at async R (.build/next/server/chunks/open-sse_services_autoCombo_09kyb4x._.js:1:5269)","timestamp":"2026-09-15T09:54:56.804Z"}

data: {"data":"    at async ef (.build/next/server/chunks/_1vsj0p2._.js:1:13529)","timestamp":"2026-09-15T09:54:56.804Z"}

data: {"data":"    at async ec (.build/next/server/chunks/_1vsj0p2._.js:1:5672) {","timestamp":"2026-09-15T09:54:56.804Z"}

data: {"data":"  code: 'SQLITE_CORRUPT'","timestamp":"2026-09-15T09:54:56.804Z"}

data: {"data":"}","timestamp":"2026-09-15T09:54:56.804Z"}

data: {"data":"[catalog] Could not materialize built-in auto model auto/smart: SqliteError: database disk image is malformed","timestamp":"2026-09-15T09:54:56.804Z"}

data: {"data":"    at Object.all (.build/next/server/chunks/src_02l7t6d._.js:1:5218)","timestamp":"2026-09-15T09:54:56.804Z"}

data: {"data":"    at b (.build/next/server/chunks/_1-iqx09._.js:1:14800)","timestamp":"2026-09-15T09:54:56.804Z"}

data: {"data":"    at c (.build/next/server/chunks/[root-of-the-server]__1k_ba33._.js:1:11339)","timestamp":"2026-09-15T09:54:56.804Z"}

data: {"data":"    at async x (.build/next/server/chunks/_1-iqx09._.js:1:14007)","timestamp":"2026-09-15T09:54:56.804Z"}

data: {"data":"    at async o (.build/next/server/chunks/[root-of-the-server]__1k_ba33._.js:1:11146)","timestamp":"2026-09-15T09:54:56.804Z"}

data: {"data":"    at async R (.build/next/server/chunks/open-sse_services_autoCombo_09kyb4x._.js:1:5269)","timestamp":"2026-09-15T09:54:56.804Z"}

data: {"data":"    at async ef (.build/next/server/chunks/_1vsj0p2._.js:1:13529)","timestamp":"2026-09-15T09:54:56.804Z"}

data: {"data":"    at async ec (.build/next/server/chunks/_1vsj0p2._.js:1:5672) {","timestamp":"2026-09-15T09:54:56.804Z"}

data: {"data":"  code: 'SQLITE_CORRUPT'","timestamp":"2026-09-15T09:54:56.804Z"}

data: {"data":"}","timestamp":"2026-09-15T09:54:56.804Z"}

data: {"data":"[catalog] Could not materialize built-in auto model auto/claude-opus: SqliteError: database disk image is malformed","timestamp":"2026-09-15T09:54:56.804Z"}

data: {"data":"    at Object.all (.build/next/server/chunks/src_02l7t6d._.js:1:5218)","timestamp":"2026-09-15T09:54:56.804Z"}

data: {"data":"    at b (.build/next/server/chunks/_1-iqx09._.js:1:14800)","timestamp":"2026-09-15T09:54:56.804Z"}

data: {"data":"    at c (.build/next/server/chunks/[root-of-the-server]__1k_ba33._.js:1:11339)","timestamp":"2026-09-15T09:54:56.804Z"}

data: {"data":"    at async x (.build/next/server/chunks/_1-iqx09._.js:1:14007)","timestamp":"2026-09-15T09:54:56.804Z"}

data: {"data":"    at async o (.build/next/server/chunks/[root-of-the-server]__1k_ba33._.js:1:11146)","timestamp":"2026-09-15T09:54:56.804Z"}

data: {"data":"    at async R (.build/next/server/chunks/open-sse_services_autoCombo_09kyb4x._.js:1:5269)","timestamp":"2026-09-15T09:54:56.804Z"}

data: {"data":"    at async ef (.build/next/server/chunks/_1vsj0p2._.js:1:13529)","timestamp":"2026-09-15T09:54:56.804Z"}

data: {"data":"    at async ec (.build/next/server/chunks/_1vsj0p2._.js:1:5672) {","timestamp":"2026-09-15T09:54:56.804Z"}

data: {"data":"  code: 'SQLITE_CORRUPT'","timestamp":"2026-09-15T09:54:56.804Z"}

data: {"data":"}","timestamp":"2026-09-15T09:54:56.804Z"}

data: {"data":"[catalog] Could not materialize built-in auto model auto/claude-sonnet: SqliteError: database disk image is malformed","timestamp":"2026-09-15T09:54:56.806Z"}

data: {"data":"    at Object.all (.build/next/server/chunks/src_02l7t6d._.js:1:5218)","timestamp":"2026-09-15T09:54:56.806Z"}

data: {"data":"    at b (.build/next/server/chunks/_1-iqx09._.js:1:14800)","timestamp":"2026-09-15T09:54:56.806Z"}

data: {"data":"    at c (.build/next/server/chunks/[root-of-the-server]__1k_ba33._.js:1:11339)","timestamp":"2026-09-15T09:54:56.806Z"}

data: {"data":"    at async x (.build/next/server/chunks/_1-iqx09._.js:1:14007)","timestamp":"2026-09-15T09:54:56.806Z"}

data: {"data":"    at async o (.build/next/server/chunks/[root-of-the-server]__1k_ba33._.js:1:11146)","timestamp":"2026-09-15T09:54:56.806Z"}

data: {"data":"    at async R (.build/next/server/chunks/open-sse_services_autoCombo_09kyb4x._.js:1:5269)","timestamp":"2026-09-15T09:54:56.806Z"}

data: {"data":"    at async ef (.build/next/server/chunks/_1vsj0p2._.js:1:13529)","timestamp":"2026-09-15T09:54:56.806Z"}

data: {"data":"    at async ec (.build/next/server/chunks/_1vsj0p2._.js:1:5672) {","timestamp":"2026-09-15T09:54:56.806Z"}

data: {"data":"  code: 'SQLITE_CORRUPT'","timestamp":"2026-09-15T09:54:56.806Z"}

data: {"data":"}","timestamp":"2026-09-15T09:54:56.806Z"}

data: {"data":"[catalog] Could not materialize built-in auto model auto/best-free: SqliteError: database disk image is malformed","timestamp":"2026-09-15T09:54:56.807Z"}

data: {"data":"    at Object.all (.build/next/server/chunks/src_02l7t6d._.js:1:5218)","timestamp":"2026-09-15T09:54:56.807Z"}

data: {"data":"    at b (.build/next/server/chunks/_1-iqx09._.js:1:14800)","timestamp":"2026-09-15T09:54:56.807Z"}

data: {"data":"    at c (.build/next/server/chunks/[root-of-the-server]__1k_ba33._.js:1:11339)","timestamp":"2026-09-15T09:54:56.807Z"}

data: {"data":"    at async x (.build/next/server/chunks/_1-iqx09._.js:1:14007)","timestamp":"2026-09-15T09:54:56.807Z"}

data: {"data":"    at async o (.build/next/server/chunks/[root-of-the-server]__1k_ba33._.js:1:11146)","timestamp":"2026-09-15T09:54:56.807Z"}

data: {"data":"    at async R (.build/next/server/chunks/open-sse_services_autoCombo_09kyb4x._.js:1:5269)","timestamp":"2026-09-15T09:54:56.807Z"}

data: {"data":"    at async ef (.build/next/server/chunks/_1vsj0p2._.js:1:13529)","timestamp":"2026-09-15T09:54:56.807Z"}

data: {"data":"    at async ec (.build/next/server/chunks/_1vsj0p2._.js:1:5672) {","timestamp":"2026-09-15T09:54:56.807Z"}

data: {"data":"  code: 'SQLITE_CORRUPT'","timestamp":"2026-09-15T09:54:56.807Z"}

data: {"data":"}","timestamp":"2026-09-15T09:54:56.807Z"}

data: {"data":"[catalog] Could not materialize built-in auto model auto/best-chaos: SqliteError: database disk image is malformed","timestamp":"2026-09-15T09:54:56.810Z"}

data: {"data":"    at Object.all (.build/next/server/chunks/src_02l7t6d._.js:1:5218)","timestamp":"2026-09-15T09:54:56.810Z"}

data: {"data":"    at b (.build/next/server/chunks/_1-iqx09._.js:1:14800)","timestamp":"2026-09-15T09:54:56.810Z"}

data: {"data":"    at c (.build/next/server/chunks/[root-of-the-server]__1k_ba33._.js:1:11339)","timestamp":"2026-09-15T09:54:56.810Z"}

data: {"data":"    at async x (.build/next/server/chunks/_1-iqx09._.js:1:14007)","timestamp":"2026-09-15T09:54:56.810Z"}

data: {"data":"    at async o (.build/next/server/chunks/[root-of-the-server]__1k_ba33._.js:1:11146)","timestamp":"2026-09-15T09:54:56.810Z"}

data: {"data":"    at async R (.build/next/server/chunks/open-sse_services_autoCombo_09kyb4x._.js:1:5269)","timestamp":"2026-09-15T09:54:56.810Z"}

data: {"data":"    at async ef (.build/next/server/chunks/_1vsj0p2._.js:1:13529)","timestamp":"2026-09-15T09:54:56.810Z"}

data: {"data":"    at async ec (.build/next/server/chunks/_1vsj0p2._.js:1:5672) {","timestamp":"2026-09-15T09:54:56.810Z"}

data: {"data":"  code: 'SQLITE_CORRUPT'","timestamp":"2026-09-15T09:54:56.810Z"}

data: {"data":"}","timestamp":"2026-09-15T09:54:56.810Z"}

data: {"data":"[catalog] Could not materialize built-in auto model auto/chaos: SqliteError: database disk image is malformed","timestamp":"2026-09-15T09:54:56.810Z"}

data: {"data":"    at Object.all (.build/next/server/chunks/src_02l7t6d._.js:1:5218)","timestamp":"2026-09-15T09:54:56.810Z"}

data: {"data":"    at b (.build/next/server/chunks/_1-iqx09._.js:1:14800)","timestamp":"2026-09-15T09:54:56.810Z"}

data: {"data":"    at c (.build/next/server/chunks/[root-of-the-server]__1k_ba33._.js:1:11339)","timestamp":"2026-09-15T09:54:56.810Z"}

data: {"data":"    at async x (.build/next/server/chunks/_1-iqx09._.js:1:14007)","timestamp":"2026-09-15T09:54:56.810Z"}

data: {"data":"    at async o (.build/next/server/chunks/[root-of-the-server]__1k_ba33._.js:1:11146)","timestamp":"2026-09-15T09:54:56.810Z"}

data: {"data":"    at async R (.build/next/server/chunks/open-sse_services_autoCombo_09kyb4x._.js:1:5269)","timestamp":"2026-09-15T09:54:56.810Z"}

data: {"data":"    at async ef (.build/next/server/chunks/_1vsj0p2._.js:1:13529)","timestamp":"2026-09-15T09:54:56.810Z"}

data: {"data":"    at async ec (.build/next/server/chunks/_1vsj0p2._.js:1:5672) {","timestamp":"2026-09-15T09:54:56.810Z"}

data: {"data":"  code: 'SQLITE_CORRUPT'","timestamp":"2026-09-15T09:54:56.810Z"}

data: {"data":"}","timestamp":"2026-09-15T09:54:56.810Z"}

data: {"data":"[catalog] Could not materialize built-in auto model auto/coding:fast: SqliteError: database disk image is malformed","timestamp":"2026-09-15T09:54:56.810Z"}

data: {"data":"    at Object.all (.build/next/server/chunks/src_02l7t6d._.js:1:5218)","timestamp":"2026-09-15T09:54:56.810Z"}

data: {"data":"    at b (.build/next/server/chunks/_1-iqx09._.js:1:14800)","timestamp":"2026-09-15T09:54:56.810Z"}

data: {"data":"    at c (.build/next/server/chunks/[root-of-the-server]__1k_ba33._.js:1:11339)","timestamp":"2026-09-15T09:54:56.810Z"}

data: {"data":"    at async x (.build/next/server/chunks/_1-iqx09._.js:1:14007)","timestamp":"2026-09-15T09:54:56.810Z"}

data: {"data":"    at async o (.build/next/server/chunks/[root-of-the-server]__1k_ba33._.js:1:11146)","timestamp":"2026-09-15T09:54:56.810Z"}

data: {"data":"    at async R (.build/next/server/chunks/open-sse_services_autoCombo_09kyb4x._.js:1:5269)","timestamp":"2026-09-15T09:54:56.810Z"}

data: {"data":"    at async ef (.build/next/server/chunks/_1vsj0p2._.js:1:13529)","timestamp":"2026-09-15T09:54:56.810Z"}

data: {"data":"    at async ec (.build/next/server/chunks/_1vsj0p2._.js:1:5672) {","timestamp":"2026-09-15T09:54:56.810Z"}

data: {"data":"  code: 'SQLITE_CORRUPT'","timestamp":"2026-09-15T09:54:56.810Z"}

data: {"data":"}","timestamp":"2026-09-15T09:54:56.810Z"}

data: {"data":"[catalog] Could not materialize built-in auto model auto/coding:cheap: SqliteError: database disk image is malformed","timestamp":"2026-09-15T09:54:56.811Z"}

data: {"data":"    at Object.all (.build/next/server/chunks/src_02l7t6d._.js:1:5218)","timestamp":"2026-09-15T09:54:56.811Z"}

data: {"data":"    at b (.build/next/server/chunks/_1-iqx09._.js:1:14800)","timestamp":"2026-09-15T09:54:56.811Z"}

data: {"data":"    at c (.build/next/server/chunks/[root-of-the-server]__1k_ba33._.js:1:11339)","timestamp":"2026-09-15T09:54:56.811Z"}

data: {"data":"    at async x (.build/next/server/chunks/_1-iqx09._.js:1:14007)","timestamp":"2026-09-15T09:54:56.811Z"}

data: {"data":"    at async o (.build/next/server/chunks/[root-of-the-server]__1k_ba33._.js:1:11146)","timestamp":"2026-09-15T09:54:56.811Z"}

data: {"data":"    at async R (.build/next/server/chunks/open-sse_services_autoCombo_09kyb4x._.js:1:5269)","timestamp":"2026-09-15T09:54:56.811Z"}

data: {"data":"    at async ef (.build/next/server/chunks/_1vsj0p2._.js:1:13529)","timestamp":"2026-09-15T09:54:56.811Z"}

data: {"data":"    at async ec (.build/next/server/chunks/_1vsj0p2._.js:1:5672) {","timestamp":"2026-09-15T09:54:56.811Z"}

data: {"data":"  code: 'SQLITE_CORRUPT'","timestamp":"2026-09-15T09:54:56.811Z"}

data: {"data":"}","timestamp":"2026-09-15T09:54:56.811Z"}

data: {"data":"[catalog] Could not materialize built-in auto model auto/coding:free: SqliteError: database disk image is malformed","timestamp":"2026-09-15T09:54:56.813Z"}

data: {"data":"    at Object.all (.build/next/server/chunks/src_02l7t6d._.js:1:5218)","timestamp":"2026-09-15T09:54:56.813Z"}

data: {"data":"    at b (.build/next/server/chunks/_1-iqx09._.js:1:14800)","timestamp":"2026-09-15T09:54:56.813Z"}

data: {"data":"    at c (.build/next/server/chunks/[root-of-the-server]__1k_ba33._.js:1:11339)","timestamp":"2026-09-15T09:54:56.813Z"}

data: {"data":"    at async x (.build/next/server/chunks/_1-iqx09._.js:1:14007)","timestamp":"2026-09-15T09:54:56.813Z"}

data: {"data":"    at async o (.build/next/server/chunks/[root-of-the-server]__1k_ba33._.js:1:11146)","timestamp":"2026-09-15T09:54:56.813Z"}

data: {"data":"    at async R (.build/next/server/chunks/open-sse_services_autoCombo_09kyb4x._.js:1:5269)","timestamp":"2026-09-15T09:54:56.813Z"}

data: {"data":"    at async ef (.build/next/server/chunks/_1vsj0p2._.js:1:13529)","timestamp":"2026-09-15T09:54:56.813Z"}

data: {"data":"    at async ec (.build/next/server/chunks/_1vsj0p2._.js:1:5672) {","timestamp":"2026-09-15T09:54:56.813Z"}

data: {"data":"  code: 'SQLITE_CORRUPT'","timestamp":"2026-09-15T09:54:56.813Z"}

data: {"data":"}","timestamp":"2026-09-15T09:54:56.813Z"}

data: {"data":"[catalog] Could not materialize built-in auto model auto/coding:pro: SqliteError: database disk image is malformed","timestamp":"2026-09-15T09:54:56.814Z"}

data: {"data":"    at Object.all (.build/next/server/chunks/src_02l7t6d._.js:1:5218)","timestamp":"2026-09-15T09:54:56.814Z"}

data: {"data":"    at b (.build/next/server/chunks/_1-iqx09._.js:1:14800)","timestamp":"2026-09-15T09:54:56.814Z"}

data: {"data":"    at c (.build/next/server/chunks/[root-of-the-server]__1k_ba33._.js:1:11339)","timestamp":"2026-09-15T09:54:56.814Z"}

data: {"data":"    at async x (.build/next/server/chunks/_1-iqx09._.js:1:14007)","timestamp":"2026-09-15T09:54:56.814Z"}

data: {"data":"    at async o (.build/next/server/chunks/[root-of-the-server]__1k_ba33._.js:1:11146)","timestamp":"2026-09-15T09:54:56.814Z"}

data: {"data":"    at async R (.build/next/server/chunks/open-sse_services_autoCombo_09kyb4x._.js:1:5269)","timestamp":"2026-09-15T09:54:56.814Z"}

data: {"data":"    at async ef (.build/next/server/chunks/_1vsj0p2._.js:1:13529)","timestamp":"2026-09-15T09:54:56.814Z"}

data: {"data":"    at async ec (.build/next/server/chunks/_1vsj0p2._.js:1:5672) {","timestamp":"2026-09-15T09:54:56.814Z"}

data: {"data":"  code: 'SQLITE_CORRUPT'","timestamp":"2026-09-15T09:54:56.814Z"}

data: {"data":"}","timestamp":"2026-09-15T09:54:56.814Z"}

data: {"data":"[catalog] Could not materialize built-in auto model auto/coding:reliable: SqliteError: database disk image is malformed","timestamp":"2026-09-15T09:54:56.817Z"}

data: {"data":"    at Object.all (.build/next/server/chunks/src_02l7t6d._.js:1:5218)","timestamp":"2026-09-15T09:54:56.817Z"}

data: {"data":"    at b (.build/next/server/chunks/_1-iqx09._.js:1:14800)","timestamp":"2026-09-15T09:54:56.817Z"}

data: {"data":"    at c (.build/next/server/chunks/[root-of-the-server]__1k_ba33._.js:1:11339)","timestamp":"2026-09-15T09:54:56.817Z"}

data: {"data":"    at async x (.build/next/server/chunks/_1-iqx09._.js:1:14007)","timestamp":"2026-09-15T09:54:56.817Z"}

data: {"data":"    at async o (.build/next/server/chunks/[root-of-the-server]__1k_ba33._.js:1:11146)","timestamp":"2026-09-15T09:54:56.817Z"}

data: {"data":"    at async R (.build/next/server/chunks/open-sse_services_autoCombo_09kyb4x._.js:1:5269)","timestamp":"2026-09-15T09:54:56.817Z"}

data: {"data":"    at async ef (.build/next/server/chunks/_1vsj0p2._.js:1:13529)","timestamp":"2026-09-15T09:54:56.817Z"}

data: {"data":"    at async ec (.build/next/server/chunks/_1vsj0p2._.js:1:5672) {","timestamp":"2026-09-15T09:54:56.817Z"}

data: {"data":"  code: 'SQLITE_CORRUPT'","timestamp":"2026-09-15T09:54:56.817Z"}

data: {"data":"}","timestamp":"2026-09-15T09:54:56.817Z"}

data: {"data":"[catalog] Could not materialize built-in auto model auto/reasoning: SqliteError: database disk image is malformed","timestamp":"2026-09-15T09:54:56.818Z"}

data: {"data":"    at Object.all (.build/next/server/chunks/src_02l7t6d._.js:1:5218)","timestamp":"2026-09-15T09:54:56.818Z"}

data: {"data":"    at b (.build/next/server/chunks/_1-iqx09._.js:1:14800)","timestamp":"2026-09-15T09:54:56.818Z"}

data: {"data":"    at c (.build/next/server/chunks/[root-of-the-server]__1k_ba33._.js:1:11339)","timestamp":"2026-09-15T09:54:56.818Z"}

data: {"data":"    at async x (.build/next/server/chunks/_1-iqx09._.js:1:14007)","timestamp":"2026-09-15T09:54:56.818Z"}

data: {"data":"    at async o (.build/next/server/chunks/[root-of-the-server]__1k_ba33._.js:1:11146)","timestamp":"2026-09-15T09:54:56.818Z"}

data: {"data":"    at async R (.build/next/server/chunks/open-sse_services_autoCombo_09kyb4x._.js:1:5269)","timestamp":"2026-09-15T09:54:56.818Z"}

data: {"data":"    at async ef (.build/next/server/chunks/_1vsj0p2._.js:1:13529)","timestamp":"2026-09-15T09:54:56.818Z"}

data: {"data":"    at async ec (.build/next/server/chunks/_1vsj0p2._.js:1:5672) {","timestamp":"2026-09-15T09:54:56.818Z"}

data: {"data":"  code: 'SQLITE_CORRUPT'","timestamp":"2026-09-15T09:54:56.818Z"}

data: {"data":"}","timestamp":"2026-09-15T09:54:56.818Z"}

data: {"data":"[catalog] Could not materialize built-in auto model auto/reasoning:pro: SqliteError: database disk image is malformed","timestamp":"2026-09-15T09:54:56.819Z"}

data: {"data":"    at Object.all (.build/next/server/chunks/src_02l7t6d._.js:1:5218)","timestamp":"2026-09-15T09:54:56.819Z"}

data: {"data":"    at b (.build/next/server/chunks/_1-iqx09._.js:1:14800)","timestamp":"2026-09-15T09:54:56.819Z"}

data: {"data":"    at c (.build/next/server/chunks/[root-of-the-server]__1k_ba33._.js:1:11339)","timestamp":"2026-09-15T09:54:56.819Z"}

data: {"data":"    at async x (.build/next/server/chunks/_1-iqx09._.js:1:14007)","timestamp":"2026-09-15T09:54:56.819Z"}

data: {"data":"    at async o (.build/next/server/chunks/[root-of-the-server]__1k_ba33._.js:1:11146)","timestamp":"2026-09-15T09:54:56.819Z"}

data: {"data":"    at async R (.build/next/server/chunks/open-sse_services_autoCombo_09kyb4x._.js:1:5269)","timestamp":"2026-09-15T09:54:56.819Z"}

data: {"data":"    at async ef (.build/next/server/chunks/_1vsj0p2._.js:1:13529)","timestamp":"2026-09-15T09:54:56.819Z"}

data: {"data":"    at async ec (.build/next/server/chunks/_1vsj0p2._.js:1:5672) {","timestamp":"2026-09-15T09:54:56.819Z"}

data: {"data":"  code: 'SQLITE_CORRUPT'","timestamp":"2026-09-15T09:54:56.819Z"}

data: {"data":"}","timestamp":"2026-09-15T09:54:56.819Z"}

data: {"data":"[catalog] Could not materialize built-in auto model auto/vision: SqliteError: database disk image is malformed","timestamp":"2026-09-15T09:54:56.820Z"}

data: {"data":"    at Object.all (.build/next/server/chunks/src_02l7t6d._.js:1:5218)","timestamp":"2026-09-15T09:54:56.820Z"}

data: {"data":"    at b (.build/next/server/chunks/_1-iqx09._.js:1:14800)","timestamp":"2026-09-15T09:54:56.820Z"}

data: {"data":"    at c (.build/next/server/chunks/[root-of-the-server]__1k_ba33._.js:1:11339)","timestamp":"2026-09-15T09:54:56.820Z"}

data: {"data":"    at async x (.build/next/server/chunks/_1-iqx09._.js:1:14007)","timestamp":"2026-09-15T09:54:56.820Z"}

data: {"data":"    at async o (.build/next/server/chunks/[root-of-the-server]__1k_ba33._.js:1:11146)","timestamp":"2026-09-15T09:54:56.820Z"}

data: {"data":"    at async R (.build/next/server/chunks/open-sse_services_autoCombo_09kyb4x._.js:1:5269)","timestamp":"2026-09-15T09:54:56.820Z"}

data: {"data":"    at async ef (.build/next/server/chunks/_1vsj0p2._.js:1:13529)","timestamp":"2026-09-15T09:54:56.820Z"}

data: {"data":"    at async ec (.build/next/server/chunks/_1vsj0p2._.js:1:5672) {","timestamp":"2026-09-15T09:54:56.820Z"}

data: {"data":"  code: 'SQLITE_CORRUPT'","timestamp":"2026-09-15T09:54:56.820Z"}

data: {"data":"}","timestamp":"2026-09-15T09:54:56.820Z"}

data: {"data":"[catalog] Could not materialize built-in auto model auto/multimodal: SqliteError: database disk image is malformed","timestamp":"2026-09-15T09:54:56.821Z"}

data: {"data":"    at Object.all (.build/next/server/chunks/src_02l7t6d._.js:1:5218)","timestamp":"2026-09-15T09:54:56.821Z"}

data: {"data":"    at b (.build/next/server/chunks/_1-iqx09._.js:1:14800)","timestamp":"2026-09-15T09:54:56.821Z"}

data: {"data":"    at c (.build/next/server/chunks/[root-of-the-server]__1k_ba33._.js:1:11339)","timestamp":"2026-09-15T09:54:56.821Z"}

data: {"data":"    at async x (.build/next/server/chunks/_1-iqx09._.js:1:14007)","timestamp":"2026-09-15T09:54:56.821Z"}

data: {"data":"    at async o (.build/next/server/chunks/[root-of-the-server]__1k_ba33._.js:1:11146)","timestamp":"2026-09-15T09:54:56.821Z"}

data: {"data":"    at async R (.build/next/server/chunks/open-sse_services_autoCombo_09kyb4x._.js:1:5269)","timestamp":"2026-09-15T09:54:56.821Z"}

data: {"data":"    at async ef (.build/next/server/chunks/_1vsj0p2._.js:1:13529)","timestamp":"2026-09-15T09:54:56.821Z"}

data: {"data":"    at async ec (.build/next/server/chunks/_1vsj0p2._.js:1:5672) {","timestamp":"2026-09-15T09:54:56.821Z"}

data: {"data":"  code: 'SQLITE_CORRUPT'","timestamp":"2026-09-15T09:54:56.821Z"}

data: {"data":"}","timestamp":"2026-09-15T09:54:56.821Z"}

data: {"data":"[catalog] Could not materialize built-in auto model auto/glm: SqliteError: database disk image is malformed","timestamp":"2026-09-15T09:54:56.822Z"}

data: {"data":"    at Object.all (.build/next/server/chunks/src_02l7t6d._.js:1:5218)","timestamp":"2026-09-15T09:54:56.822Z"}

data: {"data":"    at b (.build/next/server/chunks/_1-iqx09._.js:1:14800)","timestamp":"2026-09-15T09:54:56.822Z"}

data: {"data":"    at c (.build/next/server/chunks/[root-of-the-server]__1k_ba33._.js:1:11339)","timestamp":"2026-09-15T09:54:56.822Z"}

data: {"data":"    at async x (.build/next/server/chunks/_1-iqx09._.js:1:14007)","timestamp":"2026-09-15T09:54:56.822Z"}

data: {"data":"    at async o (.build/next/server/chunks/[root-of-the-server]__1k_ba33._.js:1:11146)","timestamp":"2026-09-15T09:54:56.822Z"}

data: {"data":"    at async R (.build/next/server/chunks/open-sse_services_autoCombo_09kyb4x._.js:1:5269)","timestamp":"2026-09-15T09:54:56.822Z"}

data: {"data":"    at async ef (.build/next/server/chunks/_1vsj0p2._.js:1:13529)","timestamp":"2026-09-15T09:54:56.822Z"}

data: {"data":"    at async ec (.build/next/server/chunks/_1vsj0p2._.js:1:5672) {","timestamp":"2026-09-15T09:54:56.822Z"}

data: {"data":"  code: 'SQLITE_CORRUPT'","timestamp":"2026-09-15T09:54:56.822Z"}

data: {"data":"}","timestamp":"2026-09-15T09:54:56.822Z"}

data: {"data":"[catalog] Could not materialize built-in auto model auto/minimax: SqliteError: database disk image is malformed","timestamp":"2026-09-15T09:54:56.824Z"}

data: {"data":"    at Object.all (.build/next/server/chunks/src_02l7t6d._.js:1:5218)","timestamp":"2026-09-15T09:54:56.824Z"}

data: {"data":"    at b (.build/next/server/chunks/_1-iqx09._.js:1:14800)","timestamp":"2026-09-15T09:54:56.824Z"}

data: {"data":"    at c (.build/next/server/chunks/[root-of-the-server]__1k_ba33._.js:1:11339)","timestamp":"2026-09-15T09:54:56.824Z"}

data: {"data":"    at async x (.build/next/server/chunks/_1-iqx09._.js:1:14007)","timestamp":"2026-09-15T09:54:56.824Z"}

data: {"data":"    at async o (.build/next/server/chunks/[root-of-the-server]__1k_ba33._.js:1:11146)","timestamp":"2026-09-15T09:54:56.824Z"}

data: {"data":"    at async R (.build/next/server/chunks/open-sse_services_autoCombo_09kyb4x._.js:1:5269)","timestamp":"2026-09-15T09:54:56.824Z"}

data: {"data":"    at async ef (.build/next/server/chunks/_1vsj0p2._.js:1:13529)","timestamp":"2026-09-15T09:54:56.824Z"}

data: {"data":"    at async ec (.build/next/server/chunks/_1vsj0p2._.js:1:5672) {","timestamp":"2026-09-15T09:54:56.824Z"}

data: {"data":"  code: 'SQLITE_CORRUPT'","timestamp":"2026-09-15T09:54:56.824Z"}

data: {"data":"}","timestamp":"2026-09-15T09:54:56.824Z"}

data: {"data":"[catalog] Could not materialize built-in auto model auto/mimo: SqliteError: database disk image is malformed","timestamp":"2026-09-15T09:54:56.825Z"}

data: {"data":"    at Object.all (.build/next/server/chunks/src_02l7t6d._.js:1:5218)","timestamp":"2026-09-15T09:54:56.825Z"}

data: {"data":"    at b (.build/next/server/chunks/_1-iqx09._.js:1:14800)","timestamp":"2026-09-15T09:54:56.825Z"}

data: {"data":"    at c (.build/next/server/chunks/[root-of-the-server]__1k_ba33._.js:1:11339)","timestamp":"2026-09-15T09:54:56.825Z"}

data: {"data":"    at async x (.build/next/server/chunks/_1-iqx09._.js:1:14007)","timestamp":"2026-09-15T09:54:56.825Z"}

data: {"data":"    at async o (.build/next/server/chunks/[root-of-the-server]__1k_ba33._.js:1:11146)","timestamp":"2026-09-15T09:54:56.825Z"}

data: {"data":"    at async R (.build/next/server/chunks/open-sse_services_autoCombo_09kyb4x._.js:1:5269)","timestamp":"2026-09-15T09:54:56.825Z"}

data: {"data":"    at async ef (.build/next/server/chunks/_1vsj0p2._.js:1:13529)","timestamp":"2026-09-15T09:54:56.825Z"}

data: {"data":"    at async ec (.build/next/server/chunks/_1vsj0p2._.js:1:5672) {","timestamp":"2026-09-15T09:54:56.825Z"}

data: {"data":"  code: 'SQLITE_CORRUPT'","timestamp":"2026-09-15T09:54:56.825Z"}

data: {"data":"}","timestamp":"2026-09-15T09:54:56.825Z"}

data: {"data":"[catalog] Could not materialize built-in auto model auto/zai: SqliteError: database disk image is malformed","timestamp":"2026-09-15T09:54:56.826Z"}

data: {"data":"    at Object.all (.build/next/server/chunks/src_02l7t6d._.js:1:5218)","timestamp":"2026-09-15T09:54:56.826Z"}

data: {"data":"    at b (.build/next/server/chunks/_1-iqx09._.js:1:14800)","timestamp":"2026-09-15T09:54:56.826Z"}

data: {"data":"    at c (.build/next/server/chunks/[root-of-the-server]__1k_ba33._.js:1:11339)","timestamp":"2026-09-15T09:54:56.826Z"}

data: {"data":"    at async x (.build/next/server/chunks/_1-iqx09._.js:1:14007)","timestamp":"2026-09-15T09:54:56.826Z"}

data: {"data":"    at async o (.build/next/server/chunks/[root-of-the-server]__1k_ba33._.js:1:11146)","timestamp":"2026-09-15T09:54:56.826Z"}

data: {"data":"    at async R (.build/next/server/chunks/open-sse_services_autoCombo_09kyb4x._.js:1:5269)","timestamp":"2026-09-15T09:54:56.826Z"}

data: {"data":"    at async ef (.build/next/server/chunks/_1vsj0p2._.js:1:13529)","timestamp":"2026-09-15T09:54:56.826Z"}

data: {"data":"    at async ec (.build/next/server/chunks/_1vsj0p2._.js:1:5672) {","timestamp":"2026-09-15T09:54:56.826Z"}

data: {"data":"  code: 'SQLITE_CORRUPT'","timestamp":"2026-09-15T09:54:56.826Z"}

data: {"data":"}","timestamp":"2026-09-15T09:54:56.826Z"}

data: {"data":"[catalog] Could not materialize built-in auto model auto/gemma: SqliteError: database disk image is malformed","timestamp":"2026-09-15T09:54:56.827Z"}

data: {"data":"    at Object.all (.build/next/server/chunks/src_02l7t6d._.js:1:5218)","timestamp":"2026-09-15T09:54:56.827Z"}

data: {"data":"    at b (.build/next/server/chunks/_1-iqx09._.js:1:14800)","timestamp":"2026-09-15T09:54:56.827Z"}

data: {"data":"    at c (.build/next/server/chunks/[root-of-the-server]__1k_ba33._.js:1:11339)","timestamp":"2026-09-15T09:54:56.827Z"}

data: {"data":"    at async x (.build/next/server/chunks/_1-iqx09._.js:1:14007)","timestamp":"2026-09-15T09:54:56.827Z"}

data: {"data":"    at async o (.build/next/server/chunks/[root-of-the-server]__1k_ba33._.js:1:11146)","timestamp":"2026-09-15T09:54:56.827Z"}

data: {"data":"    at async R (.build/next/server/chunks/open-sse_services_autoCombo_09kyb4x._.js:1:5269)","timestamp":"2026-09-15T09:54:56.827Z"}

data: {"data":"    at async ef (.build/next/server/chunks/_1vsj0p2._.js:1:13529)","timestamp":"2026-09-15T09:54:56.827Z"}

data: {"data":"    at async ec (.build/next/server/chunks/_1vsj0p2._.js:1:5672) {","timestamp":"2026-09-15T09:54:56.827Z"}

data: {"data":"  code: 'SQLITE_CORRUPT'","timestamp":"2026-09-15T09:54:56.827Z"}

data: {"data":"}","timestamp":"2026-09-15T09:54:56.827Z"}

data: {"data":"[catalog] Could not materialize built-in auto model auto/llama: SqliteError: database disk image is malformed","timestamp":"2026-09-15T09:54:56.828Z"}

data: {"data":"    at Object.all (.build/next/server/chunks/src_02l7t6d._.js:1:5218)","timestamp":"2026-09-15T09:54:56.828Z"}

data: {"data":"    at b (.build/next/server/chunks/_1-iqx09._.js:1:14800)","timestamp":"2026-09-15T09:54:56.828Z"}

data: {"data":"    at c (.build/next/server/chunks/[root-of-the-server]__1k_ba33._.js:1:11339)","timestamp":"2026-09-15T09:54:56.828Z"}

data: {"data":"    at async x (.build/next/server/chunks/_1-iqx09._.js:1:14007)","timestamp":"2026-09-15T09:54:56.828Z"}

data: {"data":"    at async o (.build/next/server/chunks/[root-of-the-server]__1k_ba33._.js:1:11146)","timestamp":"2026-09-15T09:54:56.828Z"}

data: {"data":"    at async R (.build/next/server/chunks/open-sse_services_autoCombo_09kyb4x._.js:1:5269)","timestamp":"2026-09-15T09:54:56.828Z"}

data: {"data":"    at async ef (.build/next/server/chunks/_1vsj0p2._.js:1:13529)","timestamp":"2026-09-15T09:54:56.828Z"}

data: {"data":"    at async ec (.build/next/server/chunks/_1vsj0p2._.js:1:5672) {","timestamp":"2026-09-15T09:54:56.828Z"}

data: {"data":"  code: 'SQLITE_CORRUPT'","timestamp":"2026-09-15T09:54:56.828Z"}

data: {"data":"}","timestamp":"2026-09-15T09:54:56.828Z"}

data: {"data":"[catalog] Could not materialize built-in auto model auto/gemini: SqliteError: database disk image is malformed","timestamp":"2026-09-15T09:54:56.829Z"}

data: {"data":"    at Object.all (.build/next/server/chunks/src_02l7t6d._.js:1:5218)","timestamp":"2026-09-15T09:54:56.829Z"}

data: {"data":"    at b (.build/next/server/chunks/_1-iqx09._.js:1:14800)","timestamp":"2026-09-15T09:54:56.829Z"}

data: {"data":"    at c (.build/next/server/chunks/[root-of-the-server]__1k_ba33._.js:1:11339)","timestamp":"2026-09-15T09:54:56.829Z"}

data: {"data":"    at async x (.build/next/server/chunks/_1-iqx09._.js:1:14007)","timestamp":"2026-09-15T09:54:56.829Z"}

data: {"data":"    at async o (.build/next/server/chunks/[root-of-the-server]__1k_ba33._.js:1:11146)","timestamp":"2026-09-15T09:54:56.829Z"}

data: {"data":"    at async R (.build/next/server/chunks/open-sse_services_autoCombo_09kyb4x._.js:1:5269)","timestamp":"2026-09-15T09:54:56.829Z"}

data: {"data":"    at async ef (.build/next/server/chunks/_1vsj0p2._.js:1:13529)","timestamp":"2026-09-15T09:54:56.829Z"}

data: {"data":"    at async ec (.build/next/server/chunks/_1vsj0p2._.js:1:5672) {","timestamp":"2026-09-15T09:54:56.829Z"}

data: {"data":"  code: 'SQLITE_CORRUPT'","timestamp":"2026-09-15T09:54:56.829Z"}

data: {"data":"}","timestamp":"2026-09-15T09:54:56.829Z"}

data: {"data":"[heapwatch] heapUsed=344MB heap_size_limit=4192MB pressure=0.082 rss=626MB shed_threshold=0.75","timestamp":"2026-09-15T09:55:08.848Z"}

data: {"data":"[heapwatch] heapUsed=8MB heap_size_limit=4192MB pressure=0.002 rss=626MB shed_threshold=0.75","timestamp":"2026-09-15T09:55:09.837Z"}

data: {"data":"[heapwatch] heapUsed=8MB heap_size_limit=4192MB pressure=0.002 rss=626MB shed_threshold=0.75","timestamp":"2026-09-15T09:55:14.132Z"}

data: {"data":"[heapwatch] heapUsed=8MB heap_size_limit=4192MB pressure=0.002 rss=626MB shed_threshold=0.75","timestamp":"2026-09-15T09:55:14.441Z"}

data: {"data":"[ConnectionRecovery] failed to load connections: database disk image is malformed","timestamp":"2026-09-15T09:55:26.076Z"}

data: {"data":"[heapwatch] heapUsed=344MB heap_size_limit=4192MB pressure=0.082 rss=603MB shed_threshold=0.75","timestamp":"2026-09-15T09:55:38.863Z"}

data: {"data":"[heapwatch] heapUsed=8MB heap_size_limit=4192MB pressure=0.002 rss=604MB shed_threshold=0.75","timestamp":"2026-09-15T09:55:39.844Z"}

data: {"data":"[heapwatch] heapUsed=8MB heap_size_limit=4192MB pressure=0.002 rss=604MB shed_threshold=0.75","timestamp":"2026-09-15T09:55:44.138Z"}

data: {"data":"[heapwatch] heapUsed=8MB heap_size_limit=4192MB pressure=0.002 rss=604MB shed_threshold=0.75","timestamp":"2026-09-15T09:55:44.444Z"}

data: {"data":"[heapwatch] heapUsed=344MB heap_size_limit=4192MB pressure=0.082 rss=604MB shed_threshold=0.75","timestamp":"2026-09-15T09:56:08.875Z"}

data: {"data":"[heapwatch] heapUsed=8MB heap_size_limit=4192MB pressure=0.002 rss=603MB shed_threshold=0.75","timestamp":"2026-09-15T09:56:09.847Z"}

data: {"data":"[heapwatch] heapUsed=8MB heap_size_limit=4192MB pressure=0.002 rss=604MB shed_threshold=0.75","timestamp":"2026-09-15T09:56:14.142Z"}

data: {"data":"[heapwatch] heapUsed=8MB heap_size_limit=4192MB pressure=0.002 rss=604MB shed_threshold=0.75","timestamp":"2026-09-15T09:56:14.447Z"}

data: {"data":"[ConnectionRecovery] failed to load connections: database disk image is malformed","timestamp":"2026-09-15T09:56:26.073Z"}

data: {"data":"[heapwatch] heapUsed=344MB heap_size_limit=4192MB pressure=0.082 rss=603MB shed_threshold=0.75","timestamp":"2026-09-15T09:56:38.860Z"}

data: {"data":"[heapwatch] heapUsed=8MB heap_size_limit=4192MB pressure=0.002 rss=604MB shed_threshold=0.75","timestamp":"2026-09-15T09:56:39.850Z"}

data: {"data":"[heapwatch] heapUsed=8MB heap_size_limit=4192MB pressure=0.002 rss=604MB shed_threshold=0.75","timestamp":"2026-09-15T09:56:44.144Z"}

data: {"data":"[heapwatch] heapUsed=8MB heap_size_limit=4192MB pressure=0.002 rss=604MB shed_threshold=0.75","timestamp":"2026-09-15T09:56:44.449Z"}

data: {"data":"[heapwatch] heapUsed=344MB heap_size_limit=4192MB pressure=0.082 rss=604MB shed_threshold=0.75","timestamp":"2026-09-15T09:57:08.860Z"}

data: {"data":"[heapwatch] heapUsed=8MB heap_size_limit=4192MB pressure=0.002 rss=603MB shed_threshold=0.75","timestamp":"2026-09-15T09:57:09.857Z"}

data: {"data":"[heapwatch] heapUsed=8MB heap_size_limit=4192MB pressure=0.002 rss=603MB shed_threshold=0.75","timestamp":"2026-09-15T09:57:14.151Z"}

data: {"data":"[heapwatch] heapUsed=8MB heap_size_limit=4192MB pressure=0.002 rss=603MB shed_threshold=0.75","timestamp":"2026-09-15T09:57:14.452Z"}

data: {"data":"[catalog] Could not materialize built-in auto model auto/best-coding: SqliteError: database disk image is malformed","timestamp":"2026-09-15T09:57:20.340Z"}

data: {"data":"    at Object.all (.build/next/server/chunks/src_02l7t6d._.js:1:5218)","timestamp":"2026-09-15T09:57:20.340Z"}

data: {"data":"    at b (.build/next/server/chunks/_1-iqx09._.js:1:14800)","timestamp":"2026-09-15T09:57:20.340Z"}

data: {"data":"    at c (.build/next/server/chunks/[root-of-the-server]__1k_ba33._.js:1:11339)","timestamp":"2026-09-15T09:57:20.340Z"}

data: {"data":"    at async x (.build/next/server/chunks/_1-iqx09._.js:1:14007)","timestamp":"2026-09-15T09:57:20.340Z"}

data: {"data":"    at async o (.build/next/server/chunks/[root-of-the-server]__1k_ba33._.js:1:11146)","timestamp":"2026-09-15T09:57:20.340Z"}

data: {"data":"    at async R (.build/next/server/chunks/open-sse_services_autoCombo_09kyb4x._.js:1:5269)","timestamp":"2026-09-15T09:57:20.340Z"}

data: {"data":"    at async ef (.build/next/server/chunks/_1vsj0p2._.js:1:13529)","timestamp":"2026-09-15T09:57:20.340Z"}

data: {"data":"    at async ec (.build/next/server/chunks/_1vsj0p2._.js:1:5672) {","timestamp":"2026-09-15T09:57:20.340Z"}

data: {"data":"  code: 'SQLITE_CORRUPT'","timestamp":"2026-09-15T09:57:20.340Z"}

data: {"data":"}","timestamp":"2026-09-15T09:57:20.340Z"}

data: {"data":"[catalog] Could not materialize built-in auto model auto/best-reasoning: SqliteError: database disk image is malformed","timestamp":"2026-09-15T09:57:20.341Z"}

data: {"data":"    at Object.all (.build/next/server/chunks/src_02l7t6d._.js:1:5218)","timestamp":"2026-09-15T09:57:20.341Z"}

data: {"data":"    at b (.build/next/server/chunks/_1-iqx09._.js:1:14800)","timestamp":"2026-09-15T09:57:20.341Z"}

data: {"data":"    at c (.build/next/server/chunks/[root-of-the-server]__1k_ba33._.js:1:11339)","timestamp":"2026-09-15T09:57:20.341Z"}

data: {"data":"    at async x (.build/next/server/chunks/_1-iqx09._.js:1:14007)","timestamp":"2026-09-15T09:57:20.341Z"}

data: {"data":"    at async o (.build/next/server/chunks/[root-of-the-server]__1k_ba33._.js:1:11146)","timestamp":"2026-09-15T09:57:20.341Z"}

data: {"data":"    at async R (.build/next/server/chunks/open-sse_services_autoCombo_09kyb4x._.js:1:5269)","timestamp":"2026-09-15T09:57:20.341Z"}

data: {"data":"    at async ef (.build/next/server/chunks/_1vsj0p2._.js:1:13529)","timestamp":"2026-09-15T09:57:20.341Z"}

data: {"data":"    at async ec (.build/next/server/chunks/_1vsj0p2._.js:1:5672) {","timestamp":"2026-09-15T09:57:20.341Z"}

data: {"data":"  code: 'SQLITE_CORRUPT'","timestamp":"2026-09-15T09:57:20.341Z"}

data: {"data":"}","timestamp":"2026-09-15T09:57:20.341Z"}

data: {"data":"[catalog] Could not materialize built-in auto model auto/best-fast: SqliteError: database disk image is malformed","timestamp":"2026-09-15T09:57:20.341Z"}

data: {"data":"    at Object.all (.build/next/server/chunks/src_02l7t6d._.js:1:5218)","timestamp":"2026-09-15T09:57:20.341Z"}

data: {"data":"    at b (.build/next/server/chunks/_1-iqx09._.js:1:14800)","timestamp":"2026-09-15T09:57:20.341Z"}

data: {"data":"    at c (.build/next/server/chunks/[root-of-the-server]__1k_ba33._.js:1:11339)","timestamp":"2026-09-15T09:57:20.341Z"}

data: {"data":"    at async x (.build/next/server/chunks/_1-iqx09._.js:1:14007)","timestamp":"2026-09-15T09:57:20.341Z"}

data: {"data":"    at async o (.build/next/server/chunks/[root-of-the-server]__1k_ba33._.js:1:11146)","timestamp":"2026-09-15T09:57:20.341Z"}

data: {"data":"    at async R (.build/next/server/chunks/open-sse_services_autoCombo_09kyb4x._.js:1:5269)","timestamp":"2026-09-15T09:57:20.341Z"}

data: {"data":"    at async ef (.build/next/server/chunks/_1vsj0p2._.js:1:13529)","timestamp":"2026-09-15T09:57:20.341Z"}

data: {"data":"    at async ec (.build/next/server/chunks/_1vsj0p2._.js:1:5672) {","timestamp":"2026-09-15T09:57:20.341Z"}

data: {"data":"  code: 'SQLITE_CORRUPT'","timestamp":"2026-09-15T09:57:20.341Z"}

data: {"data":"}","timestamp":"2026-09-15T09:57:20.341Z"}

data: {"data":"[catalog] Could not materialize built-in auto model auto/best-vision: SqliteError: database disk image is malformed","timestamp":"2026-09-15T09:57:20.342Z"}

data: {"data":"    at Object.all (.build/next/server/chunks/src_02l7t6d._.js:1:5218)","timestamp":"2026-09-15T09:57:20.342Z"}

data: {"data":"    at b (.build/next/server/chunks/_1-iqx09._.js:1:14800)","timestamp":"2026-09-15T09:57:20.342Z"}

data: {"data":"    at c (.build/next/server/chunks/[root-of-the-server]__1k_ba33._.js:1:11339)","timestamp":"2026-09-15T09:57:20.342Z"}

data: {"data":"    at async x (.build/next/server/chunks/_1-iqx09._.js:1:14007)","timestamp":"2026-09-15T09:57:20.342Z"}

data: {"data":"    at async o (.build/next/server/chunks/[root-of-the-server]__1k_ba33._.js:1:11146)","timestamp":"2026-09-15T09:57:20.342Z"}

data: {"data":"    at async R (.build/next/server/chunks/open-sse_services_autoCombo_09kyb4x._.js:1:5269)","timestamp":"2026-09-15T09:57:20.342Z"}

data: {"data":"    at async ef (.build/next/server/chunks/_1vsj0p2._.js:1:13529)","timestamp":"2026-09-15T09:57:20.342Z"}

data: {"data":"    at async ec (.build/next/server/chunks/_1vsj0p2._.js:1:5672) {","timestamp":"2026-09-15T09:57:20.342Z"}

data: {"data":"  code: 'SQLITE_CORRUPT'","timestamp":"2026-09-15T09:57:20.342Z"}

data: {"data":"}","timestamp":"2026-09-15T09:57:20.342Z"}

data: {"data":"[catalog] Could not materialize built-in auto model auto/best-chat: SqliteError: database disk image is malformed","timestamp":"2026-09-15T09:57:20.343Z"}

data: {"data":"    at Object.all (.build/next/server/chunks/src_02l7t6d._.js:1:5218)","timestamp":"2026-09-15T09:57:20.343Z"}

data: {"data":"    at b (.build/next/server/chunks/_1-iqx09._.js:1:14800)","timestamp":"2026-09-15T09:57:20.343Z"}

data: {"data":"    at c (.build/next/server/chunks/[root-of-the-server]__1k_ba33._.js:1:11339)","timestamp":"2026-09-15T09:57:20.343Z"}

data: {"data":"    at async x (.build/next/server/chunks/_1-iqx09._.js:1:14007)","timestamp":"2026-09-15T09:57:20.343Z"}

data: {"data":"    at async o (.build/next/server/chunks/[root-of-the-server]__1k_ba33._.js:1:11146)","timestamp":"2026-09-15T09:57:20.343Z"}

data: {"data":"    at async R (.build/next/server/chunks/open-sse_services_autoCombo_09kyb4x._.js:1:5269)","timestamp":"2026-09-15T09:57:20.343Z"}

data: {"data":"    at async ef (.build/next/server/chunks/_1vsj0p2._.js:1:13529)","timestamp":"2026-09-15T09:57:20.343Z"}

data: {"data":"    at async ec (.build/next/server/chunks/_1vsj0p2._.js:1:5672) {","timestamp":"2026-09-15T09:57:20.343Z"}

data: {"data":"  code: 'SQLITE_CORRUPT'","timestamp":"2026-09-15T09:57:20.343Z"}

data: {"data":"}","timestamp":"2026-09-15T09:57:20.343Z"}

data: {"data":"[catalog] Could not materialize built-in auto model auto/best-coding-fast: SqliteError: database disk image is malformed","timestamp":"2026-09-15T09:57:20.344Z"}

data: {"data":"    at Object.all (.build/next/server/chunks/src_02l7t6d._.js:1:5218)","timestamp":"2026-09-15T09:57:20.344Z"}

data: {"data":"    at b (.build/next/server/chunks/_1-iqx09._.js:1:14800)","timestamp":"2026-09-15T09:57:20.344Z"}

data: {"data":"    at c (.build/next/server/chunks/[root-of-the-server]__1k_ba33._.js:1:11339)","timestamp":"2026-09-15T09:57:20.344Z"}

data: {"data":"    at async x (.build/next/server/chunks/_1-iqx09._.js:1:14007)","timestamp":"2026-09-15T09:57:20.344Z"}

data: {"data":"    at async o (.build/next/server/chunks/[root-of-the-server]__1k_ba33._.js:1:11146)","timestamp":"2026-09-15T09:57:20.344Z"}

data: {"data":"    at async R (.build/next/server/chunks/open-sse_services_autoCombo_09kyb4x._.js:1:5269)","timestamp":"2026-09-15T09:57:20.344Z"}

data: {"data":"    at async ef (.build/next/server/chunks/_1vsj0p2._.js:1:13529)","timestamp":"2026-09-15T09:57:20.344Z"}

data: {"data":"    at async ec (.build/next/server/chunks/_1vsj0p2._.js:1:5672) {","timestamp":"2026-09-15T09:57:20.344Z"}

data: {"data":"  code: 'SQLITE_CORRUPT'","timestamp":"2026-09-15T09:57:20.344Z"}

data: {"data":"}","timestamp":"2026-09-15T09:57:20.344Z"}

data: {"data":"[catalog] Could not materialize built-in auto model auto/pro-coding: SqliteError: database disk image is malformed","timestamp":"2026-09-15T09:57:20.345Z"}

data: {"data":"    at Object.all (.build/next/server/chunks/src_02l7t6d._.js:1:5218)","timestamp":"2026-09-15T09:57:20.345Z"}

data: {"data":"    at b (.build/next/server/chunks/_1-iqx09._.js:1:14800)","timestamp":"2026-09-15T09:57:20.345Z"}

data: {"data":"    at c (.build/next/server/chunks/[root-of-the-server]__1k_ba33._.js:1:11339)","timestamp":"2026-09-15T09:57:20.345Z"}

data: {"data":"    at async x (.build/next/server/chunks/_1-iqx09._.js:1:14007)","timestamp":"2026-09-15T09:57:20.345Z"}

data: {"data":"    at async o (.build/next/server/chunks/[root-of-the-server]__1k_ba33._.js:1:11146)","timestamp":"2026-09-15T09:57:20.345Z"}

data: {"data":"    at async R (.build/next/server/chunks/open-sse_services_autoCombo_09kyb4x._.js:1:5269)","timestamp":"2026-09-15T09:57:20.345Z"}

data: {"data":"    at async ef (.build/next/server/chunks/_1vsj0p2._.js:1:13529)","timestamp":"2026-09-15T09:57:20.345Z"}

data: {"data":"    at async ec (.build/next/server/chunks/_1vsj0p2._.js:1:5672) {","timestamp":"2026-09-15T09:57:20.345Z"}

data: {"data":"  code: 'SQLITE_CORRUPT'","timestamp":"2026-09-15T09:57:20.345Z"}

data: {"data":"}","timestamp":"2026-09-15T09:57:20.345Z"}

data: {"data":"[catalog] Could not materialize built-in auto model auto/pro-reasoning: SqliteError: database disk image is malformed","timestamp":"2026-09-15T09:57:20.346Z"}

data: {"data":"    at Object.all (.build/next/server/chunks/src_02l7t6d._.js:1:5218)","timestamp":"2026-09-15T09:57:20.346Z"}

data: {"data":"    at b (.build/next/server/chunks/_1-iqx09._.js:1:14800)","timestamp":"2026-09-15T09:57:20.346Z"}

data: {"data":"    at c (.build/next/server/chunks/[root-of-the-server]__1k_ba33._.js:1:11339)","timestamp":"2026-09-15T09:57:20.346Z"}

data: {"data":"    at async x (.build/next/server/chunks/_1-iqx09._.js:1:14007)","timestamp":"2026-09-15T09:57:20.346Z"}

data: {"data":"    at async o (.build/next/server/chunks/[root-of-the-server]__1k_ba33._.js:1:11146)","timestamp":"2026-09-15T09:57:20.346Z"}

data: {"data":"    at async R (.build/next/server/chunks/open-sse_services_autoCombo_09kyb4x._.js:1:5269)","timestamp":"2026-09-15T09:57:20.346Z"}

data: {"data":"    at async ef (.build/next/server/chunks/_1vsj0p2._.js:1:13529)","timestamp":"2026-09-15T09:57:20.346Z"}

data: {"data":"    at async ec (.build/next/server/chunks/_1vsj0p2._.js:1:5672) {","timestamp":"2026-09-15T09:57:20.346Z"}

data: {"data":"  code: 'SQLITE_CORRUPT'","timestamp":"2026-09-15T09:57:20.346Z"}

data: {"data":"}","timestamp":"2026-09-15T09:57:20.346Z"}

data: {"data":"[catalog] Could not materialize built-in auto model auto/pro-vision: SqliteError: database disk image is malformed","timestamp":"2026-09-15T09:57:20.347Z"}

data: {"data":"    at Object.all (.build/next/server/chunks/src_02l7t6d._.js:1:5218)","timestamp":"2026-09-15T09:57:20.347Z"}

data: {"data":"    at b (.build/next/server/chunks/_1-iqx09._.js:1:14800)","timestamp":"2026-09-15T09:57:20.347Z"}

data: {"data":"    at c (.build/next/server/chunks/[root-of-the-server]__1k_ba33._.js:1:11339)","timestamp":"2026-09-15T09:57:20.347Z"}

data: {"data":"    at async x (.build/next/server/chunks/_1-iqx09._.js:1:14007)","timestamp":"2026-09-15T09:57:20.347Z"}

data: {"data":"    at async o (.build/next/server/chunks/[root-of-the-server]__1k_ba33._.js:1:11146)","timestamp":"2026-09-15T09:57:20.347Z"}

data: {"data":"    at async R (.build/next/server/chunks/open-sse_services_autoCombo_09kyb4x._.js:1:5269)","timestamp":"2026-09-15T09:57:20.347Z"}

data: {"data":"    at async ef (.build/next/server/chunks/_1vsj0p2._.js:1:13529)","timestamp":"2026-09-15T09:57:20.347Z"}

data: {"data":"    at async ec (.build/next/server/chunks/_1vsj0p2._.js:1:5672) {","timestamp":"2026-09-15T09:57:20.347Z"}

data: {"data":"  code: 'SQLITE_CORRUPT'","timestamp":"2026-09-15T09:57:20.347Z"}

data: {"data":"}","timestamp":"2026-09-15T09:57:20.347Z"}

data: {"data":"[catalog] Could not materialize built-in auto model auto/pro-chat: SqliteError: database disk image is malformed","timestamp":"2026-09-15T09:57:20.348Z"}

data: {"data":"    at Object.all (.build/next/server/chunks/src_02l7t6d._.js:1:5218)","timestamp":"2026-09-15T09:57:20.348Z"}

data: {"data":"    at b (.build/next/server/chunks/_1-iqx09._.js:1:14800)","timestamp":"2026-09-15T09:57:20.348Z"}

data: {"data":"    at c (.build/next/server/chunks/[root-of-the-server]__1k_ba33._.js:1:11339)","timestamp":"2026-09-15T09:57:20.348Z"}

data: {"data":"    at async x (.build/next/server/chunks/_1-iqx09._.js:1:14007)","timestamp":"2026-09-15T09:57:20.348Z"}

data: {"data":"    at async o (.build/next/server/chunks/[root-of-the-server]__1k_ba33._.js:1:11146)","timestamp":"2026-09-15T09:57:20.348Z"}

data: {"data":"    at async R (.build/next/server/chunks/open-sse_services_autoCombo_09kyb4x._.js:1:5269)","timestamp":"2026-09-15T09:57:20.348Z"}

data: {"data":"    at async ef (.build/next/server/chunks/_1vsj0p2._.js:1:13529)","timestamp":"2026-09-15T09:57:20.348Z"}

data: {"data":"    at async ec (.build/next/server/chunks/_1vsj0p2._.js:1:5672) {","timestamp":"2026-09-15T09:57:20.348Z"}

data: {"data":"  code: 'SQLITE_CORRUPT'","timestamp":"2026-09-15T09:57:20.348Z"}

data: {"data":"}","timestamp":"2026-09-15T09:57:20.348Z"}

data: {"data":"[catalog] Could not materialize built-in auto model auto/pro-fast: SqliteError: database disk image is malformed","timestamp":"2026-09-15T09:57:20.349Z"}

data: {"data":"    at Object.all (.build/next/server/chunks/src_02l7t6d._.js:1:5218)","timestamp":"2026-09-15T09:57:20.349Z"}

data: {"data":"    at b (.build/next/server/chunks/_1-iqx09._.js:1:14800)","timestamp":"2026-09-15T09:57:20.349Z"}

data: {"data":"    at c (.build/next/server/chunks/[root-of-the-server]__1k_ba33._.js:1:11339)","timestamp":"2026-09-15T09:57:20.349Z"}

data: {"data":"    at async x (.build/next/server/chunks/_1-iqx09._.js:1:14007)","timestamp":"2026-09-15T09:57:20.349Z"}

data: {"data":"    at async o (.build/next/server/chunks/[root-of-the-server]__1k_ba33._.js:1:11146)","timestamp":"2026-09-15T09:57:20.349Z"}

data: {"data":"    at async R (.build/next/server/chunks/open-sse_services_autoCombo_09kyb4x._.js:1:5269)","timestamp":"2026-09-15T09:57:20.349Z"}

data: {"data":"    at async ef (.build/next/server/chunks/_1vsj0p2._.js:1:13529)","timestamp":"2026-09-15T09:57:20.349Z"}

data: {"data":"    at async ec (.build/next/server/chunks/_1vsj0p2._.js:1:5672) {","timestamp":"2026-09-15T09:57:20.349Z"}

data: {"data":"  code: 'SQLITE_CORRUPT'","timestamp":"2026-09-15T09:57:20.349Z"}

data: {"data":"}","timestamp":"2026-09-15T09:57:20.349Z"}

data: {"data":"[catalog] Could not materialize built-in auto model auto/coding: SqliteError: database disk image is malformed","timestamp":"2026-09-15T09:57:20.350Z"}

data: {"data":"    at Object.all (.build/next/server/chunks/src_02l7t6d._.js:1:5218)","timestamp":"2026-09-15T09:57:20.350Z"}

data: {"data":"    at b (.build/next/server/chunks/_1-iqx09._.js:1:14800)","timestamp":"2026-09-15T09:57:20.350Z"}

data: {"data":"    at c (.build/next/server/chunks/[root-of-the-server]__1k_ba33._.js:1:11339)","timestamp":"2026-09-15T09:57:20.350Z"}

data: {"data":"    at async x (.build/next/server/chunks/_1-iqx09._.js:1:14007)","timestamp":"2026-09-15T09:57:20.350Z"}

data: {"data":"    at async o (.build/next/server/chunks/[root-of-the-server]__1k_ba33._.js:1:11146)","timestamp":"2026-09-15T09:57:20.350Z"}

data: {"data":"    at async R (.build/next/server/chunks/open-sse_services_autoCombo_09kyb4x._.js:1:5269)","timestamp":"2026-09-15T09:57:20.350Z"}

data: {"data":"    at async ef (.build/next/server/chunks/_1vsj0p2._.js:1:13529)","timestamp":"2026-09-15T09:57:20.350Z"}

data: {"data":"    at async ec (.build/next/server/chunks/_1vsj0p2._.js:1:5672) {","timestamp":"2026-09-15T09:57:20.350Z"}

data: {"data":"  code: 'SQLITE_CORRUPT'","timestamp":"2026-09-15T09:57:20.350Z"}

data: {"data":"}","timestamp":"2026-09-15T09:57:20.350Z"}

data: {"data":"[catalog] Could not materialize built-in auto model auto/fast: SqliteError: database disk image is malformed","timestamp":"2026-09-15T09:57:20.351Z"}

data: {"data":"    at Object.all (.build/next/server/chunks/src_02l7t6d._.js:1:5218)","timestamp":"2026-09-15T09:57:20.351Z"}

data: {"data":"    at b (.build/next/server/chunks/_1-iqx09._.js:1:14800)","timestamp":"2026-09-15T09:57:20.351Z"}

data: {"data":"    at c (.build/next/server/chunks/[root-of-the-server]__1k_ba33._.js:1:11339)","timestamp":"2026-09-15T09:57:20.351Z"}

data: {"data":"    at async x (.build/next/server/chunks/_1-iqx09._.js:1:14007)","timestamp":"2026-09-15T09:57:20.351Z"}

data: {"data":"    at async o (.build/next/server/chunks/[root-of-the-server]__1k_ba33._.js:1:11146)","timestamp":"2026-09-15T09:57:20.351Z"}

data: {"data":"    at async R (.build/next/server/chunks/open-sse_services_autoCombo_09kyb4x._.js:1:5269)","timestamp":"2026-09-15T09:57:20.351Z"}

data: {"data":"    at async ef (.build/next/server/chunks/_1vsj0p2._.js:1:13529)","timestamp":"2026-09-15T09:57:20.351Z"}

data: {"data":"    at async ec (.build/next/server/chunks/_1vsj0p2._.js:1:5672) {","timestamp":"2026-09-15T09:57:20.351Z"}

data: {"data":"  code: 'SQLITE_CORRUPT'","timestamp":"2026-09-15T09:57:20.351Z"}

data: {"data":"}","timestamp":"2026-09-15T09:57:20.351Z"}

data: {"data":"[catalog] Could not materialize built-in auto model auto/chat: SqliteError: database disk image is malformed","timestamp":"2026-09-15T09:57:20.351Z"}

data: {"data":"    at Object.all (.build/next/server/chunks/src_02l7t6d._.js:1:5218)","timestamp":"2026-09-15T09:57:20.351Z"}

data: {"data":"    at b (.build/next/server/chunks/_1-iqx09._.js:1:14800)","timestamp":"2026-09-15T09:57:20.351Z"}

data: {"data":"    at c (.build/next/server/chunks/[root-of-the-server]__1k_ba33._.js:1:11339)","timestamp":"2026-09-15T09:57:20.351Z"}

data: {"data":"    at async x (.build/next/server/chunks/_1-iqx09._.js:1:14007)","timestamp":"2026-09-15T09:57:20.351Z"}

data: {"data":"    at async o (.build/next/server/chunks/[root-of-the-server]__1k_ba33._.js:1:11146)","timestamp":"2026-09-15T09:57:20.351Z"}

data: {"data":"    at async R (.build/next/server/chunks/open-sse_services_autoCombo_09kyb4x._.js:1:5269)","timestamp":"2026-09-15T09:57:20.351Z"}

data: {"data":"    at async ef (.build/next/server/chunks/_1vsj0p2._.js:1:13529)","timestamp":"2026-09-15T09:57:20.351Z"}

data: {"data":"    at async ec (.build/next/server/chunks/_1vsj0p2._.js:1:5672) {","timestamp":"2026-09-15T09:57:20.351Z"}

data: {"data":"  code: 'SQLITE_CORRUPT'","timestamp":"2026-09-15T09:57:20.352Z"}

data: {"data":"}","timestamp":"2026-09-15T09:57:20.352Z"}

data: {"data":"[catalog] Could not materialize built-in auto model auto/cheap: SqliteError: database disk image is malformed","timestamp":"2026-09-15T09:57:20.353Z"}

data: {"data":"    at Object.all (.build/next/server/chunks/src_02l7t6d._.js:1:5218)","timestamp":"2026-09-15T09:57:20.353Z"}

data: {"data":"    at b (.build/next/server/chunks/_1-iqx09._.js:1:14800)","timestamp":"2026-09-15T09:57:20.353Z"}

data: {"data":"    at c (.build/next/server/chunks/[root-of-the-server]__1k_ba33._.js:1:11339)","timestamp":"2026-09-15T09:57:20.353Z"}

data: {"data":"    at async x (.build/next/server/chunks/_1-iqx09._.js:1:14007)","timestamp":"2026-09-15T09:57:20.353Z"}

data: {"data":"    at async o (.build/next/server/chunks/[root-of-the-server]__1k_ba33._.js:1:11146)","timestamp":"2026-09-15T09:57:20.353Z"}

data: {"data":"    at async R (.build/next/server/chunks/open-sse_services_autoCombo_09kyb4x._.js:1:5269)","timestamp":"2026-09-15T09:57:20.353Z"}

data: {"data":"    at async ef (.build/next/server/chunks/_1vsj0p2._.js:1:13529)","timestamp":"2026-09-15T09:57:20.353Z"}

data: {"data":"    at async ec (.build/next/server/chunks/_1vsj0p2._.js:1:5672) {","timestamp":"2026-09-15T09:57:20.353Z"}

data: {"data":"  code: 'SQLITE_CORRUPT'","timestamp":"2026-09-15T09:57:20.353Z"}

data: {"data":"}","timestamp":"2026-09-15T09:57:20.353Z"}

data: {"data":"[catalog] Could not materialize built-in auto model auto/offline: SqliteError: database disk image is malformed","timestamp":"2026-09-15T09:57:20.354Z"}

data: {"data":"    at Object.all (.build/next/server/chunks/src_02l7t6d._.js:1:5218)","timestamp":"2026-09-15T09:57:20.354Z"}

data: {"data":"    at b (.build/next/server/chunks/_1-iqx09._.js:1:14800)","timestamp":"2026-09-15T09:57:20.354Z"}

data: {"data":"    at c (.build/next/server/chunks/[root-of-the-server]__1k_ba33._.js:1:11339)","timestamp":"2026-09-15T09:57:20.354Z"}

data: {"data":"    at async x (.build/next/server/chunks/_1-iqx09._.js:1:14007)","timestamp":"2026-09-15T09:57:20.354Z"}

data: {"data":"    at async o (.build/next/server/chunks/[root-of-the-server]__1k_ba33._.js:1:11146)","timestamp":"2026-09-15T09:57:20.354Z"}

data: {"data":"    at async R (.build/next/server/chunks/open-sse_services_autoCombo_09kyb4x._.js:1:5269)","timestamp":"2026-09-15T09:57:20.354Z"}

data: {"data":"    at async ef (.build/next/server/chunks/_1vsj0p2._.js:1:13529)","timestamp":"2026-09-15T09:57:20.354Z"}

data: {"data":"    at async ec (.build/next/server/chunks/_1vsj0p2._.js:1:5672) {","timestamp":"2026-09-15T09:57:20.354Z"}

data: {"data":"  code: 'SQLITE_CORRUPT'","timestamp":"2026-09-15T09:57:20.354Z"}

data: {"data":"}","timestamp":"2026-09-15T09:57:20.354Z"}

data: {"data":"[catalog] Could not materialize built-in auto model auto/smart: SqliteError: database disk image is malformed","timestamp":"2026-09-15T09:57:20.355Z"}

data: {"data":"    at Object.all (.build/next/server/chunks/src_02l7t6d._.js:1:5218)","timestamp":"2026-09-15T09:57:20.355Z"}

data: {"data":"    at b (.build/next/server/chunks/_1-iqx09._.js:1:14800)","timestamp":"2026-09-15T09:57:20.355Z"}

data: {"data":"    at c (.build/next/server/chunks/[root-of-the-server]__1k_ba33._.js:1:11339)","timestamp":"2026-09-15T09:57:20.355Z"}

data: {"data":"    at async x (.build/next/server/chunks/_1-iqx09._.js:1:14007)","timestamp":"2026-09-15T09:57:20.355Z"}

data: {"data":"    at async o (.build/next/server/chunks/[root-of-the-server]__1k_ba33._.js:1:11146)","timestamp":"2026-09-15T09:57:20.355Z"}

data: {"data":"    at async R (.build/next/server/chunks/open-sse_services_autoCombo_09kyb4x._.js:1:5269)","timestamp":"2026-09-15T09:57:20.355Z"}

data: {"data":"    at async ef (.build/next/server/chunks/_1vsj0p2._.js:1:13529)","timestamp":"2026-09-15T09:57:20.355Z"}

data: {"data":"    at async ec (.build/next/server/chunks/_1vsj0p2._.js:1:5672) {","timestamp":"2026-09-15T09:57:20.355Z"}

data: {"data":"  code: 'SQLITE_CORRUPT'","timestamp":"2026-09-15T09:57:20.355Z"}

data: {"data":"}","timestamp":"2026-09-15T09:57:20.355Z"}

data: {"data":"[catalog] Could not materialize built-in auto model auto/claude-opus: SqliteError: database disk image is malformed","timestamp":"2026-09-15T09:57:20.356Z"}

data: {"data":"    at Object.all (.build/next/server/chunks/src_02l7t6d._.js:1:5218)","timestamp":"2026-09-15T09:57:20.356Z"}

data: {"data":"    at b (.build/next/server/chunks/_1-iqx09._.js:1:14800)","timestamp":"2026-09-15T09:57:20.356Z"}

data: {"data":"    at c (.build/next/server/chunks/[root-of-the-server]__1k_ba33._.js:1:11339)","timestamp":"2026-09-15T09:57:20.356Z"}

data: {"data":"    at async x (.build/next/server/chunks/_1-iqx09._.js:1:14007)","timestamp":"2026-09-15T09:57:20.356Z"}

data: {"data":"    at async o (.build/next/server/chunks/[root-of-the-server]__1k_ba33._.js:1:11146)","timestamp":"2026-09-15T09:57:20.356Z"}

data: {"data":"    at async R (.build/next/server/chunks/open-sse_services_autoCombo_09kyb4x._.js:1:5269)","timestamp":"2026-09-15T09:57:20.356Z"}

data: {"data":"    at async ef (.build/next/server/chunks/_1vsj0p2._.js:1:13529)","timestamp":"2026-09-15T09:57:20.356Z"}

data: {"data":"    at async ec (.build/next/server/chunks/_1vsj0p2._.js:1:5672) {","timestamp":"2026-09-15T09:57:20.356Z"}

data: {"data":"  code: 'SQLITE_CORRUPT'","timestamp":"2026-09-15T09:57:20.356Z"}

data: {"data":"}","timestamp":"2026-09-15T09:57:20.356Z"}

data: {"data":"[catalog] Could not materialize built-in auto model auto/claude-sonnet: SqliteError: database disk image is malformed","timestamp":"2026-09-15T09:57:20.357Z"}

data: {"data":"    at Object.all (.build/next/server/chunks/src_02l7t6d._.js:1:5218)","timestamp":"2026-09-15T09:57:20.357Z"}

data: {"data":"    at b (.build/next/server/chunks/_1-iqx09._.js:1:14800)","timestamp":"2026-09-15T09:57:20.357Z"}

data: {"data":"    at c (.build/next/server/chunks/[root-of-the-server]__1k_ba33._.js:1:11339)","timestamp":"2026-09-15T09:57:20.357Z"}

data: {"data":"    at async x (.build/next/server/chunks/_1-iqx09._.js:1:14007)","timestamp":"2026-09-15T09:57:20.357Z"}

data: {"data":"    at async o (.build/next/server/chunks/[root-of-the-server]__1k_ba33._.js:1:11146)","timestamp":"2026-09-15T09:57:20.357Z"}

data: {"data":"    at async R (.build/next/server/chunks/open-sse_services_autoCombo_09kyb4x._.js:1:5269)","timestamp":"2026-09-15T09:57:20.357Z"}

data: {"data":"    at async ef (.build/next/server/chunks/_1vsj0p2._.js:1:13529)","timestamp":"2026-09-15T09:57:20.357Z"}

data: {"data":"    at async ec (.build/next/server/chunks/_1vsj0p2._.js:1:5672) {","timestamp":"2026-09-15T09:57:20.357Z"}

data: {"data":"  code: 'SQLITE_CORRUPT'","timestamp":"2026-09-15T09:57:20.357Z"}

data: {"data":"}","timestamp":"2026-09-15T09:57:20.357Z"}

data: {"data":"[catalog] Could not materialize built-in auto model auto/best-free: SqliteError: database disk image is malformed","timestamp":"2026-09-15T09:57:20.358Z"}

data: {"data":"    at Object.all (.build/next/server/chunks/src_02l7t6d._.js:1:5218)","timestamp":"2026-09-15T09:57:20.358Z"}

data: {"data":"    at b (.build/next/server/chunks/_1-iqx09._.js:1:14800)","timestamp":"2026-09-15T09:57:20.358Z"}

data: {"data":"    at c (.build/next/server/chunks/[root-of-the-server]__1k_ba33._.js:1:11339)","timestamp":"2026-09-15T09:57:20.358Z"}

data: {"data":"    at async x (.build/next/server/chunks/_1-iqx09._.js:1:14007)","timestamp":"2026-09-15T09:57:20.358Z"}

data: {"data":"    at async o (.build/next/server/chunks/[root-of-the-server]__1k_ba33._.js:1:11146)","timestamp":"2026-09-15T09:57:20.358Z"}

data: {"data":"    at async R (.build/next/server/chunks/open-sse_services_autoCombo_09kyb4x._.js:1:5269)","timestamp":"2026-09-15T09:57:20.358Z"}

data: {"data":"    at async ef (.build/next/server/chunks/_1vsj0p2._.js:1:13529)","timestamp":"2026-09-15T09:57:20.358Z"}

data: {"data":"    at async ec (.build/next/server/chunks/_1vsj0p2._.js:1:5672) {","timestamp":"2026-09-15T09:57:20.358Z"}

data: {"data":"  code: 'SQLITE_CORRUPT'","timestamp":"2026-09-15T09:57:20.358Z"}

data: {"data":"}","timestamp":"2026-09-15T09:57:20.358Z"}

data: {"data":"[catalog] Could not materialize built-in auto model auto/best-chaos: SqliteError: database disk image is malformed","timestamp":"2026-09-15T09:57:20.358Z"}

data: {"data":"    at Object.all (.build/next/server/chunks/src_02l7t6d._.js:1:5218)","timestamp":"2026-09-15T09:57:20.358Z"}

data: {"data":"    at b (.build/next/server/chunks/_1-iqx09._.js:1:14800)","timestamp":"2026-09-15T09:57:20.358Z"}

data: {"data":"    at c (.build/next/server/chunks/[root-of-the-server]__1k_ba33._.js:1:11339)","timestamp":"2026-09-15T09:57:20.358Z"}

data: {"data":"    at async x (.build/next/server/chunks/_1-iqx09._.js:1:14007)","timestamp":"2026-09-15T09:57:20.358Z"}

data: {"data":"    at async o (.build/next/server/chunks/[root-of-the-server]__1k_ba33._.js:1:11146)","timestamp":"2026-09-15T09:57:20.358Z"}

data: {"data":"    at async R (.build/next/server/chunks/open-sse_services_autoCombo_09kyb4x._.js:1:5269)","timestamp":"2026-09-15T09:57:20.358Z"}

data: {"data":"    at async ef (.build/next/server/chunks/_1vsj0p2._.js:1:13529)","timestamp":"2026-09-15T09:57:20.358Z"}

data: {"data":"    at async ec (.build/next/server/chunks/_1vsj0p2._.js:1:5672) {","timestamp":"2026-09-15T09:57:20.359Z"}

data: {"data":"  code: 'SQLITE_CORRUPT'","timestamp":"2026-09-15T09:57:20.359Z"}

data: {"data":"}","timestamp":"2026-09-15T09:57:20.359Z"}

data: {"data":"[catalog] Could not materialize built-in auto model auto/chaos: SqliteError: database disk image is malformed","timestamp":"2026-09-15T09:57:20.359Z"}

data: {"data":"    at Object.all (.build/next/server/chunks/src_02l7t6d._.js:1:5218)","timestamp":"2026-09-15T09:57:20.359Z"}

data: {"data":"    at b (.build/next/server/chunks/_1-iqx09._.js:1:14800)","timestamp":"2026-09-15T09:57:20.359Z"}

data: {"data":"    at c (.build/next/server/chunks/[root-of-the-server]__1k_ba33._.js:1:11339)","timestamp":"2026-09-15T09:57:20.359Z"}

data: {"data":"    at async x (.build/next/server/chunks/_1-iqx09._.js:1:14007)","timestamp":"2026-09-15T09:57:20.359Z"}

data: {"data":"    at async o (.build/next/server/chunks/[root-of-the-server]__1k_ba33._.js:1:11146)","timestamp":"2026-09-15T09:57:20.359Z"}

data: {"data":"    at async R (.build/next/server/chunks/open-sse_services_autoCombo_09kyb4x._.js:1:5269)","timestamp":"2026-09-15T09:57:20.359Z"}

data: {"data":"    at async ef (.build/next/server/chunks/_1vsj0p2._.js:1:13529)","timestamp":"2026-09-15T09:57:20.359Z"}

data: {"data":"    at async ec (.build/next/server/chunks/_1vsj0p2._.js:1:5672) {","timestamp":"2026-09-15T09:57:20.359Z"}

data: {"data":"  code: 'SQLITE_CORRUPT'","timestamp":"2026-09-15T09:57:20.359Z"}

data: {"data":"}","timestamp":"2026-09-15T09:57:20.359Z"}

data: {"data":"[catalog] Could not materialize built-in auto model auto/coding:fast: SqliteError: database disk image is malformed","timestamp":"2026-09-15T09:57:20.360Z"}

data: {"data":"    at Object.all (.build/next/server/chunks/src_02l7t6d._.js:1:5218)","timestamp":"2026-09-15T09:57:20.360Z"}

data: {"data":"    at b (.build/next/server/chunks/_1-iqx09._.js:1:14800)","timestamp":"2026-09-15T09:57:20.360Z"}

data: {"data":"    at c (.build/next/server/chunks/[root-of-the-server]__1k_ba33._.js:1:11339)","timestamp":"2026-09-15T09:57:20.360Z"}

data: {"data":"    at async x (.build/next/server/chunks/_1-iqx09._.js:1:14007)","timestamp":"2026-09-15T09:57:20.360Z"}

data: {"data":"    at async o (.build/next/server/chunks/[root-of-the-server]__1k_ba33._.js:1:11146)","timestamp":"2026-09-15T09:57:20.360Z"}

data: {"data":"    at async R (.build/next/server/chunks/open-sse_services_autoCombo_09kyb4x._.js:1:5269)","timestamp":"2026-09-15T09:57:20.360Z"}

data: {"data":"    at async ef (.build/next/server/chunks/_1vsj0p2._.js:1:13529)","timestamp":"2026-09-15T09:57:20.360Z"}

data: {"data":"    at async ec (.build/next/server/chunks/_1vsj0p2._.js:1:5672) {","timestamp":"2026-09-15T09:57:20.360Z"}

data: {"data":"  code: 'SQLITE_CORRUPT'","timestamp":"2026-09-15T09:57:20.360Z"}

data: {"data":"}","timestamp":"2026-09-15T09:57:20.360Z"}

data: {"data":"[catalog] Could not materialize built-in auto model auto/coding:cheap: SqliteError: database disk image is malformed","timestamp":"2026-09-15T09:57:20.361Z"}

data: {"data":"    at Object.all (.build/next/server/chunks/src_02l7t6d._.js:1:5218)","timestamp":"2026-09-15T09:57:20.361Z"}

data: {"data":"    at b (.build/next/server/chunks/_1-iqx09._.js:1:14800)","timestamp":"2026-09-15T09:57:20.361Z"}

data: {"data":"    at c (.build/next/server/chunks/[root-of-the-server]__1k_ba33._.js:1:11339)","timestamp":"2026-09-15T09:57:20.361Z"}

data: {"data":"    at async x (.build/next/server/chunks/_1-iqx09._.js:1:14007)","timestamp":"2026-09-15T09:57:20.361Z"}

data: {"data":"    at async o (.build/next/server/chunks/[root-of-the-server]__1k_ba33._.js:1:11146)","timestamp":"2026-09-15T09:57:20.361Z"}

data: {"data":"    at async R (.build/next/server/chunks/open-sse_services_autoCombo_09kyb4x._.js:1:5269)","timestamp":"2026-09-15T09:57:20.361Z"}

data: {"data":"    at async ef (.build/next/server/chunks/_1vsj0p2._.js:1:13529)","timestamp":"2026-09-15T09:57:20.361Z"}

data: {"data":"    at async ec (.build/next/server/chunks/_1vsj0p2._.js:1:5672) {","timestamp":"2026-09-15T09:57:20.361Z"}

data: {"data":"  code: 'SQLITE_CORRUPT'","timestamp":"2026-09-15T09:57:20.361Z"}

data: {"data":"}","timestamp":"2026-09-15T09:57:20.361Z"}

data: {"data":"[catalog] Could not materialize built-in auto model auto/coding:free: SqliteError: database disk image is malformed","timestamp":"2026-09-15T09:57:20.362Z"}

data: {"data":"    at Object.all (.build/next/server/chunks/src_02l7t6d._.js:1:5218)","timestamp":"2026-09-15T09:57:20.362Z"}

data: {"data":"    at b (.build/next/server/chunks/_1-iqx09._.js:1:14800)","timestamp":"2026-09-15T09:57:20.362Z"}

data: {"data":"    at c (.build/next/server/chunks/[root-of-the-server]__1k_ba33._.js:1:11339)","timestamp":"2026-09-15T09:57:20.362Z"}

data: {"data":"    at async x (.build/next/server/chunks/_1-iqx09._.js:1:14007)","timestamp":"2026-09-15T09:57:20.362Z"}

data: {"data":"    at async o (.build/next/server/chunks/[root-of-the-server]__1k_ba33._.js:1:11146)","timestamp":"2026-09-15T09:57:20.362Z"}

data: {"data":"    at async R (.build/next/server/chunks/open-sse_services_autoCombo_09kyb4x._.js:1:5269)","timestamp":"2026-09-15T09:57:20.362Z"}

data: {"data":"    at async ef (.build/next/server/chunks/_1vsj0p2._.js:1:13529)","timestamp":"2026-09-15T09:57:20.362Z"}

data: {"data":"    at async ec (.build/next/server/chunks/_1vsj0p2._.js:1:5672) {","timestamp":"2026-09-15T09:57:20.362Z"}

data: {"data":"  code: 'SQLITE_CORRUPT'","timestamp":"2026-09-15T09:57:20.362Z"}

data: {"data":"}","timestamp":"2026-09-15T09:57:20.362Z"}

data: {"data":"[catalog] Could not materialize built-in auto model auto/coding:pro: SqliteError: database disk image is malformed","timestamp":"2026-09-15T09:57:20.363Z"}

data: {"data":"    at Object.all (.build/next/server/chunks/src_02l7t6d._.js:1:5218)","timestamp":"2026-09-15T09:57:20.363Z"}

data: {"data":"    at b (.build/next/server/chunks/_1-iqx09._.js:1:14800)","timestamp":"2026-09-15T09:57:20.363Z"}

data: {"data":"    at c (.build/next/server/chunks/[root-of-the-server]__1k_ba33._.js:1:11339)","timestamp":"2026-09-15T09:57:20.363Z"}

data: {"data":"    at async x (.build/next/server/chunks/_1-iqx09._.js:1:14007)","timestamp":"2026-09-15T09:57:20.363Z"}

data: {"data":"    at async o (.build/next/server/chunks/[root-of-the-server]__1k_ba33._.js:1:11146)","timestamp":"2026-09-15T09:57:20.363Z"}

data: {"data":"    at async R (.build/next/server/chunks/open-sse_services_autoCombo_09kyb4x._.js:1:5269)","timestamp":"2026-09-15T09:57:20.363Z"}

data: {"data":"    at async ef (.build/next/server/chunks/_1vsj0p2._.js:1:13529)","timestamp":"2026-09-15T09:57:20.363Z"}

data: {"data":"    at async ec (.build/next/server/chunks/_1vsj0p2._.js:1:5672) {","timestamp":"2026-09-15T09:57:20.363Z"}

data: {"data":"  code: 'SQLITE_CORRUPT'","timestamp":"2026-09-15T09:57:20.363Z"}

data: {"data":"}","timestamp":"2026-09-15T09:57:20.363Z"}

data: {"data":"[catalog] Could not materialize built-in auto model auto/coding:reliable: SqliteError: database disk image is malformed","timestamp":"2026-09-15T09:57:20.364Z"}

data: {"data":"    at Object.all (.build/next/server/chunks/src_02l7t6d._.js:1:5218)","timestamp":"2026-09-15T09:57:20.364Z"}

data: {"data":"    at b (.build/next/server/chunks/_1-iqx09._.js:1:14800)","timestamp":"2026-09-15T09:57:20.364Z"}

data: {"data":"    at c (.build/next/server/chunks/[root-of-the-server]__1k_ba33._.js:1:11339)","timestamp":"2026-09-15T09:57:20.364Z"}

data: {"data":"    at async x (.build/next/server/chunks/_1-iqx09._.js:1:14007)","timestamp":"2026-09-15T09:57:20.364Z"}

data: {"data":"    at async o (.build/next/server/chunks/[root-of-the-server]__1k_ba33._.js:1:11146)","timestamp":"2026-09-15T09:57:20.364Z"}

data: {"data":"    at async R (.build/next/server/chunks/open-sse_services_autoCombo_09kyb4x._.js:1:5269)","timestamp":"2026-09-15T09:57:20.364Z"}

data: {"data":"    at async ef (.build/next/server/chunks/_1vsj0p2._.js:1:13529)","timestamp":"2026-09-15T09:57:20.364Z"}

data: {"data":"    at async ec (.build/next/server/chunks/_1vsj0p2._.js:1:5672) {","timestamp":"2026-09-15T09:57:20.364Z"}

data: {"data":"  code: 'SQLITE_CORRUPT'","timestamp":"2026-09-15T09:57:20.364Z"}

data: {"data":"}","timestamp":"2026-09-15T09:57:20.364Z"}

data: {"data":"[catalog] Could not materialize built-in auto model auto/reasoning: SqliteError: database disk image is malformed","timestamp":"2026-09-15T09:57:20.364Z"}

data: {"data":"    at Object.all (.build/next/server/chunks/src_02l7t6d._.js:1:5218)","timestamp":"2026-09-15T09:57:20.364Z"}

data: {"data":"    at b (.build/next/server/chunks/_1-iqx09._.js:1:14800)","timestamp":"2026-09-15T09:57:20.364Z"}

data: {"data":"    at c (.build/next/server/chunks/[root-of-the-server]__1k_ba33._.js:1:11339)","timestamp":"2026-09-15T09:57:20.364Z"}

data: {"data":"    at async x (.build/next/server/chunks/_1-iqx09._.js:1:14007)","timestamp":"2026-09-15T09:57:20.364Z"}

data: {"data":"    at async o (.build/next/server/chunks/[root-of-the-server]__1k_ba33._.js:1:11146)","timestamp":"2026-09-15T09:57:20.364Z"}

data: {"data":"    at async R (.build/next/server/chunks/open-sse_services_autoCombo_09kyb4x._.js:1:5269)","timestamp":"2026-09-15T09:57:20.364Z"}

data: {"data":"    at async ef (.build/next/server/chunks/_1vsj0p2._.js:1:13529)","timestamp":"2026-09-15T09:57:20.364Z"}

data: {"data":"    at async ec (.build/next/server/chunks/_1vsj0p2._.js:1:5672) {","timestamp":"2026-09-15T09:57:20.364Z"}

data: {"data":"  code: 'SQLITE_CORRUPT'","timestamp":"2026-09-15T09:57:20.364Z"}

data: {"data":"}","timestamp":"2026-09-15T09:57:20.364Z"}

data: {"data":"[catalog] Could not materialize built-in auto model auto/reasoning:pro: SqliteError: database disk image is malformed","timestamp":"2026-09-15T09:57:20.365Z"}

data: {"data":"    at Object.all (.build/next/server/chunks/src_02l7t6d._.js:1:5218)","timestamp":"2026-09-15T09:57:20.365Z"}

data: {"data":"    at b (.build/next/server/chunks/_1-iqx09._.js:1:14800)","timestamp":"2026-09-15T09:57:20.365Z"}

data: {"data":"    at c (.build/next/server/chunks/[root-of-the-server]__1k_ba33._.js:1:11339)","timestamp":"2026-09-15T09:57:20.365Z"}

data: {"data":"    at async x (.build/next/server/chunks/_1-iqx09._.js:1:14007)","timestamp":"2026-09-15T09:57:20.365Z"}

data: {"data":"    at async o (.build/next/server/chunks/[root-of-the-server]__1k_ba33._.js:1:11146)","timestamp":"2026-09-15T09:57:20.365Z"}

data: {"data":"    at async R (.build/next/server/chunks/open-sse_services_autoCombo_09kyb4x._.js:1:5269)","timestamp":"2026-09-15T09:57:20.365Z"}

data: {"data":"    at async ef (.build/next/server/chunks/_1vsj0p2._.js:1:13529)","timestamp":"2026-09-15T09:57:20.365Z"}

data: {"data":"    at async ec (.build/next/server/chunks/_1vsj0p2._.js:1:5672) {","timestamp":"2026-09-15T09:57:20.365Z"}

data: {"data":"  code: 'SQLITE_CORRUPT'","timestamp":"2026-09-15T09:57:20.365Z"}

data: {"data":"}","timestamp":"2026-09-15T09:57:20.365Z"}

data: {"data":"[catalog] Could not materialize built-in auto model auto/vision: SqliteError: database disk image is malformed","timestamp":"2026-09-15T09:57:20.366Z"}

data: {"data":"    at Object.all (.build/next/server/chunks/src_02l7t6d._.js:1:5218)","timestamp":"2026-09-15T09:57:20.366Z"}

data: {"data":"    at b (.build/next/server/chunks/_1-iqx09._.js:1:14800)","timestamp":"2026-09-15T09:57:20.366Z"}

data: {"data":"    at c (.build/next/server/chunks/[root-of-the-server]__1k_ba33._.js:1:11339)","timestamp":"2026-09-15T09:57:20.366Z"}

data: {"data":"    at async x (.build/next/server/chunks/_1-iqx09._.js:1:14007)","timestamp":"2026-09-15T09:57:20.366Z"}

data: {"data":"    at async o (.build/next/server/chunks/[root-of-the-server]__1k_ba33._.js:1:11146)","timestamp":"2026-09-15T09:57:20.366Z"}

data: {"data":"    at async R (.build/next/server/chunks/open-sse_services_autoCombo_09kyb4x._.js:1:5269)","timestamp":"2026-09-15T09:57:20.366Z"}

data: {"data":"    at async ef (.build/next/server/chunks/_1vsj0p2._.js:1:13529)","timestamp":"2026-09-15T09:57:20.366Z"}

data: {"data":"    at async ec (.build/next/server/chunks/_1vsj0p2._.js:1:5672) {","timestamp":"2026-09-15T09:57:20.366Z"}

data: {"data":"  code: 'SQLITE_CORRUPT'","timestamp":"2026-09-15T09:57:20.366Z"}

data: {"data":"}","timestamp":"2026-09-15T09:57:20.366Z"}

data: {"data":"[catalog] Could not materialize built-in auto model auto/multimodal: SqliteError: database disk image is malformed","timestamp":"2026-09-15T09:57:20.367Z"}

data: {"data":"    at Object.all (.build/next/server/chunks/src_02l7t6d._.js:1:5218)","timestamp":"2026-09-15T09:57:20.367Z"}

data: {"data":"    at b (.build/next/server/chunks/_1-iqx09._.js:1:14800)","timestamp":"2026-09-15T09:57:20.367Z"}

data: {"data":"    at c (.build/next/server/chunks/[root-of-the-server]__1k_ba33._.js:1:11339)","timestamp":"2026-09-15T09:57:20.367Z"}

data: {"data":"    at async x (.build/next/server/chunks/_1-iqx09._.js:1:14007)","timestamp":"2026-09-15T09:57:20.367Z"}

data: {"data":"    at async o (.build/next/server/chunks/[root-of-the-server]__1k_ba33._.js:1:11146)","timestamp":"2026-09-15T09:57:20.367Z"}

data: {"data":"    at async R (.build/next/server/chunks/open-sse_services_autoCombo_09kyb4x._.js:1:5269)","timestamp":"2026-09-15T09:57:20.367Z"}

data: {"data":"    at async ef (.build/next/server/chunks/_1vsj0p2._.js:1:13529)","timestamp":"2026-09-15T09:57:20.367Z"}

data: {"data":"    at async ec (.build/next/server/chunks/_1vsj0p2._.js:1:5672) {","timestamp":"2026-09-15T09:57:20.367Z"}

data: {"data":"  code: 'SQLITE_CORRUPT'","timestamp":"2026-09-15T09:57:20.367Z"}

data: {"data":"}","timestamp":"2026-09-15T09:57:20.367Z"}

data: {"data":"[catalog] Could not materialize built-in auto model auto/glm: SqliteError: database disk image is malformed","timestamp":"2026-09-15T09:57:20.368Z"}

data: {"data":"    at Object.all (.build/next/server/chunks/src_02l7t6d._.js:1:5218)","timestamp":"2026-09-15T09:57:20.368Z"}

data: {"data":"    at b (.build/next/server/chunks/_1-iqx09._.js:1:14800)","timestamp":"2026-09-15T09:57:20.368Z"}

data: {"data":"    at c (.build/next/server/chunks/[root-of-the-server]__1k_ba33._.js:1:11339)","timestamp":"2026-09-15T09:57:20.368Z"}

data: {"data":"    at async x (.build/next/server/chunks/_1-iqx09._.js:1:14007)","timestamp":"2026-09-15T09:57:20.368Z"}

data: {"data":"    at async o (.build/next/server/chunks/[root-of-the-server]__1k_ba33._.js:1:11146)","timestamp":"2026-09-15T09:57:20.368Z"}

data: {"data":"    at async R (.build/next/server/chunks/open-sse_services_autoCombo_09kyb4x._.js:1:5269)","timestamp":"2026-09-15T09:57:20.368Z"}

data: {"data":"    at async ef (.build/next/server/chunks/_1vsj0p2._.js:1:13529)","timestamp":"2026-09-15T09:57:20.368Z"}

data: {"data":"    at async ec (.build/next/server/chunks/_1vsj0p2._.js:1:5672) {","timestamp":"2026-09-15T09:57:20.368Z"}

data: {"data":"  code: 'SQLITE_CORRUPT'","timestamp":"2026-09-15T09:57:20.368Z"}

data: {"data":"}","timestamp":"2026-09-15T09:57:20.368Z"}

data: {"data":"[catalog] Could not materialize built-in auto model auto/minimax: SqliteError: database disk image is malformed","timestamp":"2026-09-15T09:57:20.369Z"}

data: {"data":"    at Object.all (.build/next/server/chunks/src_02l7t6d._.js:1:5218)","timestamp":"2026-09-15T09:57:20.369Z"}

data: {"data":"    at b (.build/next/server/chunks/_1-iqx09._.js:1:14800)","timestamp":"2026-09-15T09:57:20.369Z"}

data: {"data":"    at c (.build/next/server/chunks/[root-of-the-server]__1k_ba33._.js:1:11339)","timestamp":"2026-09-15T09:57:20.369Z"}

data: {"data":"    at async x (.build/next/server/chunks/_1-iqx09._.js:1:14007)","timestamp":"2026-09-15T09:57:20.369Z"}

data: {"data":"    at async o (.build/next/server/chunks/[root-of-the-server]__1k_ba33._.js:1:11146)","timestamp":"2026-09-15T09:57:20.369Z"}

data: {"data":"    at async R (.build/next/server/chunks/open-sse_services_autoCombo_09kyb4x._.js:1:5269)","timestamp":"2026-09-15T09:57:20.369Z"}

data: {"data":"    at async ef (.build/next/server/chunks/_1vsj0p2._.js:1:13529)","timestamp":"2026-09-15T09:57:20.369Z"}

data: {"data":"    at async ec (.build/next/server/chunks/_1vsj0p2._.js:1:5672) {","timestamp":"2026-09-15T09:57:20.369Z"}

data: {"data":"  code: 'SQLITE_CORRUPT'","timestamp":"2026-09-15T09:57:20.369Z"}

data: {"data":"}","timestamp":"2026-09-15T09:57:20.369Z"}

data: {"data":"[catalog] Could not materialize built-in auto model auto/mimo: SqliteError: database disk image is malformed","timestamp":"2026-09-15T09:57:20.370Z"}

data: {"data":"    at Object.all (.build/next/server/chunks/src_02l7t6d._.js:1:5218)","timestamp":"2026-09-15T09:57:20.370Z"}

data: {"data":"    at b (.build/next/server/chunks/_1-iqx09._.js:1:14800)","timestamp":"2026-09-15T09:57:20.370Z"}

data: {"data":"    at c (.build/next/server/chunks/[root-of-the-server]__1k_ba33._.js:1:11339)","timestamp":"2026-09-15T09:57:20.370Z"}

data: {"data":"    at async x (.build/next/server/chunks/_1-iqx09._.js:1:14007)","timestamp":"2026-09-15T09:57:20.370Z"}

data: {"data":"    at async o (.build/next/server/chunks/[root-of-the-server]__1k_ba33._.js:1:11146)","timestamp":"2026-09-15T09:57:20.370Z"}

data: {"data":"    at async R (.build/next/server/chunks/open-sse_services_autoCombo_09kyb4x._.js:1:5269)","timestamp":"2026-09-15T09:57:20.370Z"}

data: {"data":"    at async ef (.build/next/server/chunks/_1vsj0p2._.js:1:13529)","timestamp":"2026-09-15T09:57:20.370Z"}

data: {"data":"    at async ec (.build/next/server/chunks/_1vsj0p2._.js:1:5672) {","timestamp":"2026-09-15T09:57:20.370Z"}

data: {"data":"  code: 'SQLITE_CORRUPT'","timestamp":"2026-09-15T09:57:20.370Z"}

data: {"data":"}","timestamp":"2026-09-15T09:57:20.370Z"}

data: {"data":"[catalog] Could not materialize built-in auto model auto/zai: SqliteError: database disk image is malformed","timestamp":"2026-09-15T09:57:20.371Z"}

data: {"data":"    at Object.all (.build/next/server/chunks/src_02l7t6d._.js:1:5218)","timestamp":"2026-09-15T09:57:20.371Z"}

data: {"data":"    at b (.build/next/server/chunks/_1-iqx09._.js:1:14800)","timestamp":"2026-09-15T09:57:20.371Z"}

data: {"data":"    at c (.build/next/server/chunks/[root-of-the-server]__1k_ba33._.js:1:11339)","timestamp":"2026-09-15T09:57:20.371Z"}

data: {"data":"    at async x (.build/next/server/chunks/_1-iqx09._.js:1:14007)","timestamp":"2026-09-15T09:57:20.371Z"}

data: {"data":"    at async o (.build/next/server/chunks/[root-of-the-server]__1k_ba33._.js:1:11146)","timestamp":"2026-09-15T09:57:20.371Z"}

data: {"data":"    at async R (.build/next/server/chunks/open-sse_services_autoCombo_09kyb4x._.js:1:5269)","timestamp":"2026-09-15T09:57:20.371Z"}

data: {"data":"    at async ef (.build/next/server/chunks/_1vsj0p2._.js:1:13529)","timestamp":"2026-09-15T09:57:20.371Z"}

data: {"data":"    at async ec (.build/next/server/chunks/_1vsj0p2._.js:1:5672) {","timestamp":"2026-09-15T09:57:20.371Z"}

data: {"data":"  code: 'SQLITE_CORRUPT'","timestamp":"2026-09-15T09:57:20.371Z"}

data: {"data":"}","timestamp":"2026-09-15T09:57:20.371Z"}

data: {"data":"[catalog] Could not materialize built-in auto model auto/gemma: SqliteError: database disk image is malformed","timestamp":"2026-09-15T09:57:20.372Z"}

data: {"data":"    at Object.all (.build/next/server/chunks/src_02l7t6d._.js:1:5218)","timestamp":"2026-09-15T09:57:20.372Z"}

data: {"data":"    at b (.build/next/server/chunks/_1-iqx09._.js:1:14800)","timestamp":"2026-09-15T09:57:20.372Z"}

data: {"data":"    at c (.build/next/server/chunks/[root-of-the-server]__1k_ba33._.js:1:11339)","timestamp":"2026-09-15T09:57:20.372Z"}

data: {"data":"    at async x (.build/next/server/chunks/_1-iqx09._.js:1:14007)","timestamp":"2026-09-15T09:57:20.372Z"}

data: {"data":"    at async o (.build/next/server/chunks/[root-of-the-server]__1k_ba33._.js:1:11146)","timestamp":"2026-09-15T09:57:20.372Z"}

data: {"data":"    at async R (.build/next/server/chunks/open-sse_services_autoCombo_09kyb4x._.js:1:5269)","timestamp":"2026-09-15T09:57:20.372Z"}

data: {"data":"    at async ef (.build/next/server/chunks/_1vsj0p2._.js:1:13529)","timestamp":"2026-09-15T09:57:20.372Z"}

data: {"data":"    at async ec (.build/next/server/chunks/_1vsj0p2._.js:1:5672) {","timestamp":"2026-09-15T09:57:20.372Z"}

data: {"data":"  code: 'SQLITE_CORRUPT'","timestamp":"2026-09-15T09:57:20.372Z"}

data: {"data":"}","timestamp":"2026-09-15T09:57:20.372Z"}

data: {"data":"[catalog] Could not materialize built-in auto model auto/llama: SqliteError: database disk image is malformed","timestamp":"2026-09-15T09:57:20.373Z"}

data: {"data":"    at Object.all (.build/next/server/chunks/src_02l7t6d._.js:1:5218)","timestamp":"2026-09-15T09:57:20.373Z"}

data: {"data":"    at b (.build/next/server/chunks/_1-iqx09._.js:1:14800)","timestamp":"2026-09-15T09:57:20.373Z"}

data: {"data":"    at c (.build/next/server/chunks/[root-of-the-server]__1k_ba33._.js:1:11339)","timestamp":"2026-09-15T09:57:20.373Z"}

data: {"data":"    at async x (.build/next/server/chunks/_1-iqx09._.js:1:14007)","timestamp":"2026-09-15T09:57:20.373Z"}

data: {"data":"    at async o (.build/next/server/chunks/[root-of-the-server]__1k_ba33._.js:1:11146)","timestamp":"2026-09-15T09:57:20.373Z"}

data: {"data":"    at async R (.build/next/server/chunks/open-sse_services_autoCombo_09kyb4x._.js:1:5269)","timestamp":"2026-09-15T09:57:20.373Z"}

data: {"data":"    at async ef (.build/next/server/chunks/_1vsj0p2._.js:1:13529)","timestamp":"2026-09-15T09:57:20.373Z"}

data: {"data":"    at async ec (.build/next/server/chunks/_1vsj0p2._.js:1:5672) {","timestamp":"2026-09-15T09:57:20.373Z"}

data: {"data":"  code: 'SQLITE_CORRUPT'","timestamp":"2026-09-15T09:57:20.373Z"}

data: {"data":"}","timestamp":"2026-09-15T09:57:20.373Z"}

data: {"data":"[catalog] Could not materialize built-in auto model auto/gemini: SqliteError: database disk image is malformed","timestamp":"2026-09-15T09:57:20.374Z"}

data: {"data":"    at Object.all (.build/next/server/chunks/src_02l7t6d._.js:1:5218)","timestamp":"2026-09-15T09:57:20.374Z"}

data: {"data":"    at b (.build/next/server/chunks/_1-iqx09._.js:1:14800)","timestamp":"2026-09-15T09:57:20.374Z"}

data: {"data":"    at c (.build/next/server/chunks/[root-of-the-server]__1k_ba33._.js:1:11339)","timestamp":"2026-09-15T09:57:20.374Z"}

data: {"data":"    at async x (.build/next/server/chunks/_1-iqx09._.js:1:14007)","timestamp":"2026-09-15T09:57:20.374Z"}

data: {"data":"    at async o (.build/next/server/chunks/[root-of-the-server]__1k_ba33._.js:1:11146)","timestamp":"2026-09-15T09:57:20.374Z"}

data: {"data":"    at async R (.build/next/server/chunks/open-sse_services_autoCombo_09kyb4x._.js:1:5269)","timestamp":"2026-09-15T09:57:20.374Z"}

data: {"data":"    at async ef (.build/next/server/chunks/_1vsj0p2._.js:1:13529)","timestamp":"2026-09-15T09:57:20.374Z"}

data: {"data":"    at async ec (.build/next/server/chunks/_1vsj0p2._.js:1:5672) {","timestamp":"2026-09-15T09:57:20.374Z"}

data: {"data":"  code: 'SQLITE_CORRUPT'","timestamp":"2026-09-15T09:57:20.374Z"}

data: {"data":"}","timestamp":"2026-09-15T09:57:20.374Z"}

data: {"data":"[ConnectionRecovery] failed to load connections: database disk image is malformed","timestamp":"2026-09-15T09:57:26.049Z"}

data: {"data":"{\"level\":30,\"time\":\"2026-09-15T09:57:35.327Z\",\"service\":\"omniroute\",\"module\":\"sse\",\"tag\":\"HTTP\",\"method\":\"POST\",\"path\":\"/v1/chat/completions | dp4f-pool | 152 msgs | 26 tools\",\"msg\":\"📥 POST /v1/chat/completions | dp4f-pool | 152 msgs | 26 tools\"}","timestamp":"2026-09-15T09:57:35.457Z"}

data: {"data":"{\"level\":30,\"time\":\"2026-09-15T09:57:35.396Z\",\"service\":\"omniroute\",\"module\":\"sse\",\"tag\":\"CHAT\",\"msg\":\"Combo \\\"dp4f-pool\\\" [p2c] with 4 models\"}","timestamp":"2026-09-15T09:57:35.457Z"}

data: {"data":"{\"level\":30,\"time\":\"2026-09-15T09:57:35.417Z\",\"service\":\"omniroute\",\"module\":\"sse\",\"tag\":\"COMBO\",\"msg\":\"p2c with nested resolution: 4 total targets\"}","timestamp":"2026-09-15T09:57:35.457Z"}

data: {"data":"{\"level\":30,\"time\":\"2026-09-15T09:57:35.420Z\",\"service\":\"omniroute\",\"module\":\"sse\",\"tag\":\"COMBO\",\"msg\":\"Power-of-two-choices ordering: selected openai-compatible-chat-867ad8e7-6ede-43be-824c-7ad07e5e4a4a/DeepSeek-V4-Flash-Vision-Exp\"}","timestamp":"2026-09-15T09:57:35.457Z"}

data: {"data":"{\"level\":50,\"time\":\"2026-09-15T09:57:35.434Z\",\"service\":\"omniroute\",\"module\":\"sse\",\"tag\":\"COMBO\",\"code\":\"SQLITE_CORRUPT\",\"msg\":\"Speculative task error for target 0\"}","timestamp":"2026-09-15T09:57:35.457Z"}

data: {"data":"{\"level\":30,\"time\":\"2026-09-15T09:57:35.434Z\",\"service\":\"omniroute\",\"module\":\"sse\",\"tag\":\"COMBO\",\"msg\":\"combo trace combo-c5445011-923e-4c6b-836d-d7a59ae75cff terminal={\\\"status\\\":200,\\\"errorClass\\\":null} decisions=4\"}","timestamp":"2026-09-15T09:57:35.457Z"}

data: {"data":"[heapwatch] heapUsed=349MB heap_size_limit=4192MB pressure=0.083 rss=635MB shed_threshold=0.75","timestamp":"2026-09-15T09:57:38.849Z"}

data: {"data":"{\"level\":30,\"time\":\"2026-09-15T09:57:38.995Z\",\"service\":\"omniroute\",\"module\":\"sse\",\"tag\":\"HTTP\",\"method\":\"POST\",\"path\":\"/v1/chat/completions | dp4f-pool | 152 msgs | 26 tools\",\"msg\":\"📥 POST /v1/chat/completions | dp4f-pool | 152 msgs | 26 tools\"}","timestamp":"2026-09-15T09:57:39.037Z"}

data: {"data":"{\"level\":30,\"time\":\"2026-09-15T09:57:39.014Z\",\"service\":\"omniroute\",\"module\":\"sse\",\"tag\":\"CHAT\",\"msg\":\"Combo \\\"dp4f-pool\\\" [p2c] with 4 models\"}","timestamp":"2026-09-15T09:57:39.038Z"}

data: {"data":"{\"level\":30,\"time\":\"2026-09-15T09:57:39.017Z\",\"service\":\"omniroute\",\"module\":\"sse\",\"tag\":\"COMBO\",\"msg\":\"p2c with nested resolution: 4 total targets\"}","timestamp":"2026-09-15T09:57:39.038Z"}

data: {"data":"{\"level\":30,\"time\":\"2026-09-15T09:57:39.018Z\",\"service\":\"omniroute\",\"module\":\"sse\",\"tag\":\"COMBO\",\"msg\":\"Power-of-two-choices ordering: selected nvidia/deepseek-ai/deepseek-v4-flash-0731\"}","timestamp":"2026-09-15T09:57:39.038Z"}

data: {"data":"{\"level\":50,\"time\":\"2026-09-15T09:57:39.025Z\",\"service\":\"omniroute\",\"module\":\"sse\",\"tag\":\"COMBO\",\"code\":\"SQLITE_CORRUPT\",\"msg\":\"Speculative task error for target 0\"}","timestamp":"2026-09-15T09:57:39.038Z"}

data: {"data":"{\"level\":30,\"time\":\"2026-09-15T09:57:39.025Z\",\"service\":\"omniroute\",\"module\":\"sse\",\"tag\":\"COMBO\",\"msg\":\"combo trace combo-a795562d-8a9e-418a-ad61-01aa3d3e53ea terminal={\\\"status\\\":200,\\\"errorClass\\\":null} decisions=4\"}","timestamp":"2026-09-15T09:57:39.038Z"}

data: {"data":"[heapwatch] heapUsed=8MB heap_size_limit=4192MB pressure=0.002 rss=636MB shed_threshold=0.75","timestamp":"2026-09-15T09:57:39.863Z"}

data: {"data":"[heapwatch] heapUsed=8MB heap_size_limit=4192MB pressure=0.002 rss=636MB shed_threshold=0.75","timestamp":"2026-09-15T09:57:44.156Z"}

data: {"data":"[heapwatch] heapUsed=9MB heap_size_limit=4192MB pressure=0.002 rss=636MB shed_threshold=0.75","timestamp":"2026-09-15T09:57:44.455Z"}

data: {"data":"{\"level\":30,\"time\":\"2026-09-15T09:57:44.760Z\",\"service\":\"omniroute\",\"module\":\"sse\",\"tag\":\"HTTP\",\"method\":\"POST\",\"path\":\"/v1/chat/completions | dp4f-pool | 152 msgs | 26 tools\",\"msg\":\"📥 POST /v1/chat/completions | dp4f-pool | 152 msgs | 26 tools\"}","timestamp":"2026-09-15T09:57:44.806Z"}

data: {"data":"{\"level\":30,\"time\":\"2026-09-15T09:57:44.780Z\",\"service\":\"omniroute\",\"module\":\"sse\",\"tag\":\"CHAT\",\"msg\":\"Combo \\\"dp4f-pool\\\" [p2c] with 4 models\"}","timestamp":"2026-09-15T09:57:44.806Z"}

data: {"data":"{\"level\":30,\"time\":\"2026-09-15T09:57:44.785Z\",\"service\":\"omniroute\",\"module\":\"sse\",\"tag\":\"COMBO\",\"msg\":\"p2c with nested resolution: 4 total targets\"}","timestamp":"2026-09-15T09:57:44.806Z"}

data: {"data":"{\"level\":30,\"time\":\"2026-09-15T09:57:44.785Z\",\"service\":\"omniroute\",\"module\":\"sse\",\"tag\":\"COMBO\",\"msg\":\"Power-of-two-choices ordering: selected nvidia/deepseek-ai/deepseek-v4-flash-0731\"}","timestamp":"2026-09-15T09:57:44.806Z"}

data: {"data":"{\"level\":50,\"time\":\"2026-09-15T09:57:44.793Z\",\"service\":\"omniroute\",\"module\":\"sse\",\"tag\":\"COMBO\",\"code\":\"SQLITE_CORRUPT\",\"msg\":\"Speculative task error for target 0\"}","timestamp":"2026-09-15T09:57:44.806Z"}

data: {"data":"{\"level\":30,\"time\":\"2026-09-15T09:57:44.794Z\",\"service\":\"omniroute\",\"module\":\"sse\",\"tag\":\"COMBO\",\"msg\":\"combo trace combo-9ebd36a3-8369-4bc9-9368-f93239061744 terminal={\\\"status\\\":200,\\\"errorClass\\\":null} decisions=4\"}","timestamp":"2026-09-15T09:57:44.806Z"}

data: {"data":"{\"level\":30,\"time\":\"2026-09-15T09:58:04.781Z\",\"service\":\"omniroute\",\"module\":\"sse\",\"tag\":\"HTTP\",\"method\":\"POST\",\"path\":\"/v1/chat/completions | dp4f-pool | 152 msgs | 26 tools\",\"msg\":\"📥 POST /v1/chat/completions | dp4f-pool | 152 msgs | 26 tools\"}","timestamp":"2026-09-15T09:58:04.891Z"}

data: {"data":"{\"level\":30,\"time\":\"2026-09-15T09:58:04.865Z\",\"service\":\"omniroute\",\"module\":\"sse\",\"tag\":\"CHAT\",\"msg\":\"Combo \\\"dp4f-pool\\\" [p2c] with 4 models\"}","timestamp":"2026-09-15T09:58:04.891Z"}

data: {"data":"{\"level\":30,\"time\":\"2026-09-15T09:58:04.869Z\",\"service\":\"omniroute\",\"module\":\"sse\",\"tag\":\"COMBO\",\"msg\":\"p2c with nested resolution: 4 total targets\"}","timestamp":"2026-09-15T09:58:04.891Z"}

data: {"data":"{\"level\":30,\"time\":\"2026-09-15T09:58:04.869Z\",\"service\":\"omniroute\",\"module\":\"sse\",\"tag\":\"COMBO\",\"msg\":\"Power-of-two-choices ordering: selected nvidia/deepseek-ai/deepseek-v4-flash-0731\"}","timestamp":"2026-09-15T09:58:04.891Z"}

data: {"data":"{\"level\":50,\"time\":\"2026-09-15T09:58:04.877Z\",\"service\":\"omniroute\",\"module\":\"sse\",\"tag\":\"COMBO\",\"code\":\"SQLITE_CORRUPT\",\"msg\":\"Speculative task error for target 0\"}","timestamp":"2026-09-15T09:58:04.891Z"}

data: {"data":"{\"level\":30,\"time\":\"2026-09-15T09:58:04.877Z\",\"service\":\"omniroute\",\"module\":\"sse\",\"tag\":\"COMBO\",\"msg\":\"combo trace combo-43420c0b-f8c0-408b-8100-915c72797ded terminal={\\\"status\\\":200,\\\"errorClass\\\":null} decisions=4\"}","timestamp":"2026-09-15T09:58:04.891Z"}

data: {"data":"[heapwatch] heapUsed=9MB heap_size_limit=4192MB pressure=0.002 rss=637MB shed_threshold=0.75","timestamp":"2026-09-15T09:58:05.557Z"}

data: {"data":"{\"level\":30,\"time\":\"2026-09-15T09:58:07.351Z\",\"service\":\"omniroute\",\"module\":\"sse\",\"tag\":\"HTTP\",\"method\":\"POST\",\"path\":\"/v1/chat/completions | dp4f-pool | 152 msgs | 26 tools\",\"msg\":\"📥 POST /v1/chat/completions | dp4f-pool | 152 msgs | 26 tools\"}","timestamp":"2026-09-15T09:58:07.398Z"}

data: {"data":"{\"level\":30,\"time\":\"2026-09-15T09:58:07.370Z\",\"service\":\"omniroute\",\"module\":\"sse\",\"tag\":\"CHAT\",\"msg\":\"Combo \\\"dp4f-pool\\\" [p2c] with 4 models\"}","timestamp":"2026-09-15T09:58:07.398Z"}

data: {"data":"{\"level\":30,\"time\":\"2026-09-15T09:58:07.374Z\",\"service\":\"omniroute\",\"module\":\"sse\",\"tag\":\"COMBO\",\"msg\":\"p2c with nested resolution: 4 total targets\"}","timestamp":"2026-09-15T09:58:07.398Z"}

data: {"data":"{\"level\":30,\"time\":\"2026-09-15T09:58:07.374Z\",\"service\":\"omniroute\",\"module\":\"sse\",\"tag\":\"COMBO\",\"msg\":\"Power-of-two-choices ordering: selected openai-compatible-chat-867ad8e7-6ede-43be-824c-7ad07e5e4a4a/DeepSeek-V4-Flash\"}","timestamp":"2026-09-15T09:58:07.398Z"}

data: {"data":"{\"level\":50,\"time\":\"2026-09-15T09:58:07.382Z\",\"service\":\"omniroute\",\"module\":\"sse\",\"tag\":\"COMBO\",\"code\":\"SQLITE_CORRUPT\",\"msg\":\"Speculative task error for target 0\"}","timestamp":"2026-09-15T09:58:07.398Z"}

data: {"data":"{\"level\":30,\"time\":\"2026-09-15T09:58:07.382Z\",\"service\":\"omniroute\",\"module\":\"sse\",\"tag\":\"COMBO\",\"msg\":\"combo trace combo-f3303d06-4b7c-45c5-9500-8f25aec619dd terminal={\\\"status\\\":200,\\\"errorClass\\\":null} decisions=4\"}","timestamp":"2026-09-15T09:58:07.398Z"}

data: {"data":"[heapwatch] heapUsed=335MB heap_size_limit=4192MB pressure=0.080 rss=638MB shed_threshold=0.75","timestamp":"2026-09-15T09:58:08.850Z"}

data: {"data":"[heapwatch] heapUsed=8MB heap_size_limit=4192MB pressure=0.002 rss=638MB shed_threshold=0.75","timestamp":"2026-09-15T09:58:09.865Z"}

data: {"data":"{\"level\":30,\"time\":\"2026-09-15T09:58:13.085Z\",\"service\":\"omniroute\",\"module\":\"sse\",\"tag\":\"HTTP\",\"method\":\"POST\",\"path\":\"/v1/chat/completions | dp4f-pool | 152 msgs | 26 tools\",\"msg\":\"📥 POST /v1/chat/completions | dp4f-pool | 152 msgs | 26 tools\"}","timestamp":"2026-09-15T09:58:13.128Z"}

data: {"data":"{\"level\":30,\"time\":\"2026-09-15T09:58:13.104Z\",\"service\":\"omniroute\",\"module\":\"sse\",\"tag\":\"CHAT\",\"msg\":\"Combo \\\"dp4f-pool\\\" [p2c] with 4 models\"}","timestamp":"2026-09-15T09:58:13.128Z"}

data: {"data":"{\"level\":30,\"time\":\"2026-09-15T09:58:13.107Z\",\"service\":\"omniroute\",\"module\":\"sse\",\"tag\":\"COMBO\",\"msg\":\"p2c with nested resolution: 4 total targets\"}","timestamp":"2026-09-15T09:58:13.128Z"}

data: {"data":"{\"level\":30,\"time\":\"2026-09-15T09:58:13.108Z\",\"service\":\"omniroute\",\"module\":\"sse\",\"tag\":\"COMBO\",\"msg\":\"Power-of-two-choices ordering: selected openai-compatible-chat-867ad8e7-6ede-43be-824c-7ad07e5e4a4a/DeepSeek-V4-Flash\"}","timestamp":"2026-09-15T09:58:13.128Z"}

data: {"data":"{\"level\":50,\"time\":\"2026-09-15T09:58:13.115Z\",\"service\":\"omniroute\",\"module\":\"sse\",\"tag\":\"COMBO\",\"code\":\"SQLITE_CORRUPT\",\"msg\":\"Speculative task error for target 0\"}","timestamp":"2026-09-15T09:58:13.128Z"}

data: {"data":"{\"level\":30,\"time\":\"2026-09-15T09:58:13.115Z\",\"service\":\"omniroute\",\"module\":\"sse\",\"tag\":\"COMBO\",\"msg\":\"combo trace combo-86eed6a0-ac72-4f22-aa01-053accf41e08 terminal={\\\"status\\\":200,\\\"errorClass\\\":null} decisions=4\"}","timestamp":"2026-09-15T09:58:13.128Z"}

data: {"data":"[heapwatch] heapUsed=8MB heap_size_limit=4192MB pressure=0.002 rss=640MB shed_threshold=0.75","timestamp":"2026-09-15T09:58:14.157Z"}

data: {"data":"[heapwatch] heapUsed=8MB heap_size_limit=4192MB pressure=0.002 rss=640MB shed_threshold=0.75","timestamp":"2026-09-15T09:58:14.457Z"}

