data: {"data":"===== Application Startup at 2026-07-26 15:34:10 =====\n","timestamp":"2026-07-26T15:34:10Z"}

data: {"data":"[bootstrap] >>> 启动 2026-07-26 15:34:24 <<<","timestamp":"2026-07-26T15:34:24.866Z"}

data: {"data":"[bootstrap] 缺失基础工具: python3","timestamp":"2026-07-26T15:34:24.866Z"}

data: {"data":"[bootstrap] 镜像 A 模式：正在补全环境（约 60s）...","timestamp":"2026-07-26T15:34:24.866Z"}

data: {"data":"Get:1 http://deb.debian.org/debian trixie InRelease [140 kB]","timestamp":"2026-07-26T15:34:24.968Z"}

data: {"data":"Get:2 http://deb.debian.org/debian trixie-updates InRelease [47.3 kB]","timestamp":"2026-07-26T15:34:24.981Z"}

data: {"data":"Get:3 http://deb.debian.org/debian-security trixie-security InRelease [43.4 kB]","timestamp":"2026-07-26T15:34:24.981Z"}

data: {"data":"Get:4 http://deb.debian.org/debian trixie/main amd64 Packages [9673 kB]","timestamp":"2026-07-26T15:34:25.012Z"}

data: {"data":"Get:5 http://deb.debian.org/debian trixie-updates/main amd64 Packages [4412 B]","timestamp":"2026-07-26T15:34:25.057Z"}

data: {"data":"Get:6 http://deb.debian.org/debian-security trixie-security/main amd64 Packages [227 kB]","timestamp":"2026-07-26T15:34:25.057Z"}

data: {"data":"Fetched 10.1 MB in 1s (11.2 MB/s)","timestamp":"2026-07-26T15:34:25.859Z"}

data: {"data":"Reading package lists...","timestamp":"2026-07-26T15:34:26.524Z"}

data: {"data":"Reading package lists...","timestamp":"2026-07-26T15:34:27.210Z"}

data: {"data":"Building dependency tree...","timestamp":"2026-07-26T15:34:27.381Z"}

data: {"data":"Reading state information...","timestamp":"2026-07-26T15:34:27.382Z"}

data: {"data":"ca-certificates is already the newest version (20250419).","timestamp":"2026-07-26T15:34:27.587Z"}

data: {"data":"The following additional packages will be installed:","timestamp":"2026-07-26T15:34:27.587Z"}

data: {"data":"  libbrotli1 libcom-err2 libcurl4t64 libexpat1 libgnutls30t64 libgssapi-krb5-2","timestamp":"2026-07-26T15:34:27.587Z"}

data: {"data":"  libidn2-0 libjq1 libk5crypto3 libkeyutils1 libkrb5-3 libkrb5support0","timestamp":"2026-07-26T15:34:27.587Z"}

data: {"data":"  libldap2 libncursesw6 libnghttp2-14 libnghttp3-9 libonig5 libp11-kit0","timestamp":"2026-07-26T15:34:27.588Z"}

data: {"data":"  libpsl5t64 libpython3-stdlib libpython3.13-minimal libpython3.13-stdlib","timestamp":"2026-07-26T15:34:27.588Z"}

data: {"data":"  libreadline8t64 librtmp1 libsasl2-2 libsasl2-modules-db libssh2-1t64","timestamp":"2026-07-26T15:34:27.588Z"}

data: {"data":"  libtasn1-6 libunistring5 media-types netbase python3-minimal","timestamp":"2026-07-26T15:34:27.588Z"}

data: {"data":"  python3-packaging python3-wheel python3.13 python3.13-minimal","timestamp":"2026-07-26T15:34:27.588Z"}

data: {"data":"  readline-common","timestamp":"2026-07-26T15:34:27.589Z"}

data: {"data":"Suggested packages:","timestamp":"2026-07-26T15:34:27.590Z"}

data: {"data":"  gnutls-bin krb5-doc krb5-user python3-doc python3-tk python3-venv","timestamp":"2026-07-26T15:34:27.590Z"}

data: {"data":"  python3-setuptools python3.13-venv python3.13-doc binutils binfmt-support","timestamp":"2026-07-26T15:34:27.590Z"}

data: {"data":"  readline-doc sqlite3-doc","timestamp":"2026-07-26T15:34:27.590Z"}

data: {"data":"Recommended packages:","timestamp":"2026-07-26T15:34:27.590Z"}

data: {"data":"  bash-completion krb5-locales libldap-common libgpm2 publicsuffix","timestamp":"2026-07-26T15:34:27.590Z"}

data: {"data":"  libsasl2-modules build-essential python3-dev libjs-sphinxdoc","timestamp":"2026-07-26T15:34:27.590Z"}

data: {"data":"The following NEW packages will be installed:","timestamp":"2026-07-26T15:34:27.883Z"}

data: {"data":"  curl jq libbrotli1 libcom-err2 libcurl4t64 libexpat1 libgnutls30t64","timestamp":"2026-07-26T15:34:27.883Z"}

data: {"data":"  libgssapi-krb5-2 libidn2-0 libjq1 libk5crypto3 libkeyutils1 libkrb5-3","timestamp":"2026-07-26T15:34:27.883Z"}

data: {"data":"  libkrb5support0 libldap2 libncursesw6 libnghttp2-14 libnghttp3-9 libonig5","timestamp":"2026-07-26T15:34:27.883Z"}

data: {"data":"  libp11-kit0 libpsl5t64 libpython3-stdlib libpython3.13-minimal","timestamp":"2026-07-26T15:34:27.883Z"}

data: {"data":"  libpython3.13-stdlib libreadline8t64 librtmp1 libsasl2-2 libsasl2-modules-db","timestamp":"2026-07-26T15:34:27.884Z"}

data: {"data":"  libssh2-1t64 libtasn1-6 libunistring5 media-types netbase python3","timestamp":"2026-07-26T15:34:27.884Z"}

data: {"data":"  python3-minimal python3-packaging python3-pip python3-wheel python3.13","timestamp":"2026-07-26T15:34:27.884Z"}

data: {"data":"  python3.13-minimal readline-common sqlite3","timestamp":"2026-07-26T15:34:27.884Z"}

data: {"data":"0 upgraded, 42 newly installed, 0 to remove and 2 not upgraded.","timestamp":"2026-07-26T15:34:27.917Z"}

data: {"data":"Need to get 13.6 MB of archives.","timestamp":"2026-07-26T15:34:27.917Z"}

data: {"data":"After this operation, 51.6 MB of additional disk space will be used.","timestamp":"2026-07-26T15:34:27.917Z"}

data: {"data":"Get:1 http://deb.debian.org/debian trixie/main amd64 libexpat1 amd64 2.7.1-2 [108 kB]","timestamp":"2026-07-26T15:34:27.917Z"}

data: {"data":"Get:2 http://deb.debian.org/debian trixie-updates/main amd64 libpython3.13-minimal amd64 3.13.5-2+deb13u4 [863 kB]","timestamp":"2026-07-26T15:34:27.921Z"}

data: {"data":"Get:3 http://deb.debian.org/debian trixie-updates/main amd64 python3.13-minimal amd64 3.13.5-2+deb13u4 [2217 kB]","timestamp":"2026-07-26T15:34:27.925Z"}

data: {"data":"Get:4 http://deb.debian.org/debian trixie/main amd64 python3-minimal amd64 3.13.5-1 [27.2 kB]","timestamp":"2026-07-26T15:34:27.931Z"}

data: {"data":"Get:5 http://deb.debian.org/debian trixie/main amd64 media-types all 13.0.0 [29.3 kB]","timestamp":"2026-07-26T15:34:27.931Z"}

data: {"data":"Get:6 http://deb.debian.org/debian trixie/main amd64 netbase all 6.5 [12.4 kB]","timestamp":"2026-07-26T15:34:27.931Z"}

data: {"data":"Get:7 http://deb.debian.org/debian trixie/main amd64 libncursesw6 amd64 6.5+20250216-2 [135 kB]","timestamp":"2026-07-26T15:34:27.932Z"}

data: {"data":"Get:8 http://deb.debian.org/debian trixie/main amd64 readline-common all 8.2-6 [69.4 kB]","timestamp":"2026-07-26T15:34:27.934Z"}

data: {"data":"Get:9 http://deb.debian.org/debian trixie/main amd64 libreadline8t64 amd64 8.2-6 [169 kB]","timestamp":"2026-07-26T15:34:27.936Z"}

data: {"data":"Get:10 http://deb.debian.org/debian trixie-updates/main amd64 libpython3.13-stdlib amd64 3.13.5-2+deb13u4 [1957 kB]","timestamp":"2026-07-26T15:34:27.938Z"}

data: {"data":"Get:11 http://deb.debian.org/debian trixie-updates/main amd64 python3.13 amd64 3.13.5-2+deb13u4 [757 kB]","timestamp":"2026-07-26T15:34:27.945Z"}

data: {"data":"Get:12 http://deb.debian.org/debian trixie/main amd64 libpython3-stdlib amd64 3.13.5-1 [10.2 kB]","timestamp":"2026-07-26T15:34:27.947Z"}

data: {"data":"Get:13 http://deb.debian.org/debian trixie/main amd64 python3 amd64 3.13.5-1 [28.2 kB]","timestamp":"2026-07-26T15:34:27.947Z"}

data: {"data":"Get:14 http://deb.debian.org/debian trixie/main amd64 libbrotli1 amd64 1.1.0-2+b7 [307 kB]","timestamp":"2026-07-26T15:34:27.948Z"}

data: {"data":"Get:15 http://deb.debian.org/debian trixie/main amd64 libkrb5support0 amd64 1.21.3-5+deb13u1 [33.1 kB]","timestamp":"2026-07-26T15:34:27.949Z"}

data: {"data":"Get:16 http://deb.debian.org/debian trixie/main amd64 libcom-err2 amd64 1.47.2-3+b11 [25.0 kB]","timestamp":"2026-07-26T15:34:27.950Z"}

data: {"data":"Get:17 http://deb.debian.org/debian trixie/main amd64 libk5crypto3 amd64 1.21.3-5+deb13u1 [81.2 kB]","timestamp":"2026-07-26T15:34:27.951Z"}

data: {"data":"Get:18 http://deb.debian.org/debian trixie/main amd64 libkeyutils1 amd64 1.6.3-6 [9456 B]","timestamp":"2026-07-26T15:34:27.952Z"}

data: {"data":"Get:19 http://deb.debian.org/debian trixie/main amd64 libkrb5-3 amd64 1.21.3-5+deb13u1 [326 kB]","timestamp":"2026-07-26T15:34:27.954Z"}

data: {"data":"Get:20 http://deb.debian.org/debian trixie/main amd64 libgssapi-krb5-2 amd64 1.21.3-5+deb13u1 [138 kB]","timestamp":"2026-07-26T15:34:27.955Z"}

data: {"data":"Get:21 http://deb.debian.org/debian trixie/main amd64 libunistring5 amd64 1.3-2 [477 kB]","timestamp":"2026-07-26T15:34:27.958Z"}

data: {"data":"Get:22 http://deb.debian.org/debian trixie/main amd64 libidn2-0 amd64 2.3.8-2 [109 kB]","timestamp":"2026-07-26T15:34:27.960Z"}

data: {"data":"Get:23 http://deb.debian.org/debian trixie/main amd64 libsasl2-modules-db amd64 2.1.28+dfsg1-9 [19.8 kB]","timestamp":"2026-07-26T15:34:27.961Z"}

data: {"data":"Get:24 http://deb.debian.org/debian trixie/main amd64 libsasl2-2 amd64 2.1.28+dfsg1-9 [57.5 kB]","timestamp":"2026-07-26T15:34:27.962Z"}

data: {"data":"Get:25 http://deb.debian.org/debian trixie/main amd64 libldap2 amd64 2.6.10+dfsg-1 [194 kB]","timestamp":"2026-07-26T15:34:27.964Z"}

data: {"data":"Get:26 http://deb.debian.org/debian trixie/main amd64 libnghttp2-14 amd64 1.64.0-1.1+deb13u1 [76.2 kB]","timestamp":"2026-07-26T15:34:27.965Z"}

data: {"data":"Get:27 http://deb.debian.org/debian trixie/main amd64 libnghttp3-9 amd64 1.8.0-1 [67.7 kB]","timestamp":"2026-07-26T15:34:27.966Z"}

data: {"data":"Get:28 http://deb.debian.org/debian trixie/main amd64 libpsl5t64 amd64 0.21.2-1.1+b1 [57.2 kB]","timestamp":"2026-07-26T15:34:27.967Z"}

data: {"data":"Get:29 http://deb.debian.org/debian trixie/main amd64 libp11-kit0 amd64 0.25.5-3 [425 kB]","timestamp":"2026-07-26T15:34:27.969Z"}

data: {"data":"Get:30 http://deb.debian.org/debian trixie/main amd64 libtasn1-6 amd64 4.20.0-2+deb13u1 [50.1 kB]","timestamp":"2026-07-26T15:34:27.972Z"}

data: {"data":"Get:31 http://deb.debian.org/debian trixie/main amd64 libgnutls30t64 amd64 3.8.9-3+deb13u4 [1469 kB]","timestamp":"2026-07-26T15:34:27.972Z"}

data: {"data":"Get:32 http://deb.debian.org/debian trixie/main amd64 librtmp1 amd64 2.4+20151223.gitfa8646d.1-2+b5 [58.8 kB]","timestamp":"2026-07-26T15:34:27.979Z"}

data: {"data":"Get:33 http://deb.debian.org/debian trixie/main amd64 libssh2-1t64 amd64 1.11.1-1+deb13u1 [245 kB]","timestamp":"2026-07-26T15:34:27.980Z"}

data: {"data":"Get:34 http://deb.debian.org/debian trixie/main amd64 libcurl4t64 amd64 8.14.1-2+deb13u4 [392 kB]","timestamp":"2026-07-26T15:34:27.981Z"}

data: {"data":"Get:35 http://deb.debian.org/debian trixie/main amd64 curl amd64 8.14.1-2+deb13u4 [270 kB]","timestamp":"2026-07-26T15:34:27.983Z"}

data: {"data":"Get:36 http://deb.debian.org/debian trixie/main amd64 libonig5 amd64 6.9.9-1+b1 [189 kB]","timestamp":"2026-07-26T15:34:27.984Z"}

data: {"data":"Get:37 http://deb.debian.org/debian trixie/main amd64 libjq1 amd64 1.7.1-6+deb13u2 [164 kB]","timestamp":"2026-07-26T15:34:27.985Z"}

data: {"data":"Get:38 http://deb.debian.org/debian trixie/main amd64 jq amd64 1.7.1-6+deb13u2 [77.8 kB]","timestamp":"2026-07-26T15:34:27.985Z"}

data: {"data":"Get:39 http://deb.debian.org/debian trixie/main amd64 python3-packaging all 25.0-1 [56.6 kB]","timestamp":"2026-07-26T15:34:27.986Z"}

data: {"data":"Get:40 http://deb.debian.org/debian trixie/main amd64 python3-wheel all 0.46.1-2 [21.7 kB]","timestamp":"2026-07-26T15:34:27.987Z"}

data: {"data":"Get:41 http://deb.debian.org/debian trixie/main amd64 python3-pip all 25.1.1+dfsg-1 [1457 kB]","timestamp":"2026-07-26T15:34:27.988Z"}

data: {"data":"Get:42 http://deb.debian.org/debian trixie/main amd64 sqlite3 amd64 3.46.1-7+deb13u1 [384 kB]","timestamp":"2026-07-26T15:34:27.993Z"}

data: {"data":"debconf: unable to initialize frontend: Dialog","timestamp":"2026-07-26T15:34:28.258Z"}

data: {"data":"debconf: (TERM is not set, so the dialog frontend is not usable.)","timestamp":"2026-07-26T15:34:28.258Z"}

data: {"data":"debconf: falling back to frontend: Readline","timestamp":"2026-07-26T15:34:28.258Z"}

data: {"data":"debconf: unable to initialize frontend: Readline","timestamp":"2026-07-26T15:34:28.259Z"}

data: {"data":"debconf: (Can't locate Term/ReadLine.pm in @INC (you may need to install the Term::ReadLine module) (@INC entries checked: /etc/perl /usr/local/lib/x86_64-linux-gnu/perl/5.40.1 /usr/local/share/perl/5.40.1 /usr/lib/x86_64-linux-gnu/perl5/5.40 /usr/share/perl5 /usr/lib/x86_64-linux-gnu/perl-base /usr/lib/x86_64-linux-gnu/perl/5.40 /usr/share/perl/5.40 /usr/local/lib/site_perl) at /usr/share/perl5/Debconf/FrontEnd/Readline.pm line 8, <STDIN> line 42.)","timestamp":"2026-07-26T15:34:28.259Z"}

data: {"data":"debconf: falling back to frontend: Teletype","timestamp":"2026-07-26T15:34:28.259Z"}

data: {"data":"debconf: unable to initialize frontend: Teletype","timestamp":"2026-07-26T15:34:28.264Z"}

data: {"data":"debconf: (This frontend requires a controlling tty.)","timestamp":"2026-07-26T15:34:28.264Z"}

data: {"data":"debconf: falling back to frontend: Noninteractive","timestamp":"2026-07-26T15:34:28.264Z"}

data: {"data":"Fetched 13.6 MB in 0s (146 MB/s)","timestamp":"2026-07-26T15:34:29.555Z"}

data: {"data":"Selecting previously unselected package libexpat1:amd64.","timestamp":"2026-07-26T15:34:29.588Z"}

data: {"data":"(Reading database ... \r(Reading database ... 5%\r(Reading database ... 10%\r(Reading database ... 15%\r(Reading database ... 20%\r(Reading database ... 25%\r(Reading database ... 30%\r(Reading database ... 35%\r(Reading database ... 40%\r(Reading database ... 45%\r(Reading database ... 50%\r(Reading database ... 55%\r(Reading database ... 60%\r(Reading database ... 65%\r(Reading database ... 70%\r(Reading database ... 75%\r(Reading database ... 80%\r(Reading database ... 85%\r(Reading database ... 90%\r(Reading database ... 95%\r(Reading database ... 100%\r(Reading database ... 5723 files and directories currently installed.)","timestamp":"2026-07-26T15:34:29.650Z"}

data: {"data":"Preparing to unpack .../libexpat1_2.7.1-2_amd64.deb ...","timestamp":"2026-07-26T15:34:29.651Z"}

data: {"data":"Unpacking libexpat1:amd64 (2.7.1-2) ...","timestamp":"2026-07-26T15:34:29.659Z"}

data: {"data":"Selecting previously unselected package libpython3.13-minimal:amd64.","timestamp":"2026-07-26T15:34:29.696Z"}

data: {"data":"Preparing to unpack .../libpython3.13-minimal_3.13.5-2+deb13u4_amd64.deb ...","timestamp":"2026-07-26T15:34:29.697Z"}

data: {"data":"Unpacking libpython3.13-minimal:amd64 (3.13.5-2+deb13u4) ...","timestamp":"2026-07-26T15:34:29.701Z"}

data: {"data":"Selecting previously unselected package python3.13-minimal.","timestamp":"2026-07-26T15:34:29.788Z"}

data: {"data":"Preparing to unpack .../python3.13-minimal_3.13.5-2+deb13u4_amd64.deb ...","timestamp":"2026-07-26T15:34:29.789Z"}

data: {"data":"Unpacking python3.13-minimal (3.13.5-2+deb13u4) ...","timestamp":"2026-07-26T15:34:29.800Z"}

data: {"data":"Setting up libpython3.13-minimal:amd64 (3.13.5-2+deb13u4) ...","timestamp":"2026-07-26T15:34:29.966Z"}

data: {"data":"Setting up libexpat1:amd64 (2.7.1-2) ...","timestamp":"2026-07-26T15:34:29.980Z"}

data: {"data":"Setting up python3.13-minimal (3.13.5-2+deb13u4) ...","timestamp":"2026-07-26T15:34:29.989Z"}

data: {"data":"Selecting previously unselected package python3-minimal.","timestamp":"2026-07-26T15:34:30.783Z"}

data: {"data":"(Reading database ... \r(Reading database ... 5%\r(Reading database ... 10%\r(Reading database ... 15%\r(Reading database ... 20%\r(Reading database ... 25%\r(Reading database ... 30%\r(Reading database ... 35%\r(Reading database ... 40%\r(Reading database ... 45%\r(Reading database ... 50%\r(Reading database ... 55%\r(Reading database ... 60%\r(Reading database ... 65%\r(Reading database ... 70%\r(Reading database ... 75%\r(Reading database ... 80%\r(Reading database ... 85%\r(Reading database ... 90%\r(Reading database ... 95%\r(Reading database ... 100%\r(Reading database ... 6057 files and directories currently installed.)","timestamp":"2026-07-26T15:34:30.786Z"}

data: {"data":"Preparing to unpack .../0-python3-minimal_3.13.5-1_amd64.deb ...","timestamp":"2026-07-26T15:34:30.786Z"}

data: {"data":"Unpacking python3-minimal (3.13.5-1) ...","timestamp":"2026-07-26T15:34:30.794Z"}

data: {"data":"Selecting previously unselected package media-types.","timestamp":"2026-07-26T15:34:30.837Z"}

data: {"data":"Preparing to unpack .../1-media-types_13.0.0_all.deb ...","timestamp":"2026-07-26T15:34:30.838Z"}

data: {"data":"Unpacking media-types (13.0.0) ...","timestamp":"2026-07-26T15:34:30.842Z"}

data: {"data":"Selecting previously unselected package netbase.","timestamp":"2026-07-26T15:34:30.874Z"}

data: {"data":"Preparing to unpack .../2-netbase_6.5_all.deb ...","timestamp":"2026-07-26T15:34:30.875Z"}

data: {"data":"Unpacking netbase (6.5) ...","timestamp":"2026-07-26T15:34:30.878Z"}

data: {"data":"Selecting previously unselected package libncursesw6:amd64.","timestamp":"2026-07-26T15:34:30.915Z"}

data: {"data":"Preparing to unpack .../3-libncursesw6_6.5+20250216-2_amd64.deb ...","timestamp":"2026-07-26T15:34:30.916Z"}

data: {"data":"Unpacking libncursesw6:amd64 (6.5+20250216-2) ...","timestamp":"2026-07-26T15:34:30.919Z"}

data: {"data":"Selecting previously unselected package readline-common.","timestamp":"2026-07-26T15:34:30.957Z"}

data: {"data":"Preparing to unpack .../4-readline-common_8.2-6_all.deb ...","timestamp":"2026-07-26T15:34:30.959Z"}

data: {"data":"Unpacking readline-common (8.2-6) ...","timestamp":"2026-07-26T15:34:30.962Z"}

data: {"data":"Selecting previously unselected package libreadline8t64:amd64.","timestamp":"2026-07-26T15:34:30.999Z"}

data: {"data":"Preparing to unpack .../5-libreadline8t64_8.2-6_amd64.deb ...","timestamp":"2026-07-26T15:34:31Z"}

data: {"data":"Adding 'diversion of /lib/x86_64-linux-gnu/libhistory.so.8 to /lib/x86_64-linux-gnu/libhistory.so.8.usr-is-merged by libreadline8t64'","timestamp":"2026-07-26T15:34:31.010Z"}

data: {"data":"Adding 'diversion of /lib/x86_64-linux-gnu/libhistory.so.8.2 to /lib/x86_64-linux-gnu/libhistory.so.8.2.usr-is-merged by libreadline8t64'","timestamp":"2026-07-26T15:34:31.019Z"}

data: {"data":"Adding 'diversion of /lib/x86_64-linux-gnu/libreadline.so.8 to /lib/x86_64-linux-gnu/libreadline.so.8.usr-is-merged by libreadline8t64'","timestamp":"2026-07-26T15:34:31.024Z"}

data: {"data":"Adding 'diversion of /lib/x86_64-linux-gnu/libreadline.so.8.2 to /lib/x86_64-linux-gnu/libreadline.so.8.2.usr-is-merged by libreadline8t64'","timestamp":"2026-07-26T15:34:31.029Z"}

data: {"data":"Unpacking libreadline8t64:amd64 (8.2-6) ...","timestamp":"2026-07-26T15:34:31.032Z"}

data: {"data":"Selecting previously unselected package libpython3.13-stdlib:amd64.","timestamp":"2026-07-26T15:34:31.065Z"}

data: {"data":"Preparing to unpack .../6-libpython3.13-stdlib_3.13.5-2+deb13u4_amd64.deb ...","timestamp":"2026-07-26T15:34:31.065Z"}

data: {"data":"Unpacking libpython3.13-stdlib:amd64 (3.13.5-2+deb13u4) ...","timestamp":"2026-07-26T15:34:31.069Z"}

data: {"data":"Selecting previously unselected package python3.13.","timestamp":"2026-07-26T15:34:31.219Z"}

data: {"data":"Preparing to unpack .../7-python3.13_3.13.5-2+deb13u4_amd64.deb ...","timestamp":"2026-07-26T15:34:31.220Z"}

data: {"data":"Unpacking python3.13 (3.13.5-2+deb13u4) ...","timestamp":"2026-07-26T15:34:31.223Z"}

data: {"data":"Selecting previously unselected package libpython3-stdlib:amd64.","timestamp":"2026-07-26T15:34:31.252Z"}

data: {"data":"Preparing to unpack .../8-libpython3-stdlib_3.13.5-1_amd64.deb ...","timestamp":"2026-07-26T15:34:31.254Z"}

data: {"data":"Unpacking libpython3-stdlib:amd64 (3.13.5-1) ...","timestamp":"2026-07-26T15:34:31.257Z"}

data: {"data":"Setting up python3-minimal (3.13.5-1) ...","timestamp":"2026-07-26T15:34:31.284Z"}

data: {"data":"Selecting previously unselected package python3.","timestamp":"2026-07-26T15:34:31.446Z"}

data: {"data":"(Reading database ... \r(Reading database ... 5%\r(Reading database ... 10%\r(Reading database ... 15%\r(Reading database ... 20%\r(Reading database ... 25%\r(Reading database ... 30%\r(Reading database ... 35%\r(Reading database ... 40%\r(Reading database ... 45%\r(Reading database ... 50%\r(Reading database ... 55%\r(Reading database ... 60%\r(Reading database ... 65%\r(Reading database ... 70%\r(Reading database ... 75%\r(Reading database ... 80%\r(Reading database ... 85%\r(Reading database ... 90%\r(Reading database ... 95%\r(Reading database ... 100%\r(Reading database ... 6560 files and directories currently installed.)","timestamp":"2026-07-26T15:34:31.450Z"}

data: {"data":"Preparing to unpack .../00-python3_3.13.5-1_amd64.deb ...","timestamp":"2026-07-26T15:34:31.450Z"}

data: {"data":"Unpacking python3 (3.13.5-1) ...","timestamp":"2026-07-26T15:34:31.457Z"}

data: {"data":"Selecting previously unselected package libbrotli1:amd64.","timestamp":"2026-07-26T15:34:31.495Z"}

data: {"data":"Preparing to unpack .../01-libbrotli1_1.1.0-2+b7_amd64.deb ...","timestamp":"2026-07-26T15:34:31.496Z"}

data: {"data":"Unpacking libbrotli1:amd64 (1.1.0-2+b7) ...","timestamp":"2026-07-26T15:34:31.500Z"}

data: {"data":"Selecting previously unselected package libkrb5support0:amd64.","timestamp":"2026-07-26T15:34:31.550Z"}

data: {"data":"Preparing to unpack .../02-libkrb5support0_1.21.3-5+deb13u1_amd64.deb ...","timestamp":"2026-07-26T15:34:31.551Z"}

data: {"data":"Unpacking libkrb5support0:amd64 (1.21.3-5+deb13u1) ...","timestamp":"2026-07-26T15:34:31.554Z"}

data: {"data":"Selecting previously unselected package libcom-err2:amd64.","timestamp":"2026-07-26T15:34:31.585Z"}

data: {"data":"Preparing to unpack .../03-libcom-err2_1.47.2-3+b11_amd64.deb ...","timestamp":"2026-07-26T15:34:31.586Z"}

data: {"data":"Unpacking libcom-err2:amd64 (1.47.2-3+b11) ...","timestamp":"2026-07-26T15:34:31.589Z"}

data: {"data":"Selecting previously unselected package libk5crypto3:amd64.","timestamp":"2026-07-26T15:34:31.628Z"}

data: {"data":"Preparing to unpack .../04-libk5crypto3_1.21.3-5+deb13u1_amd64.deb ...","timestamp":"2026-07-26T15:34:31.629Z"}

data: {"data":"Unpacking libk5crypto3:amd64 (1.21.3-5+deb13u1) ...","timestamp":"2026-07-26T15:34:31.632Z"}

data: {"data":"Selecting previously unselected package libkeyutils1:amd64.","timestamp":"2026-07-26T15:34:31.667Z"}

data: {"data":"Preparing to unpack .../05-libkeyutils1_1.6.3-6_amd64.deb ...","timestamp":"2026-07-26T15:34:31.668Z"}

data: {"data":"Unpacking libkeyutils1:amd64 (1.6.3-6) ...","timestamp":"2026-07-26T15:34:31.672Z"}

data: {"data":"Selecting previously unselected package libkrb5-3:amd64.","timestamp":"2026-07-26T15:34:31.709Z"}

data: {"data":"Preparing to unpack .../06-libkrb5-3_1.21.3-5+deb13u1_amd64.deb ...","timestamp":"2026-07-26T15:34:31.710Z"}

data: {"data":"Unpacking libkrb5-3:amd64 (1.21.3-5+deb13u1) ...","timestamp":"2026-07-26T15:34:31.713Z"}

data: {"data":"Selecting previously unselected package libgssapi-krb5-2:amd64.","timestamp":"2026-07-26T15:34:31.763Z"}

data: {"data":"Preparing to unpack .../07-libgssapi-krb5-2_1.21.3-5+deb13u1_amd64.deb ...","timestamp":"2026-07-26T15:34:31.764Z"}

data: {"data":"Unpacking libgssapi-krb5-2:amd64 (1.21.3-5+deb13u1) ...","timestamp":"2026-07-26T15:34:31.769Z"}

data: {"data":"Selecting previously unselected package libunistring5:amd64.","timestamp":"2026-07-26T15:34:31.813Z"}

data: {"data":"Preparing to unpack .../08-libunistring5_1.3-2_amd64.deb ...","timestamp":"2026-07-26T15:34:31.814Z"}

data: {"data":"Unpacking libunistring5:amd64 (1.3-2) ...","timestamp":"2026-07-26T15:34:31.818Z"}

data: {"data":"Selecting previously unselected package libidn2-0:amd64.","timestamp":"2026-07-26T15:34:31.873Z"}

data: {"data":"Preparing to unpack .../09-libidn2-0_2.3.8-2_amd64.deb ...","timestamp":"2026-07-26T15:34:31.874Z"}

data: {"data":"Unpacking libidn2-0:amd64 (2.3.8-2) ...","timestamp":"2026-07-26T15:34:31.877Z"}

data: {"data":"Selecting previously unselected package libsasl2-modules-db:amd64.","timestamp":"2026-07-26T15:34:31.914Z"}

data: {"data":"Preparing to unpack .../10-libsasl2-modules-db_2.1.28+dfsg1-9_amd64.deb ...","timestamp":"2026-07-26T15:34:31.916Z"}

data: {"data":"Unpacking libsasl2-modules-db:amd64 (2.1.28+dfsg1-9) ...","timestamp":"2026-07-26T15:34:31.919Z"}

data: {"data":"Selecting previously unselected package libsasl2-2:amd64.","timestamp":"2026-07-26T15:34:31.948Z"}

data: {"data":"Preparing to unpack .../11-libsasl2-2_2.1.28+dfsg1-9_amd64.deb ...","timestamp":"2026-07-26T15:34:31.949Z"}

data: {"data":"Unpacking libsasl2-2:amd64 (2.1.28+dfsg1-9) ...","timestamp":"2026-07-26T15:34:31.952Z"}

data: {"data":"Selecting previously unselected package libldap2:amd64.","timestamp":"2026-07-26T15:34:31.987Z"}

data: {"data":"Preparing to unpack .../12-libldap2_2.6.10+dfsg-1_amd64.deb ...","timestamp":"2026-07-26T15:34:31.988Z"}

data: {"data":"Unpacking libldap2:amd64 (2.6.10+dfsg-1) ...","timestamp":"2026-07-26T15:34:31.995Z"}

data: {"data":"Selecting previously unselected package libnghttp2-14:amd64.","timestamp":"2026-07-26T15:34:32.037Z"}

data: {"data":"Preparing to unpack .../13-libnghttp2-14_1.64.0-1.1+deb13u1_amd64.deb ...","timestamp":"2026-07-26T15:34:32.038Z"}

data: {"data":"Unpacking libnghttp2-14:amd64 (1.64.0-1.1+deb13u1) ...","timestamp":"2026-07-26T15:34:32.041Z"}

data: {"data":"Selecting previously unselected package libnghttp3-9:amd64.","timestamp":"2026-07-26T15:34:32.075Z"}

data: {"data":"Preparing to unpack .../14-libnghttp3-9_1.8.0-1_amd64.deb ...","timestamp":"2026-07-26T15:34:32.076Z"}

data: {"data":"Unpacking libnghttp3-9:amd64 (1.8.0-1) ...","timestamp":"2026-07-26T15:34:32.080Z"}

data: {"data":"Selecting previously unselected package libpsl5t64:amd64.","timestamp":"2026-07-26T15:34:32.120Z"}

data: {"data":"Preparing to unpack .../15-libpsl5t64_0.21.2-1.1+b1_amd64.deb ...","timestamp":"2026-07-26T15:34:32.121Z"}

data: {"data":"Unpacking libpsl5t64:amd64 (0.21.2-1.1+b1) ...","timestamp":"2026-07-26T15:34:32.124Z"}

data: {"data":"Selecting previously unselected package libp11-kit0:amd64.","timestamp":"2026-07-26T15:34:32.165Z"}

data: {"data":"Preparing to unpack .../16-libp11-kit0_0.25.5-3_amd64.deb ...","timestamp":"2026-07-26T15:34:32.167Z"}

data: {"data":"Unpacking libp11-kit0:amd64 (0.25.5-3) ...","timestamp":"2026-07-26T15:34:32.170Z"}

data: {"data":"Selecting previously unselected package libtasn1-6:amd64.","timestamp":"2026-07-26T15:34:32.224Z"}

data: {"data":"Preparing to unpack .../17-libtasn1-6_4.20.0-2+deb13u1_amd64.deb ...","timestamp":"2026-07-26T15:34:32.225Z"}

data: {"data":"Unpacking libtasn1-6:amd64 (4.20.0-2+deb13u1) ...","timestamp":"2026-07-26T15:34:32.229Z"}

data: {"data":"Selecting previously unselected package libgnutls30t64:amd64.","timestamp":"2026-07-26T15:34:32.263Z"}

data: {"data":"Preparing to unpack .../18-libgnutls30t64_3.8.9-3+deb13u4_amd64.deb ...","timestamp":"2026-07-26T15:34:32.264Z"}

data: {"data":"Unpacking libgnutls30t64:amd64 (3.8.9-3+deb13u4) ...","timestamp":"2026-07-26T15:34:32.268Z"}

data: {"data":"Selecting previously unselected package librtmp1:amd64.","timestamp":"2026-07-26T15:34:32.354Z"}

data: {"data":"Preparing to unpack .../19-librtmp1_2.4+20151223.gitfa8646d.1-2+b5_amd64.deb ...","timestamp":"2026-07-26T15:34:32.355Z"}

data: {"data":"Unpacking librtmp1:amd64 (2.4+20151223.gitfa8646d.1-2+b5) ...","timestamp":"2026-07-26T15:34:32.359Z"}

data: {"data":"Selecting previously unselected package libssh2-1t64:amd64.","timestamp":"2026-07-26T15:34:32.397Z"}

data: {"data":"Preparing to unpack .../20-libssh2-1t64_1.11.1-1+deb13u1_amd64.deb ...","timestamp":"2026-07-26T15:34:32.397Z"}

data: {"data":"Unpacking libssh2-1t64:amd64 (1.11.1-1+deb13u1) ...","timestamp":"2026-07-26T15:34:32.404Z"}

data: {"data":"Selecting previously unselected package libcurl4t64:amd64.","timestamp":"2026-07-26T15:34:32.444Z"}

data: {"data":"Preparing to unpack .../21-libcurl4t64_8.14.1-2+deb13u4_amd64.deb ...","timestamp":"2026-07-26T15:34:32.444Z"}

data: {"data":"Unpacking libcurl4t64:amd64 (8.14.1-2+deb13u4) ...","timestamp":"2026-07-26T15:34:32.448Z"}

data: {"data":"Selecting previously unselected package curl.","timestamp":"2026-07-26T15:34:32.494Z"}

data: {"data":"Preparing to unpack .../22-curl_8.14.1-2+deb13u4_amd64.deb ...","timestamp":"2026-07-26T15:34:32.495Z"}

data: {"data":"Unpacking curl (8.14.1-2+deb13u4) ...","timestamp":"2026-07-26T15:34:32.506Z"}

data: {"data":"Selecting previously unselected package libonig5:amd64.","timestamp":"2026-07-26T15:34:32.550Z"}

data: {"data":"Preparing to unpack .../23-libonig5_6.9.9-1+b1_amd64.deb ...","timestamp":"2026-07-26T15:34:32.551Z"}

data: {"data":"Unpacking libonig5:amd64 (6.9.9-1+b1) ...","timestamp":"2026-07-26T15:34:32.554Z"}

data: {"data":"Selecting previously unselected package libjq1:amd64.","timestamp":"2026-07-26T15:34:32.600Z"}

data: {"data":"Preparing to unpack .../24-libjq1_1.7.1-6+deb13u2_amd64.deb ...","timestamp":"2026-07-26T15:34:32.601Z"}

data: {"data":"Unpacking libjq1:amd64 (1.7.1-6+deb13u2) ...","timestamp":"2026-07-26T15:34:32.604Z"}

data: {"data":"Selecting previously unselected package jq.","timestamp":"2026-07-26T15:34:32.638Z"}

data: {"data":"Preparing to unpack .../25-jq_1.7.1-6+deb13u2_amd64.deb ...","timestamp":"2026-07-26T15:34:32.640Z"}

data: {"data":"Unpacking jq (1.7.1-6+deb13u2) ...","timestamp":"2026-07-26T15:34:32.643Z"}

data: {"data":"Selecting previously unselected package python3-packaging.","timestamp":"2026-07-26T15:34:32.676Z"}

data: {"data":"Preparing to unpack .../26-python3-packaging_25.0-1_all.deb ...","timestamp":"2026-07-26T15:34:32.677Z"}

data: {"data":"Unpacking python3-packaging (25.0-1) ...","timestamp":"2026-07-26T15:34:32.680Z"}

data: {"data":"Selecting previously unselected package python3-wheel.","timestamp":"2026-07-26T15:34:32.718Z"}

data: {"data":"Preparing to unpack .../27-python3-wheel_0.46.1-2_all.deb ...","timestamp":"2026-07-26T15:34:32.719Z"}

data: {"data":"Unpacking python3-wheel (0.46.1-2) ...","timestamp":"2026-07-26T15:34:32.723Z"}

data: {"data":"Selecting previously unselected package python3-pip.","timestamp":"2026-07-26T15:34:32.756Z"}

data: {"data":"Preparing to unpack .../28-python3-pip_25.1.1+dfsg-1_all.deb ...","timestamp":"2026-07-26T15:34:32.757Z"}

data: {"data":"Unpacking python3-pip (25.1.1+dfsg-1) ...","timestamp":"2026-07-26T15:34:32.761Z"}

data: {"data":"Selecting previously unselected package sqlite3.","timestamp":"2026-07-26T15:34:32.885Z"}

data: {"data":"Preparing to unpack .../29-sqlite3_3.46.1-7+deb13u1_amd64.deb ...","timestamp":"2026-07-26T15:34:32.887Z"}

data: {"data":"Unpacking sqlite3 (3.46.1-7+deb13u1) ...","timestamp":"2026-07-26T15:34:32.890Z"}

data: {"data":"Setting up media-types (13.0.0) ...","timestamp":"2026-07-26T15:34:32.937Z"}

data: {"data":"Setting up libkeyutils1:amd64 (1.6.3-6) ...","timestamp":"2026-07-26T15:34:32.952Z"}

data: {"data":"Setting up libbrotli1:amd64 (1.1.0-2+b7) ...","timestamp":"2026-07-26T15:34:32.961Z"}

data: {"data":"Setting up libnghttp2-14:amd64 (1.64.0-1.1+deb13u1) ...","timestamp":"2026-07-26T15:34:32.971Z"}

data: {"data":"Setting up libcom-err2:amd64 (1.47.2-3+b11) ...","timestamp":"2026-07-26T15:34:32.980Z"}

data: {"data":"Setting up libkrb5support0:amd64 (1.21.3-5+deb13u1) ...","timestamp":"2026-07-26T15:34:32.993Z"}

data: {"data":"Setting up libsasl2-modules-db:amd64 (2.1.28+dfsg1-9) ...","timestamp":"2026-07-26T15:34:33.003Z"}

data: {"data":"Setting up libp11-kit0:amd64 (0.25.5-3) ...","timestamp":"2026-07-26T15:34:33.013Z"}

data: {"data":"Setting up libunistring5:amd64 (1.3-2) ...","timestamp":"2026-07-26T15:34:33.023Z"}

data: {"data":"Setting up libncursesw6:amd64 (6.5+20250216-2) ...","timestamp":"2026-07-26T15:34:33.033Z"}

data: {"data":"Setting up libk5crypto3:amd64 (1.21.3-5+deb13u1) ...","timestamp":"2026-07-26T15:34:33.043Z"}

data: {"data":"Setting up libsasl2-2:amd64 (2.1.28+dfsg1-9) ...","timestamp":"2026-07-26T15:34:33.063Z"}

data: {"data":"Setting up libnghttp3-9:amd64 (1.8.0-1) ...","timestamp":"2026-07-26T15:34:33.073Z"}

data: {"data":"Setting up libtasn1-6:amd64 (4.20.0-2+deb13u1) ...","timestamp":"2026-07-26T15:34:33.082Z"}

data: {"data":"Setting up netbase (6.5) ...","timestamp":"2026-07-26T15:34:33.092Z"}

data: {"data":"Setting up libkrb5-3:amd64 (1.21.3-5+deb13u1) ...","timestamp":"2026-07-26T15:34:33.118Z"}

data: {"data":"Setting up libssh2-1t64:amd64 (1.11.1-1+deb13u1) ...","timestamp":"2026-07-26T15:34:33.128Z"}

data: {"data":"Setting up readline-common (8.2-6) ...","timestamp":"2026-07-26T15:34:33.139Z"}

data: {"data":"Setting up libldap2:amd64 (2.6.10+dfsg-1) ...","timestamp":"2026-07-26T15:34:33.155Z"}

data: {"data":"Setting up libonig5:amd64 (6.9.9-1+b1) ...","timestamp":"2026-07-26T15:34:33.165Z"}

data: {"data":"Setting up libjq1:amd64 (1.7.1-6+deb13u2) ...","timestamp":"2026-07-26T15:34:33.174Z"}

data: {"data":"Setting up libidn2-0:amd64 (2.3.8-2) ...","timestamp":"2026-07-26T15:34:33.184Z"}

data: {"data":"Setting up libgssapi-krb5-2:amd64 (1.21.3-5+deb13u1) ...","timestamp":"2026-07-26T15:34:33.194Z"}

data: {"data":"Setting up libreadline8t64:amd64 (8.2-6) ...","timestamp":"2026-07-26T15:34:33.205Z"}

data: {"data":"Setting up jq (1.7.1-6+deb13u2) ...","timestamp":"2026-07-26T15:34:33.214Z"}

data: {"data":"Setting up libpython3.13-stdlib:amd64 (3.13.5-2+deb13u4) ...","timestamp":"2026-07-26T15:34:33.226Z"}

data: {"data":"Setting up sqlite3 (3.46.1-7+deb13u1) ...","timestamp":"2026-07-26T15:34:33.236Z"}

data: {"data":"Setting up libpython3-stdlib:amd64 (3.13.5-1) ...","timestamp":"2026-07-26T15:34:33.245Z"}

data: {"data":"Setting up libgnutls30t64:amd64 (3.8.9-3+deb13u4) ...","timestamp":"2026-07-26T15:34:33.255Z"}

data: {"data":"Setting up python3.13 (3.13.5-2+deb13u4) ...","timestamp":"2026-07-26T15:34:33.264Z"}

data: {"data":"Setting up libpsl5t64:amd64 (0.21.2-1.1+b1) ...","timestamp":"2026-07-26T15:34:34.155Z"}

data: {"data":"Setting up python3 (3.13.5-1) ...","timestamp":"2026-07-26T15:34:34.166Z"}

data: {"data":"running python rtupdate hooks for python3.13...","timestamp":"2026-07-26T15:34:34.177Z"}

data: {"data":"running python post-rtupdate hooks for python3.13...","timestamp":"2026-07-26T15:34:34.177Z"}

data: {"data":"Setting up python3-packaging (25.0-1) ...","timestamp":"2026-07-26T15:34:34.255Z"}

data: {"data":"Setting up librtmp1:amd64 (2.4+20151223.gitfa8646d.1-2+b5) ...","timestamp":"2026-07-26T15:34:34.375Z"}

data: {"data":"Setting up libcurl4t64:amd64 (8.14.1-2+deb13u4) ...","timestamp":"2026-07-26T15:34:34.385Z"}

data: {"data":"Setting up python3-wheel (0.46.1-2) ...","timestamp":"2026-07-26T15:34:34.396Z"}

data: {"data":"Setting up python3-pip (25.1.1+dfsg-1) ...","timestamp":"2026-07-26T15:34:34.494Z"}

data: {"data":"Setting up curl (8.14.1-2+deb13u4) ...","timestamp":"2026-07-26T15:34:35.384Z"}

data: {"data":"Processing triggers for libc-bin (2.41-12+deb13u3) ...","timestamp":"2026-07-26T15:34:35.395Z"}

data: {"data":"Collecting huggingface_hub<2.0,>=1.0","timestamp":"2026-07-26T15:34:35.837Z"}

data: {"data":"  Downloading huggingface_hub-1.24.0-py3-none-any.whl.metadata (16 kB)","timestamp":"2026-07-26T15:34:35.862Z"}

data: {"data":"Collecting click<9.0.0,>=8.4.2 (from huggingface_hub<2.0,>=1.0)","timestamp":"2026-07-26T15:34:35.889Z"}

data: {"data":"  Downloading click-8.4.2-py3-none-any.whl.metadata (2.6 kB)","timestamp":"2026-07-26T15:34:35.894Z"}

data: {"data":"Collecting filelock>=3.10.0 (from huggingface_hub<2.0,>=1.0)","timestamp":"2026-07-26T15:34:35.920Z"}

data: {"data":"  Downloading filelock-3.32.0-py3-none-any.whl.metadata (2.0 kB)","timestamp":"2026-07-26T15:34:35.924Z"}

data: {"data":"Collecting fsspec>=2023.5.0 (from huggingface_hub<2.0,>=1.0)","timestamp":"2026-07-26T15:34:35.946Z"}

data: {"data":"  Downloading fsspec-2026.6.0-py3-none-any.whl.metadata (10 kB)","timestamp":"2026-07-26T15:34:35.949Z"}

data: {"data":"Collecting hf-xet<2.0.0,>=1.5.1 (from huggingface_hub<2.0,>=1.0)","timestamp":"2026-07-26T15:34:36.002Z"}

data: {"data":"  Downloading hf_xet-1.5.2-cp38-abi3-manylinux2014_x86_64.manylinux_2_17_x86_64.whl.metadata (4.9 kB)","timestamp":"2026-07-26T15:34:36.006Z"}

data: {"data":"Collecting httpx<1,>=0.23.0 (from huggingface_hub<2.0,>=1.0)","timestamp":"2026-07-26T15:34:36.022Z"}

data: {"data":"  Downloading httpx-0.28.1-py3-none-any.whl.metadata (7.1 kB)","timestamp":"2026-07-26T15:34:36.037Z"}

data: {"data":"Requirement already satisfied: packaging>=20.9 in /usr/lib/python3/dist-packages (from huggingface_hub<2.0,>=1.0) (25.0)","timestamp":"2026-07-26T15:34:36.040Z"}

data: {"data":"Collecting pyyaml>=5.1 (from huggingface_hub<2.0,>=1.0)","timestamp":"2026-07-26T15:34:36.072Z"}

data: {"data":"  Downloading pyyaml-6.0.3-cp313-cp313-manylinux2014_x86_64.manylinux_2_17_x86_64.manylinux_2_28_x86_64.whl.metadata (2.4 kB)","timestamp":"2026-07-26T15:34:36.075Z"}

data: {"data":"Collecting tqdm>=4.42.1 (from huggingface_hub<2.0,>=1.0)","timestamp":"2026-07-26T15:34:36.105Z"}

data: {"data":"  Downloading tqdm-4.69.1-py3-none-any.whl.metadata (57 kB)","timestamp":"2026-07-26T15:34:36.108Z"}

data: {"data":"Collecting typing-extensions>=4.1.0 (from huggingface_hub<2.0,>=1.0)","timestamp":"2026-07-26T15:34:36.129Z"}

data: {"data":"  Downloading typing_extensions-4.16.0-py3-none-any.whl.metadata (3.3 kB)","timestamp":"2026-07-26T15:34:36.133Z"}

data: {"data":"Collecting anyio (from httpx<1,>=0.23.0->huggingface_hub<2.0,>=1.0)","timestamp":"2026-07-26T15:34:36.149Z"}

data: {"data":"  Downloading anyio-4.14.2-py3-none-any.whl.metadata (4.6 kB)","timestamp":"2026-07-26T15:34:36.154Z"}

data: {"data":"Collecting certifi (from httpx<1,>=0.23.0->huggingface_hub<2.0,>=1.0)","timestamp":"2026-07-26T15:34:36.169Z"}

data: {"data":"  Downloading certifi-2026.7.22-py3-none-any.whl.metadata (2.5 kB)","timestamp":"2026-07-26T15:34:36.172Z"}

data: {"data":"Collecting httpcore==1.* (from httpx<1,>=0.23.0->huggingface_hub<2.0,>=1.0)","timestamp":"2026-07-26T15:34:36.186Z"}

data: {"data":"  Downloading httpcore-1.0.9-py3-none-any.whl.metadata (21 kB)","timestamp":"2026-07-26T15:34:36.189Z"}

data: {"data":"Collecting idna (from httpx<1,>=0.23.0->huggingface_hub<2.0,>=1.0)","timestamp":"2026-07-26T15:34:36.202Z"}

data: {"data":"  Downloading idna-3.18-py3-none-any.whl.metadata (6.1 kB)","timestamp":"2026-07-26T15:34:36.206Z"}

data: {"data":"Collecting h11>=0.16 (from httpcore==1.*->httpx<1,>=0.23.0->huggingface_hub<2.0,>=1.0)","timestamp":"2026-07-26T15:34:36.215Z"}

data: {"data":"  Downloading h11-0.16.0-py3-none-any.whl.metadata (8.3 kB)","timestamp":"2026-07-26T15:34:36.218Z"}

data: {"data":"Downloading huggingface_hub-1.24.0-py3-none-any.whl (771 kB)","timestamp":"2026-07-26T15:34:36.232Z"}

data: {"data":"   ━━━━━━━━━━━━━━━━━━━━━━━━━━━━━━━━━━━━━━━ 771.9/771.9 kB 303.3 MB/s eta 0:00:00","timestamp":"2026-07-26T15:34:36.238Z"}

data: {"data":"Downloading click-8.4.2-py3-none-any.whl (119 kB)","timestamp":"2026-07-26T15:34:36.241Z"}

data: {"data":"Downloading hf_xet-1.5.2-cp38-abi3-manylinux2014_x86_64.manylinux_2_17_x86_64.whl (4.4 MB)","timestamp":"2026-07-26T15:34:36.244Z"}

data: {"data":"   ━━━━━━━━━━━━━━━━━━━━━━━━━━━━━━━━━━━━━━━━ 4.4/4.4 MB 524.3 MB/s eta 0:00:00","timestamp":"2026-07-26T15:34:36.254Z"}

data: {"data":"Downloading httpx-0.28.1-py3-none-any.whl (73 kB)","timestamp":"2026-07-26T15:34:36.257Z"}

data: {"data":"Downloading httpcore-1.0.9-py3-none-any.whl (78 kB)","timestamp":"2026-07-26T15:34:36.261Z"}

data: {"data":"Downloading filelock-3.32.0-py3-none-any.whl (97 kB)","timestamp":"2026-07-26T15:34:36.269Z"}

data: {"data":"Downloading fsspec-2026.6.0-py3-none-any.whl (203 kB)","timestamp":"2026-07-26T15:34:36.272Z"}

data: {"data":"Downloading h11-0.16.0-py3-none-any.whl (37 kB)","timestamp":"2026-07-26T15:34:36.276Z"}

data: {"data":"Downloading pyyaml-6.0.3-cp313-cp313-manylinux2014_x86_64.manylinux_2_17_x86_64.manylinux_2_28_x86_64.whl (801 kB)","timestamp":"2026-07-26T15:34:36.279Z"}

data: {"data":"   ━━━━━━━━━━━━━━━━━━━━━━━━━━━━━━━━━━━━━━━ 801.6/801.6 kB 781.6 MB/s eta 0:00:00","timestamp":"2026-07-26T15:34:36.281Z"}

data: {"data":"Downloading tqdm-4.69.1-py3-none-any.whl (675 kB)","timestamp":"2026-07-26T15:34:36.285Z"}

data: {"data":"   ━━━━━━━━━━━━━━━━━━━━━━━━━━━━━━━━━━━━━━━ 675.5/675.5 kB 996.8 MB/s eta 0:00:00","timestamp":"2026-07-26T15:34:36.287Z"}

data: {"data":"Downloading typing_extensions-4.16.0-py3-none-any.whl (45 kB)","timestamp":"2026-07-26T15:34:36.292Z"}

data: {"data":"Downloading anyio-4.14.2-py3-none-any.whl (125 kB)","timestamp":"2026-07-26T15:34:36.295Z"}

data: {"data":"Downloading idna-3.18-py3-none-any.whl (65 kB)","timestamp":"2026-07-26T15:34:36.298Z"}

data: {"data":"Downloading certifi-2026.7.22-py3-none-any.whl (136 kB)","timestamp":"2026-07-26T15:34:36.302Z"}

data: {"data":"Installing collected packages: typing-extensions, tqdm, pyyaml, idna, hf-xet, h11, fsspec, filelock, click, certifi, httpcore, anyio, httpx, huggingface_hub","timestamp":"2026-07-26T15:34:36.359Z"}

data: {"data":"","timestamp":"2026-07-26T15:34:37.643Z"}

data: {"data":"Successfully installed anyio-4.14.2 certifi-2026.7.22 click-8.4.2 filelock-3.32.0 fsspec-2026.6.0 h11-0.16.0 hf-xet-1.5.2 httpcore-1.0.9 httpx-0.28.1 huggingface_hub-1.24.0 idna-3.18 pyyaml-6.0.3 tqdm-4.69.1 typing-extensions-4.16.0","timestamp":"2026-07-26T15:34:37.645Z"}

data: {"data":"WARNING: Running pip as the 'root' user can result in broken permissions and conflicting behaviour with the system package manager, possibly rendering your system unusable. It is recommended to use a virtual environment instead: https://pip.pypa.io/warnings/venv. Use the --root-user-action option if you know what you are doing and want to suppress this warning.","timestamp":"2026-07-26T15:34:37.645Z"}

data: {"data":"[bootstrap] 环境补全完成","timestamp":"2026-07-26T15:34:38.167Z"}

data: {"data":"[bootstrap] 同步 Dataset: nomke/omn-logic","timestamp":"2026-07-26T15:34:38.167Z"}

data: {"data":"[bootstrap] Dataset HEAD 锁定 revision=a2c0120b77ce (竞速根治: atomic 同点拉取)","timestamp":"2026-07-26T15:34:38.610Z"}

data: {"data":"/tmp/logic","timestamp":"2026-07-26T15:34:39.236Z"}

data: {"data":"[bootstrap] 逻辑注入完成","timestamp":"2026-07-26T15:34:39.354Z"}

data: {"data":"[bootstrap] 移交控制权给逻辑层","timestamp":"2026-07-26T15:34:39.356Z"}

data: {"data":"[entrypoint] STREAM_READINESS_TIMEOUT_MS=180000 (M7 外科单注, wiki §15 实证)","timestamp":"2026-07-26T15:34:39.363Z"}

data: {"data":"[entrypoint] 上游服务启动 | PORT=20128 EXPOSED=7860 DATA=/app/data (ephemeral, R2 是数据主路径)","timestamp":"2026-07-26T15:34:39.363Z"}

data: {"data":"[entrypoint] lock acquired (flock /app/data/.omniroute.lock, fd 9).","timestamp":"2026-07-26T15:34:39.366Z"}

data: {"data":"[entrypoint] ✓ 已从 R2 恢复 (原子 mv /app/data/.storage.sqlite.restore.1 → /app/data/storage.sqlite)","timestamp":"2026-07-26T15:34:49.756Z"}

data: {"data":"[entrypoint] 上游服务 PID=660 (heap 4096)","timestamp":"2026-07-26T15:34:49.757Z"}

data: {"data":"▲ Next.js 16.2.9","timestamp":"2026-07-26T15:34:49.988Z"}

data: {"data":"- Local:         http://localhost:20128","timestamp":"2026-07-26T15:34:49.988Z"}

data: {"data":"- Network:       http://0.0.0.0:20128","timestamp":"2026-07-26T15:34:49.988Z"}

data: {"data":"✓ Ready in 0ms","timestamp":"2026-07-26T15:34:49.989Z"}

data: {"data":"[CREDENTIALS] No external credentials file found, using defaults.","timestamp":"2026-07-26T15:34:50.329Z"}

data: {"data":"[DB] cache_size already set to 16384KB","timestamp":"2026-07-26T15:34:50.352Z"}

data: {"data":"[DB] SQLite database ready: /app/data/storage.sqlite (DATA_DIR=/app/data, SQLITE_FILE=/app/data/storage.sqlite)","timestamp":"2026-07-26T15:34:50.363Z"}

data: {"data":"[STARTUP] Global fetch proxy patch initialized","timestamp":"2026-07-26T15:34:51.047Z"}

data: {"data":"[HealthCheck] Starting proactive token health-check (tick every 60s)","timestamp":"2026-07-26T15:34:51.072Z"}

data: {"data":"[Shutdown] Graceful shutdown handlers registered.","timestamp":"2026-07-26T15:34:51.072Z"}

data: {"data":"[STARTUP] Spend batch writer started","timestamp":"2026-07-26T15:34:51.073Z"}

data: {"data":"[STARTUP] Guardrail registry initialized","timestamp":"2026-07-26T15:34:51.073Z"}

data: {"data":"[STARTUP] Builtin skill handlers registered","timestamp":"2026-07-26T15:34:51.073Z"}

data: {"data":"[STARTUP] Quota cache background refresh started","timestamp":"2026-07-26T15:34:51.073Z"}

data: {"data":"[ProviderLimitsSync] Scheduler started — interval: 70m","timestamp":"2026-07-26T15:34:51.073Z"}

data: {"data":"[STARTUP] Provider limits sync scheduler started","timestamp":"2026-07-26T15:34:51.077Z"}

data: {"data":"[ModelSync] Scheduler started — interval: 24h","timestamp":"2026-07-26T15:34:51.085Z"}

data: {"data":"[STARTUP] Cloud/model sync background bootstrap initialized","timestamp":"2026-07-26T15:34:51.085Z"}

data: {"data":"[BATCH] Initializing batch processor polling...","timestamp":"2026-07-26T15:34:51.096Z"}

data: {"data":"[STARTUP] Batch processor started","timestamp":"2026-07-26T15:34:51.096Z"}

data: {"data":"[STARTUP] Runtime settings hydrated: payloadRules, modelAliases, backgroundDegradation, cliCompatProviders, cacheControl, usageTracking, healthCheckLogs, thoughtSignature, modelsDevSync, corsOrigins, ccBridgeTransforms, systemTransforms, authzBypass, bannedSignals","timestamp":"2026-07-26T15:34:51.100Z"}

data: {"data":"[STARTUP] Model alias seed: applied=0, skipped=6, failed=0","timestamp":"2026-07-26T15:34:51.101Z"}

data: {"data":"[HOT_RELOAD] Runtime config hot-reload started (poll=5000ms, fsWatch=on)","timestamp":"2026-07-26T15:34:51.103Z"}

data: {"data":"[COMPLIANCE] Audit log table initialized","timestamp":"2026-07-26T15:34:51.114Z"}

data: {"data":"[STARTUP] Scheduled VACUUM initialized (#4437)","timestamp":"2026-07-26T15:34:51.118Z"}

data: {"data":"[STARTUP] Embedded services bootstrap complete","timestamp":"2026-07-26T15:34:51.120Z"}

data: {"data":"[AutoRefreshDaemon] Started — checking 0 credentials every 900s","timestamp":"2026-07-26T15:34:51.122Z"}

data: {"data":"[ConnectionRecovery] Starting proactive cooldown recovery (tick every 60s)","timestamp":"2026-07-26T15:34:51.123Z"}

data: {"data":"[ARENA_ELO_SYNC] Starting periodic sync every 86400s","timestamp":"2026-07-26T15:34:51.124Z"}

data: {"data":"[STARTUP] Arena ELO sync initialized","timestamp":"2026-07-26T15:34:51.136Z"}

data: {"data":"[PRICING_SYNC] Disabled (set PRICING_SYNC_ENABLED=true to enable)","timestamp":"2026-07-26T15:34:51.137Z"}

data: {"data":"[MODELS_DEV] Disabled (enable via Settings > AI)","timestamp":"2026-07-26T15:34:51.137Z"}

data: {"data":"[proxyLogger] Loaded 12 proxy logs from SQLite","timestamp":"2026-07-26T15:34:52.851Z"}

data: {"data":"[REDIS] REDIS_URL is not set in production. Using in-memory rate limiting.","timestamp":"2026-07-26T15:34:52.882Z"}

data: {"data":"[EmbedWsProxy] Listening on 127.0.0.1:20131","timestamp":"2026-07-26T15:34:54.597Z"}

data: {"data":"[LocalHealthCheck] Starting local provider health check (initial delay 15s)","timestamp":"2026-07-26T15:34:54.779Z"}

data: {"data":"[entrypoint] ✓ 就绪","timestamp":"2026-07-26T15:34:54.788Z"}

data: {"data":"[entrypoint] 版本=3.8.43 (期望未设置, 跳过比对)","timestamp":"2026-07-26T15:34:54.820Z"}

data: {"data":"[entrypoint] Init PID=698","timestamp":"2026-07-26T15:34:54.820Z"}

data: {"data":"[entrypoint] Litestream PID=699","timestamp":"2026-07-26T15:34:54.820Z"}

data: {"data":"[entrypoint] 全部就绪：OR=660 Init=698 LS=699 Gate→:7860 (background, entrypoint 持 PID 1 主监)","timestamp":"2026-07-26T15:34:54.820Z"}

data: {"data":"[entrypoint] 预装 gate 依赖 (npm install --omit=dev)...","timestamp":"2026-07-26T15:34:54.820Z"}

data: {"data":"[init] 🛠️ NIM_MODE=DEBUG：日志 tee -> /data/omn-data/log/init_20260726_153454.log（仅容器内，随 Space 日志可见，不入 Dataset）","timestamp":"2026-07-26T15:34:54.827Z"}

data: {"data":"[init] NIM_PROFILE=balanced -> pool 意向 6 个模型","timestamp":"2026-07-26T15:34:54.830Z"}

data: {"data":"[init] 动态限流 RPM=300 concurrent=75 interval=200ms (alive_keys=25, per_key_rpm=35 per_key_conc=3)","timestamp":"2026-07-26T15:34:54.833Z"}

data: {"data":"[init] pool strategy=p2c | codex strategy=priority","timestamp":"2026-07-26T15:34:54.836Z"}

data: {"data":"[init] body limit: raw=4 -> maxBodySizeMb=4","timestamp":"2026-07-26T15:34:54.837Z"}

data: {"data":"[init] Starting NIM OmniRoute initializer v4.3.2 (profile=balanced, mode=DEBUG) on node v24.18.0...","timestamp":"2026-07-26T15:34:54.841Z"}

data: {"data":"[init] BASE_URL=http://127.0.0.1:20128","timestamp":"2026-07-26T15:34:54.841Z"}

data: {"data":"[init] Waiting for OmniRoute...","timestamp":"2026-07-26T15:34:54.841Z"}

data: {"data":"time=2026-07-26T15:34:54.849Z level=INFO msg=litestream version=0.5.9 level=\"\"","timestamp":"2026-07-26T15:34:54.849Z"}

data: {"data":"time=2026-07-26T15:34:54.849Z level=INFO msg=\"initialized db\" path=/app/data/storage.sqlite","timestamp":"2026-07-26T15:34:54.849Z"}

data: {"data":"time=2026-07-26T15:34:54.849Z level=INFO msg=\"replicating to\" type=s3 sync-interval=10s bucket=omniroute-data path=db/storage.sqlite region=auto endpoint=https://3e0d9623e4c90591ce4d659772593266.r2.cloudflarestorage.com","timestamp":"2026-07-26T15:34:54.849Z"}

data: {"data":"time=2026-07-26T15:34:54.849Z level=INFO msg=\"starting L0 retention monitor\" interval=5m0s retention=5m0s","timestamp":"2026-07-26T15:34:54.849Z"}

data: {"data":"time=2026-07-26T15:34:54.849Z level=INFO msg=\"starting compaction monitor\" level=3 interval=1h0m0s","timestamp":"2026-07-26T15:34:54.849Z"}

data: {"data":"time=2026-07-26T15:34:54.849Z level=INFO msg=\"starting compaction monitor\" level=2 interval=5m0s","timestamp":"2026-07-26T15:34:54.849Z"}

data: {"data":"time=2026-07-26T15:34:54.849Z level=INFO msg=\"starting compaction monitor\" level=9 interval=1h0m0s","timestamp":"2026-07-26T15:34:54.849Z"}

data: {"data":"time=2026-07-26T15:34:54.849Z level=INFO msg=\"starting compaction monitor\" level=1 interval=30s","timestamp":"2026-07-26T15:34:54.849Z"}

data: {"data":"[init] OmniRoute up (after 0s).","timestamp":"2026-07-26T15:34:54.878Z"}

data: {"data":"[ARENA_ELO_SYNC] synced 150 model intelligence entries from Arena leaderboards","timestamp":"2026-07-26T15:34:54.888Z"}

data: {"data":"[ARENA_ELO_SYNC] Initial sync complete: 150 model intelligence entries","timestamp":"2026-07-26T15:34:54.888Z"}

data: {"data":"[init] version: 3.8.43","timestamp":"2026-07-26T15:34:54.913Z"}

data: {"data":"[init] Logging in...","timestamp":"2026-07-26T15:34:54.913Z"}

data: {"data":"[init] Logged in.","timestamp":"2026-07-26T15:34:55.325Z"}

data: {"data":"[init] purge: 注册表无 127.0.0.1:20129。","timestamp":"2026-07-26T15:34:55.351Z"}

data: {"data":"[init] purge: registry=0 assignments=0 proxy_enabled=1剩余=0（期望 0/0/0）。","timestamp":"2026-07-26T15:34:55.379Z"}

data: {"data":"[init] OMNIROUTE_API_KEY env set, skip /api/keys.","timestamp":"2026-07-26T15:34:55.382Z"}

data: {"data":"[init] probe_nim_keys_real: 串行探活 NIM keys via POST /v1/chat/completions (model=z-ai/glm-5.2, timeout=15s/key, 403→dead, 余→alive fail-open)...","timestamp":"2026-07-26T15:34:55.382Z"}

data: {"data":"[init] probe key#1: HTTP 200 → alive","timestamp":"2026-07-26T15:34:55.711Z"}

data: {"data":"[ModelSync] No connections with autoSync enabled — skipping cycle","timestamp":"2026-07-26T15:34:56.088Z"}

data: {"data":"time=2026-07-26T15:34:56.230Z level=INFO msg=\"detected database behind replica\" db=storage.sqlite db_txid=0000000000000000 replica_txid=0000000000000047","timestamp":"2026-07-26T15:34:56.230Z"}

data: {"data":"[init] probe key#2: HTTP 200 → alive","timestamp":"2026-07-26T15:34:56.280Z"}

data: {"data":"time=2026-07-26T15:34:56.658Z level=INFO msg=\"fetched latest L0 file from replica\" db=storage.sqlite min_txid=0000000000000047 max_txid=0000000000000047","timestamp":"2026-07-26T15:34:56.659Z"}

data: {"data":"[entrypoint] gate 依赖就绪","timestamp":"2026-07-26T15:34:57.738Z"}

data: {"data":"[entrypoint] starting gate on port 7860...","timestamp":"2026-07-26T15:34:57.738Z"}

data: {"data":"[entrypoint] gate PID=816","timestamp":"2026-07-26T15:34:57.738Z"}

data: {"data":"[gate] admin UI: disabled (GATE_ADMIN_ENABLED 开关状态).","timestamp":"2026-07-26T15:34:57.829Z"}

data: {"data":"[gate] listening on 0.0.0.0:7860 -> 127.0.0.1:20128","timestamp":"2026-07-26T15:34:57.838Z"}

data: {"data":"[init] probe key#3: HTTP 200 → alive","timestamp":"2026-07-26T15:34:58.611Z"}

data: {"data":"[init] probe key#4: HTTP 200 → alive","timestamp":"2026-07-26T15:35:01.551Z"}

data: {"data":"[init] probe key#5: HTTP 200 → alive","timestamp":"2026-07-26T15:35:03.066Z"}

data: {"data":"time=2026-07-26T15:35:03.775Z level=INFO msg=\"compaction complete\" level=2 txid.min=000000000000003e txid.max=0000000000000047 size=250983","timestamp":"2026-07-26T15:35:03.775Z"}

data: {"data":"time=2026-07-26T15:35:03.848Z level=INFO msg=\"compaction complete\" level=1 txid.min=0000000000000048 txid.max=0000000000000048 size=252039","timestamp":"2026-07-26T15:35:03.848Z"}

data: {"data":"[init] probe key#6: HTTP 200 → alive","timestamp":"2026-07-26T15:35:05.553Z"}

data: {"data":"[init] probe key#7: HTTP 200 → alive","timestamp":"2026-07-26T15:35:06.417Z"}

data: {"data":"[init] probe key#8: HTTP 200 → alive","timestamp":"2026-07-26T15:35:07.833Z"}

data: {"data":"[init] probe key#9: HTTP 200 → alive","timestamp":"2026-07-26T15:35:08.852Z"}

data: {"data":"[init] probe key#10: HTTP 200 → alive","timestamp":"2026-07-26T15:35:09.589Z"}

data: {"data":"[init] probe key#11: HTTP 200 → alive","timestamp":"2026-07-26T15:35:11.147Z"}

data: {"data":"[init] probe key#12: HTTP 200 → alive","timestamp":"2026-07-26T15:35:12.150Z"}

data: {"data":"[init] probe key#13: HTTP 200 → alive","timestamp":"2026-07-26T15:35:12.713Z"}

data: {"data":"[init] probe key#14: HTTP 200 → alive","timestamp":"2026-07-26T15:35:14.447Z"}

data: {"data":"[init] probe key#15: HTTP 200 → alive","timestamp":"2026-07-26T15:35:17.017Z"}

data: {"data":"[init] probe key#16: HTTP 200 → alive","timestamp":"2026-07-26T15:35:20.839Z"}

data: {"data":"[init] probe key#17: HTTP 200 → alive","timestamp":"2026-07-26T15:35:21.205Z"}

data: {"data":"[init] probe key#18: HTTP 200 → alive","timestamp":"2026-07-26T15:35:22.686Z"}

data: {"data":"[init] probe key#19: HTTP 200 → alive","timestamp":"2026-07-26T15:35:24.170Z"}

data: {"data":"[init] probe key#20: HTTP 200 → alive","timestamp":"2026-07-26T15:35:24.672Z"}

data: {"data":"[init] probe key#21: HTTP 200 → alive","timestamp":"2026-07-26T15:35:26.053Z"}

data: {"data":"[init] probe key#22: HTTP 200 → alive","timestamp":"2026-07-26T15:35:26.504Z"}

data: {"data":"[init] probe key#23: HTTP 200 → alive","timestamp":"2026-07-26T15:35:27.150Z"}

data: {"data":"[init] probe key#24: HTTP 200 → alive","timestamp":"2026-07-26T15:35:27.885Z"}

data: {"data":"[init] probe key#25: HTTP 200 → alive","timestamp":"2026-07-26T15:35:28.232Z"}

data: {"data":"[init] probe 汇总: alive=25 dead=0 (auth_dead 跳 0 个注册, POST z-ai/glm-5.2)","timestamp":"2026-07-26T15:35:28.232Z"}

data: {"data":"[init] probe 后 alive 无变化 (auth_dead=0), 限流维持原值 RPM=300 concurrent=75 interval=200ms","timestamp":"2026-07-26T15:35:28.233Z"}

data: {"data":"[init] Registering NIM keys (auth_dead skip, INDEX 递增编号不塌)...","timestamp":"2026-07-26T15:35:28.233Z"}

data: {"data":"[init] nim-01 OK","timestamp":"2026-07-26T15:35:28.281Z"}

data: {"data":"[init] nim-02 OK","timestamp":"2026-07-26T15:35:28.352Z"}

data: {"data":"[init] nim-03 OK","timestamp":"2026-07-26T15:35:28.398Z"}

data: {"data":"[init] nim-04 OK","timestamp":"2026-07-26T15:35:28.469Z"}

data: {"data":"[init] nim-05 OK","timestamp":"2026-07-26T15:35:28.554Z"}

data: {"data":"[init] nim-06 OK","timestamp":"2026-07-26T15:35:28.610Z"}

data: {"data":"[init] nim-07 OK","timestamp":"2026-07-26T15:35:28.676Z"}

data: {"data":"[init] nim-08 OK","timestamp":"2026-07-26T15:35:28.741Z"}

data: {"data":"[init] nim-09 OK","timestamp":"2026-07-26T15:35:28.796Z"}

data: {"data":"[init] nim-10 OK","timestamp":"2026-07-26T15:35:28.869Z"}

data: {"data":"[init] nim-11 OK","timestamp":"2026-07-26T15:35:28.921Z"}

data: {"data":"[init] nim-12 OK","timestamp":"2026-07-26T15:35:28.974Z"}

data: {"data":"[init] nim-13 OK","timestamp":"2026-07-26T15:35:29.110Z"}

data: {"data":"[init] nim-14 OK","timestamp":"2026-07-26T15:35:29.310Z"}

data: {"data":"[init] nim-15 OK","timestamp":"2026-07-26T15:35:29.348Z"}

data: {"data":"[init] nim-16 OK","timestamp":"2026-07-26T15:35:29.413Z"}

data: {"data":"[init] nim-17 OK","timestamp":"2026-07-26T15:35:29.461Z"}

data: {"data":"[init] nim-18 OK","timestamp":"2026-07-26T15:35:29.505Z"}

data: {"data":"[init] nim-19 OK","timestamp":"2026-07-26T15:35:29.544Z"}

data: {"data":"[init] nim-20 OK","timestamp":"2026-07-26T15:35:29.604Z"}

data: {"data":"[init] nim-21 OK","timestamp":"2026-07-26T15:35:29.648Z"}

data: {"data":"[init] nim-22 OK","timestamp":"2026-07-26T15:35:29.681Z"}

data: {"data":"[init] nim-23 OK","timestamp":"2026-07-26T15:35:29.746Z"}

data: {"data":"[init] nim-24 OK","timestamp":"2026-07-26T15:35:29.790Z"}

data: {"data":"[init] nim-25 OK","timestamp":"2026-07-26T15:35:29.864Z"}

data: {"data":"[init] Keys: 25 registered, 0 skipped, 0 failed. (probe: 25 alive / 0 dead-skipped)","timestamp":"2026-07-26T15:35:29.864Z"}

data: {"data":"[init] gc_stale: 无待删连接 (当前 NIM_KEYS=25, 增量幂等)","timestamp":"2026-07-26T15:35:29.925Z"}

data: {"data":"[init] Fetching provider IDs...","timestamp":"2026-07-26T15:35:29.925Z"}

data: {"data":"[init] Provider IDs: 25","timestamp":"2026-07-26T15:35:29.959Z"}

data: {"data":"[init] purge: 注册表无 127.0.0.1:20129。","timestamp":"2026-07-26T15:35:29.980Z"}

data: {"data":"[init] purge: registry=0 assignments=0 proxy_enabled=1剩余=0（期望 0/0/0）。","timestamp":"2026-07-26T15:35:30.023Z"}

data: {"data":"[init] Resilience (RPM=300, concurrent=75, interval=200ms)...","timestamp":"2026-07-26T15:35:30.023Z"}

data: {"data":"[init] Resilience PATCH body keys=[requestQueue] requestQueue.keys=[concurrentRequests,maxWaitMs,minTimeBetweenRequestsMs,requestsPerMinute] (无顶层 useUpstream429BreakerHints)","timestamp":"2026-07-26T15:35:30.033Z"}

data: {"data":"[init] Resilience PATCH HTTP 200 (dur=24ms)","timestamp":"2026-07-26T15:35:30.062Z"}

data: {"data":"[init] Resilience 读回: RPM=300 minMs=200 concurrent=75 maxWaitMs=300000 (预期 300/200/75/300000)","timestamp":"2026-07-26T15:35:30.089Z"}

data: {"data":"[init] ✓ Resilience 读回全字段一致 (300/75/200/300000 已落定)","timestamp":"2026-07-26T15:35:30.089Z"}

data: {"data":"[init] Routing + maxBodySizeMb=4...","timestamp":"2026-07-26T15:35:30.089Z"}

data: {"data":"[init] Settings HTTP 200","timestamp":"2026-07-26T15:35:30.117Z"}

data: {"data":"[init] [readonly] GET /api/combos HTTP 200 :: combos=[839fd9b5-bee7-45ca-80ca-6e2710955669\tnim-pool\tp2c;5644c17d-68a7-4add-aa5a-b34bf4491ca2\tnim-codex\tpriority;]","timestamp":"2026-07-26T15:35:30.136Z"}

data: {"data":"[init] [readonly] GET /api/combos/auto HTTP 200 :: auto=[\t\t\t0]","timestamp":"2026-07-26T15:35:30.217Z"}

data: {"data":"[init] [readonly] GET /api/providers HTTP 200 :: providers=09665ab2-ccd5-473b-9674-14967d3741b7\tnvidia;1830e4f7-dd8f-4c11-9d65-c0acdced6494\tnvidia;2bcea68b-9f7a-4673-b1f0-80a66320fc88\tnvidia;2d039916-88d8-495f-b886-bd5dc25ce047\tnvidia;2d9ef15f-bc96-49d8-b476-56b2ad65c431\tnvidia;3317f8d3-ffa6-4e41-a8ad-7eeaf91a3f93\tnvidia;38a09429-95ad-4b2f-940b-ed886fad7d7a\tnvidia;3f77f218-ee98-443b-b2de-e0cdb8761144\tnvidia;53f96ffa-5bb1-424c-925f-86c1b44688ec\tnvidia;58f42365-24ac-4844-b08b-af609b1057d1\tnvidia;7d5d42c4-bb15-43da-a1b5-a4a2b52871c2\tnvidia;9865dfaa-3680-4a2c-a952-16cf94dddd04\tnvidia;9cda5fc2-7ae2-426a-a38c-35b9aa4856af\tnvidia;a0c72227-ba89-4b89-bae4-cff099d02562\tnvidia;a68545c0-554a-43c9-9ad4-e09885e762e7\tnvidia;c5116293-3a1e-420b-890b-ddff9ee0db57\tnvidia;cb888a54-217d-4ad6-b191-1cc5d06841e0\tnvidia;ccaad834-d081-4ec4-8e8d-713afc7d722f\tnvidia;d1717878-cbd3-4392-b5af-5add1c10d751\tnvidia;d65f33e2-26b4-4096-bb40-214be567a5f8\tnvidia;d6a27df9-fb28-429e-9c1d-dbe475f7ea4d\tnvidia;dd511141-af6e-4944-8af4-c0397507c799\tnvidia;deb0258d-ecce-4c26-ad39-542c44736a0a\tnvidia;def58a55-cab9-4048-a69b-4fa1ae9d557a\tnvidia;f2b0933a-888d-4a49-ab58-6012fcfb9314\tnvidia;","timestamp":"2026-07-26T15:35:30.236Z"}

data: {"data":"[init] [readonly] 三份 GET 完 — Restart B 写跳据此结构 (POST/PUT/PATCH), Restart A 仅读不写.","timestamp":"2026-07-26T15:35:30.236Z"}

data: {"data":"[init] Compression globally disabled (enabled=false; per-combo 启用路径不受影响)...","timestamp":"2026-07-26T15:35:30.236Z"}

data: {"data":"[init] Compression HTTP 200","timestamp":"2026-07-26T15:35:30.253Z"}

data: {"data":"[init] Resetting circuit breakers (first-init clean start)...","timestamp":"2026-07-26T15:35:30.253Z"}

data: {"data":"[init] CB reset HTTP 200","timestamp":"2026-07-26T15:35:30.267Z"}

data: {"data":"[init] per-model 200K override (real_context=200000)...","timestamp":"2026-07-26T15:35:30.267Z"}

data: {"data":"[init] override: 6 applied, 0 failed.","timestamp":"2026-07-26T15:35:30.337Z"}

data: {"data":"[init] ─────────────────────────────────────────────","timestamp":"2026-07-26T15:35:30.337Z"}

data: {"data":"[init]   PROFILE=balanced MODE=DEBUG KEYS=25 RPM=300 BODY=4 MB","timestamp":"2026-07-26T15:35:30.337Z"}

data: {"data":"[init]   POOL_STRATEGY=p2c REAL_CONTEXT=200000 (per-model override 应用, monitor 自动回写禁用)","timestamp":"2026-07-26T15:35:30.337Z"}

data: {"data":"[init] ─────────────────────────────────────────────","timestamp":"2026-07-26T15:35:30.337Z"}

data: {"data":"[init] Incremental mode.","timestamp":"2026-07-26T15:35:30.342Z"}

data: {"data":"[init] purge: 注册表无 127.0.0.1:20129。","timestamp":"2026-07-26T15:35:30.361Z"}

data: {"data":"[init] purge: registry=0 assignments=0 proxy_enabled=1剩余=0（期望 0/0/0）。","timestamp":"2026-07-26T15:35:30.390Z"}

data: {"data":"[init] check_nim_model_health...","timestamp":"2026-07-26T15:35:30.396Z"}

data: {"data":"[init]   z-ai/glm-5.2 — available","timestamp":"2026-07-26T15:35:30.436Z"}

data: {"data":"[init]   deepseek-ai/deepseek-v4-flash — available","timestamp":"2026-07-26T15:35:30.439Z"}

data: {"data":"[init]   deepseek-ai/deepseek-v4-pro — available","timestamp":"2026-07-26T15:35:30.442Z"}

data: {"data":"[init]   nvidia/nemotron-3-super-120b-a12b — available","timestamp":"2026-07-26T15:35:30.446Z"}

data: {"data":"[init]   mistralai/mistral-small-4-119b-2603 — available","timestamp":"2026-07-26T15:35:30.449Z"}

data: {"data":"[init]   google/gemma-4-31b-it — available","timestamp":"2026-07-26T15:35:30.452Z"}

data: {"data":"[init] 0 deprecated / 118 available","timestamp":"2026-07-26T15:35:30.454Z"}

data: {"data":"[init] upsert nim-pool: existed -> PUT combos/839fd9b5-bee7-45ca-80ca-6e2710955669 HTTP 200","timestamp":"2026-07-26T15:35:30.519Z"}

data: {"data":"[init] upsert nim-codex: existed -> PUT combos/5644c17d-68a7-4add-aa5a-b34bf4491ca2 HTTP 200","timestamp":"2026-07-26T15:35:30.567Z"}

data: {"data":"[init] context_accumulator_update: 增量累积每模型成功/失败口径...","timestamp":"2026-07-26T15:35:30.567Z"}

data: {"data":"[init]   列探测 input=tokens_in output=tokens_out","timestamp":"2026-07-26T15:35:30.584Z"}

data: {"data":"[init]   checkpoint last_ts=2026-07-26T15:18:21.291Z","timestamp":"2026-07-26T15:35:30.589Z"}

data: {"data":"[init]   checkpoint -> ctx_last_log_ts=2026-07-26T15:31:21.256Z","timestamp":"2026-07-26T15:35:30.665Z"}

data: {"data":"[init]   累积更新 1 个模型。","timestamp":"2026-07-26T15:35:30.665Z"}

data: {"data":"[init] ═══累积 real_context 推荐（跨淘汰周期保留）═══","timestamp":"2026-07-26T15:35:30.669Z"}

data: {"data":"[init]   model | last_ok | first_fail | ok/fail_n | conf | rec_ctx","timestamp":"2026-07-26T15:35:30.669Z"}

data: {"data":"[init]   z-ai/glm-5.2 | 94437 | - | 12/0 | low | 84993","timestamp":"2026-07-26T15:35:30.669Z"}

data: {"data":"[init] ═════════════════════════════════════════","timestamp":"2026-07-26T15:35:30.669Z"}

data: {"data":"[init] HF Dataset snapshot（配置 + 可选 DEBUG log）...","timestamp":"2026-07-26T15:35:30.670Z"}

data: {"data":"[init] snapshot: init_vars.json written","timestamp":"2026-07-26T15:35:30.736Z"}

data: {"data":"[init] snapshot: DEBUG log 上传已禁用（默认关, NIM_DEBUG_LOG_TO_DATASET=1 开启).","timestamp":"2026-07-26T15:35:30.736Z"}

data: {"data":"[init] HF Dataset uploaded.","timestamp":"2026-07-26T15:35:31.537Z"}

data: {"data":"[init] Done (incremental). v4.3.2","timestamp":"2026-07-26T15:35:31.597Z"}

data: {"data":"[entrypoint] NIM init 已退出 rc=0 (正常完成).","timestamp":"2026-07-26T15:35:31.786Z"}

data: {"data":"time=2026-07-26T15:35:35.861Z level=INFO msg=\"l0 retention enforced\" db=storage.sqlite deleted_count=5 max_l1_txid=000000000000004a","timestamp":"2026-07-26T15:35:35.861Z"}

data: {"data":"time=2026-07-26T15:35:35.861Z level=INFO msg=\"compaction complete\" level=1 txid.min=0000000000000049 txid.max=000000000000004a size=122383","timestamp":"2026-07-26T15:35:35.861Z"}

data: {"data":"time=2026-07-26T15:36:06.855Z level=INFO msg=\"l0 retention enforced\" db=storage.sqlite deleted_count=1 max_l1_txid=000000000000004b","timestamp":"2026-07-26T15:36:06.855Z"}

data: {"data":"time=2026-07-26T15:36:06.855Z level=INFO msg=\"compaction complete\" level=1 txid.min=000000000000004b txid.max=000000000000004b size=33884","timestamp":"2026-07-26T15:36:06.855Z"}

data: {"data":"time=2026-07-26T15:39:57.177Z level=INFO msg=\"l0 retention enforced\" db=storage.sqlite deleted_count=4 max_l1_txid=000000000000004b","timestamp":"2026-07-26T15:39:57.177Z"}

data: {"data":"time=2026-07-26T15:40:06.363Z level=INFO msg=\"compaction complete\" level=2 txid.min=0000000000000048 txid.max=000000000000004b size=267523","timestamp":"2026-07-26T15:40:06.363Z"}

data: {"data":"time=2026-07-26T15:44:56.727Z level=INFO msg=\"l0 retention enforced\" db=storage.sqlite deleted_count=3 max_l1_txid=000000000000004b","timestamp":"2026-07-26T15:44:56.727Z"}

data: {"data":"time=2026-07-26T16:00:03.596Z level=INFO msg=\"snapshot complete\" txid=000000000000004b size=267523","timestamp":"2026-07-26T16:00:03.596Z"}

data: {"data":"time=2026-07-26T16:00:05.690Z level=INFO msg=\"compaction complete\" level=3 txid.min=0000000000000008 txid.max=000000000000004b size=267523","timestamp":"2026-07-26T16:00:05.692Z"}

data: {"data":"[SSE] Translators initialized for /v1/messages","timestamp":"2026-07-26T16:12:33.597Z"}

data: {"data":"🛡️ [RATE-LIMIT] Loaded 0 explicit + 25 auto-enabled protection(s)","timestamp":"2026-07-26T16:12:33.657Z"}

data: {"data":"[INFO] [SKILLS_INJECTION] skills.injection.skipped {\"apiKeyId\":\"env-key\",\"reason\":\"no_enabled_skills\"}","timestamp":"2026-07-26T16:12:33.668Z"}

data: {"data":"{\"level\":30,\"time\":\"2026-07-26T16:12:33.601Z\",\"service\":\"omniroute\",\"module\":\"sse\",\"tag\":\"HTTP\",\"method\":\"POST\",\"path\":\"/v1/messages | nvidia/z-ai/glm-5.2 | 35 msgs | 30 tools\",\"msg\":\"📥 POST /v1/messages | nvidia/z-ai/glm-5.2 | 35 msgs | 30 tools\"}","timestamp":"2026-07-26T16:12:33.704Z"}

data: {"data":"{\"level\":30,\"time\":\"2026-07-26T16:12:33.618Z\",\"service\":\"omniroute\",\"module\":\"sse\",\"tag\":\"ROUTING\",\"msg\":\"Provider: nvidia, Model: z-ai/glm-5.2\"}","timestamp":"2026-07-26T16:12:33.705Z"}

data: {"data":"{\"level\":30,\"time\":\"2026-07-26T16:12:33.627Z\",\"service\":\"omniroute\",\"module\":\"sse\",\"tag\":\"AUTH\",\"msg\":\"session_key=input:sha256:eebcc... has no available affinity target\"}","timestamp":"2026-07-26T16:12:33.705Z"}

data: {"data":"{\"level\":30,\"time\":\"2026-07-26T16:12:33.628Z\",\"service\":\"omniroute\",\"module\":\"sse\",\"tag\":\"AUTH\",\"msg\":\"Using nvidia account: 53f96ffa...\"}","timestamp":"2026-07-26T16:12:33.705Z"}

data: {"data":"{\"level\":30,\"time\":\"2026-07-26T16:12:38.125Z\",\"service\":\"omniroute\",\"module\":\"sse\",\"tag\":\"AUTH\",\"msg\":\"Account 53f96ffa error cleared\"}","timestamp":"2026-07-26T16:12:38.140Z"}

data: {"data":"[16:13:00] 📊 \u001b[32m[USAGE] NVIDIA | in=96347 | out=531 | account=53f96ffa...\u001b[0m \u001b[33m(estimated)\u001b[0m | cache_read=1984","timestamp":"2026-07-26T16:13:00.093Z"}

data: {"data":"[16:13:00] 🌊 [STREAM] NVIDIA | z-ai/glm-5.2 | 26434ms | complete","timestamp":"2026-07-26T16:13:00.114Z"}

data: {"data":"[INFO] [SKILLS_INJECTION] skills.injection.skipped {\"apiKeyId\":\"env-key\",\"reason\":\"no_enabled_skills\"}","timestamp":"2026-07-26T16:13:01.963Z"}

data: {"data":"{\"level\":30,\"time\":\"2026-07-26T16:13:01.925Z\",\"service\":\"omniroute\",\"module\":\"sse\",\"tag\":\"HTTP\",\"method\":\"POST\",\"path\":\"/v1/messages | nvidia/z-ai/glm-5.2 | 38 msgs | 30 tools\",\"msg\":\"📥 POST /v1/messages | nvidia/z-ai/glm-5.2 | 38 msgs | 30 tools\"}","timestamp":"2026-07-26T16:13:01.976Z"}

data: {"data":"{\"level\":30,\"time\":\"2026-07-26T16:13:01.932Z\",\"service\":\"omniroute\",\"module\":\"sse\",\"tag\":\"ROUTING\",\"msg\":\"Provider: nvidia, Model: z-ai/glm-5.2\"}","timestamp":"2026-07-26T16:13:01.977Z"}

data: {"data":"{\"level\":30,\"time\":\"2026-07-26T16:13:01.936Z\",\"service\":\"omniroute\",\"module\":\"sse\",\"tag\":\"AUTH\",\"msg\":\"session_key=input:sha256:eebcc... has no available affinity target\"}","timestamp":"2026-07-26T16:13:01.977Z"}

data: {"data":"{\"level\":30,\"time\":\"2026-07-26T16:13:01.936Z\",\"service\":\"omniroute\",\"module\":\"sse\",\"tag\":\"AUTH\",\"msg\":\"Using nvidia account: deb0258d...\"}","timestamp":"2026-07-26T16:13:01.977Z"}

data: {"data":"time=2026-07-26T16:13:03.339Z level=INFO msg=\"l0 retention enforced\" db=storage.sqlite deleted_count=1 max_l1_txid=000000000000004e","timestamp":"2026-07-26T16:13:03.340Z"}

data: {"data":"time=2026-07-26T16:13:03.339Z level=INFO msg=\"compaction complete\" level=1 txid.min=000000000000004c txid.max=000000000000004e size=267791","timestamp":"2026-07-26T16:13:03.340Z"}

data: {"data":"{\"level\":30,\"time\":\"2026-07-26T16:13:07.482Z\",\"service\":\"omniroute\",\"module\":\"sse\",\"tag\":\"AUTH\",\"msg\":\"Account deb0258d error cleared\"}","timestamp":"2026-07-26T16:13:07.487Z"}

data: {"data":"[16:13:30] 📊 \u001b[32m[USAGE] NVIDIA | in=97886 | out=603 | account=deb0258d...\u001b[0m \u001b[33m(estimated)\u001b[0m | cache_read=96832","timestamp":"2026-07-26T16:13:30.245Z"}

data: {"data":"[16:13:30] 🌊 [STREAM] NVIDIA | z-ai/glm-5.2 | 28286ms | complete","timestamp":"2026-07-26T16:13:30.254Z"}

data: {"data":"[INFO] [SKILLS_INJECTION] skills.injection.skipped {\"apiKeyId\":\"env-key\",\"reason\":\"no_enabled_skills\"}","timestamp":"2026-07-26T16:13:30.817Z"}

data: {"data":"{\"level\":30,\"time\":\"2026-07-26T16:13:30.765Z\",\"service\":\"omniroute\",\"module\":\"sse\",\"tag\":\"HTTP\",\"method\":\"POST\",\"path\":\"/v1/messages | nvidia/z-ai/glm-5.2 | 40 msgs | 30 tools\",\"msg\":\"📥 POST /v1/messages | nvidia/z-ai/glm-5.2 | 40 msgs | 30 tools\"}","timestamp":"2026-07-26T16:13:30.841Z"}

data: {"data":"{\"level\":30,\"time\":\"2026-07-26T16:13:30.772Z\",\"service\":\"omniroute\",\"module\":\"sse\",\"tag\":\"ROUTING\",\"msg\":\"Provider: nvidia, Model: z-ai/glm-5.2\"}","timestamp":"2026-07-26T16:13:30.841Z"}

data: {"data":"{\"level\":30,\"time\":\"2026-07-26T16:13:30.776Z\",\"service\":\"omniroute\",\"module\":\"sse\",\"tag\":\"AUTH\",\"msg\":\"session_key=input:sha256:eebcc... has no available affinity target\"}","timestamp":"2026-07-26T16:13:30.841Z"}

data: {"data":"{\"level\":30,\"time\":\"2026-07-26T16:13:30.776Z\",\"service\":\"omniroute\",\"module\":\"sse\",\"tag\":\"AUTH\",\"msg\":\"Using nvidia account: 3317f8d3...\"}","timestamp":"2026-07-26T16:13:30.841Z"}

data: {"data":"{\"level\":30,\"time\":\"2026-07-26T16:13:35.509Z\",\"service\":\"omniroute\",\"module\":\"sse\",\"tag\":\"AUTH\",\"msg\":\"Account 3317f8d3 error cleared\"}","timestamp":"2026-07-26T16:13:35.513Z"}

data: {"data":"time=2026-07-26T16:13:35.683Z level=INFO msg=\"compaction complete\" level=1 txid.min=000000000000004f txid.max=0000000000000052 size=16327","timestamp":"2026-07-26T16:13:35.683Z"}

data: {"data":"[16:13:59] 📊 \u001b[32m[USAGE] NVIDIA | in=100442 | out=838 | account=3317f8d3...\u001b[0m \u001b[33m(estimated)\u001b[0m | cache_read=1536","timestamp":"2026-07-26T16:13:59.627Z"}

data: {"data":"[16:13:59] 🌊 [STREAM] NVIDIA | z-ai/glm-5.2 | 28806ms | complete","timestamp":"2026-07-26T16:13:59.634Z"}

data: {"data":"[INFO] [SKILLS_INJECTION] skills.injection.skipped {\"apiKeyId\":\"env-key\",\"reason\":\"no_enabled_skills\"}","timestamp":"2026-07-26T16:14:00.414Z"}

data: {"data":"{\"level\":30,\"time\":\"2026-07-26T16:14:00.369Z\",\"service\":\"omniroute\",\"module\":\"sse\",\"tag\":\"HTTP\",\"method\":\"POST\",\"path\":\"/v1/messages | nvidia/z-ai/glm-5.2 | 42 msgs | 30 tools\",\"msg\":\"📥 POST /v1/messages | nvidia/z-ai/glm-5.2 | 42 msgs | 30 tools\"}","timestamp":"2026-07-26T16:14:00.426Z"}

data: {"data":"{\"level\":30,\"time\":\"2026-07-26T16:14:00.376Z\",\"service\":\"omniroute\",\"module\":\"sse\",\"tag\":\"ROUTING\",\"msg\":\"Provider: nvidia, Model: z-ai/glm-5.2\"}","timestamp":"2026-07-26T16:14:00.426Z"}

data: {"data":"{\"level\":30,\"time\":\"2026-07-26T16:14:00.379Z\",\"service\":\"omniroute\",\"module\":\"sse\",\"tag\":\"AUTH\",\"msg\":\"session_key=input:sha256:eebcc... has no available affinity target\"}","timestamp":"2026-07-26T16:14:00.426Z"}

data: {"data":"{\"level\":30,\"time\":\"2026-07-26T16:14:00.380Z\",\"service\":\"omniroute\",\"module\":\"sse\",\"tag\":\"AUTH\",\"msg\":\"Using nvidia account: c5116293...\"}","timestamp":"2026-07-26T16:14:00.426Z"}

data: {"data":"time=2026-07-26T16:14:04.625Z level=INFO msg=\"compaction complete\" level=1 txid.min=0000000000000053 txid.max=0000000000000055 size=269580","timestamp":"2026-07-26T16:14:04.626Z"}

data: {"data":"{\"level\":30,\"time\":\"2026-07-26T16:14:04.888Z\",\"service\":\"omniroute\",\"module\":\"sse\",\"tag\":\"AUTH\",\"msg\":\"Account c5116293 error cleared\"}","timestamp":"2026-07-26T16:14:04.892Z"}

data: {"data":"[16:14:32] 📊 \u001b[32m[USAGE] NVIDIA | in=101323 | out=814 | account=c5116293...\u001b[0m \u001b[33m(estimated)\u001b[0m | cache_read=64","timestamp":"2026-07-26T16:14:32.241Z"}

data: {"data":"[16:14:32] 🌊 [STREAM] NVIDIA | z-ai/glm-5.2 | 31831ms | complete","timestamp":"2026-07-26T16:14:32.249Z"}

data: {"data":"[INFO] [SKILLS_INJECTION] skills.injection.skipped {\"apiKeyId\":\"env-key\",\"reason\":\"no_enabled_skills\"}","timestamp":"2026-07-26T16:14:33.048Z"}

data: {"data":"{\"level\":30,\"time\":\"2026-07-26T16:14:33.008Z\",\"service\":\"omniroute\",\"module\":\"sse\",\"tag\":\"HTTP\",\"method\":\"POST\",\"path\":\"/v1/messages | nvidia/z-ai/glm-5.2 | 44 msgs | 30 tools\",\"msg\":\"📥 POST /v1/messages | nvidia/z-ai/glm-5.2 | 44 msgs | 30 tools\"}","timestamp":"2026-07-26T16:14:33.062Z"}

data: {"data":"{\"level\":30,\"time\":\"2026-07-26T16:14:33.017Z\",\"service\":\"omniroute\",\"module\":\"sse\",\"tag\":\"ROUTING\",\"msg\":\"Provider: nvidia, Model: z-ai/glm-5.2\"}","timestamp":"2026-07-26T16:14:33.062Z"}

data: {"data":"{\"level\":30,\"time\":\"2026-07-26T16:14:33.020Z\",\"service\":\"omniroute\",\"module\":\"sse\",\"tag\":\"AUTH\",\"msg\":\"session_key=input:sha256:eebcc... has no available affinity target\"}","timestamp":"2026-07-26T16:14:33.062Z"}

data: {"data":"{\"level\":30,\"time\":\"2026-07-26T16:14:33.021Z\",\"service\":\"omniroute\",\"module\":\"sse\",\"tag\":\"AUTH\",\"msg\":\"Using nvidia account: cb888a54...\"}","timestamp":"2026-07-26T16:14:33.062Z"}

data: {"data":"{\"level\":30,\"time\":\"2026-07-26T16:14:34.617Z\",\"service\":\"omniroute\",\"module\":\"sse\",\"tag\":\"AUTH\",\"msg\":\"Account cb888a54 error cleared\"}","timestamp":"2026-07-26T16:14:34.621Z"}

data: {"data":"time=2026-07-26T16:14:34.739Z level=INFO msg=\"compaction complete\" level=1 txid.min=0000000000000056 txid.max=0000000000000057 size=8348","timestamp":"2026-07-26T16:14:34.739Z"}

data: {"data":"[16:14:35] 📊 \u001b[32m[USAGE] NVIDIA | in=102180 | out=56 | account=cb888a54...\u001b[0m \u001b[33m(estimated)\u001b[0m | cache_read=102080","timestamp":"2026-07-26T16:14:35.135Z"}

data: {"data":"[16:14:35] 🌊 [STREAM] NVIDIA | z-ai/glm-5.2 | 2088ms | complete","timestamp":"2026-07-26T16:14:35.143Z"}

data: {"data":"[INFO] [SKILLS_INJECTION] skills.injection.skipped {\"apiKeyId\":\"env-key\",\"reason\":\"no_enabled_skills\"}","timestamp":"2026-07-26T16:14:35.645Z"}

data: {"data":"{\"level\":30,\"time\":\"2026-07-26T16:14:35.586Z\",\"service\":\"omniroute\",\"module\":\"sse\",\"tag\":\"HTTP\",\"method\":\"POST\",\"path\":\"/v1/messages | nvidia/z-ai/glm-5.2 | 46 msgs | 30 tools\",\"msg\":\"📥 POST /v1/messages | nvidia/z-ai/glm-5.2 | 46 msgs | 30 tools\"}","timestamp":"2026-07-26T16:14:35.670Z"}

data: {"data":"{\"level\":30,\"time\":\"2026-07-26T16:14:35.602Z\",\"service\":\"omniroute\",\"module\":\"sse\",\"tag\":\"ROUTING\",\"msg\":\"Provider: nvidia, Model: z-ai/glm-5.2\"}","timestamp":"2026-07-26T16:14:35.670Z"}

data: {"data":"{\"level\":30,\"time\":\"2026-07-26T16:14:35.607Z\",\"service\":\"omniroute\",\"module\":\"sse\",\"tag\":\"AUTH\",\"msg\":\"session_key=input:sha256:eebcc... has no available affinity target\"}","timestamp":"2026-07-26T16:14:35.670Z"}

data: {"data":"{\"level\":30,\"time\":\"2026-07-26T16:14:35.608Z\",\"service\":\"omniroute\",\"module\":\"sse\",\"tag\":\"AUTH\",\"msg\":\"Using nvidia account: d65f33e2...\"}","timestamp":"2026-07-26T16:14:35.670Z"}

data: {"data":"{\"level\":30,\"time\":\"2026-07-26T16:14:36.635Z\",\"service\":\"omniroute\",\"module\":\"sse\",\"tag\":\"AUTH\",\"msg\":\"Account d65f33e2 error cleared\"}","timestamp":"2026-07-26T16:14:36.642Z"}

data: {"data":"time=2026-07-26T16:15:04.485Z level=INFO msg=\"compaction complete\" level=2 txid.min=000000000000004c txid.max=0000000000000057 size=269795","timestamp":"2026-07-26T16:15:04.485Z"}

data: {"data":"time=2026-07-26T16:15:04.860Z level=INFO msg=\"compaction complete\" level=1 txid.min=0000000000000058 txid.max=000000000000005e size=271513","timestamp":"2026-07-26T16:15:04.860Z"}

data: {"data":"[16:15:23] 📊 \u001b[32m[USAGE] NVIDIA | in=103975 | out=1856 | account=d65f33e2...\u001b[0m \u001b[33m(estimated)\u001b[0m | cache_read=102144","timestamp":"2026-07-26T16:15:23.770Z"}

data: {"data":"[16:15:23] 🌊 [STREAM] NVIDIA | z-ai/glm-5.2 | 48127ms | complete","timestamp":"2026-07-26T16:15:23.776Z"}

data: {"data":"[INFO] [SKILLS_INJECTION] skills.injection.skipped {\"apiKeyId\":\"env-key\",\"reason\":\"no_enabled_skills\"}","timestamp":"2026-07-26T16:15:24.899Z"}

data: {"data":"{\"level\":30,\"time\":\"2026-07-26T16:15:24.857Z\",\"service\":\"omniroute\",\"module\":\"sse\",\"tag\":\"HTTP\",\"method\":\"POST\",\"path\":\"/v1/messages | nvidia/z-ai/glm-5.2 | 49 msgs | 30 tools\",\"msg\":\"📥 POST /v1/messages | nvidia/z-ai/glm-5.2 | 49 msgs | 30 tools\"}","timestamp":"2026-07-26T16:15:24.919Z"}

data: {"data":"{\"level\":30,\"time\":\"2026-07-26T16:15:24.865Z\",\"service\":\"omniroute\",\"module\":\"sse\",\"tag\":\"ROUTING\",\"msg\":\"Provider: nvidia, Model: z-ai/glm-5.2\"}","timestamp":"2026-07-26T16:15:24.919Z"}

data: {"data":"{\"level\":30,\"time\":\"2026-07-26T16:15:24.869Z\",\"service\":\"omniroute\",\"module\":\"sse\",\"tag\":\"AUTH\",\"msg\":\"session_key=input:sha256:eebcc... has no available affinity target\"}","timestamp":"2026-07-26T16:15:24.919Z"}

data: {"data":"{\"level\":30,\"time\":\"2026-07-26T16:15:24.870Z\",\"service\":\"omniroute\",\"module\":\"sse\",\"tag\":\"AUTH\",\"msg\":\"Using nvidia account: ccaad834...\"}","timestamp":"2026-07-26T16:15:24.919Z"}

data: {"data":"{\"level\":30,\"time\":\"2026-07-26T16:15:29.866Z\",\"service\":\"omniroute\",\"module\":\"sse\",\"tag\":\"AUTH\",\"msg\":\"Account ccaad834 error cleared\"}","timestamp":"2026-07-26T16:15:29.874Z"}

data: {"data":"[16:15:32] 📊 \u001b[32m[USAGE] NVIDIA | in=106251 | out=179 | account=ccaad834...\u001b[0m \u001b[33m(estimated)\u001b[0m | cache_read=1856","timestamp":"2026-07-26T16:15:32.243Z"}

data: {"data":"[16:15:32] 🌊 [STREAM] NVIDIA | z-ai/glm-5.2 | 7343ms | complete","timestamp":"2026-07-26T16:15:32.249Z"}

data: {"data":"[INFO] [SKILLS_INJECTION] skills.injection.skipped {\"apiKeyId\":\"env-key\",\"reason\":\"no_enabled_skills\"}","timestamp":"2026-07-26T16:15:32.803Z"}

data: {"data":"{\"level\":30,\"time\":\"2026-07-26T16:15:32.758Z\",\"service\":\"omniroute\",\"module\":\"sse\",\"tag\":\"HTTP\",\"method\":\"POST\",\"path\":\"/v1/messages | nvidia/z-ai/glm-5.2 | 51 msgs | 30 tools\",\"msg\":\"📥 POST /v1/messages | nvidia/z-ai/glm-5.2 | 51 msgs | 30 tools\"}","timestamp":"2026-07-26T16:15:32.819Z"}

data: {"data":"{\"level\":30,\"time\":\"2026-07-26T16:15:32.766Z\",\"service\":\"omniroute\",\"module\":\"sse\",\"tag\":\"ROUTING\",\"msg\":\"Provider: nvidia, Model: z-ai/glm-5.2\"}","timestamp":"2026-07-26T16:15:32.819Z"}

data: {"data":"{\"level\":30,\"time\":\"2026-07-26T16:15:32.769Z\",\"service\":\"omniroute\",\"module\":\"sse\",\"tag\":\"AUTH\",\"msg\":\"session_key=input:sha256:eebcc... has no available affinity target\"}","timestamp":"2026-07-26T16:15:32.819Z"}

data: {"data":"{\"level\":30,\"time\":\"2026-07-26T16:15:32.770Z\",\"service\":\"omniroute\",\"module\":\"sse\",\"tag\":\"AUTH\",\"msg\":\"Using nvidia account: def58a55...\"}","timestamp":"2026-07-26T16:15:32.819Z"}

data: {"data":"time=2026-07-26T16:15:34.872Z level=INFO msg=\"compaction complete\" level=1 txid.min=000000000000005f txid.max=0000000000000061 size=18915","timestamp":"2026-07-26T16:15:34.872Z"}

data: {"data":"[16:15:38] 📊 \u001b[32m[USAGE] NVIDIA | in=106460 | out=18 | account=def58a55...\u001b[0m | cache_read=1536","timestamp":"2026-07-26T16:15:38.105Z"}

data: {"data":"[16:15:38] 🌊 [STREAM] NVIDIA | z-ai/glm-5.2 | 5304ms | complete","timestamp":"2026-07-26T16:15:38.112Z"}

data: {"data":"{\"level\":30,\"time\":\"2026-07-26T16:15:38.100Z\",\"service\":\"omniroute\",\"module\":\"sse\",\"tag\":\"AUTH\",\"msg\":\"Account def58a55 error cleared\"}","timestamp":"2026-07-26T16:15:38.129Z"}

data: {"data":"[INFO] [SKILLS_INJECTION] skills.injection.skipped {\"apiKeyId\":\"env-key\",\"reason\":\"no_enabled_skills\"}","timestamp":"2026-07-26T16:15:38.649Z"}

data: {"data":"{\"level\":30,\"time\":\"2026-07-26T16:15:38.610Z\",\"service\":\"omniroute\",\"module\":\"sse\",\"tag\":\"HTTP\",\"method\":\"POST\",\"path\":\"/v1/messages | nvidia/z-ai/glm-5.2 | 53 msgs | 30 tools\",\"msg\":\"📥 POST /v1/messages | nvidia/z-ai/glm-5.2 | 53 msgs | 30 tools\"}","timestamp":"2026-07-26T16:15:38.673Z"}

data: {"data":"{\"level\":30,\"time\":\"2026-07-26T16:15:38.618Z\",\"service\":\"omniroute\",\"module\":\"sse\",\"tag\":\"ROUTING\",\"msg\":\"Provider: nvidia, Model: z-ai/glm-5.2\"}","timestamp":"2026-07-26T16:15:38.673Z"}

data: {"data":"{\"level\":30,\"time\":\"2026-07-26T16:15:38.622Z\",\"service\":\"omniroute\",\"module\":\"sse\",\"tag\":\"AUTH\",\"msg\":\"session_key=input:sha256:eebcc... has no available affinity target\"}","timestamp":"2026-07-26T16:15:38.673Z"}

data: {"data":"{\"level\":30,\"time\":\"2026-07-26T16:15:38.623Z\",\"service\":\"omniroute\",\"module\":\"sse\",\"tag\":\"AUTH\",\"msg\":\"Using nvidia account: 2d039916...\"}","timestamp":"2026-07-26T16:15:38.673Z"}

data: {"data":"{\"level\":30,\"time\":\"2026-07-26T16:15:40.047Z\",\"service\":\"omniroute\",\"module\":\"sse\",\"tag\":\"AUTH\",\"msg\":\"Account 2d039916 error cleared\"}","timestamp":"2026-07-26T16:15:40.050Z"}

data: {"data":"[ProviderLimitsSync] Cycle complete: 0/0 synced in 3ms","timestamp":"2026-07-26T16:15:40.243Z"}

data: {"data":"[16:15:41] 📊 \u001b[32m[USAGE] NVIDIA | in=106488 | out=165 | account=2d039916...\u001b[0m \u001b[33m(estimated)\u001b[0m | cache_read=105792","timestamp":"2026-07-26T16:15:41.824Z"}

data: {"data":"[16:15:41] 🌊 [STREAM] NVIDIA | z-ai/glm-5.2 | 3177ms | complete","timestamp":"2026-07-26T16:15:41.833Z"}

data: {"data":"[INFO] [SKILLS_INJECTION] skills.injection.skipped {\"apiKeyId\":\"env-key\",\"reason\":\"no_enabled_skills\"}","timestamp":"2026-07-26T16:15:42.478Z"}

data: {"data":"{\"level\":30,\"time\":\"2026-07-26T16:15:42.437Z\",\"service\":\"omniroute\",\"module\":\"sse\",\"tag\":\"HTTP\",\"method\":\"POST\",\"path\":\"/v1/messages | nvidia/z-ai/glm-5.2 | 55 msgs | 30 tools\",\"msg\":\"📥 POST /v1/messages | nvidia/z-ai/glm-5.2 | 55 msgs | 30 tools\"}","timestamp":"2026-07-26T16:15:42.520Z"}

data: {"data":"{\"level\":30,\"time\":\"2026-07-26T16:15:42.446Z\",\"service\":\"omniroute\",\"module\":\"sse\",\"tag\":\"ROUTING\",\"msg\":\"Provider: nvidia, Model: z-ai/glm-5.2\"}","timestamp":"2026-07-26T16:15:42.520Z"}

data: {"data":"{\"level\":30,\"time\":\"2026-07-26T16:15:42.450Z\",\"service\":\"omniroute\",\"module\":\"sse\",\"tag\":\"AUTH\",\"msg\":\"session_key=input:sha256:eebcc... has no available affinity target\"}","timestamp":"2026-07-26T16:15:42.520Z"}

data: {"data":"{\"level\":30,\"time\":\"2026-07-26T16:15:42.451Z\",\"service\":\"omniroute\",\"module\":\"sse\",\"tag\":\"AUTH\",\"msg\":\"Using nvidia account: d6a27df9...\"}","timestamp":"2026-07-26T16:15:42.520Z"}

data: {"data":"{\"level\":30,\"time\":\"2026-07-26T16:15:43.178Z\",\"service\":\"omniroute\",\"module\":\"sse\",\"tag\":\"AUTH\",\"msg\":\"Account d6a27df9 error cleared\"}","timestamp":"2026-07-26T16:15:43.182Z"}

data: {"data":"time=2026-07-26T16:16:04.821Z level=INFO msg=\"compaction complete\" level=1 txid.min=0000000000000062 txid.max=0000000000000068 size=273869","timestamp":"2026-07-26T16:16:04.821Z"}

data: {"data":"[16:16:18] 📊 \u001b[32m[USAGE] NVIDIA | in=110494 | out=256 | account=d6a27df9...\u001b[0m \u001b[33m(estimated)\u001b[0m | cache_read=106240","timestamp":"2026-07-26T16:16:18.584Z"}

data: {"data":"[16:16:18] 🌊 [STREAM] NVIDIA | z-ai/glm-5.2 | 36117ms | complete","timestamp":"2026-07-26T16:16:18.600Z"}

data: {"data":"(node:816) MaxListenersExceededWarning: Possible EventEmitter memory leak detected. 11 connect listeners added to [Socket]. MaxListeners is 10. Use emitter.setMaxListeners() to increase limit","timestamp":"2026-07-26T16:16:18.949Z"}

data: {"data":"(Use `node --trace-warnings ...` to show where the warning was created)","timestamp":"2026-07-26T16:16:18.949Z"}

data: {"data":"[INFO] [SKILLS_INJECTION] skills.injection.skipped {\"apiKeyId\":\"env-key\",\"reason\":\"no_enabled_skills\"}","timestamp":"2026-07-26T16:16:19.284Z"}

data: {"data":"{\"level\":30,\"time\":\"2026-07-26T16:16:19.241Z\",\"service\":\"omniroute\",\"module\":\"sse\",\"tag\":\"HTTP\",\"method\":\"POST\",\"path\":\"/v1/messages | nvidia/z-ai/glm-5.2 | 57 msgs | 30 tools\",\"msg\":\"📥 POST /v1/messages | nvidia/z-ai/glm-5.2 | 57 msgs | 30 tools\"}","timestamp":"2026-07-26T16:16:19.301Z"}

data: {"data":"{\"level\":30,\"time\":\"2026-07-26T16:16:19.249Z\",\"service\":\"omniroute\",\"module\":\"sse\",\"tag\":\"ROUTING\",\"msg\":\"Provider: nvidia, Model: z-ai/glm-5.2\"}","timestamp":"2026-07-26T16:16:19.303Z"}

data: {"data":"{\"level\":30,\"time\":\"2026-07-26T16:16:19.252Z\",\"service\":\"omniroute\",\"module\":\"sse\",\"tag\":\"AUTH\",\"msg\":\"session_key=input:sha256:eebcc... has no available affinity target\"}","timestamp":"2026-07-26T16:16:19.303Z"}

data: {"data":"{\"level\":30,\"time\":\"2026-07-26T16:16:19.253Z\",\"service\":\"omniroute\",\"module\":\"sse\",\"tag\":\"AUTH\",\"msg\":\"Using nvidia account: 7d5d42c4...\"}","timestamp":"2026-07-26T16:16:19.303Z"}

data: {"data":"{\"level\":30,\"time\":\"2026-07-26T16:16:24.401Z\",\"service\":\"omniroute\",\"module\":\"sse\",\"tag\":\"AUTH\",\"msg\":\"Account 7d5d42c4 error cleared\"}","timestamp":"2026-07-26T16:16:24.415Z"}

data: {"data":"time=2026-07-26T16:16:34.649Z level=INFO msg=\"compaction complete\" level=1 txid.min=0000000000000069 txid.max=000000000000006b size=25894","timestamp":"2026-07-26T16:16:34.649Z"}

data: {"data":"[16:16:44] 📊 \u001b[32m[USAGE] NVIDIA | in=110845 | out=618 | account=7d5d42c4...\u001b[0m \u001b[33m(estimated)\u001b[0m | cache_read=1536","timestamp":"2026-07-26T16:16:44.253Z"}

data: {"data":"[16:16:44] 🌊 [STREAM] NVIDIA | z-ai/glm-5.2 | 24972ms | complete","timestamp":"2026-07-26T16:16:44.260Z"}

data: {"data":"time=2026-07-26T16:17:04.478Z level=INFO msg=\"compaction complete\" level=1 txid.min=000000000000006c txid.max=000000000000006d size=277747","timestamp":"2026-07-26T16:17:04.478Z"}

data: {"data":"[INFO] [SKILLS_INJECTION] skills.injection.skipped {\"apiKeyId\":\"env-key\",\"reason\":\"no_enabled_skills\"}","timestamp":"2026-07-26T16:17:29.573Z"}

data: {"data":"{\"level\":30,\"time\":\"2026-07-26T16:17:29.531Z\",\"service\":\"omniroute\",\"module\":\"sse\",\"tag\":\"HTTP\",\"method\":\"POST\",\"path\":\"/v1/messages | nvidia/z-ai/glm-5.2 | 60 msgs | 30 tools\",\"msg\":\"📥 POST /v1/messages | nvidia/z-ai/glm-5.2 | 60 msgs | 30 tools\"}","timestamp":"2026-07-26T16:17:29.586Z"}

data: {"data":"{\"level\":30,\"time\":\"2026-07-26T16:17:29.540Z\",\"service\":\"omniroute\",\"module\":\"sse\",\"tag\":\"ROUTING\",\"msg\":\"Provider: nvidia, Model: z-ai/glm-5.2\"}","timestamp":"2026-07-26T16:17:29.586Z"}

data: {"data":"{\"level\":30,\"time\":\"2026-07-26T16:17:29.543Z\",\"service\":\"omniroute\",\"module\":\"sse\",\"tag\":\"AUTH\",\"msg\":\"session_key=input:sha256:eebcc... has no available affinity target\"}","timestamp":"2026-07-26T16:17:29.586Z"}

data: {"data":"{\"level\":30,\"time\":\"2026-07-26T16:17:29.543Z\",\"service\":\"omniroute\",\"module\":\"sse\",\"tag\":\"AUTH\",\"msg\":\"Using nvidia account: f2b0933a...\"}","timestamp":"2026-07-26T16:17:29.586Z"}

data: {"data":"time=2026-07-26T16:17:34.483Z level=INFO msg=\"compaction complete\" level=1 txid.min=000000000000006e txid.max=000000000000006e size=3702","timestamp":"2026-07-26T16:17:34.483Z"}

data: {"data":"{\"level\":30,\"time\":\"2026-07-26T16:17:34.923Z\",\"service\":\"omniroute\",\"module\":\"sse\",\"tag\":\"AUTH\",\"msg\":\"Account f2b0933a error cleared\"}","timestamp":"2026-07-26T16:17:34.926Z"}

data: {"data":"[16:17:36] 📊 \u001b[32m[USAGE] NVIDIA | in=111511 | out=129 | account=f2b0933a...\u001b[0m \u001b[33m(estimated)\u001b[0m | cache_read=384","timestamp":"2026-07-26T16:17:36.362Z"}

data: {"data":"[16:17:36] 🌊 [STREAM] NVIDIA | z-ai/glm-5.2 | 6790ms | complete","timestamp":"2026-07-26T16:17:36.368Z"}

data: {"data":"[INFO] [SKILLS_INJECTION] skills.injection.skipped {\"apiKeyId\":\"env-key\",\"reason\":\"no_enabled_skills\"}","timestamp":"2026-07-26T16:17:39.270Z"}

data: {"data":"{\"level\":30,\"time\":\"2026-07-26T16:17:39.222Z\",\"service\":\"omniroute\",\"module\":\"sse\",\"tag\":\"HTTP\",\"method\":\"POST\",\"path\":\"/v1/messages | nvidia/z-ai/glm-5.2 | 62 msgs | 30 tools\",\"msg\":\"📥 POST /v1/messages | nvidia/z-ai/glm-5.2 | 62 msgs | 30 tools\"}","timestamp":"2026-07-26T16:17:39.283Z"}

data: {"data":"{\"level\":30,\"time\":\"2026-07-26T16:17:39.233Z\",\"service\":\"omniroute\",\"module\":\"sse\",\"tag\":\"ROUTING\",\"msg\":\"Provider: nvidia, Model: z-ai/glm-5.2\"}","timestamp":"2026-07-26T16:17:39.283Z"}

data: {"data":"{\"level\":30,\"time\":\"2026-07-26T16:17:39.238Z\",\"service\":\"omniroute\",\"module\":\"sse\",\"tag\":\"AUTH\",\"msg\":\"session_key=input:sha256:eebcc... has no available affinity target\"}","timestamp":"2026-07-26T16:17:39.283Z"}

data: {"data":"{\"level\":30,\"time\":\"2026-07-26T16:17:39.238Z\",\"service\":\"omniroute\",\"module\":\"sse\",\"tag\":\"AUTH\",\"msg\":\"Using nvidia account: 9cda5fc2...\"}","timestamp":"2026-07-26T16:17:39.283Z"}

data: {"data":"{\"level\":30,\"time\":\"2026-07-26T16:17:44.628Z\",\"service\":\"omniroute\",\"module\":\"sse\",\"tag\":\"AUTH\",\"msg\":\"Account 9cda5fc2 error cleared\"}","timestamp":"2026-07-26T16:17:44.633Z"}

data: {"data":"[16:17:51] 📊 \u001b[32m[USAGE] NVIDIA | in=111741 | out=424 | account=9cda5fc2...\u001b[0m \u001b[33m(estimated)\u001b[0m | cache_read=1536","timestamp":"2026-07-26T16:17:51.803Z"}

data: {"data":"[16:17:51] 🌊 [STREAM] NVIDIA | z-ai/glm-5.2 | 12534ms | complete","timestamp":"2026-07-26T16:17:51.809Z"}

data: {"data":"[INFO] [SKILLS_INJECTION] skills.injection.skipped {\"apiKeyId\":\"env-key\",\"reason\":\"no_enabled_skills\"}","timestamp":"2026-07-26T16:17:54.530Z"}

data: {"data":"{\"level\":30,\"time\":\"2026-07-26T16:17:54.477Z\",\"service\":\"omniroute\",\"module\":\"sse\",\"tag\":\"HTTP\",\"method\":\"POST\",\"path\":\"/v1/messages | nvidia/z-ai/glm-5.2 | 64 msgs | 30 tools\",\"msg\":\"📥 POST /v1/messages | nvidia/z-ai/glm-5.2 | 64 msgs | 30 tools\"}","timestamp":"2026-07-26T16:17:54.544Z"}

data: {"data":"{\"level\":30,\"time\":\"2026-07-26T16:17:54.486Z\",\"service\":\"omniroute\",\"module\":\"sse\",\"tag\":\"ROUTING\",\"msg\":\"Provider: nvidia, Model: z-ai/glm-5.2\"}","timestamp":"2026-07-26T16:17:54.544Z"}

data: {"data":"{\"level\":30,\"time\":\"2026-07-26T16:17:54.489Z\",\"service\":\"omniroute\",\"module\":\"sse\",\"tag\":\"AUTH\",\"msg\":\"session_key=input:sha256:eebcc... has no available affinity target\"}","timestamp":"2026-07-26T16:17:54.544Z"}

data: {"data":"{\"level\":30,\"time\":\"2026-07-26T16:17:54.490Z\",\"service\":\"omniroute\",\"module\":\"sse\",\"tag\":\"AUTH\",\"msg\":\"Using nvidia account: d1717878...\"}","timestamp":"2026-07-26T16:17:54.544Z"}

data: {"data":"{\"level\":30,\"time\":\"2026-07-26T16:17:59.455Z\",\"service\":\"omniroute\",\"module\":\"sse\",\"tag\":\"AUTH\",\"msg\":\"Account d1717878 error cleared\"}","timestamp":"2026-07-26T16:17:59.464Z"}

data: {"data":"time=2026-07-26T16:18:05.650Z level=INFO msg=\"l0 retention enforced\" db=storage.sqlite deleted_count=4 max_l1_txid=0000000000000075","timestamp":"2026-07-26T16:18:05.650Z"}

data: {"data":"time=2026-07-26T16:18:05.650Z level=INFO msg=\"compaction complete\" level=1 txid.min=000000000000006f txid.max=0000000000000075 size=279013","timestamp":"2026-07-26T16:18:05.650Z"}

data: {"data":"[16:18:05] 📊 \u001b[32m[USAGE] NVIDIA | in=112309 | out=609 | account=d1717878...\u001b[0m \u001b[33m(estimated)\u001b[0m | cache_read=576","timestamp":"2026-07-26T16:18:05.672Z"}

data: {"data":"[16:18:05] 🌊 [STREAM] NVIDIA | z-ai/glm-5.2 | 11143ms | complete","timestamp":"2026-07-26T16:18:05.679Z"}

data: {"data":"[INFO] [SKILLS_INJECTION] skills.injection.skipped {\"apiKeyId\":\"env-key\",\"reason\":\"no_enabled_skills\"}","timestamp":"2026-07-26T16:18:06.939Z"}

data: {"data":"{\"level\":30,\"time\":\"2026-07-26T16:18:06.895Z\",\"service\":\"omniroute\",\"module\":\"sse\",\"tag\":\"HTTP\",\"method\":\"POST\",\"path\":\"/v1/messages | nvidia/z-ai/glm-5.2 | 67 msgs | 30 tools\",\"msg\":\"📥 POST /v1/messages | nvidia/z-ai/glm-5.2 | 67 msgs | 30 tools\"}","timestamp":"2026-07-26T16:18:06.950Z"}

data: {"data":"{\"level\":30,\"time\":\"2026-07-26T16:18:06.904Z\",\"service\":\"omniroute\",\"module\":\"sse\",\"tag\":\"ROUTING\",\"msg\":\"Provider: nvidia, Model: z-ai/glm-5.2\"}","timestamp":"2026-07-26T16:18:06.950Z"}

data: {"data":"{\"level\":30,\"time\":\"2026-07-26T16:18:06.909Z\",\"service\":\"omniroute\",\"module\":\"sse\",\"tag\":\"AUTH\",\"msg\":\"session_key=input:sha256:eebcc... has no available affinity target\"}","timestamp":"2026-07-26T16:18:06.950Z"}

data: {"data":"{\"level\":30,\"time\":\"2026-07-26T16:18:06.909Z\",\"service\":\"omniroute\",\"module\":\"sse\",\"tag\":\"AUTH\",\"msg\":\"Using nvidia account: a0c72227...\"}","timestamp":"2026-07-26T16:18:06.950Z"}

data: {"data":"{\"level\":30,\"time\":\"2026-07-26T16:18:07.713Z\",\"service\":\"omniroute\",\"module\":\"sse\",\"tag\":\"AUTH\",\"msg\":\"Account a0c72227 error cleared\"}","timestamp":"2026-07-26T16:18:07.716Z"}

data: {"data":"[16:18:10] 📊 \u001b[32m[USAGE] NVIDIA | in=113639 | out=182 | account=a0c72227...\u001b[0m \u001b[33m(estimated)\u001b[0m | cache_read=111616","timestamp":"2026-07-26T16:18:10.023Z"}

data: {"data":"[16:18:10] 🌊 [STREAM] NVIDIA | z-ai/glm-5.2 | 3087ms | complete","timestamp":"2026-07-26T16:18:10.030Z"}

data: {"data":"[INFO] [SKILLS_INJECTION] skills.injection.skipped {\"apiKeyId\":\"env-key\",\"reason\":\"no_enabled_skills\"}","timestamp":"2026-07-26T16:18:10.858Z"}

data: {"data":"{\"level\":30,\"time\":\"2026-07-26T16:18:10.808Z\",\"service\":\"omniroute\",\"module\":\"sse\",\"tag\":\"HTTP\",\"method\":\"POST\",\"path\":\"/v1/messages | nvidia/z-ai/glm-5.2 | 69 msgs | 30 tools\",\"msg\":\"📥 POST /v1/messages | nvidia/z-ai/glm-5.2 | 69 msgs | 30 tools\"}","timestamp":"2026-07-26T16:18:10.889Z"}

data: {"data":"{\"level\":30,\"time\":\"2026-07-26T16:18:10.817Z\",\"service\":\"omniroute\",\"module\":\"sse\",\"tag\":\"ROUTING\",\"msg\":\"Provider: nvidia, Model: z-ai/glm-5.2\"}","timestamp":"2026-07-26T16:18:10.889Z"}

data: {"data":"{\"level\":30,\"time\":\"2026-07-26T16:18:10.820Z\",\"service\":\"omniroute\",\"module\":\"sse\",\"tag\":\"AUTH\",\"msg\":\"session_key=input:sha256:eebcc... has no available affinity target\"}","timestamp":"2026-07-26T16:18:10.889Z"}

data: {"data":"{\"level\":30,\"time\":\"2026-07-26T16:18:10.821Z\",\"service\":\"omniroute\",\"module\":\"sse\",\"tag\":\"AUTH\",\"msg\":\"Using nvidia account: 38a09429...\"}","timestamp":"2026-07-26T16:18:10.889Z"}

data: {"data":"{\"level\":30,\"time\":\"2026-07-26T16:18:16.828Z\",\"service\":\"omniroute\",\"module\":\"sse\",\"tag\":\"AUTH\",\"msg\":\"Account 38a09429 error cleared\"}","timestamp":"2026-07-26T16:18:16.830Z"}

data: {"data":"[16:18:24] 📊 \u001b[32m[USAGE] NVIDIA | in=113830 | out=356 | account=38a09429...\u001b[0m \u001b[33m(estimated)\u001b[0m | cache_read=112128","timestamp":"2026-07-26T16:18:24.537Z"}

data: {"data":"[16:18:24] 🌊 [STREAM] NVIDIA | z-ai/glm-5.2 | 13681ms | complete","timestamp":"2026-07-26T16:18:24.544Z"}

data: {"data":"time=2026-07-26T16:18:36.670Z level=INFO msg=\"l0 retention enforced\" db=storage.sqlite deleted_count=3 max_l1_txid=000000000000007b","timestamp":"2026-07-26T16:18:36.671Z"}

data: {"data":"time=2026-07-26T16:18:36.670Z level=INFO msg=\"compaction complete\" level=1 txid.min=0000000000000076 txid.max=000000000000007b size=24885","timestamp":"2026-07-26T16:18:36.671Z"}

data: {"data":"[INFO] [SKILLS_INJECTION] skills.injection.skipped {\"apiKeyId\":\"env-key\",\"reason\":\"no_enabled_skills\"}","timestamp":"2026-07-26T16:19:38.533Z"}

data: {"data":"{\"level\":30,\"time\":\"2026-07-26T16:19:38.472Z\",\"service\":\"omniroute\",\"module\":\"sse\",\"tag\":\"HTTP\",\"method\":\"POST\",\"path\":\"/v1/messages | nvidia/z-ai/glm-5.2 | 72 msgs | 30 tools\",\"msg\":\"📥 POST /v1/messages | nvidia/z-ai/glm-5.2 | 72 msgs | 30 tools\"}","timestamp":"2026-07-26T16:19:38.551Z"}

data: {"data":"{\"level\":30,\"time\":\"2026-07-26T16:19:38.480Z\",\"service\":\"omniroute\",\"module\":\"sse\",\"tag\":\"ROUTING\",\"msg\":\"Provider: nvidia, Model: z-ai/glm-5.2\"}","timestamp":"2026-07-26T16:19:38.551Z"}

data: {"data":"{\"level\":30,\"time\":\"2026-07-26T16:19:38.483Z\",\"service\":\"omniroute\",\"module\":\"sse\",\"tag\":\"AUTH\",\"msg\":\"session_key=input:sha256:eebcc... has no available affinity target\"}","timestamp":"2026-07-26T16:19:38.552Z"}

data: {"data":"{\"level\":30,\"time\":\"2026-07-26T16:19:38.483Z\",\"service\":\"omniroute\",\"module\":\"sse\",\"tag\":\"AUTH\",\"msg\":\"Using nvidia account: 9865dfaa...\"}","timestamp":"2026-07-26T16:19:38.552Z"}

data: {"data":"{\"level\":30,\"time\":\"2026-07-26T16:19:43.555Z\",\"service\":\"omniroute\",\"module\":\"sse\",\"tag\":\"AUTH\",\"msg\":\"Account 9865dfaa error cleared\"}","timestamp":"2026-07-26T16:19:43.558Z"}

data: {"data":"[16:19:48] 📊 \u001b[32m[USAGE] NVIDIA | in=114382 | out=419 | account=9865dfaa...\u001b[0m \u001b[33m(estimated)\u001b[0m | cache_read=384","timestamp":"2026-07-26T16:19:48.448Z"}

data: {"data":"[16:19:48] 🌊 [STREAM] NVIDIA | z-ai/glm-5.2 | 9915ms | complete","timestamp":"2026-07-26T16:19:48.454Z"}

data: {"data":"[INFO] [SKILLS_INJECTION] skills.injection.skipped {\"apiKeyId\":\"env-key\",\"reason\":\"no_enabled_skills\"}","timestamp":"2026-07-26T16:19:50.429Z"}

data: {"data":"{\"level\":30,\"time\":\"2026-07-26T16:19:50.369Z\",\"service\":\"omniroute\",\"module\":\"sse\",\"tag\":\"HTTP\",\"method\":\"POST\",\"path\":\"/v1/messages | nvidia/z-ai/glm-5.2 | 74 msgs | 30 tools\",\"msg\":\"📥 POST /v1/messages | nvidia/z-ai/glm-5.2 | 74 msgs | 30 tools\"}","timestamp":"2026-07-26T16:19:50.442Z"}

data: {"data":"{\"level\":30,\"time\":\"2026-07-26T16:19:50.378Z\",\"service\":\"omniroute\",\"module\":\"sse\",\"tag\":\"ROUTING\",\"msg\":\"Provider: nvidia, Model: z-ai/glm-5.2\"}","timestamp":"2026-07-26T16:19:50.442Z"}

data: {"data":"{\"level\":30,\"time\":\"2026-07-26T16:19:50.381Z\",\"service\":\"omniroute\",\"module\":\"sse\",\"tag\":\"AUTH\",\"msg\":\"session_key=input:sha256:eebcc... has no available affinity target\"}","timestamp":"2026-07-26T16:19:50.442Z"}

data: {"data":"{\"level\":30,\"time\":\"2026-07-26T16:19:50.381Z\",\"service\":\"omniroute\",\"module\":\"sse\",\"tag\":\"AUTH\",\"msg\":\"Using nvidia account: 3f77f218...\"}","timestamp":"2026-07-26T16:19:50.442Z"}

data: {"data":"{\"level\":30,\"time\":\"2026-07-26T16:19:55.514Z\",\"service\":\"omniroute\",\"module\":\"sse\",\"tag\":\"AUTH\",\"msg\":\"Account 3f77f218 error cleared\"}","timestamp":"2026-07-26T16:19:55.518Z"}

data: {"data":"time=2026-07-26T16:19:57.198Z level=INFO msg=\"l0 retention enforced\" db=storage.sqlite deleted_count=11 max_l1_txid=000000000000007b","timestamp":"2026-07-26T16:19:57.198Z"}

data: {"data":"time=2026-07-26T16:20:03.844Z level=INFO msg=\"l0 retention enforced\" db=storage.sqlite deleted_count=1 max_l1_txid=0000000000000080","timestamp":"2026-07-26T16:20:03.845Z"}

data: {"data":"time=2026-07-26T16:20:03.844Z level=INFO msg=\"compaction complete\" level=1 txid.min=000000000000007c txid.max=0000000000000080 size=283767","timestamp":"2026-07-26T16:20:03.845Z"}

data: {"data":"time=2026-07-26T16:20:10.649Z level=INFO msg=\"compaction complete\" level=2 txid.min=0000000000000058 txid.max=0000000000000080 size=283767","timestamp":"2026-07-26T16:20:10.649Z"}

data: {"data":"[16:20:29] 📊 \u001b[32m[USAGE] NVIDIA | in=115142 | out=773 | account=3f77f218...\u001b[0m \u001b[33m(estimated)\u001b[0m | cache_read=1536","timestamp":"2026-07-26T16:20:29.149Z"}

data: {"data":"[16:20:29] 🌊 [STREAM] NVIDIA | z-ai/glm-5.2 | 38723ms | complete","timestamp":"2026-07-26T16:20:29.156Z"}

data: {"data":"time=2026-07-26T16:20:36.668Z level=INFO msg=\"l0 retention enforced\" db=storage.sqlite deleted_count=3 max_l1_txid=0000000000000083","timestamp":"2026-07-26T16:20:36.668Z"}

data: {"data":"time=2026-07-26T16:20:36.668Z level=INFO msg=\"compaction complete\" level=1 txid.min=0000000000000081 txid.max=0000000000000083 size=20018","timestamp":"2026-07-26T16:20:36.668Z"}

data: {"data":"[INFO] [SKILLS_INJECTION] skills.injection.skipped {\"apiKeyId\":\"env-key\",\"reason\":\"no_enabled_skills\"}","timestamp":"2026-07-26T16:20:57.376Z"}

data: {"data":"{\"level\":30,\"time\":\"2026-07-26T16:20:57.330Z\",\"service\":\"omniroute\",\"module\":\"sse\",\"tag\":\"HTTP\",\"method\":\"POST\",\"path\":\"/v1/messages | nvidia/z-ai/glm-5.2 | 77 msgs | 30 tools\",\"msg\":\"📥 POST /v1/messages | nvidia/z-ai/glm-5.2 | 77 msgs | 30 tools\"}","timestamp":"2026-07-26T16:20:57.397Z"}

data: {"data":"{\"level\":30,\"time\":\"2026-07-26T16:20:57.340Z\",\"service\":\"omniroute\",\"module\":\"sse\",\"tag\":\"ROUTING\",\"msg\":\"Provider: nvidia, Model: z-ai/glm-5.2\"}","timestamp":"2026-07-26T16:20:57.397Z"}

data: {"data":"{\"level\":30,\"time\":\"2026-07-26T16:20:57.344Z\",\"service\":\"omniroute\",\"module\":\"sse\",\"tag\":\"AUTH\",\"msg\":\"session_key=input:sha256:eebcc... has no available affinity target\"}","timestamp":"2026-07-26T16:20:57.397Z"}

data: {"data":"{\"level\":30,\"time\":\"2026-07-26T16:20:57.344Z\",\"service\":\"omniroute\",\"module\":\"sse\",\"tag\":\"AUTH\",\"msg\":\"Using nvidia account: a68545c0...\"}","timestamp":"2026-07-26T16:20:57.397Z"}

data: {"data":"{\"level\":30,\"time\":\"2026-07-26T16:21:01.471Z\",\"service\":\"omniroute\",\"module\":\"sse\",\"tag\":\"AUTH\",\"msg\":\"Account a68545c0 error cleared\"}","timestamp":"2026-07-26T16:21:01.477Z"}

data: {"data":"time=2026-07-26T16:21:06.743Z level=INFO msg=\"l0 retention enforced\" db=storage.sqlite deleted_count=7 max_l1_txid=0000000000000085","timestamp":"2026-07-26T16:21:06.743Z"}

data: {"data":"time=2026-07-26T16:21:06.743Z level=INFO msg=\"compaction complete\" level=1 txid.min=0000000000000084 txid.max=0000000000000085 size=284401","timestamp":"2026-07-26T16:21:06.743Z"}

data: {"data":"time=2026-07-26T16:21:37.002Z level=INFO msg=\"l0 retention enforced\" db=storage.sqlite deleted_count=3 max_l1_txid=0000000000000086","timestamp":"2026-07-26T16:21:37.003Z"}

data: {"data":"time=2026-07-26T16:21:37.002Z level=INFO msg=\"compaction complete\" level=1 txid.min=0000000000000086 txid.max=0000000000000086 size=8388","timestamp":"2026-07-26T16:21:37.003Z"}

data: {"data":"[16:22:04] 📊 \u001b[32m[USAGE] NVIDIA | in=115967 | out=635 | account=a68545c0...\u001b[0m \u001b[33m(estimated)\u001b[0m | cache_read=33088","timestamp":"2026-07-26T16:22:04.001Z"}

data: {"data":"[16:22:04] 🌊 [STREAM] NVIDIA | z-ai/glm-5.2 | 66629ms | complete","timestamp":"2026-07-26T16:22:04.010Z"}

data: {"data":"[INFO] [SKILLS_INJECTION] skills.injection.skipped {\"apiKeyId\":\"env-key\",\"reason\":\"no_enabled_skills\"}","timestamp":"2026-07-26T16:22:25.181Z"}

data: {"data":"{\"level\":30,\"time\":\"2026-07-26T16:22:25.135Z\",\"service\":\"omniroute\",\"module\":\"sse\",\"tag\":\"HTTP\",\"method\":\"POST\",\"path\":\"/v1/messages | nvidia/z-ai/glm-5.2 | 80 msgs | 30 tools\",\"msg\":\"📥 POST /v1/messages | nvidia/z-ai/glm-5.2 | 80 msgs | 30 tools\"}","timestamp":"2026-07-26T16:22:25.202Z"}

data: {"data":"{\"level\":30,\"time\":\"2026-07-26T16:22:25.142Z\",\"service\":\"omniroute\",\"module\":\"sse\",\"tag\":\"ROUTING\",\"msg\":\"Provider: nvidia, Model: z-ai/glm-5.2\"}","timestamp":"2026-07-26T16:22:25.202Z"}

data: {"data":"{\"level\":30,\"time\":\"2026-07-26T16:22:25.147Z\",\"service\":\"omniroute\",\"module\":\"sse\",\"tag\":\"AUTH\",\"msg\":\"session_key=input:sha256:eebcc... has no available affinity target\"}","timestamp":"2026-07-26T16:22:25.202Z"}

data: {"data":"{\"level\":30,\"time\":\"2026-07-26T16:22:25.148Z\",\"service\":\"omniroute\",\"module\":\"sse\",\"tag\":\"AUTH\",\"msg\":\"Using nvidia account: dd511141...\"}","timestamp":"2026-07-26T16:22:25.202Z"}

data: {"data":"{\"level\":30,\"time\":\"2026-07-26T16:22:25.979Z\",\"service\":\"omniroute\",\"module\":\"sse\",\"tag\":\"AUTH\",\"msg\":\"Account dd511141 error cleared\"}","timestamp":"2026-07-26T16:22:25.983Z"}

data: {"data":"time=2026-07-26T16:22:33.485Z level=INFO msg=\"l0 retention enforced\" db=storage.sqlite deleted_count=3 max_l1_txid=000000000000008a","timestamp":"2026-07-26T16:22:33.485Z"}

data: {"data":"time=2026-07-26T16:22:33.485Z level=INFO msg=\"compaction complete\" level=1 txid.min=0000000000000087 txid.max=000000000000008a size=285315","timestamp":"2026-07-26T16:22:33.485Z"}

data: {"data":"🧹 [RATE-LIMIT] Evicting idle limiter: nvidia:2bcea68b-9f7a-4673-b1f0-80a66320fc88 (inactive for 600s)","timestamp":"2026-07-26T16:22:33.679Z"}

data: {"data":"🧹 [RATE-LIMIT] Evicting idle limiter: nvidia:1830e4f7-dd8f-4c11-9d65-c0acdced6494 (inactive for 600s)","timestamp":"2026-07-26T16:22:33.679Z"}

data: {"data":"🧹 [RATE-LIMIT] Evicting idle limiter: nvidia:58f42365-24ac-4844-b08b-af609b1057d1 (inactive for 600s)","timestamp":"2026-07-26T16:22:33.679Z"}

data: {"data":"🧹 [RATE-LIMIT] Evicting idle limiter: nvidia:09665ab2-ccd5-473b-9674-14967d3741b7 (inactive for 600s)","timestamp":"2026-07-26T16:22:33.679Z"}

data: {"data":"🧹 [RATE-LIMIT] Evicting idle limiter: nvidia:2d9ef15f-bc96-49d8-b476-56b2ad65c431 (inactive for 600s)","timestamp":"2026-07-26T16:22:33.679Z"}

data: {"data":"[16:22:39] 📊 \u001b[32m[USAGE] NVIDIA | in=116652 | out=493 | account=dd511141...\u001b[0m \u001b[33m(estimated)\u001b[0m | cache_read=116032","timestamp":"2026-07-26T16:22:39.250Z"}

data: {"data":"[16:22:39] 🌊 [STREAM] NVIDIA | z-ai/glm-5.2 | 14075ms | complete","timestamp":"2026-07-26T16:22:39.262Z"}

data: {"data":"🧹 [RATE-LIMIT] Evicting idle limiter: nvidia:53f96ffa-5bb1-424c-925f-86c1b44688ec (inactive for 626s)","timestamp":"2026-07-26T16:23:03.681Z"}

data: {"data":"time=2026-07-26T16:23:07.177Z level=INFO msg=\"l0 retention enforced\" db=storage.sqlite deleted_count=7 max_l1_txid=000000000000008b","timestamp":"2026-07-26T16:23:07.177Z"}

data: {"data":"time=2026-07-26T16:23:07.177Z level=INFO msg=\"compaction complete\" level=1 txid.min=000000000000008b txid.max=000000000000008b size=13009","timestamp":"2026-07-26T16:23:07.178Z"}

data: {"data":"🧹 [RATE-LIMIT] Evicting idle limiter: nvidia:deb0258d-ecce-4c26-ad39-542c44736a0a (inactive for 626s)","timestamp":"2026-07-26T16:23:33.682Z"}

data: {"data":"[INFO] [SKILLS_INJECTION] skills.injection.skipped {\"apiKeyId\":\"env-key\",\"reason\":\"no_enabled_skills\"}","timestamp":"2026-07-26T16:23:48.773Z"}

data: {"data":"{\"level\":30,\"time\":\"2026-07-26T16:23:48.705Z\",\"service\":\"omniroute\",\"module\":\"sse\",\"tag\":\"HTTP\",\"method\":\"POST\",\"path\":\"/v1/messages | nvidia/z-ai/glm-5.2 | 83 msgs | 30 tools\",\"msg\":\"📥 POST /v1/messages | nvidia/z-ai/glm-5.2 | 83 msgs | 30 tools\"}","timestamp":"2026-07-26T16:23:48.786Z"}

data: {"data":"{\"level\":30,\"time\":\"2026-07-26T16:23:48.715Z\",\"service\":\"omniroute\",\"module\":\"sse\",\"tag\":\"ROUTING\",\"msg\":\"Provider: nvidia, Model: z-ai/glm-5.2\"}","timestamp":"2026-07-26T16:23:48.786Z"}

data: {"data":"{\"level\":30,\"time\":\"2026-07-26T16:23:48.721Z\",\"service\":\"omniroute\",\"module\":\"sse\",\"tag\":\"AUTH\",\"msg\":\"session_key=input:sha256:eebcc... has no available affinity target\"}","timestamp":"2026-07-26T16:23:48.786Z"}

data: {"data":"{\"level\":30,\"time\":\"2026-07-26T16:23:48.722Z\",\"service\":\"omniroute\",\"module\":\"sse\",\"tag\":\"AUTH\",\"msg\":\"Using nvidia account: 2bcea68b...\"}","timestamp":"2026-07-26T16:23:48.786Z"}

data: {"data":"{\"level\":30,\"time\":\"2026-07-26T16:23:54.100Z\",\"service\":\"omniroute\",\"module\":\"sse\",\"tag\":\"AUTH\",\"msg\":\"Account 2bcea68b error cleared\"}","timestamp":"2026-07-26T16:23:54.104Z"}

data: {"data":"🧹 [RATE-LIMIT] Evicting idle limiter: nvidia:3317f8d3-ffa6-4e41-a8ad-7eeaf91a3f93 (inactive for 628s)","timestamp":"2026-07-26T16:24:03.682Z"}

data: {"data":"time=2026-07-26T16:24:03.751Z level=INFO msg=\"l0 retention enforced\" db=storage.sqlite deleted_count=6 max_l1_txid=000000000000008e","timestamp":"2026-07-26T16:24:03.751Z"}

data: {"data":"time=2026-07-26T16:24:03.751Z level=INFO msg=\"compaction complete\" level=1 txid.min=000000000000008c txid.max=000000000000008e size=285936","timestamp":"2026-07-26T16:24:03.751Z"}

data: {"data":"[16:24:12] 📊 \u001b[32m[USAGE] NVIDIA | in=117211 | out=786 | account=2bcea68b...\u001b[0m \u001b[33m(estimated)\u001b[0m | cache_read=384","timestamp":"2026-07-26T16:24:12.257Z"}

data: {"data":"[16:24:12] 🌊 [STREAM] NVIDIA | z-ai/glm-5.2 | 23491ms | complete","timestamp":"2026-07-26T16:24:12.265Z"}

data: {"data":"[INFO] [SKILLS_INJECTION] skills.injection.skipped {\"apiKeyId\":\"env-key\",\"reason\":\"no_enabled_skills\"}","timestamp":"2026-07-26T16:24:23.900Z"}

data: {"data":"{\"level\":30,\"time\":\"2026-07-26T16:24:23.851Z\",\"service\":\"omniroute\",\"module\":\"sse\",\"tag\":\"HTTP\",\"method\":\"POST\",\"path\":\"/v1/messages | nvidia/z-ai/glm-5.2 | 86 msgs | 30 tools\",\"msg\":\"📥 POST /v1/messages | nvidia/z-ai/glm-5.2 | 86 msgs | 30 tools\"}","timestamp":"2026-07-26T16:24:23.915Z"}

data: {"data":"{\"level\":30,\"time\":\"2026-07-26T16:24:23.859Z\",\"service\":\"omniroute\",\"module\":\"sse\",\"tag\":\"ROUTING\",\"msg\":\"Provider: nvidia, Model: z-ai/glm-5.2\"}","timestamp":"2026-07-26T16:24:23.915Z"}

data: {"data":"{\"level\":30,\"time\":\"2026-07-26T16:24:23.861Z\",\"service\":\"omniroute\",\"module\":\"sse\",\"tag\":\"AUTH\",\"msg\":\"session_key=input:sha256:eebcc... has no available affinity target\"}","timestamp":"2026-07-26T16:24:23.915Z"}

data: {"data":"{\"level\":30,\"time\":\"2026-07-26T16:24:23.862Z\",\"service\":\"omniroute\",\"module\":\"sse\",\"tag\":\"AUTH\",\"msg\":\"Using nvidia account: 1830e4f7...\"}","timestamp":"2026-07-26T16:24:23.915Z"}

data: {"data":"[ProxyEgress] nvidia/1830e4f7 in=113.20.2.214 out=44.196.116.2 proxy=direct status=success","timestamp":"2026-07-26T16:24:24.589Z"}

data: {"data":"{\"level\":30,\"time\":\"2026-07-26T16:24:24.587Z\",\"service\":\"omniroute\",\"module\":\"sse\",\"tag\":\"AUTH\",\"msg\":\"Account 1830e4f7 error cleared\"}","timestamp":"2026-07-26T16:24:24.590Z"}

data: {"data":"[16:24:25] 📊 \u001b[32m[USAGE] NVIDIA | in=118044 | out=63 | account=1830e4f7...\u001b[0m \u001b[33m(estimated)\u001b[0m | cache_read=117376","timestamp":"2026-07-26T16:24:25.525Z"}

data: {"data":"[16:24:25] 🌊 [STREAM] NVIDIA | z-ai/glm-5.2 | 1630ms | complete","timestamp":"2026-07-26T16:24:25.531Z"}

data: {"data":"[INFO] [SKILLS_INJECTION] skills.injection.skipped {\"apiKeyId\":\"env-key\",\"reason\":\"no_enabled_skills\"}","timestamp":"2026-07-26T16:24:26.300Z"}

data: {"data":"{\"level\":30,\"time\":\"2026-07-26T16:24:26.254Z\",\"service\":\"omniroute\",\"module\":\"sse\",\"tag\":\"HTTP\",\"method\":\"POST\",\"path\":\"/v1/messages | nvidia/z-ai/glm-5.2 | 88 msgs | 30 tools\",\"msg\":\"📥 POST /v1/messages | nvidia/z-ai/glm-5.2 | 88 msgs | 30 tools\"}","timestamp":"2026-07-26T16:24:26.327Z"}

data: {"data":"{\"level\":30,\"time\":\"2026-07-26T16:24:26.262Z\",\"service\":\"omniroute\",\"module\":\"sse\",\"tag\":\"ROUTING\",\"msg\":\"Provider: nvidia, Model: z-ai/glm-5.2\"}","timestamp":"2026-07-26T16:24:26.327Z"}

data: {"data":"{\"level\":30,\"time\":\"2026-07-26T16:24:26.266Z\",\"service\":\"omniroute\",\"module\":\"sse\",\"tag\":\"AUTH\",\"msg\":\"session_key=input:sha256:eebcc... has no available affinity target\"}","timestamp":"2026-07-26T16:24:26.327Z"}

data: {"data":"{\"level\":30,\"time\":\"2026-07-26T16:24:26.266Z\",\"service\":\"omniroute\",\"module\":\"sse\",\"tag\":\"AUTH\",\"msg\":\"Using nvidia account: 58f42365...\"}","timestamp":"2026-07-26T16:24:26.327Z"}

data: {"data":"[ProxyEgress] nvidia/58f42365 in=113.20.2.214 out=44.196.116.2 proxy=direct status=success","timestamp":"2026-07-26T16:24:31.654Z"}

data: {"data":"{\"level\":30,\"time\":\"2026-07-26T16:24:31.651Z\",\"service\":\"omniroute\",\"module\":\"sse\",\"tag\":\"AUTH\",\"msg\":\"Account 58f42365 error cleared\"}","timestamp":"2026-07-26T16:24:31.656Z"}

data: {"data":"🧹 [RATE-LIMIT] Evicting idle limiter: nvidia:c5116293-3a1e-420b-890b-ddff9ee0db57 (inactive for 629s)","timestamp":"2026-07-26T16:24:33.682Z"}

data: {"data":"time=2026-07-26T16:24:36.015Z level=INFO msg=\"compaction complete\" level=1 txid.min=000000000000008f txid.max=0000000000000091 size=26347","timestamp":"2026-07-26T16:24:36.015Z"}

data: {"data":"time=2026-07-26T16:24:56.738Z level=INFO msg=\"l0 retention enforced\" db=storage.sqlite deleted_count=3 max_l1_txid=0000000000000091","timestamp":"2026-07-26T16:24:56.738Z"}

data: {"data":"[16:24:59] 📊 \u001b[32m[USAGE] NVIDIA | in=120552 | out=1271 | account=58f42365...\u001b[0m \u001b[33m(estimated)\u001b[0m | cache_read=1536","timestamp":"2026-07-26T16:24:59.713Z"}

data: {"data":"[16:24:59] 🌊 [STREAM] NVIDIA | z-ai/glm-5.2 | 33412ms | complete","timestamp":"2026-07-26T16:24:59.719Z"}

data: {"data":"[INFO] [SKILLS_INJECTION] skills.injection.skipped {\"apiKeyId\":\"env-key\",\"reason\":\"no_enabled_skills\"}","timestamp":"2026-07-26T16:25:00.559Z"}

data: {"data":"{\"level\":30,\"time\":\"2026-07-26T16:25:00.499Z\",\"service\":\"omniroute\",\"module\":\"sse\",\"tag\":\"HTTP\",\"method\":\"POST\",\"path\":\"/v1/messages | nvidia/z-ai/glm-5.2 | 91 msgs | 30 tools\",\"msg\":\"📥 POST /v1/messages | nvidia/z-ai/glm-5.2 | 91 msgs | 30 tools\"}","timestamp":"2026-07-26T16:25:00.575Z"}

data: {"data":"{\"level\":30,\"time\":\"2026-07-26T16:25:00.510Z\",\"service\":\"omniroute\",\"module\":\"sse\",\"tag\":\"ROUTING\",\"msg\":\"Provider: nvidia, Model: z-ai/glm-5.2\"}","timestamp":"2026-07-26T16:25:00.575Z"}

data: {"data":"{\"level\":30,\"time\":\"2026-07-26T16:25:00.514Z\",\"service\":\"omniroute\",\"module\":\"sse\",\"tag\":\"AUTH\",\"msg\":\"session_key=input:sha256:eebcc... has no available affinity target\"}","timestamp":"2026-07-26T16:25:00.575Z"}

data: {"data":"{\"level\":30,\"time\":\"2026-07-26T16:25:00.515Z\",\"service\":\"omniroute\",\"module\":\"sse\",\"tag\":\"AUTH\",\"msg\":\"Using nvidia account: 09665ab2...\"}","timestamp":"2026-07-26T16:25:00.575Z"}

data: {"data":"[ProxyEgress] nvidia/09665ab2 in=113.20.2.214 out=44.196.116.2 proxy=direct status=success","timestamp":"2026-07-26T16:25:03.084Z"}

data: {"data":"{\"level\":30,\"time\":\"2026-07-26T16:25:03.078Z\",\"service\":\"omniroute\",\"module\":\"sse\",\"tag\":\"AUTH\",\"msg\":\"Account 09665ab2 error cleared\"}","timestamp":"2026-07-26T16:25:03.085Z"}

data: {"data":"🧹 [RATE-LIMIT] Evicting idle limiter: nvidia:cb888a54-217d-4ad6-b191-1cc5d06841e0 (inactive for 629s)","timestamp":"2026-07-26T16:25:03.683Z"}

data: {"data":"🧹 [RATE-LIMIT] Evicting idle limiter: nvidia:d65f33e2-26b4-4096-bb40-214be567a5f8 (inactive for 627s)","timestamp":"2026-07-26T16:25:03.684Z"}

data: {"data":"[16:25:05] 📊 \u001b[32m[USAGE] NVIDIA | in=122268 | out=154 | account=09665ab2...\u001b[0m \u001b[33m(estimated)\u001b[0m | cache_read=118016","timestamp":"2026-07-26T16:25:05.088Z"}

data: {"data":"[16:25:05] 🌊 [STREAM] NVIDIA | z-ai/glm-5.2 | 4532ms | complete","timestamp":"2026-07-26T16:25:05.098Z"}

data: {"data":"time=2026-07-26T16:25:05.683Z level=INFO msg=\"l0 retention enforced\" db=storage.sqlite deleted_count=4 max_l1_txid=0000000000000095","timestamp":"2026-07-26T16:25:05.683Z"}

data: {"data":"time=2026-07-26T16:25:05.683Z level=INFO msg=\"compaction complete\" level=1 txid.min=0000000000000092 txid.max=0000000000000095 size=287445","timestamp":"2026-07-26T16:25:05.683Z"}

data: {"data":"[INFO] [SKILLS_INJECTION] skills.injection.skipped {\"apiKeyId\":\"env-key\",\"reason\":\"no_enabled_skills\"}","timestamp":"2026-07-26T16:25:05.684Z"}

data: {"data":"{\"level\":30,\"time\":\"2026-07-26T16:25:05.639Z\",\"service\":\"omniroute\",\"module\":\"sse\",\"tag\":\"HTTP\",\"method\":\"POST\",\"path\":\"/v1/messages | nvidia/z-ai/glm-5.2 | 93 msgs | 30 tools\",\"msg\":\"📥 POST /v1/messages | nvidia/z-ai/glm-5.2 | 93 msgs | 30 tools\"}","timestamp":"2026-07-26T16:25:05.703Z"}

data: {"data":"{\"level\":30,\"time\":\"2026-07-26T16:25:05.647Z\",\"service\":\"omniroute\",\"module\":\"sse\",\"tag\":\"ROUTING\",\"msg\":\"Provider: nvidia, Model: z-ai/glm-5.2\"}","timestamp":"2026-07-26T16:25:05.703Z"}

data: {"data":"{\"level\":30,\"time\":\"2026-07-26T16:25:05.650Z\",\"service\":\"omniroute\",\"module\":\"sse\",\"tag\":\"AUTH\",\"msg\":\"session_key=input:sha256:eebcc... has no available affinity target\"}","timestamp":"2026-07-26T16:25:05.704Z"}

data: {"data":"{\"level\":30,\"time\":\"2026-07-26T16:25:05.650Z\",\"service\":\"omniroute\",\"module\":\"sse\",\"tag\":\"AUTH\",\"msg\":\"Using nvidia account: 2d9ef15f...\"}","timestamp":"2026-07-26T16:25:05.704Z"}

data: {"data":"[ProxyEgress] nvidia/2d9ef15f in=113.20.2.214 out=44.196.116.2 proxy=direct status=success","timestamp":"2026-07-26T16:25:06.589Z"}

data: {"data":"[16:25:06] 📊 \u001b[32m[USAGE] NVIDIA | in=122442 | out=18 | account=2d9ef15f...\u001b[0m | cache_read=121088","timestamp":"2026-07-26T16:25:06.593Z"}

data: {"data":"[16:25:06] 🌊 [STREAM] NVIDIA | z-ai/glm-5.2 | 913ms | complete","timestamp":"2026-07-26T16:25:06.602Z"}

data: {"data":"{\"level\":30,\"time\":\"2026-07-26T16:25:06.587Z\",\"service\":\"omniroute\",\"module\":\"sse\",\"tag\":\"AUTH\",\"msg\":\"Account 2d9ef15f error cleared\"}","timestamp":"2026-07-26T16:25:06.613Z"}

data: {"data":"[INFO] [SKILLS_INJECTION] skills.injection.skipped {\"apiKeyId\":\"env-key\",\"reason\":\"no_enabled_skills\"}","timestamp":"2026-07-26T16:25:07.593Z"}

data: {"data":"{\"level\":30,\"time\":\"2026-07-26T16:25:07.548Z\",\"service\":\"omniroute\",\"module\":\"sse\",\"tag\":\"HTTP\",\"method\":\"POST\",\"path\":\"/v1/messages | nvidia/z-ai/glm-5.2 | 95 msgs | 30 tools\",\"msg\":\"📥 POST /v1/messages | nvidia/z-ai/glm-5.2 | 95 msgs | 30 tools\"}","timestamp":"2026-07-26T16:25:07.623Z"}

data: {"data":"{\"level\":30,\"time\":\"2026-07-26T16:25:07.556Z\",\"service\":\"omniroute\",\"module\":\"sse\",\"tag\":\"ROUTING\",\"msg\":\"Provider: nvidia, Model: z-ai/glm-5.2\"}","timestamp":"2026-07-26T16:25:07.623Z"}

data: {"data":"{\"level\":30,\"time\":\"2026-07-26T16:25:07.559Z\",\"service\":\"omniroute\",\"module\":\"sse\",\"tag\":\"AUTH\",\"msg\":\"session_key=input:sha256:eebcc... has no available affinity target\"}","timestamp":"2026-07-26T16:25:07.623Z"}

data: {"data":"{\"level\":30,\"time\":\"2026-07-26T16:25:07.559Z\",\"service\":\"omniroute\",\"module\":\"sse\",\"tag\":\"AUTH\",\"msg\":\"Using nvidia account: 53f96ffa...\"}","timestamp":"2026-07-26T16:25:07.623Z"}

data: {"data":"time=2026-07-26T16:25:11.880Z level=INFO msg=\"compaction complete\" level=2 txid.min=0000000000000081 txid.max=0000000000000095 size=287445","timestamp":"2026-07-26T16:25:11.881Z"}

data: {"data":"[ProxyEgress] nvidia/53f96ffa in=113.20.2.214 out=44.196.116.2 proxy=direct status=success","timestamp":"2026-07-26T16:25:14.435Z"}

data: {"data":"[16:25:23] 📊 \u001b[32m[USAGE] NVIDIA | in=122470 | out=182 | account=53f96ffa...\u001b[0m \u001b[33m(estimated)\u001b[0m | cache_read=122432","timestamp":"2026-07-26T16:25:23.841Z"}

data: {"data":"[16:25:23] 🌊 [STREAM] NVIDIA | z-ai/glm-5.2 | 16247ms | complete","timestamp":"2026-07-26T16:25:23.846Z"}

data: {"data":"[INFO] [SKILLS_INJECTION] skills.injection.skipped {\"apiKeyId\":\"env-key\",\"reason\":\"no_enabled_skills\"}","timestamp":"2026-07-26T16:25:24.582Z"}

data: {"data":"{\"level\":30,\"time\":\"2026-07-26T16:25:24.535Z\",\"service\":\"omniroute\",\"module\":\"sse\",\"tag\":\"HTTP\",\"method\":\"POST\",\"path\":\"/v1/messages | nvidia/z-ai/glm-5.2 | 97 msgs | 30 tools\",\"msg\":\"📥 POST /v1/messages | nvidia/z-ai/glm-5.2 | 97 msgs | 30 tools\"}","timestamp":"2026-07-26T16:25:24.599Z"}

data: {"data":"{\"level\":30,\"time\":\"2026-07-26T16:25:24.543Z\",\"service\":\"omniroute\",\"module\":\"sse\",\"tag\":\"ROUTING\",\"msg\":\"Provider: nvidia, Model: z-ai/glm-5.2\"}","timestamp":"2026-07-26T16:25:24.599Z"}

data: {"data":"{\"level\":30,\"time\":\"2026-07-26T16:25:24.546Z\",\"service\":\"omniroute\",\"module\":\"sse\",\"tag\":\"AUTH\",\"msg\":\"session_key=input:sha256:eebcc... has no available affinity target\"}","timestamp":"2026-07-26T16:25:24.599Z"}

data: {"data":"{\"level\":30,\"time\":\"2026-07-26T16:25:24.547Z\",\"service\":\"omniroute\",\"module\":\"sse\",\"tag\":\"AUTH\",\"msg\":\"Using nvidia account: deb0258d...\"}","timestamp":"2026-07-26T16:25:24.599Z"}

data: {"data":"[ProxyEgress] nvidia/deb0258d in=113.20.2.214 out=44.196.116.2 proxy=direct status=success","timestamp":"2026-07-26T16:25:26.710Z"}

data: {"data":"🧹 [RATE-LIMIT] Evicting idle limiter: nvidia:ccaad834-d081-4ec4-8e8d-713afc7d722f (inactive for 604s)","timestamp":"2026-07-26T16:25:33.684Z"}

data: {"data":"time=2026-07-26T16:25:36.789Z level=INFO msg=\"l0 retention enforced\" db=storage.sqlite deleted_count=1 max_l1_txid=000000000000009e","timestamp":"2026-07-26T16:25:36.789Z"}

data: {"data":"time=2026-07-26T16:25:36.789Z level=INFO msg=\"compaction complete\" level=1 txid.min=0000000000000096 txid.max=000000000000009e size=25819","timestamp":"2026-07-26T16:25:36.789Z"}

data: {"data":"[16:25:46] 📊 \u001b[32m[USAGE] NVIDIA | in=124118 | out=384 | account=deb0258d...\u001b[0m \u001b[33m(estimated)\u001b[0m | cache_read=122624","timestamp":"2026-07-26T16:25:46.964Z"}

data: {"data":"[16:25:46] 🌊 [STREAM] NVIDIA | z-ai/glm-5.2 | 22383ms | complete","timestamp":"2026-07-26T16:25:46.971Z"}

data: {"data":"🧹 [RATE-LIMIT] Evicting idle limiter: nvidia:def58a55-cab9-4048-a69b-4fa1ae9d557a (inactive for 626s)","timestamp":"2026-07-26T16:26:03.684Z"}

data: {"data":"🧹 [RATE-LIMIT] Evicting idle limiter: nvidia:2d039916-88d8-495f-b886-bd5dc25ce047 (inactive for 624s)","timestamp":"2026-07-26T16:26:03.684Z"}

data: {"data":"🧹 [RATE-LIMIT] Evicting idle limiter: nvidia:d6a27df9-fb28-429e-9c1d-dbe475f7ea4d (inactive for 621s)","timestamp":"2026-07-26T16:26:03.684Z"}

data: {"data":"time=2026-07-26T16:26:06.845Z level=INFO msg=\"l0 retention enforced\" db=storage.sqlite deleted_count=2 max_l1_txid=00000000000000a0","timestamp":"2026-07-26T16:26:06.845Z"}

data: {"data":"time=2026-07-26T16:26:06.845Z level=INFO msg=\"compaction complete\" level=1 txid.min=000000000000009f txid.max=00000000000000a0 size=21130","timestamp":"2026-07-26T16:26:06.845Z"}

data: {"data":"[INFO] [SKILLS_INJECTION] skills.injection.skipped {\"apiKeyId\":\"env-key\",\"reason\":\"no_enabled_skills\"}","timestamp":"2026-07-26T16:26:29.240Z"}

data: {"data":"{\"level\":30,\"time\":\"2026-07-26T16:26:29.174Z\",\"service\":\"omniroute\",\"module\":\"sse\",\"tag\":\"HTTP\",\"method\":\"POST\",\"path\":\"/v1/messages | nvidia/z-ai/glm-5.2 | 100 msgs | 30 tools\",\"msg\":\"📥 POST /v1/messages | nvidia/z-ai/glm-5.2 | 100 msgs | 30 tools\"}","timestamp":"2026-07-26T16:26:29.255Z"}

data: {"data":"{\"level\":30,\"time\":\"2026-07-26T16:26:29.183Z\",\"service\":\"omniroute\",\"module\":\"sse\",\"tag\":\"ROUTING\",\"msg\":\"Provider: nvidia, Model: z-ai/glm-5.2\"}","timestamp":"2026-07-26T16:26:29.255Z"}

data: {"data":"{\"level\":30,\"time\":\"2026-07-26T16:26:29.186Z\",\"service\":\"omniroute\",\"module\":\"sse\",\"tag\":\"AUTH\",\"msg\":\"session_key=input:sha256:eebcc... has no available affinity target\"}","timestamp":"2026-07-26T16:26:29.255Z"}

data: {"data":"{\"level\":30,\"time\":\"2026-07-26T16:26:29.187Z\",\"service\":\"omniroute\",\"module\":\"sse\",\"tag\":\"AUTH\",\"msg\":\"Using nvidia account: 3317f8d3...\"}","timestamp":"2026-07-26T16:26:29.255Z"}

data: {"data":"🧹 [RATE-LIMIT] Evicting idle limiter: nvidia:7d5d42c4-bb15-43da-a1b5-a4a2b52871c2 (inactive for 609s)","timestamp":"2026-07-26T16:26:33.684Z"}

data: {"data":"[ProxyEgress] nvidia/3317f8d3 in=113.20.2.214 out=44.196.116.2 proxy=direct status=success","timestamp":"2026-07-26T16:26:35.035Z"}

data: {"data":"time=2026-07-26T16:26:36.832Z level=INFO msg=\"l0 retention enforced\" db=storage.sqlite deleted_count=1 max_l1_txid=00000000000000a2","timestamp":"2026-07-26T16:26:36.832Z"}

data: {"data":"time=2026-07-26T16:26:36.832Z level=INFO msg=\"compaction complete\" level=1 txid.min=00000000000000a1 txid.max=00000000000000a2 size=290359","timestamp":"2026-07-26T16:26:36.832Z"}

data: {"data":"[16:27:00] 📊 \u001b[32m[USAGE] NVIDIA | in=124550 | out=561 | account=3317f8d3...\u001b[0m \u001b[33m(estimated)\u001b[0m | cache_read=1856","timestamp":"2026-07-26T16:27:00.573Z"}

data: {"data":"[16:27:00] 🌊 [STREAM] NVIDIA | z-ai/glm-5.2 | 31335ms | complete","timestamp":"2026-07-26T16:27:00.580Z"}

data: {"data":"[INFO] [SKILLS_INJECTION] skills.injection.skipped {\"apiKeyId\":\"env-key\",\"reason\":\"no_enabled_skills\"}","timestamp":"2026-07-26T16:27:04.461Z"}

data: {"data":"{\"level\":30,\"time\":\"2026-07-26T16:27:04.404Z\",\"service\":\"omniroute\",\"module\":\"sse\",\"tag\":\"HTTP\",\"method\":\"POST\",\"path\":\"/v1/messages | nvidia/z-ai/glm-5.2 | 102 msgs | 30 tools\",\"msg\":\"📥 POST /v1/messages | nvidia/z-ai/glm-5.2 | 102 msgs | 30 tools\"}","timestamp":"2026-07-26T16:27:04.483Z"}

data: {"data":"{\"level\":30,\"time\":\"2026-07-26T16:27:04.415Z\",\"service\":\"omniroute\",\"module\":\"sse\",\"tag\":\"ROUTING\",\"msg\":\"Provider: nvidia, Model: z-ai/glm-5.2\"}","timestamp":"2026-07-26T16:27:04.483Z"}

data: {"data":"{\"level\":30,\"time\":\"2026-07-26T16:27:04.419Z\",\"service\":\"omniroute\",\"module\":\"sse\",\"tag\":\"AUTH\",\"msg\":\"session_key=input:sha256:eebcc... has no available affinity target\"}","timestamp":"2026-07-26T16:27:04.483Z"}

data: {"data":"{\"level\":30,\"time\":\"2026-07-26T16:27:04.419Z\",\"service\":\"omniroute\",\"module\":\"sse\",\"tag\":\"AUTH\",\"msg\":\"Using nvidia account: c5116293...\"}","timestamp":"2026-07-26T16:27:04.483Z"}

data: {"data":"time=2026-07-26T16:27:06.765Z level=INFO msg=\"l0 retention enforced\" db=storage.sqlite deleted_count=1 max_l1_txid=00000000000000a4","timestamp":"2026-07-26T16:27:06.765Z"}

data: {"data":"time=2026-07-26T16:27:06.765Z level=INFO msg=\"compaction complete\" level=1 txid.min=00000000000000a3 txid.max=00000000000000a4 size=21777","timestamp":"2026-07-26T16:27:06.765Z"}

data: {"data":"[ProxyEgress] nvidia/c5116293 in=113.20.2.214 out=44.196.116.2 proxy=direct status=success","timestamp":"2026-07-26T16:27:10.349Z"}

data: {"data":"[16:27:19] 📊 \u001b[32m[USAGE] NVIDIA | in=125319 | out=582 | account=c5116293...\u001b[0m \u001b[33m(estimated)\u001b[0m | cache_read=1536","timestamp":"2026-07-26T16:27:19.245Z"}

data: {"data":"[16:27:19] 🌊 [STREAM] NVIDIA | z-ai/glm-5.2 | 14784ms | complete","timestamp":"2026-07-26T16:27:19.251Z"}

data: {"data":"[INFO] [SKILLS_INJECTION] skills.injection.skipped {\"apiKeyId\":\"env-key\",\"reason\":\"no_enabled_skills\"}","timestamp":"2026-07-26T16:27:20.041Z"}

data: {"data":"{\"level\":30,\"time\":\"2026-07-26T16:27:19.982Z\",\"service\":\"omniroute\",\"module\":\"sse\",\"tag\":\"HTTP\",\"method\":\"POST\",\"path\":\"/v1/messages | nvidia/z-ai/glm-5.2 | 104 msgs | 30 tools\",\"msg\":\"📥 POST /v1/messages | nvidia/z-ai/glm-5.2 | 104 msgs | 30 tools\"}","timestamp":"2026-07-26T16:27:20.063Z"}

data: {"data":"{\"level\":30,\"time\":\"2026-07-26T16:27:19.991Z\",\"service\":\"omniroute\",\"module\":\"sse\",\"tag\":\"ROUTING\",\"msg\":\"Provider: nvidia, Model: z-ai/glm-5.2\"}","timestamp":"2026-07-26T16:27:20.063Z"}

data: {"data":"{\"level\":30,\"time\":\"2026-07-26T16:27:19.996Z\",\"service\":\"omniroute\",\"module\":\"sse\",\"tag\":\"AUTH\",\"msg\":\"session_key=input:sha256:eebcc... has no available affinity target\"}","timestamp":"2026-07-26T16:27:20.063Z"}

data: {"data":"{\"level\":30,\"time\":\"2026-07-26T16:27:19.997Z\",\"service\":\"omniroute\",\"module\":\"sse\",\"tag\":\"AUTH\",\"msg\":\"Using nvidia account: cb888a54...\"}","timestamp":"2026-07-26T16:27:20.063Z"}

data: {"data":"[ProxyEgress] nvidia/cb888a54 in=113.20.2.214 out=44.196.116.2 proxy=direct status=success","timestamp":"2026-07-26T16:27:22.469Z"}

data: {"data":"[16:27:27] 📊 \u001b[32m[USAGE] NVIDIA | in=126108 | out=225 | account=cb888a54...\u001b[0m \u001b[33m(estimated)\u001b[0m | cache_read=125056","timestamp":"2026-07-26T16:27:27.462Z"}

data: {"data":"[16:27:27] 🌊 [STREAM] NVIDIA | z-ai/glm-5.2 | 7423ms | complete","timestamp":"2026-07-26T16:27:27.469Z"}

data: {"data":"[INFO] [SKILLS_INJECTION] skills.injection.skipped {\"apiKeyId\":\"env-key\",\"reason\":\"no_enabled_skills\"}","timestamp":"2026-07-26T16:27:28.276Z"}

data: {"data":"{\"level\":30,\"time\":\"2026-07-26T16:27:28.214Z\",\"service\":\"omniroute\",\"module\":\"sse\",\"tag\":\"HTTP\",\"method\":\"POST\",\"path\":\"/v1/messages | nvidia/z-ai/glm-5.2 | 106 msgs | 30 tools\",\"msg\":\"📥 POST /v1/messages | nvidia/z-ai/glm-5.2 | 106 msgs | 30 tools\"}","timestamp":"2026-07-26T16:27:28.304Z"}

data: {"data":"{\"level\":30,\"time\":\"2026-07-26T16:27:28.226Z\",\"service\":\"omniroute\",\"module\":\"sse\",\"tag\":\"ROUTING\",\"msg\":\"Provider: nvidia, Model: z-ai/glm-5.2\"}","timestamp":"2026-07-26T16:27:28.304Z"}

data: {"data":"{\"level\":30,\"time\":\"2026-07-26T16:27:28.231Z\",\"service\":\"omniroute\",\"module\":\"sse\",\"tag\":\"AUTH\",\"msg\":\"session_key=input:sha256:eebcc... has no available affinity target\"}","timestamp":"2026-07-26T16:27:28.304Z"}

data: {"data":"{\"level\":30,\"time\":\"2026-07-26T16:27:28.232Z\",\"service\":\"omniroute\",\"module\":\"sse\",\"tag\":\"AUTH\",\"msg\":\"Using nvidia account: d65f33e2...\"}","timestamp":"2026-07-26T16:27:28.304Z"}

data: {"data":"[ProxyEgress] nvidia/d65f33e2 in=113.20.2.214 out=44.196.116.2 proxy=direct status=success","timestamp":"2026-07-26T16:27:31.609Z"}

data: {"data":"time=2026-07-26T16:27:36.864Z level=INFO msg=\"l0 retention enforced\" db=storage.sqlite deleted_count=3 max_l1_txid=00000000000000a9","timestamp":"2026-07-26T16:27:36.864Z"}

data: {"data":"time=2026-07-26T16:27:36.864Z level=INFO msg=\"compaction complete\" level=1 txid.min=00000000000000a5 txid.max=00000000000000a9 size=25839","timestamp":"2026-07-26T16:27:36.864Z"}

data: {"data":"[16:27:52] 📊 \u001b[32m[USAGE] NVIDIA | in=126343 | out=381 | account=d65f33e2...\u001b[0m \u001b[33m(estimated)\u001b[0m | cache_read=126272","timestamp":"2026-07-26T16:27:52.315Z"}

data: {"data":"[16:27:52] 🌊 [STREAM] NVIDIA | z-ai/glm-5.2 | 24043ms | complete","timestamp":"2026-07-26T16:27:52.326Z"}

data: {"data":"🧹 [RATE-LIMIT] Evicting idle limiter: nvidia:d1717878-cbd3-4392-b5af-5add1c10d751 (inactive for 604s)","timestamp":"2026-07-26T16:28:03.684Z"}

data: {"data":"🧹 [RATE-LIMIT] Evicting idle limiter: nvidia:f2b0933a-888d-4a49-ab58-6012fcfb9314 (inactive for 629s)","timestamp":"2026-07-26T16:28:03.684Z"}

data: {"data":"🧹 [RATE-LIMIT] Evicting idle limiter: nvidia:9cda5fc2-7ae2-426a-a38c-35b9aa4856af (inactive for 619s)","timestamp":"2026-07-26T16:28:03.684Z"}

data: {"data":"time=2026-07-26T16:28:06.903Z level=INFO msg=\"l0 retention enforced\" db=storage.sqlite deleted_count=1 max_l1_txid=00000000000000ae","timestamp":"2026-07-26T16:28:06.903Z"}

data: {"data":"time=2026-07-26T16:28:06.903Z level=INFO msg=\"compaction complete\" level=1 txid.min=00000000000000aa txid.max=00000000000000ae size=292812","timestamp":"2026-07-26T16:28:06.903Z"}

data: {"data":"🧹 [RATE-LIMIT] Evicting idle limiter: nvidia:a0c72227-ba89-4b89-bae4-cff099d02562 (inactive for 626s)","timestamp":"2026-07-26T16:28:33.684Z"}

data: {"data":"🧹 [RATE-LIMIT] Evicting idle limiter: nvidia:38a09429-95ad-4b2f-940b-ed886fad7d7a (inactive for 617s)","timestamp":"2026-07-26T16:28:33.684Z"}

data: {"data":"[INFO] [SKILLS_INJECTION] skills.injection.skipped {\"apiKeyId\":\"env-key\",\"reason\":\"no_enabled_skills\"}","timestamp":"2026-07-26T16:28:42.230Z"}

data: {"data":"{\"level\":30,\"time\":\"2026-07-26T16:28:42.171Z\",\"service\":\"omniroute\",\"module\":\"sse\",\"tag\":\"HTTP\",\"method\":\"POST\",\"path\":\"/v1/messages | nvidia/z-ai/glm-5.2 | 109 msgs | 30 tools\",\"msg\":\"📥 POST /v1/messages | nvidia/z-ai/glm-5.2 | 109 msgs | 30 tools\"}","timestamp":"2026-07-26T16:28:42.246Z"}

data: {"data":"{\"level\":30,\"time\":\"2026-07-26T16:28:42.179Z\",\"service\":\"omniroute\",\"module\":\"sse\",\"tag\":\"ROUTING\",\"msg\":\"Provider: nvidia, Model: z-ai/glm-5.2\"}","timestamp":"2026-07-26T16:28:42.246Z"}

data: {"data":"{\"level\":30,\"time\":\"2026-07-26T16:28:42.185Z\",\"service\":\"omniroute\",\"module\":\"sse\",\"tag\":\"AUTH\",\"msg\":\"session_key=input:sha256:eebcc... has no available affinity target\"}","timestamp":"2026-07-26T16:28:42.246Z"}

data: {"data":"{\"level\":30,\"time\":\"2026-07-26T16:28:42.185Z\",\"service\":\"omniroute\",\"module\":\"sse\",\"tag\":\"AUTH\",\"msg\":\"Using nvidia account: ccaad834...\"}","timestamp":"2026-07-26T16:28:42.246Z"}

data: {"data":"[ProxyEgress] nvidia/ccaad834 in=113.20.2.214 out=44.196.116.2 proxy=direct status=success","timestamp":"2026-07-26T16:28:43.021Z"}

data: {"data":"[16:28:53] 📊 \u001b[32m[USAGE] NVIDIA | in=126922 | out=340 | account=ccaad834...\u001b[0m \u001b[33m(estimated)\u001b[0m | cache_read=126720","timestamp":"2026-07-26T16:28:53.728Z"}

data: {"data":"[16:28:53] 🌊 [STREAM] NVIDIA | z-ai/glm-5.2 | 11499ms | complete","timestamp":"2026-07-26T16:28:53.735Z"}

data: {"data":"[INFO] [SKILLS_INJECTION] skills.injection.skipped {\"apiKeyId\":\"env-key\",\"reason\":\"no_enabled_skills\"}","timestamp":"2026-07-26T16:28:55.765Z"}

data: {"data":"{\"level\":30,\"time\":\"2026-07-26T16:28:55.720Z\",\"service\":\"omniroute\",\"module\":\"sse\",\"tag\":\"HTTP\",\"method\":\"POST\",\"path\":\"/v1/messages | nvidia/z-ai/glm-5.2 | 111 msgs | 30 tools\",\"msg\":\"📥 POST /v1/messages | nvidia/z-ai/glm-5.2 | 111 msgs | 30 tools\"}","timestamp":"2026-07-26T16:28:55.782Z"}

data: {"data":"{\"level\":30,\"time\":\"2026-07-26T16:28:55.728Z\",\"service\":\"omniroute\",\"module\":\"sse\",\"tag\":\"ROUTING\",\"msg\":\"Provider: nvidia, Model: z-ai/glm-5.2\"}","timestamp":"2026-07-26T16:28:55.783Z"}

data: {"data":"{\"level\":30,\"time\":\"2026-07-26T16:28:55.731Z\",\"service\":\"omniroute\",\"module\":\"sse\",\"tag\":\"AUTH\",\"msg\":\"session_key=input:sha256:eebcc... has no available affinity target\"}","timestamp":"2026-07-26T16:28:55.783Z"}

data: {"data":"{\"level\":30,\"time\":\"2026-07-26T16:28:55.732Z\",\"service\":\"omniroute\",\"module\":\"sse\",\"tag\":\"AUTH\",\"msg\":\"Using nvidia account: def58a55...\"}","timestamp":"2026-07-26T16:28:55.783Z"}

data: {"data":"time=2026-07-26T16:29:03.864Z level=INFO msg=\"l0 retention enforced\" db=storage.sqlite deleted_count=3 max_l1_txid=00000000000000b3","timestamp":"2026-07-26T16:29:03.865Z"}

data: {"data":"time=2026-07-26T16:29:03.864Z level=INFO msg=\"compaction complete\" level=1 txid.min=00000000000000af txid.max=00000000000000b3 size=293439","timestamp":"2026-07-26T16:29:03.865Z"}

data: {"data":"[16:29:11] 📊 \u001b[32m[USAGE] NVIDIA | in=127551 | out=237 | account=def58a55...\u001b[0m \u001b[33m(estimated)\u001b[0m | cache_read=127232","timestamp":"2026-07-26T16:29:11.547Z"}

data: {"data":"[16:29:11] 🌊 [STREAM] NVIDIA | z-ai/glm-5.2 | 15785ms | complete","timestamp":"2026-07-26T16:29:11.557Z"}

data: {"data":"[INFO] [SKILLS_INJECTION] skills.injection.skipped {\"apiKeyId\":\"env-key\",\"reason\":\"no_enabled_skills\"}","timestamp":"2026-07-26T16:29:12.377Z"}

data: {"data":"{\"level\":30,\"time\":\"2026-07-26T16:29:12.324Z\",\"service\":\"omniroute\",\"module\":\"sse\",\"tag\":\"HTTP\",\"method\":\"POST\",\"path\":\"/v1/messages | nvidia/z-ai/glm-5.2 | 113 msgs | 30 tools\",\"msg\":\"📥 POST /v1/messages | nvidia/z-ai/glm-5.2 | 113 msgs | 30 tools\"}","timestamp":"2026-07-26T16:29:12.393Z"}

data: {"data":"{\"level\":30,\"time\":\"2026-07-26T16:29:12.334Z\",\"service\":\"omniroute\",\"module\":\"sse\",\"tag\":\"ROUTING\",\"msg\":\"Provider: nvidia, Model: z-ai/glm-5.2\"}","timestamp":"2026-07-26T16:29:12.393Z"}

data: {"data":"{\"level\":30,\"time\":\"2026-07-26T16:29:12.338Z\",\"service\":\"omniroute\",\"module\":\"sse\",\"tag\":\"AUTH\",\"msg\":\"session_key=input:sha256:eebcc... has no available affinity target\"}","timestamp":"2026-07-26T16:29:12.393Z"}

data: {"data":"{\"level\":30,\"time\":\"2026-07-26T16:29:12.339Z\",\"service\":\"omniroute\",\"module\":\"sse\",\"tag\":\"AUTH\",\"msg\":\"Using nvidia account: 2d039916...\"}","timestamp":"2026-07-26T16:29:12.393Z"}

data: {"data":"[16:29:26] 📊 \u001b[32m[USAGE] NVIDIA | in=127798 | out=332 | account=2d039916...\u001b[0m \u001b[33m(estimated)\u001b[0m | cache_read=576","timestamp":"2026-07-26T16:29:26.637Z"}

data: {"data":"[16:29:26] 🌊 [STREAM] NVIDIA | z-ai/glm-5.2 | 14266ms | complete","timestamp":"2026-07-26T16:29:26.648Z"}

data: {"data":"time=2026-07-26T16:29:36.761Z level=INFO msg=\"l0 retention enforced\" db=storage.sqlite deleted_count=3 max_l1_txid=00000000000000b7","timestamp":"2026-07-26T16:29:36.761Z"}

data: {"data":"time=2026-07-26T16:29:36.761Z level=INFO msg=\"compaction complete\" level=1 txid.min=00000000000000b4 txid.max=00000000000000b7 size=30421","timestamp":"2026-07-26T16:29:36.761Z"}

data: {"data":"time=2026-07-26T16:29:56.582Z level=INFO msg=\"l0 retention enforced\" db=storage.sqlite deleted_count=4 max_l1_txid=00000000000000b7","timestamp":"2026-07-26T16:29:56.582Z"}

data: {"data":"🧹 [RATE-LIMIT] Evicting idle limiter: nvidia:9865dfaa-3680-4a2c-a952-16cf94dddd04 (inactive for 620s)","timestamp":"2026-07-26T16:30:03.684Z"}

data: {"data":"🧹 [RATE-LIMIT] Evicting idle limiter: nvidia:3f77f218-ee98-443b-b2de-e0cdb8761144 (inactive for 608s)","timestamp":"2026-07-26T16:30:03.684Z"}

data: {"data":"time=2026-07-26T16:30:05.449Z level=INFO msg=\"compaction complete\" level=1 txid.min=00000000000000b8 txid.max=00000000000000ba size=295055","timestamp":"2026-07-26T16:30:05.449Z"}

data: {"data":"time=2026-07-26T16:30:11.335Z level=INFO msg=\"compaction complete\" level=2 txid.min=0000000000000096 txid.max=00000000000000ba size=295055","timestamp":"2026-07-26T16:30:11.335Z"}

data: {"data":"🧹 [RATE-LIMIT] Evicting idle limiter: nvidia:a68545c0-554a-43c9-9ad4-e09885e762e7 (inactive for 602s)","timestamp":"2026-07-26T16:31:03.685Z"}

data: {"data":"[INFO] [SKILLS_INJECTION] skills.injection.skipped {\"apiKeyId\":\"env-key\",\"reason\":\"no_enabled_skills\"}","timestamp":"2026-07-26T16:31:33.454Z"}

data: {"data":"{\"level\":30,\"time\":\"2026-07-26T16:31:33.388Z\",\"service\":\"omniroute\",\"module\":\"sse\",\"tag\":\"HTTP\",\"method\":\"POST\",\"path\":\"/v1/messages | nvidia/z-ai/glm-5.2 | 116 msgs | 30 tools\",\"msg\":\"📥 POST /v1/messages | nvidia/z-ai/glm-5.2 | 116 msgs | 30 tools\"}","timestamp":"2026-07-26T16:31:33.474Z"}

data: {"data":"{\"level\":30,\"time\":\"2026-07-26T16:31:33.399Z\",\"service\":\"omniroute\",\"module\":\"sse\",\"tag\":\"ROUTING\",\"msg\":\"Provider: nvidia, Model: z-ai/glm-5.2\"}","timestamp":"2026-07-26T16:31:33.474Z"}

data: {"data":"{\"level\":30,\"time\":\"2026-07-26T16:31:33.403Z\",\"service\":\"omniroute\",\"module\":\"sse\",\"tag\":\"AUTH\",\"msg\":\"session_key=input:sha256:eebcc... has no available affinity target\"}","timestamp":"2026-07-26T16:31:33.474Z"}

data: {"data":"{\"level\":30,\"time\":\"2026-07-26T16:31:33.404Z\",\"service\":\"omniroute\",\"module\":\"sse\",\"tag\":\"AUTH\",\"msg\":\"Using nvidia account: d6a27df9...\"}","timestamp":"2026-07-26T16:31:33.474Z"}

data: {"data":"[16:32:04] 📊 \u001b[32m[USAGE] NVIDIA | in=128189 | out=353 | account=d6a27df9...\u001b[0m \u001b[33m(estimated)\u001b[0m | cache_read=384","timestamp":"2026-07-26T16:32:04.561Z"}

data: {"data":"[16:32:04] 🌊 [STREAM] NVIDIA | z-ai/glm-5.2 | 31109ms | complete","timestamp":"2026-07-26T16:32:04.567Z"}

data: {"data":"time=2026-07-26T16:32:04.694Z level=INFO msg=\"l0 retention enforced\" db=storage.sqlite deleted_count=15 max_l1_txid=00000000000000bd","timestamp":"2026-07-26T16:32:04.694Z"}

data: {"data":"time=2026-07-26T16:32:04.694Z level=INFO msg=\"compaction complete\" level=1 txid.min=00000000000000bb txid.max=00000000000000bd size=296052","timestamp":"2026-07-26T16:32:04.694Z"}

data: {"data":"[INFO] [SKILLS_INJECTION] skills.injection.skipped {\"apiKeyId\":\"env-key\",\"reason\":\"no_enabled_skills\"}","timestamp":"2026-07-26T16:32:04.875Z"}

data: {"data":"{\"level\":30,\"time\":\"2026-07-26T16:32:04.868Z\",\"service\":\"omniroute\",\"module\":\"sse\",\"tag\":\"HTTP\",\"method\":\"POST\",\"path\":\"/v1/messages | nvidia/z-ai/glm-5.2 | 1 msgs | 1 tools\",\"msg\":\"📥 POST /v1/messages | nvidia/z-ai/glm-5.2 | 1 msgs | 1 tools\"}","timestamp":"2026-07-26T16:32:04.877Z"}

data: {"data":"{\"level\":30,\"time\":\"2026-07-26T16:32:04.869Z\",\"service\":\"omniroute\",\"module\":\"sse\",\"tag\":\"ROUTING\",\"msg\":\"Provider: nvidia, Model: z-ai/glm-5.2\"}","timestamp":"2026-07-26T16:32:04.877Z"}

data: {"data":"{\"level\":30,\"time\":\"2026-07-26T16:32:04.873Z\",\"service\":\"omniroute\",\"module\":\"sse\",\"tag\":\"AUTH\",\"msg\":\"session_key=input:sha256:31c71... has no available affinity target\"}","timestamp":"2026-07-26T16:32:04.877Z"}

data: {"data":"{\"level\":30,\"time\":\"2026-07-26T16:32:04.874Z\",\"service\":\"omniroute\",\"module\":\"sse\",\"tag\":\"AUTH\",\"msg\":\"Using nvidia account: 7d5d42c4...\"}","timestamp":"2026-07-26T16:32:04.877Z"}

data: {"data":"[16:32:06] 📊 \u001b[32m[USAGE] NVIDIA | in=178 | out=32 | account=7d5d42c4...\u001b[0m \u001b[33m(estimated)\u001b[0m","timestamp":"2026-07-26T16:32:06.123Z"}

data: {"data":"[16:32:06] 🌊 [STREAM] NVIDIA | z-ai/glm-5.2 | 1248ms | complete","timestamp":"2026-07-26T16:32:06.125Z"}

data: {"data":"[INFO] [SKILLS_INJECTION] skills.injection.skipped {\"apiKeyId\":\"env-key\",\"reason\":\"no_enabled_skills\"}","timestamp":"2026-07-26T16:32:07.078Z"}

data: {"data":"{\"level\":30,\"time\":\"2026-07-26T16:32:07.025Z\",\"service\":\"omniroute\",\"module\":\"sse\",\"tag\":\"HTTP\",\"method\":\"POST\",\"path\":\"/v1/messages | nvidia/z-ai/glm-5.2 | 118 msgs | 30 tools\",\"msg\":\"📥 POST /v1/messages | nvidia/z-ai/glm-5.2 | 118 msgs | 30 tools\"}","timestamp":"2026-07-26T16:32:07.110Z"}

data: {"data":"{\"level\":30,\"time\":\"2026-07-26T16:32:07.034Z\",\"service\":\"omniroute\",\"module\":\"sse\",\"tag\":\"ROUTING\",\"msg\":\"Provider: nvidia, Model: z-ai/glm-5.2\"}","timestamp":"2026-07-26T16:32:07.111Z"}

data: {"data":"{\"level\":30,\"time\":\"2026-07-26T16:32:07.037Z\",\"service\":\"omniroute\",\"module\":\"sse\",\"tag\":\"AUTH\",\"msg\":\"session_key=input:sha256:eebcc... has no available affinity target\"}","timestamp":"2026-07-26T16:32:07.111Z"}

data: {"data":"{\"level\":30,\"time\":\"2026-07-26T16:32:07.038Z\",\"service\":\"omniroute\",\"module\":\"sse\",\"tag\":\"AUTH\",\"msg\":\"Using nvidia account: f2b0933a...\"}","timestamp":"2026-07-26T16:32:07.111Z"}

data: {"data":"[16:32:23] 📊 \u001b[32m[USAGE] NVIDIA | in=129557 | out=734 | account=f2b0933a...\u001b[0m \u001b[33m(estimated)\u001b[0m | cache_read=384","timestamp":"2026-07-26T16:32:23.048Z"}

data: {"data":"[16:32:23] 🌊 [STREAM] NVIDIA | z-ai/glm-5.2 | 15972ms | complete","timestamp":"2026-07-26T16:32:23.055Z"}

data: {"data":"[INFO] [SKILLS_INJECTION] skills.injection.skipped {\"apiKeyId\":\"env-key\",\"reason\":\"no_enabled_skills\"}","timestamp":"2026-07-26T16:32:23.960Z"}

data: {"data":"{\"level\":30,\"time\":\"2026-07-26T16:32:23.903Z\",\"service\":\"omniroute\",\"module\":\"sse\",\"tag\":\"HTTP\",\"method\":\"POST\",\"path\":\"/v1/messages | nvidia/z-ai/glm-5.2 | 120 msgs | 30 tools\",\"msg\":\"📥 POST /v1/messages | nvidia/z-ai/glm-5.2 | 120 msgs | 30 tools\"}","timestamp":"2026-07-26T16:32:23.987Z"}

data: {"data":"{\"level\":30,\"time\":\"2026-07-26T16:32:23.912Z\",\"service\":\"omniroute\",\"module\":\"sse\",\"tag\":\"ROUTING\",\"msg\":\"Provider: nvidia, Model: z-ai/glm-5.2\"}","timestamp":"2026-07-26T16:32:23.987Z"}

data: {"data":"{\"level\":30,\"time\":\"2026-07-26T16:32:23.916Z\",\"service\":\"omniroute\",\"module\":\"sse\",\"tag\":\"AUTH\",\"msg\":\"session_key=input:sha256:eebcc... has no available affinity target\"}","timestamp":"2026-07-26T16:32:23.987Z"}

data: {"data":"{\"level\":30,\"time\":\"2026-07-26T16:32:23.917Z\",\"service\":\"omniroute\",\"module\":\"sse\",\"tag\":\"AUTH\",\"msg\":\"Using nvidia account: 9cda5fc2...\"}","timestamp":"2026-07-26T16:32:23.987Z"}

data: {"data":"[16:32:29] 📊 \u001b[32m[USAGE] NVIDIA | in=130748 | out=375 | account=9cda5fc2...\u001b[0m \u001b[33m(estimated)\u001b[0m | cache_read=128512","timestamp":"2026-07-26T16:32:29.485Z"}

data: {"data":"[16:32:29] 🌊 [STREAM] NVIDIA | z-ai/glm-5.2 | 5526ms | complete","timestamp":"2026-07-26T16:32:29.492Z"}

data: {"data":"[INFO] [SKILLS_INJECTION] skills.injection.skipped {\"apiKeyId\":\"env-key\",\"reason\":\"no_enabled_skills\"}","timestamp":"2026-07-26T16:32:30.172Z"}

data: {"data":"{\"level\":30,\"time\":\"2026-07-26T16:32:30.121Z\",\"service\":\"omniroute\",\"module\":\"sse\",\"tag\":\"HTTP\",\"method\":\"POST\",\"path\":\"/v1/messages | nvidia/z-ai/glm-5.2 | 122 msgs | 30 tools\",\"msg\":\"📥 POST /v1/messages | nvidia/z-ai/glm-5.2 | 122 msgs | 30 tools\"}","timestamp":"2026-07-26T16:32:30.187Z"}

data: {"data":"{\"level\":30,\"time\":\"2026-07-26T16:32:30.130Z\",\"service\":\"omniroute\",\"module\":\"sse\",\"tag\":\"ROUTING\",\"msg\":\"Provider: nvidia, Model: z-ai/glm-5.2\"}","timestamp":"2026-07-26T16:32:30.187Z"}

data: {"data":"{\"level\":30,\"time\":\"2026-07-26T16:32:30.133Z\",\"service\":\"omniroute\",\"module\":\"sse\",\"tag\":\"AUTH\",\"msg\":\"session_key=input:sha256:eebcc... has no available affinity target\"}","timestamp":"2026-07-26T16:32:30.187Z"}

data: {"data":"{\"level\":30,\"time\":\"2026-07-26T16:32:30.133Z\",\"service\":\"omniroute\",\"module\":\"sse\",\"tag\":\"AUTH\",\"msg\":\"Using nvidia account: d1717878...\"}","timestamp":"2026-07-26T16:32:30.187Z"}

data: {"data":"🧹 [RATE-LIMIT] Evicting idle limiter: nvidia:dd511141-af6e-4944-8af4-c0397507c799 (inactive for 608s)","timestamp":"2026-07-26T16:32:33.687Z"}

data: {"data":"time=2026-07-26T16:32:37.612Z level=INFO msg=\"l0 retention enforced\" db=storage.sqlite deleted_count=5 max_l1_txid=00000000000000c5","timestamp":"2026-07-26T16:32:37.612Z"}

data: {"data":"time=2026-07-26T16:32:37.612Z level=INFO msg=\"compaction complete\" level=1 txid.min=00000000000000be txid.max=00000000000000c5 size=26493","timestamp":"2026-07-26T16:32:37.612Z"}

data: {"data":"[16:32:57] 📊 \u001b[32m[USAGE] NVIDIA | in=136733 | out=1505 | account=d1717878...\u001b[0m \u001b[33m(estimated)\u001b[0m | cache_read=130240","timestamp":"2026-07-26T16:32:57.884Z"}

data: {"data":"[16:32:57] 🌊 [STREAM] NVIDIA | z-ai/glm-5.2 | 27713ms | complete","timestamp":"2026-07-26T16:32:57.891Z"}

data: {"data":"time=2026-07-26T16:33:07.062Z level=INFO msg=\"l0 retention enforced\" db=storage.sqlite deleted_count=5 max_l1_txid=00000000000000ca","timestamp":"2026-07-26T16:33:07.062Z"}

data: {"data":"time=2026-07-26T16:33:07.062Z level=INFO msg=\"compaction complete\" level=1 txid.min=00000000000000c6 txid.max=00000000000000ca size=299103","timestamp":"2026-07-26T16:33:07.062Z"}

data: {"data":"🧹 [RATE-LIMIT] Evicting idle limiter: nvidia:2bcea68b-9f7a-4673-b1f0-80a66320fc88 (inactive for 610s)","timestamp":"2026-07-26T16:34:03.687Z"}

data: {"data":"🧹 [RATE-LIMIT] Evicting idle limiter: nvidia:1830e4f7-dd8f-4c11-9d65-c0acdced6494 (inactive for 609s)","timestamp":"2026-07-26T16:34:33.688Z"}

data: {"data":"🧹 [RATE-LIMIT] Evicting idle limiter: nvidia:58f42365-24ac-4844-b08b-af609b1057d1 (inactive for 602s)","timestamp":"2026-07-26T16:34:33.688Z"}

data: {"data":"time=2026-07-26T16:34:57.176Z level=INFO msg=\"l0 retention enforced\" db=storage.sqlite deleted_count=12 max_l1_txid=00000000000000ca","timestamp":"2026-07-26T16:34:57.176Z"}

data: {"data":"time=2026-07-26T16:35:02.705Z level=INFO msg=\"compaction complete\" level=1 txid.min=00000000000000cb txid.max=00000000000000cc size=299103","timestamp":"2026-07-26T16:35:02.705Z"}

data: {"data":"🧹 [RATE-LIMIT] Evicting idle limiter: nvidia:09665ab2-ccd5-473b-9674-14967d3741b7 (inactive for 601s)","timestamp":"2026-07-26T16:35:03.688Z"}

data: {"data":"time=2026-07-26T16:35:09.834Z level=INFO msg=\"compaction complete\" level=2 txid.min=00000000000000bb txid.max=00000000000000cc size=299103","timestamp":"2026-07-26T16:35:09.835Z"}

data: {"data":"🧹 [RATE-LIMIT] Evicting idle limiter: nvidia:2d9ef15f-bc96-49d8-b476-56b2ad65c431 (inactive for 627s)","timestamp":"2026-07-26T16:35:33.688Z"}

data: {"data":"🧹 [RATE-LIMIT] Evicting idle limiter: nvidia:53f96ffa-5bb1-424c-925f-86c1b44688ec (inactive for 619s)","timestamp":"2026-07-26T16:35:33.688Z"}

data: {"data":"🧹 [RATE-LIMIT] Evicting idle limiter: nvidia:deb0258d-ecce-4c26-ad39-542c44736a0a (inactive for 607s)","timestamp":"2026-07-26T16:35:33.688Z"}

data: {"data":"[INFO] [SKILLS_INJECTION] skills.injection.skipped {\"apiKeyId\":\"env-key\",\"reason\":\"no_enabled_skills\"}","timestamp":"2026-07-26T16:36:03.148Z"}

data: {"data":"{\"level\":30,\"time\":\"2026-07-26T16:36:03.087Z\",\"service\":\"omniroute\",\"module\":\"sse\",\"tag\":\"HTTP\",\"method\":\"POST\",\"path\":\"/v1/messages | nvidia/z-ai/glm-5.2 | 124 msgs | 30 tools\",\"msg\":\"📥 POST /v1/messages | nvidia/z-ai/glm-5.2 | 124 msgs | 30 tools\"}","timestamp":"2026-07-26T16:36:03.164Z"}

data: {"data":"{\"level\":30,\"time\":\"2026-07-26T16:36:03.098Z\",\"service\":\"omniroute\",\"module\":\"sse\",\"tag\":\"ROUTING\",\"msg\":\"Provider: nvidia, Model: z-ai/glm-5.2\"}","timestamp":"2026-07-26T16:36:03.164Z"}

data: {"data":"{\"level\":30,\"time\":\"2026-07-26T16:36:03.104Z\",\"service\":\"omniroute\",\"module\":\"sse\",\"tag\":\"AUTH\",\"msg\":\"session_key=input:sha256:eebcc... has no available affinity target\"}","timestamp":"2026-07-26T16:36:03.165Z"}

data: {"data":"{\"level\":30,\"time\":\"2026-07-26T16:36:03.105Z\",\"service\":\"omniroute\",\"module\":\"sse\",\"tag\":\"AUTH\",\"msg\":\"Using nvidia account: a0c72227...\"}","timestamp":"2026-07-26T16:36:03.165Z"}

data: {"data":"[16:36:10] 📊 \u001b[32m[USAGE] NVIDIA | in=138303 | out=119 | account=a0c72227...\u001b[0m \u001b[33m(estimated)\u001b[0m | cache_read=384","timestamp":"2026-07-26T16:36:10.806Z"}

data: {"data":"[16:36:10] 🌊 [STREAM] NVIDIA | z-ai/glm-5.2 | 7661ms | complete","timestamp":"2026-07-26T16:36:10.813Z"}

data: {"data":"time=2026-07-26T16:36:32.987Z level=INFO msg=\"compaction complete\" level=1 txid.min=00000000000000cd txid.max=00000000000000d0 size=299756","timestamp":"2026-07-26T16:36:32.987Z"}

data: {"data":"🧹 [RATE-LIMIT] Evicting idle limiter: nvidia:3317f8d3-ffa6-4e41-a8ad-7eeaf91a3f93 (inactive for 629s)","timestamp":"2026-07-26T16:37:03.689Z"}

data: {"data":"🧹 [RATE-LIMIT] Evicting idle limiter: nvidia:c5116293-3a1e-420b-890b-ddff9ee0db57 (inactive for 623s)","timestamp":"2026-07-26T16:37:33.689Z"}

data: {"data":"🧹 [RATE-LIMIT] Evicting idle limiter: nvidia:cb888a54-217d-4ad6-b191-1cc5d06841e0 (inactive for 611s)","timestamp":"2026-07-26T16:37:33.689Z"}

data: {"data":"🧹 [RATE-LIMIT] Evicting idle limiter: nvidia:d65f33e2-26b4-4096-bb40-214be567a5f8 (inactive for 602s)","timestamp":"2026-07-26T16:37:33.690Z"}

data: {"data":"🧹 [RATE-LIMIT] Evicting idle limiter: nvidia:ccaad834-d081-4ec4-8e8d-713afc7d722f (inactive for 621s)","timestamp":"2026-07-26T16:39:03.690Z"}

data: {"data":"🧹 [RATE-LIMIT] Evicting idle limiter: nvidia:def58a55-cab9-4048-a69b-4fa1ae9d557a (inactive for 605s)","timestamp":"2026-07-26T16:39:03.690Z"}

data: {"data":"🧹 [RATE-LIMIT] Evicting idle limiter: nvidia:2d039916-88d8-495f-b886-bd5dc25ce047 (inactive for 615s)","timestamp":"2026-07-26T16:39:33.693Z"}

data: {"data":"time=2026-07-26T16:39:57.435Z level=INFO msg=\"l0 retention enforced\" db=storage.sqlite deleted_count=18 max_l1_txid=00000000000000d0","timestamp":"2026-07-26T16:39:57.436Z"}

data: {"data":"time=2026-07-26T16:40:02.662Z level=INFO msg=\"compaction complete\" level=1 txid.min=00000000000000d1 txid.max=00000000000000d2 size=299756","timestamp":"2026-07-26T16:40:02.662Z"}

data: {"data":"time=2026-07-26T16:40:06.858Z level=INFO msg=\"compaction complete\" level=2 txid.min=00000000000000cd txid.max=00000000000000d2 size=299756","timestamp":"2026-07-26T16:40:06.858Z"}

data: {"data":"[INFO] [SKILLS_INJECTION] skills.injection.skipped {\"apiKeyId\":\"env-key\",\"reason\":\"no_enabled_skills\"}","timestamp":"2026-07-26T16:40:58.906Z"}

data: {"data":"{\"level\":30,\"time\":\"2026-07-26T16:40:58.852Z\",\"service\":\"omniroute\",\"module\":\"sse\",\"tag\":\"HTTP\",\"method\":\"POST\",\"path\":\"/v1/messages | nvidia/z-ai/glm-5.2 | 122 msgs | 30 tools\",\"msg\":\"📥 POST /v1/messages | nvidia/z-ai/glm-5.2 | 122 msgs | 30 tools\"}","timestamp":"2026-07-26T16:40:58.924Z"}

data: {"data":"{\"level\":30,\"time\":\"2026-07-26T16:40:58.862Z\",\"service\":\"omniroute\",\"module\":\"sse\",\"tag\":\"ROUTING\",\"msg\":\"Provider: nvidia, Model: z-ai/glm-5.2\"}","timestamp":"2026-07-26T16:40:58.924Z"}

data: {"data":"{\"level\":30,\"time\":\"2026-07-26T16:40:58.865Z\",\"service\":\"omniroute\",\"module\":\"sse\",\"tag\":\"AUTH\",\"msg\":\"session_key=input:sha256:eebcc... has no available affinity target\"}","timestamp":"2026-07-26T16:40:58.924Z"}

data: {"data":"{\"level\":30,\"time\":\"2026-07-26T16:40:58.866Z\",\"service\":\"omniroute\",\"module\":\"sse\",\"tag\":\"AUTH\",\"msg\":\"Using nvidia account: 38a09429...\"}","timestamp":"2026-07-26T16:40:58.924Z"}

data: {"data":"[ProxyEgress] nvidia/38a09429 in=113.20.2.214 out=44.196.116.2 proxy=direct status=success","timestamp":"2026-07-26T16:41:05.341Z"}

data: {"data":"time=2026-07-26T16:41:33.571Z level=INFO msg=\"l0 retention enforced\" db=storage.sqlite deleted_count=4 max_l1_txid=00000000000000d5","timestamp":"2026-07-26T16:41:33.572Z"}

data: {"data":"time=2026-07-26T16:41:33.571Z level=INFO msg=\"compaction complete\" level=1 txid.min=00000000000000d3 txid.max=00000000000000d5 size=299972","timestamp":"2026-07-26T16:41:33.572Z"}

data: {"data":"🧹 [RATE-LIMIT] Evicting idle limiter: nvidia:d6a27df9-fb28-429e-9c1d-dbe475f7ea4d (inactive for 623s)","timestamp":"2026-07-26T16:42:03.696Z"}

data: {"data":"🧹 [RATE-LIMIT] Evicting idle limiter: nvidia:7d5d42c4-bb15-43da-a1b5-a4a2b52871c2 (inactive for 628s)","timestamp":"2026-07-26T16:42:33.694Z"}

data: {"data":"🧹 [RATE-LIMIT] Evicting idle limiter: nvidia:f2b0933a-888d-4a49-ab58-6012fcfb9314 (inactive for 620s)","timestamp":"2026-07-26T16:42:33.694Z"}

data: {"data":"🧹 [RATE-LIMIT] Evicting idle limiter: nvidia:9cda5fc2-7ae2-426a-a38c-35b9aa4856af (inactive for 608s)","timestamp":"2026-07-26T16:42:33.694Z"}

data: {"data":"🧹 [RATE-LIMIT] Evicting idle limiter: nvidia:d1717878-cbd3-4392-b5af-5add1c10d751 (inactive for 601s)","timestamp":"2026-07-26T16:42:33.694Z"}

data: {"data":"time=2026-07-26T16:44:56.701Z level=INFO msg=\"l0 retention enforced\" db=storage.sqlite deleted_count=2 max_l1_txid=00000000000000d5","timestamp":"2026-07-26T16:44:56.701Z"}

data: {"data":"time=2026-07-26T16:45:03.065Z level=INFO msg=\"compaction complete\" level=1 txid.min=00000000000000d6 txid.max=00000000000000d7 size=299972","timestamp":"2026-07-26T16:45:03.065Z"}

data: {"data":"time=2026-07-26T16:45:06.057Z level=INFO msg=\"compaction complete\" level=2 txid.min=00000000000000d3 txid.max=00000000000000d7 size=299972","timestamp":"2026-07-26T16:45:06.057Z"}

data: {"data":"🧹 [RATE-LIMIT] Evicting idle limiter: nvidia:a0c72227-ba89-4b89-bae4-cff099d02562 (inactive for 624s)","timestamp":"2026-07-26T16:46:33.697Z"}

data: {"data":"[16:48:22] 📊 \u001b[32m[USAGE] NVIDIA | in=138027 | out=11454 | account=38a09429...\u001b[0m \u001b[33m(estimated)\u001b[0m | cache_read=384","timestamp":"2026-07-26T16:48:22.746Z"}

data: {"data":"[16:48:22] 🌊 [STREAM] NVIDIA | z-ai/glm-5.2 | 443843ms | complete","timestamp":"2026-07-26T16:48:22.754Z"}

data: {"data":"[INFO] [SKILLS_INJECTION] skills.injection.skipped {\"apiKeyId\":\"env-key\",\"reason\":\"no_enabled_skills\"}","timestamp":"2026-07-26T16:48:24.809Z"}

data: {"data":"{\"level\":30,\"time\":\"2026-07-26T16:48:24.771Z\",\"service\":\"omniroute\",\"module\":\"sse\",\"tag\":\"HTTP\",\"method\":\"POST\",\"path\":\"/v1/messages | nvidia/z-ai/glm-5.2 | 4 msgs | 30 tools\",\"msg\":\"📥 POST /v1/messages | nvidia/z-ai/glm-5.2 | 4 msgs | 30 tools\"}","timestamp":"2026-07-26T16:48:24.821Z"}

data: {"data":"{\"level\":30,\"time\":\"2026-07-26T16:48:24.776Z\",\"service\":\"omniroute\",\"module\":\"sse\",\"tag\":\"ROUTING\",\"msg\":\"Provider: nvidia, Model: z-ai/glm-5.2\"}","timestamp":"2026-07-26T16:48:24.821Z"}

data: {"data":"{\"level\":30,\"time\":\"2026-07-26T16:48:24.780Z\",\"service\":\"omniroute\",\"module\":\"sse\",\"tag\":\"AUTH\",\"msg\":\"session_key=input:sha256:eebcc... has no available affinity target\"}","timestamp":"2026-07-26T16:48:24.821Z"}

data: {"data":"{\"level\":30,\"time\":\"2026-07-26T16:48:24.781Z\",\"service\":\"omniroute\",\"module\":\"sse\",\"tag\":\"AUTH\",\"msg\":\"Using nvidia account: 2bcea68b...\"}","timestamp":"2026-07-26T16:48:24.821Z"}

data: {"data":"time=2026-07-26T16:48:33.993Z level=INFO msg=\"l0 retention enforced\" db=storage.sqlite deleted_count=3 max_l1_txid=00000000000000dc","timestamp":"2026-07-26T16:48:33.994Z"}

data: {"data":"time=2026-07-26T16:48:33.994Z level=INFO msg=\"compaction complete\" level=1 txid.min=00000000000000d8 txid.max=00000000000000dc size=300602","timestamp":"2026-07-26T16:48:33.994Z"}

data: {"data":"[16:49:24] 📊 \u001b[32m[USAGE] NVIDIA | in=49673 | out=1009 | account=2bcea68b...\u001b[0m \u001b[33m(estimated)\u001b[0m | cache_read=576","timestamp":"2026-07-26T16:49:24.397Z"}

data: {"data":"[16:49:24] 🌊 [STREAM] NVIDIA | z-ai/glm-5.2 | 59593ms | complete","timestamp":"2026-07-26T16:49:24.406Z"}

data: {"data":"time=2026-07-26T16:49:32.732Z level=INFO msg=\"compaction complete\" level=1 txid.min=00000000000000dd txid.max=00000000000000de size=301037","timestamp":"2026-07-26T16:49:32.732Z"}

data: {"data":"time=2026-07-26T16:49:56.321Z level=INFO msg=\"l0 retention enforced\" db=storage.sqlite deleted_count=2 max_l1_txid=00000000000000de","timestamp":"2026-07-26T16:49:56.321Z"}

data: {"data":"time=2026-07-26T16:50:04.736Z level=INFO msg=\"compaction complete\" level=1 txid.min=00000000000000df txid.max=00000000000000df size=419","timestamp":"2026-07-26T16:50:04.736Z"}

data: {"data":"time=2026-07-26T16:50:05.944Z level=INFO msg=\"compaction complete\" level=2 txid.min=00000000000000d8 txid.max=00000000000000de size=301037","timestamp":"2026-07-26T16:50:05.944Z"}

data: {"data":"🧹 [RATE-LIMIT] Evicting idle limiter: nvidia:38a09429-95ad-4b2f-940b-ed886fad7d7a (inactive for 628s)","timestamp":"2026-07-26T16:51:33.699Z"}

data: {"data":"time=2026-07-26T16:54:57.051Z level=INFO msg=\"l0 retention enforced\" db=storage.sqlite deleted_count=7 max_l1_txid=00000000000000df","timestamp":"2026-07-26T16:54:57.051Z"}

data: {"data":"time=2026-07-26T16:55:04.994Z level=INFO msg=\"compaction complete\" level=2 txid.min=00000000000000df txid.max=00000000000000df size=419","timestamp":"2026-07-26T16:55:04.994Z"}

data: {"data":"🧹 [RATE-LIMIT] Evicting idle limiter: nvidia:2bcea68b-9f7a-4673-b1f0-80a66320fc88 (inactive for 606s)","timestamp":"2026-07-26T16:58:33.703Z"}

data: {"data":"time=2026-07-26T17:00:04.392Z level=INFO msg=\"snapshot complete\" txid=00000000000000df size=301037","timestamp":"2026-07-26T17:00:04.392Z"}

data: {"data":"time=2026-07-26T17:00:11.857Z level=INFO msg=\"compaction complete\" level=3 txid.min=000000000000004c txid.max=00000000000000df size=301037","timestamp":"2026-07-26T17:00:11.857Z"}

data: {"data":"[ProviderLimitsSync] Cycle complete: 0/0 synced in 3ms","timestamp":"2026-07-26T17:25:40.246Z"}

data: {"data":"time=2026-07-26T17:26:03.288Z level=INFO msg=\"l0 retention enforced\" db=storage.sqlite deleted_count=1 max_l1_txid=00000000000000e1","timestamp":"2026-07-26T17:26:03.288Z"}

data: {"data":"time=2026-07-26T17:26:03.288Z level=INFO msg=\"compaction complete\" level=1 txid.min=00000000000000e0 txid.max=00000000000000e1 size=301037","timestamp":"2026-07-26T17:26:03.289Z"}

data: {"data":"time=2026-07-26T17:30:02.191Z level=INFO msg=\"compaction complete\" level=2 txid.min=00000000000000e0 txid.max=00000000000000e1 size=301037","timestamp":"2026-07-26T17:30:02.191Z"}

data: {"data":"time=2026-07-26T17:34:56.532Z level=INFO msg=\"l0 retention enforced\" db=storage.sqlite deleted_count=1 max_l1_txid=00000000000000e1","timestamp":"2026-07-26T17:34:56.532Z"}

data: {"data":"time=2026-07-26T18:00:04.223Z level=INFO msg=\"snapshot complete\" txid=00000000000000e1 size=301037","timestamp":"2026-07-26T18:00:04.223Z"}

data: {"data":"time=2026-07-26T18:00:08.547Z level=INFO msg=\"compaction complete\" level=3 txid.min=00000000000000e0 txid.max=00000000000000e1 size=301037","timestamp":"2026-07-26T18:00:08.547Z"}

data: {"data":"[ProviderLimitsSync] Cycle complete: 0/0 synced in 4ms","timestamp":"2026-07-26T18:35:40.250Z"}

data: {"data":"time=2026-07-26T18:36:04.340Z level=INFO msg=\"l0 retention enforced\" db=storage.sqlite deleted_count=1 max_l1_txid=00000000000000e3","timestamp":"2026-07-26T18:36:04.340Z"}

data: {"data":"time=2026-07-26T18:36:04.340Z level=INFO msg=\"compaction complete\" level=1 txid.min=00000000000000e2 txid.max=00000000000000e3 size=301037","timestamp":"2026-07-26T18:36:04.340Z"}

data: {"data":"time=2026-07-26T18:40:02.730Z level=INFO msg=\"compaction complete\" level=2 txid.min=00000000000000e2 txid.max=00000000000000e3 size=301037","timestamp":"2026-07-26T18:40:02.731Z"}

data: {"data":"time=2026-07-26T18:44:56.413Z level=INFO msg=\"l0 retention enforced\" db=storage.sqlite deleted_count=1 max_l1_txid=00000000000000e3","timestamp":"2026-07-26T18:44:56.413Z"}

data: {"data":"time=2026-07-26T19:00:04.168Z level=INFO msg=\"compaction complete\" level=3 txid.min=00000000000000e2 txid.max=00000000000000e3 size=301037","timestamp":"2026-07-26T19:00:04.168Z"}

data: {"data":"time=2026-07-26T19:00:04.318Z level=INFO msg=\"snapshot complete\" txid=00000000000000e3 size=301037","timestamp":"2026-07-26T19:00:04.318Z"}

data: {"data":"[ProviderLimitsSync] Cycle complete: 0/0 synced in 3ms","timestamp":"2026-07-26T19:45:40.250Z"}

data: {"data":"time=2026-07-26T19:46:03.517Z level=INFO msg=\"l0 retention enforced\" db=storage.sqlite deleted_count=1 max_l1_txid=00000000000000e5","timestamp":"2026-07-26T19:46:03.517Z"}

data: {"data":"time=2026-07-26T19:46:03.517Z level=INFO msg=\"compaction complete\" level=1 txid.min=00000000000000e4 txid.max=00000000000000e5 size=301037","timestamp":"2026-07-26T19:46:03.517Z"}

data: {"data":"time=2026-07-26T19:50:02.936Z level=INFO msg=\"compaction complete\" level=2 txid.min=00000000000000e4 txid.max=00000000000000e5 size=301037","timestamp":"2026-07-26T19:50:02.936Z"}

data: {"data":"time=2026-07-26T19:54:56.645Z level=INFO msg=\"l0 retention enforced\" db=storage.sqlite deleted_count=1 max_l1_txid=00000000000000e5","timestamp":"2026-07-26T19:54:56.646Z"}

data: {"data":"time=2026-07-26T20:00:04.395Z level=INFO msg=\"snapshot complete\" txid=00000000000000e5 size=301037","timestamp":"2026-07-26T20:00:04.395Z"}

data: {"data":"time=2026-07-26T20:00:04.658Z level=INFO msg=\"compaction complete\" level=3 txid.min=00000000000000e4 txid.max=00000000000000e5 size=301037","timestamp":"2026-07-26T20:00:04.659Z"}

data: {"data":"[ProviderLimitsSync] Cycle complete: 0/0 synced in 4ms","timestamp":"2026-07-26T20:55:40.253Z"}

data: {"data":"time=2026-07-26T20:56:03.814Z level=INFO msg=\"l0 retention enforced\" db=storage.sqlite deleted_count=1 max_l1_txid=00000000000000e7","timestamp":"2026-07-26T20:56:03.814Z"}

data: {"data":"time=2026-07-26T20:56:03.814Z level=INFO msg=\"compaction complete\" level=1 txid.min=00000000000000e6 txid.max=00000000000000e7 size=301037","timestamp":"2026-07-26T20:56:03.814Z"}

data: {"data":"time=2026-07-26T21:00:03.177Z level=INFO msg=\"compaction complete\" level=2 txid.min=00000000000000e6 txid.max=00000000000000e7 size=301037","timestamp":"2026-07-26T21:00:03.177Z"}

data: {"data":"time=2026-07-26T21:00:04.183Z level=INFO msg=\"snapshot complete\" txid=00000000000000e7 size=301037","timestamp":"2026-07-26T21:00:04.183Z"}

data: {"data":"time=2026-07-26T21:04:56.596Z level=INFO msg=\"l0 retention enforced\" db=storage.sqlite deleted_count=1 max_l1_txid=00000000000000e7","timestamp":"2026-07-26T21:04:56.596Z"}

data: {"data":"time=2026-07-26T22:00:02.900Z level=INFO msg=\"compaction complete\" level=3 txid.min=00000000000000e6 txid.max=00000000000000e7 size=301037","timestamp":"2026-07-26T22:00:02.900Z"}

data: {"data":"time=2026-07-26T22:00:04.970Z level=INFO msg=\"snapshot complete\" txid=00000000000000e7 size=301037","timestamp":"2026-07-26T22:00:04.970Z"}

data: {"data":"[ProviderLimitsSync] Cycle complete: 0/0 synced in 3ms","timestamp":"2026-07-26T22:05:40.252Z"}

data: {"data":"time=2026-07-26T22:06:03.770Z level=INFO msg=\"l0 retention enforced\" db=storage.sqlite deleted_count=1 max_l1_txid=00000000000000e9","timestamp":"2026-07-26T22:06:03.770Z"}

data: {"data":"time=2026-07-26T22:06:03.770Z level=INFO msg=\"compaction complete\" level=1 txid.min=00000000000000e8 txid.max=00000000000000e9 size=301037","timestamp":"2026-07-26T22:06:03.770Z"}

data: {"data":"time=2026-07-26T22:10:02.780Z level=INFO msg=\"compaction complete\" level=2 txid.min=00000000000000e8 txid.max=00000000000000e9 size=301037","timestamp":"2026-07-26T22:10:02.780Z"}

data: {"data":"time=2026-07-26T22:14:56.551Z level=INFO msg=\"l0 retention enforced\" db=storage.sqlite deleted_count=1 max_l1_txid=00000000000000e9","timestamp":"2026-07-26T22:14:56.551Z"}

data: {"data":"time=2026-07-26T23:00:05.076Z level=INFO msg=\"snapshot complete\" txid=00000000000000e9 size=301037","timestamp":"2026-07-26T23:00:05.076Z"}

data: {"data":"time=2026-07-26T23:00:05.198Z level=INFO msg=\"compaction complete\" level=3 txid.min=00000000000000e8 txid.max=00000000000000e9 size=301037","timestamp":"2026-07-26T23:00:05.199Z"}

data: {"data":"[INFO] [SKILLS_INJECTION] skills.injection.skipped {\"apiKeyId\":\"env-key\",\"reason\":\"no_enabled_skills\"}","timestamp":"2026-07-26T23:12:10.976Z"}

data: {"data":"{\"level\":30,\"time\":\"2026-07-26T23:12:10.936Z\",\"service\":\"omniroute\",\"module\":\"sse\",\"tag\":\"HTTP\",\"method\":\"POST\",\"path\":\"/v1/messages | nvidia/z-ai/glm-5.2 | 7 msgs | 30 tools\",\"msg\":\"📥 POST /v1/messages | nvidia/z-ai/glm-5.2 | 7 msgs | 30 tools\"}","timestamp":"2026-07-26T23:12:10.993Z"}

data: {"data":"{\"level\":30,\"time\":\"2026-07-26T23:12:10.946Z\",\"service\":\"omniroute\",\"module\":\"sse\",\"tag\":\"ROUTING\",\"msg\":\"Provider: nvidia, Model: z-ai/glm-5.2\"}","timestamp":"2026-07-26T23:12:10.993Z"}

data: {"data":"{\"level\":30,\"time\":\"2026-07-26T23:12:10.950Z\",\"service\":\"omniroute\",\"module\":\"sse\",\"tag\":\"AUTH\",\"msg\":\"session_key=input:sha256:eebcc... has no available affinity target\"}","timestamp":"2026-07-26T23:12:10.993Z"}

data: {"data":"{\"level\":30,\"time\":\"2026-07-26T23:12:10.952Z\",\"service\":\"omniroute\",\"module\":\"sse\",\"tag\":\"AUTH\",\"msg\":\"Using nvidia account: 1830e4f7...\"}","timestamp":"2026-07-26T23:12:10.993Z"}

data: {"data":"[23:12:16] 📊 \u001b[32m[USAGE] NVIDIA | in=50849 | out=325 | account=1830e4f7...\u001b[0m \u001b[33m(estimated)\u001b[0m | cache_read=384","timestamp":"2026-07-26T23:12:16.879Z"}

data: {"data":"[23:12:16] 🌊 [STREAM] NVIDIA | z-ai/glm-5.2 | 5906ms | complete","timestamp":"2026-07-26T23:12:16.886Z"}

data: {"data":"[INFO] [SKILLS_INJECTION] skills.injection.skipped {\"apiKeyId\":\"env-key\",\"reason\":\"no_enabled_skills\"}","timestamp":"2026-07-26T23:12:18.936Z"}

data: {"data":"{\"level\":30,\"time\":\"2026-07-26T23:12:18.889Z\",\"service\":\"omniroute\",\"module\":\"sse\",\"tag\":\"HTTP\",\"method\":\"POST\",\"path\":\"/v1/messages | nvidia/z-ai/glm-5.2 | 9 msgs | 30 tools\",\"msg\":\"📥 POST /v1/messages | nvidia/z-ai/glm-5.2 | 9 msgs | 30 tools\"}","timestamp":"2026-07-26T23:12:18.952Z"}

data: {"data":"{\"level\":30,\"time\":\"2026-07-26T23:12:18.896Z\",\"service\":\"omniroute\",\"module\":\"sse\",\"tag\":\"ROUTING\",\"msg\":\"Provider: nvidia, Model: z-ai/glm-5.2\"}","timestamp":"2026-07-26T23:12:18.952Z"}

data: {"data":"{\"level\":30,\"time\":\"2026-07-26T23:12:18.904Z\",\"service\":\"omniroute\",\"module\":\"sse\",\"tag\":\"AUTH\",\"msg\":\"session_key=input:sha256:eebcc... has no available affinity target\"}","timestamp":"2026-07-26T23:12:18.952Z"}

data: {"data":"{\"level\":30,\"time\":\"2026-07-26T23:12:18.905Z\",\"service\":\"omniroute\",\"module\":\"sse\",\"tag\":\"AUTH\",\"msg\":\"Using nvidia account: 58f42365...\"}","timestamp":"2026-07-26T23:12:18.952Z"}

data: {"data":"[ProxyEgress] nvidia/58f42365 in=113.20.2.214 out=44.196.116.2 proxy=direct status=success","timestamp":"2026-07-26T23:12:21.189Z"}

data: {"data":"[23:12:34] 📊 \u001b[32m[USAGE] NVIDIA | in=51796 | out=563 | account=58f42365...\u001b[0m \u001b[33m(estimated)\u001b[0m | cache_read=64","timestamp":"2026-07-26T23:12:34.466Z"}

data: {"data":"[23:12:34] 🌊 [STREAM] NVIDIA | z-ai/glm-5.2 | 15537ms | complete","timestamp":"2026-07-26T23:12:34.479Z"}

data: {"data":"time=2026-07-26T23:12:34.640Z level=INFO msg=\"l0 retention enforced\" db=storage.sqlite deleted_count=1 max_l1_txid=00000000000000ef","timestamp":"2026-07-26T23:12:34.640Z"}

data: {"data":"time=2026-07-26T23:12:34.640Z level=INFO msg=\"compaction complete\" level=1 txid.min=00000000000000ea txid.max=00000000000000ef size=302012","timestamp":"2026-07-26T23:12:34.641Z"}

data: {"data":"[INFO] [SKILLS_INJECTION] skills.injection.skipped {\"apiKeyId\":\"env-key\",\"reason\":\"no_enabled_skills\"}","timestamp":"2026-07-26T23:12:36.582Z"}

data: {"data":"{\"level\":30,\"time\":\"2026-07-26T23:12:36.550Z\",\"service\":\"omniroute\",\"module\":\"sse\",\"tag\":\"HTTP\",\"method\":\"POST\",\"path\":\"/v1/messages | nvidia/z-ai/glm-5.2 | 11 msgs | 30 tools\",\"msg\":\"📥 POST /v1/messages | nvidia/z-ai/glm-5.2 | 11 msgs | 30 tools\"}","timestamp":"2026-07-26T23:12:36.596Z"}

data: {"data":"{\"level\":30,\"time\":\"2026-07-26T23:12:36.554Z\",\"service\":\"omniroute\",\"module\":\"sse\",\"tag\":\"ROUTING\",\"msg\":\"Provider: nvidia, Model: z-ai/glm-5.2\"}","timestamp":"2026-07-26T23:12:36.596Z"}

data: {"data":"{\"level\":30,\"time\":\"2026-07-26T23:12:36.558Z\",\"service\":\"omniroute\",\"module\":\"sse\",\"tag\":\"AUTH\",\"msg\":\"session_key=input:sha256:eebcc... has no available affinity target\"}","timestamp":"2026-07-26T23:12:36.596Z"}

data: {"data":"{\"level\":30,\"time\":\"2026-07-26T23:12:36.559Z\",\"service\":\"omniroute\",\"module\":\"sse\",\"tag\":\"AUTH\",\"msg\":\"Using nvidia account: 09665ab2...\"}","timestamp":"2026-07-26T23:12:36.596Z"}

data: {"data":"[ProxyEgress] nvidia/09665ab2 in=113.20.2.214 out=44.196.116.2 proxy=direct status=success","timestamp":"2026-07-26T23:12:38.757Z"}

data: {"data":"[23:12:47] 📊 \u001b[32m[USAGE] NVIDIA | in=52707 | out=193 | account=09665ab2...\u001b[0m \u001b[33m(estimated)\u001b[0m | cache_read=384","timestamp":"2026-07-26T23:12:47.008Z"}

data: {"data":"[23:12:47] 🌊 [STREAM] NVIDIA | z-ai/glm-5.2 | 10427ms | complete","timestamp":"2026-07-26T23:12:47.014Z"}

data: {"data":"[INFO] [SKILLS_INJECTION] skills.injection.skipped {\"apiKeyId\":\"env-key\",\"reason\":\"no_enabled_skills\"}","timestamp":"2026-07-26T23:12:48.820Z"}

data: {"data":"{\"level\":30,\"time\":\"2026-07-26T23:12:48.777Z\",\"service\":\"omniroute\",\"module\":\"sse\",\"tag\":\"HTTP\",\"method\":\"POST\",\"path\":\"/v1/messages | nvidia/z-ai/glm-5.2 | 13 msgs | 30 tools\",\"msg\":\"📥 POST /v1/messages | nvidia/z-ai/glm-5.2 | 13 msgs | 30 tools\"}","timestamp":"2026-07-26T23:12:48.830Z"}

data: {"data":"{\"level\":30,\"time\":\"2026-07-26T23:12:48.782Z\",\"service\":\"omniroute\",\"module\":\"sse\",\"tag\":\"ROUTING\",\"msg\":\"Provider: nvidia, Model: z-ai/glm-5.2\"}","timestamp":"2026-07-26T23:12:48.830Z"}

data: {"data":"{\"level\":30,\"time\":\"2026-07-26T23:12:48.786Z\",\"service\":\"omniroute\",\"module\":\"sse\",\"tag\":\"AUTH\",\"msg\":\"session_key=input:sha256:eebcc... has no available affinity target\"}","timestamp":"2026-07-26T23:12:48.830Z"}

data: {"data":"{\"level\":30,\"time\":\"2026-07-26T23:12:48.787Z\",\"service\":\"omniroute\",\"module\":\"sse\",\"tag\":\"AUTH\",\"msg\":\"Using nvidia account: 2d9ef15f...\"}","timestamp":"2026-07-26T23:12:48.830Z"}

data: {"data":"[ProxyEgress] nvidia/2d9ef15f in=113.20.2.214 out=44.196.116.2 proxy=direct status=success","timestamp":"2026-07-26T23:12:49.336Z"}

data: {"data":"[23:12:51] 📊 \u001b[32m[USAGE] NVIDIA | in=52994 | out=95 | account=2d9ef15f...\u001b[0m \u001b[33m(estimated)\u001b[0m | cache_read=52352","timestamp":"2026-07-26T23:12:51.923Z"}

data: {"data":"[23:12:51] 🌊 [STREAM] NVIDIA | z-ai/glm-5.2 | 3106ms | complete","timestamp":"2026-07-26T23:12:51.929Z"}

data: {"data":"[INFO] [SKILLS_INJECTION] skills.injection.skipped {\"apiKeyId\":\"env-key\",\"reason\":\"no_enabled_skills\"}","timestamp":"2026-07-26T23:12:53.687Z"}

data: {"data":"{\"level\":30,\"time\":\"2026-07-26T23:12:53.657Z\",\"service\":\"omniroute\",\"module\":\"sse\",\"tag\":\"HTTP\",\"method\":\"POST\",\"path\":\"/v1/messages | nvidia/z-ai/glm-5.2 | 15 msgs | 30 tools\",\"msg\":\"📥 POST /v1/messages | nvidia/z-ai/glm-5.2 | 15 msgs | 30 tools\"}","timestamp":"2026-07-26T23:12:53.717Z"}

data: {"data":"{\"level\":30,\"time\":\"2026-07-26T23:12:53.661Z\",\"service\":\"omniroute\",\"module\":\"sse\",\"tag\":\"ROUTING\",\"msg\":\"Provider: nvidia, Model: z-ai/glm-5.2\"}","timestamp":"2026-07-26T23:12:53.717Z"}

data: {"data":"{\"level\":30,\"time\":\"2026-07-26T23:12:53.664Z\",\"service\":\"omniroute\",\"module\":\"sse\",\"tag\":\"AUTH\",\"msg\":\"session_key=input:sha256:eebcc... has no available affinity target\"}","timestamp":"2026-07-26T23:12:53.717Z"}

data: {"data":"{\"level\":30,\"time\":\"2026-07-26T23:12:53.665Z\",\"service\":\"omniroute\",\"module\":\"sse\",\"tag\":\"AUTH\",\"msg\":\"Using nvidia account: 53f96ffa...\"}","timestamp":"2026-07-26T23:12:53.717Z"}

data: {"data":"[ProxyEgress] nvidia/53f96ffa in=113.20.2.214 out=44.196.116.2 proxy=direct status=success","timestamp":"2026-07-26T23:12:54.209Z"}

data: {"data":"[23:12:54] 📊 \u001b[32m[USAGE] NVIDIA | in=54372 | out=70 | account=53f96ffa...\u001b[0m \u001b[33m(estimated)\u001b[0m | cache_read=51136","timestamp":"2026-07-26T23:12:54.682Z"}

data: {"data":"[23:12:54] 🌊 [STREAM] NVIDIA | z-ai/glm-5.2 | 999ms | complete","timestamp":"2026-07-26T23:12:54.688Z"}

data: {"data":"[INFO] [SKILLS_INJECTION] skills.injection.skipped {\"apiKeyId\":\"env-key\",\"reason\":\"no_enabled_skills\"}","timestamp":"2026-07-26T23:12:56.449Z"}

data: {"data":"{\"level\":30,\"time\":\"2026-07-26T23:12:56.415Z\",\"service\":\"omniroute\",\"module\":\"sse\",\"tag\":\"HTTP\",\"method\":\"POST\",\"path\":\"/v1/messages | nvidia/z-ai/glm-5.2 | 17 msgs | 30 tools\",\"msg\":\"📥 POST /v1/messages | nvidia/z-ai/glm-5.2 | 17 msgs | 30 tools\"}","timestamp":"2026-07-26T23:12:56.462Z"}

data: {"data":"{\"level\":30,\"time\":\"2026-07-26T23:12:56.420Z\",\"service\":\"omniroute\",\"module\":\"sse\",\"tag\":\"ROUTING\",\"msg\":\"Provider: nvidia, Model: z-ai/glm-5.2\"}","timestamp":"2026-07-26T23:12:56.462Z"}

data: {"data":"{\"level\":30,\"time\":\"2026-07-26T23:12:56.423Z\",\"service\":\"omniroute\",\"module\":\"sse\",\"tag\":\"AUTH\",\"msg\":\"session_key=input:sha256:eebcc... has no available affinity target\"}","timestamp":"2026-07-26T23:12:56.462Z"}

data: {"data":"{\"level\":30,\"time\":\"2026-07-26T23:12:56.424Z\",\"service\":\"omniroute\",\"module\":\"sse\",\"tag\":\"AUTH\",\"msg\":\"Using nvidia account: deb0258d...\"}","timestamp":"2026-07-26T23:12:56.462Z"}

data: {"data":"[ProxyEgress] nvidia/deb0258d in=113.20.2.214 out=44.196.116.2 proxy=direct status=success","timestamp":"2026-07-26T23:12:58.687Z"}

data: {"data":"[23:13:04] 📊 \u001b[32m[USAGE] NVIDIA | in=55291 | out=639 | account=deb0258d...\u001b[0m \u001b[33m(estimated)\u001b[0m | cache_read=1536","timestamp":"2026-07-26T23:13:04.778Z"}

data: {"data":"[23:13:04] 🌊 [STREAM] NVIDIA | z-ai/glm-5.2 | 8333ms | complete","timestamp":"2026-07-26T23:13:04.785Z"}

data: {"data":"[INFO] [SKILLS_INJECTION] skills.injection.skipped {\"apiKeyId\":\"env-key\",\"reason\":\"no_enabled_skills\"}","timestamp":"2026-07-26T23:13:06.650Z"}

data: {"data":"{\"level\":30,\"time\":\"2026-07-26T23:13:06.617Z\",\"service\":\"omniroute\",\"module\":\"sse\",\"tag\":\"HTTP\",\"method\":\"POST\",\"path\":\"/v1/messages | nvidia/z-ai/glm-5.2 | 19 msgs | 30 tools\",\"msg\":\"📥 POST /v1/messages | nvidia/z-ai/glm-5.2 | 19 msgs | 30 tools\"}","timestamp":"2026-07-26T23:13:06.660Z"}

data: {"data":"{\"level\":30,\"time\":\"2026-07-26T23:13:06.622Z\",\"service\":\"omniroute\",\"module\":\"sse\",\"tag\":\"ROUTING\",\"msg\":\"Provider: nvidia, Model: z-ai/glm-5.2\"}","timestamp":"2026-07-26T23:13:06.660Z"}

data: {"data":"{\"level\":30,\"time\":\"2026-07-26T23:13:06.625Z\",\"service\":\"omniroute\",\"module\":\"sse\",\"tag\":\"AUTH\",\"msg\":\"session_key=input:sha256:eebcc... has no available affinity target\"}","timestamp":"2026-07-26T23:13:06.660Z"}

data: {"data":"{\"level\":30,\"time\":\"2026-07-26T23:13:06.626Z\",\"service\":\"omniroute\",\"module\":\"sse\",\"tag\":\"AUTH\",\"msg\":\"Using nvidia account: 3317f8d3...\"}","timestamp":"2026-07-26T23:13:06.660Z"}

data: {"data":"time=2026-07-26T23:13:06.860Z level=INFO msg=\"compaction complete\" level=1 txid.min=00000000000000f0 txid.max=00000000000000f7 size=34002","timestamp":"2026-07-26T23:13:06.860Z"}

data: {"data":"[ProxyEgress] nvidia/3317f8d3 in=113.20.2.214 out=44.196.116.2 proxy=direct status=success","timestamp":"2026-07-26T23:13:07.152Z"}

data: {"data":"[23:13:12] 📊 \u001b[32m[USAGE] NVIDIA | in=56793 | out=322 | account=3317f8d3...\u001b[0m \u001b[33m(estimated)\u001b[0m | cache_read=55616","timestamp":"2026-07-26T23:13:12.362Z"}

data: {"data":"[23:13:12] 🌊 [STREAM] NVIDIA | z-ai/glm-5.2 | 5714ms | complete","timestamp":"2026-07-26T23:13:12.368Z"}

data: {"data":"[INFO] [SKILLS_INJECTION] skills.injection.skipped {\"apiKeyId\":\"env-key\",\"reason\":\"no_enabled_skills\"}","timestamp":"2026-07-26T23:13:14.222Z"}

data: {"data":"{\"level\":30,\"time\":\"2026-07-26T23:13:14.183Z\",\"service\":\"omniroute\",\"module\":\"sse\",\"tag\":\"HTTP\",\"method\":\"POST\",\"path\":\"/v1/messages | nvidia/z-ai/glm-5.2 | 22 msgs | 30 tools\",\"msg\":\"📥 POST /v1/messages | nvidia/z-ai/glm-5.2 | 22 msgs | 30 tools\"}","timestamp":"2026-07-26T23:13:14.236Z"}

data: {"data":"{\"level\":30,\"time\":\"2026-07-26T23:13:14.188Z\",\"service\":\"omniroute\",\"module\":\"sse\",\"tag\":\"ROUTING\",\"msg\":\"Provider: nvidia, Model: z-ai/glm-5.2\"}","timestamp":"2026-07-26T23:13:14.236Z"}

data: {"data":"{\"level\":30,\"time\":\"2026-07-26T23:13:14.192Z\",\"service\":\"omniroute\",\"module\":\"sse\",\"tag\":\"AUTH\",\"msg\":\"session_key=input:sha256:eebcc... has no available affinity target\"}","timestamp":"2026-07-26T23:13:14.236Z"}

data: {"data":"{\"level\":30,\"time\":\"2026-07-26T23:13:14.193Z\",\"service\":\"omniroute\",\"module\":\"sse\",\"tag\":\"AUTH\",\"msg\":\"Using nvidia account: c5116293...\"}","timestamp":"2026-07-26T23:13:14.236Z"}

data: {"data":"[ProxyEgress] nvidia/c5116293 in=113.20.2.214 out=44.196.116.2 proxy=direct status=success","timestamp":"2026-07-26T23:13:14.747Z"}

data: {"data":"[23:13:16] 📊 \u001b[32m[USAGE] NVIDIA | in=57535 | out=258 | account=c5116293...\u001b[0m \u001b[33m(estimated)\u001b[0m | cache_read=54400","timestamp":"2026-07-26T23:13:16.910Z"}

data: {"data":"[23:13:16] 🌊 [STREAM] NVIDIA | z-ai/glm-5.2 | 2692ms | complete","timestamp":"2026-07-26T23:13:16.918Z"}

data: {"data":"[INFO] [SKILLS_INJECTION] skills.injection.skipped {\"apiKeyId\":\"env-key\",\"reason\":\"no_enabled_skills\"}","timestamp":"2026-07-26T23:13:18.685Z"}

data: {"data":"{\"level\":30,\"time\":\"2026-07-26T23:13:18.656Z\",\"service\":\"omniroute\",\"module\":\"sse\",\"tag\":\"HTTP\",\"method\":\"POST\",\"path\":\"/v1/messages | nvidia/z-ai/glm-5.2 | 24 msgs | 30 tools\",\"msg\":\"📥 POST /v1/messages | nvidia/z-ai/glm-5.2 | 24 msgs | 30 tools\"}","timestamp":"2026-07-26T23:13:18.709Z"}

data: {"data":"{\"level\":30,\"time\":\"2026-07-26T23:13:18.661Z\",\"service\":\"omniroute\",\"module\":\"sse\",\"tag\":\"ROUTING\",\"msg\":\"Provider: nvidia, Model: z-ai/glm-5.2\"}","timestamp":"2026-07-26T23:13:18.709Z"}

data: {"data":"{\"level\":30,\"time\":\"2026-07-26T23:13:18.664Z\",\"service\":\"omniroute\",\"module\":\"sse\",\"tag\":\"AUTH\",\"msg\":\"session_key=input:sha256:eebcc... has no available affinity target\"}","timestamp":"2026-07-26T23:13:18.709Z"}

data: {"data":"{\"level\":30,\"time\":\"2026-07-26T23:13:18.665Z\",\"service\":\"omniroute\",\"module\":\"sse\",\"tag\":\"AUTH\",\"msg\":\"Using nvidia account: cb888a54...\"}","timestamp":"2026-07-26T23:13:18.709Z"}

data: {"data":"[ProxyEgress] nvidia/cb888a54 in=113.20.2.214 out=44.196.116.2 proxy=direct status=success","timestamp":"2026-07-26T23:13:20.292Z"}

data: {"data":"[23:13:28] 📊 \u001b[32m[USAGE] NVIDIA | in=57989 | out=524 | account=cb888a54...\u001b[0m \u001b[33m(estimated)\u001b[0m | cache_read=52736","timestamp":"2026-07-26T23:13:28.721Z"}

data: {"data":"[23:13:28] 🌊 [STREAM] NVIDIA | z-ai/glm-5.2 | 10038ms | complete","timestamp":"2026-07-26T23:13:28.726Z"}

data: {"data":"[INFO] [SKILLS_INJECTION] skills.injection.skipped {\"apiKeyId\":\"env-key\",\"reason\":\"no_enabled_skills\"}","timestamp":"2026-07-26T23:13:30.631Z"}

data: {"data":"{\"level\":30,\"time\":\"2026-07-26T23:13:30.594Z\",\"service\":\"omniroute\",\"module\":\"sse\",\"tag\":\"HTTP\",\"method\":\"POST\",\"path\":\"/v1/messages | nvidia/z-ai/glm-5.2 | 26 msgs | 30 tools\",\"msg\":\"📥 POST /v1/messages | nvidia/z-ai/glm-5.2 | 26 msgs | 30 tools\"}","timestamp":"2026-07-26T23:13:30.642Z"}

data: {"data":"{\"level\":30,\"time\":\"2026-07-26T23:13:30.600Z\",\"service\":\"omniroute\",\"module\":\"sse\",\"tag\":\"ROUTING\",\"msg\":\"Provider: nvidia, Model: z-ai/glm-5.2\"}","timestamp":"2026-07-26T23:13:30.642Z"}

data: {"data":"{\"level\":30,\"time\":\"2026-07-26T23:13:30.605Z\",\"service\":\"omniroute\",\"module\":\"sse\",\"tag\":\"AUTH\",\"msg\":\"session_key=input:sha256:eebcc... has no available affinity target\"}","timestamp":"2026-07-26T23:13:30.642Z"}

data: {"data":"{\"level\":30,\"time\":\"2026-07-26T23:13:30.606Z\",\"service\":\"omniroute\",\"module\":\"sse\",\"tag\":\"AUTH\",\"msg\":\"Using nvidia account: d65f33e2...\"}","timestamp":"2026-07-26T23:13:30.642Z"}

data: {"data":"[ProxyEgress] nvidia/d65f33e2 in=113.20.2.214 out=44.196.116.2 proxy=direct status=success","timestamp":"2026-07-26T23:13:31.427Z"}

data: {"data":"time=2026-07-26T23:13:34.957Z level=INFO msg=\"compaction complete\" level=1 txid.min=00000000000000f8 txid.max=0000000000000103 size=306503","timestamp":"2026-07-26T23:13:34.957Z"}

data: {"data":"[23:13:44] 📊 \u001b[32m[USAGE] NVIDIA | in=59539 | out=318 | account=d65f33e2...\u001b[0m \u001b[33m(estimated)\u001b[0m | cache_read=53056","timestamp":"2026-07-26T23:13:44.110Z"}

data: {"data":"[23:13:44] 🌊 [STREAM] NVIDIA | z-ai/glm-5.2 | 13481ms | complete","timestamp":"2026-07-26T23:13:44.116Z"}

data: {"data":"(node:816) MaxListenersExceededWarning: Possible EventEmitter memory leak detected. 11 connect listeners added to [Socket]. MaxListeners is 10. Use emitter.setMaxListeners() to increase limit","timestamp":"2026-07-26T23:13:44.789Z"}

data: {"data":"[INFO] [SKILLS_INJECTION] skills.injection.skipped {\"apiKeyId\":\"env-key\",\"reason\":\"no_enabled_skills\"}","timestamp":"2026-07-26T23:13:45.930Z"}

data: {"data":"{\"level\":30,\"time\":\"2026-07-26T23:13:45.892Z\",\"service\":\"omniroute\",\"module\":\"sse\",\"tag\":\"HTTP\",\"method\":\"POST\",\"path\":\"/v1/messages | nvidia/z-ai/glm-5.2 | 28 msgs | 30 tools\",\"msg\":\"📥 POST /v1/messages | nvidia/z-ai/glm-5.2 | 28 msgs | 30 tools\"}","timestamp":"2026-07-26T23:13:45.941Z"}

data: {"data":"{\"level\":30,\"time\":\"2026-07-26T23:13:45.901Z\",\"service\":\"omniroute\",\"module\":\"sse\",\"tag\":\"ROUTING\",\"msg\":\"Provider: nvidia, Model: z-ai/glm-5.2\"}","timestamp":"2026-07-26T23:13:45.941Z"}

data: {"data":"{\"level\":30,\"time\":\"2026-07-26T23:13:45.905Z\",\"service\":\"omniroute\",\"module\":\"sse\",\"tag\":\"AUTH\",\"msg\":\"session_key=input:sha256:eebcc... has no available affinity target\"}","timestamp":"2026-07-26T23:13:45.941Z"}

data: {"data":"{\"level\":30,\"time\":\"2026-07-26T23:13:45.905Z\",\"service\":\"omniroute\",\"module\":\"sse\",\"tag\":\"AUTH\",\"msg\":\"Using nvidia account: ccaad834...\"}","timestamp":"2026-07-26T23:13:45.941Z"}

data: {"data":"[ProxyEgress] nvidia/ccaad834 in=113.20.2.214 out=44.196.116.2 proxy=direct status=success","timestamp":"2026-07-26T23:13:47.227Z"}

data: {"data":"[23:13:50] 📊 \u001b[32m[USAGE] NVIDIA | in=60135 | out=329 | account=ccaad834...\u001b[0m \u001b[33m(estimated)\u001b[0m | cache_read=57088","timestamp":"2026-07-26T23:13:50.770Z"}

data: {"data":"[23:13:50] 🌊 [STREAM] NVIDIA | z-ai/glm-5.2 | 4845ms | complete","timestamp":"2026-07-26T23:13:50.779Z"}

data: {"data":"[INFO] [SKILLS_INJECTION] skills.injection.skipped {\"apiKeyId\":\"env-key\",\"reason\":\"no_enabled_skills\"}","timestamp":"2026-07-26T23:13:52.749Z"}

data: {"data":"{\"level\":30,\"time\":\"2026-07-26T23:13:52.706Z\",\"service\":\"omniroute\",\"module\":\"sse\",\"tag\":\"HTTP\",\"method\":\"POST\",\"path\":\"/v1/messages | nvidia/z-ai/glm-5.2 | 31 msgs | 30 tools\",\"msg\":\"📥 POST /v1/messages | nvidia/z-ai/glm-5.2 | 31 msgs | 30 tools\"}","timestamp":"2026-07-26T23:13:52.764Z"}

data: {"data":"{\"level\":30,\"time\":\"2026-07-26T23:13:52.713Z\",\"service\":\"omniroute\",\"module\":\"sse\",\"tag\":\"ROUTING\",\"msg\":\"Provider: nvidia, Model: z-ai/glm-5.2\"}","timestamp":"2026-07-26T23:13:52.764Z"}

data: {"data":"{\"level\":30,\"time\":\"2026-07-26T23:13:52.717Z\",\"service\":\"omniroute\",\"module\":\"sse\",\"tag\":\"AUTH\",\"msg\":\"session_key=input:sha256:eebcc... has no available affinity target\"}","timestamp":"2026-07-26T23:13:52.764Z"}

data: {"data":"{\"level\":30,\"time\":\"2026-07-26T23:13:52.718Z\",\"service\":\"omniroute\",\"module\":\"sse\",\"tag\":\"AUTH\",\"msg\":\"Using nvidia account: def58a55...\"}","timestamp":"2026-07-26T23:13:52.764Z"}

data: {"data":"[ProxyEgress] nvidia/def58a55 in=113.20.2.214 out=44.196.116.2 proxy=direct status=success","timestamp":"2026-07-26T23:13:55.268Z"}

data: {"data":"[23:14:00] 📊 \u001b[32m[USAGE] NVIDIA | in=60681 | out=360 | account=def58a55...\u001b[0m \u001b[33m(estimated)\u001b[0m | cache_read=384","timestamp":"2026-07-26T23:14:00.389Z"}

data: {"data":"[23:14:00] 🌊 [STREAM] NVIDIA | z-ai/glm-5.2 | 7641ms | complete","timestamp":"2026-07-26T23:14:00.395Z"}

data: {"data":"[INFO] [SKILLS_INJECTION] skills.injection.skipped {\"apiKeyId\":\"env-key\",\"reason\":\"no_enabled_skills\"}","timestamp":"2026-07-26T23:14:02.199Z"}

data: {"data":"{\"level\":30,\"time\":\"2026-07-26T23:14:02.163Z\",\"service\":\"omniroute\",\"module\":\"sse\",\"tag\":\"HTTP\",\"method\":\"POST\",\"path\":\"/v1/messages | nvidia/z-ai/glm-5.2 | 33 msgs | 30 tools\",\"msg\":\"📥 POST /v1/messages | nvidia/z-ai/glm-5.2 | 33 msgs | 30 tools\"}","timestamp":"2026-07-26T23:14:02.212Z"}

data: {"data":"{\"level\":30,\"time\":\"2026-07-26T23:14:02.168Z\",\"service\":\"omniroute\",\"module\":\"sse\",\"tag\":\"ROUTING\",\"msg\":\"Provider: nvidia, Model: z-ai/glm-5.2\"}","timestamp":"2026-07-26T23:14:02.212Z"}

data: {"data":"{\"level\":30,\"time\":\"2026-07-26T23:14:02.171Z\",\"service\":\"omniroute\",\"module\":\"sse\",\"tag\":\"AUTH\",\"msg\":\"session_key=input:sha256:eebcc... has no available affinity target\"}","timestamp":"2026-07-26T23:14:02.212Z"}

data: {"data":"{\"level\":30,\"time\":\"2026-07-26T23:14:02.171Z\",\"service\":\"omniroute\",\"module\":\"sse\",\"tag\":\"AUTH\",\"msg\":\"Using nvidia account: 2d039916...\"}","timestamp":"2026-07-26T23:14:02.212Z"}

data: {"data":"[ProxyEgress] nvidia/2d039916 in=113.20.2.214 out=44.196.116.2 proxy=direct status=success","timestamp":"2026-07-26T23:14:03.617Z"}

data: {"data":"[23:14:04] 📊 \u001b[32m[USAGE] NVIDIA | in=61258 | out=129 | account=2d039916...\u001b[0m \u001b[33m(estimated)\u001b[0m | cache_read=58496","timestamp":"2026-07-26T23:14:04.740Z"}

data: {"data":"[23:14:04] 🌊 [STREAM] NVIDIA | z-ai/glm-5.2 | 2545ms | complete","timestamp":"2026-07-26T23:14:04.746Z"}

data: {"data":"time=2026-07-26T23:14:05.130Z level=INFO msg=\"compaction complete\" level=1 txid.min=0000000000000104 txid.max=000000000000010b size=32847","timestamp":"2026-07-26T23:14:05.130Z"}

data: {"data":"[INFO] [SKILLS_INJECTION] skills.injection.skipped {\"apiKeyId\":\"env-key\",\"reason\":\"no_enabled_skills\"}","timestamp":"2026-07-26T23:14:06.545Z"}

data: {"data":"{\"level\":30,\"time\":\"2026-07-26T23:14:06.515Z\",\"service\":\"omniroute\",\"module\":\"sse\",\"tag\":\"HTTP\",\"method\":\"POST\",\"path\":\"/v1/messages | nvidia/z-ai/glm-5.2 | 35 msgs | 30 tools\",\"msg\":\"📥 POST /v1/messages | nvidia/z-ai/glm-5.2 | 35 msgs | 30 tools\"}","timestamp":"2026-07-26T23:14:06.564Z"}

data: {"data":"{\"level\":30,\"time\":\"2026-07-26T23:14:06.520Z\",\"service\":\"omniroute\",\"module\":\"sse\",\"tag\":\"ROUTING\",\"msg\":\"Provider: nvidia, Model: z-ai/glm-5.2\"}","timestamp":"2026-07-26T23:14:06.564Z"}

data: {"data":"{\"level\":30,\"time\":\"2026-07-26T23:14:06.523Z\",\"service\":\"omniroute\",\"module\":\"sse\",\"tag\":\"AUTH\",\"msg\":\"session_key=input:sha256:eebcc... has no available affinity target\"}","timestamp":"2026-07-26T23:14:06.564Z"}

data: {"data":"{\"level\":30,\"time\":\"2026-07-26T23:14:06.523Z\",\"service\":\"omniroute\",\"module\":\"sse\",\"tag\":\"AUTH\",\"msg\":\"Using nvidia account: d6a27df9...\"}","timestamp":"2026-07-26T23:14:06.564Z"}

data: {"data":"[ProxyEgress] nvidia/d6a27df9 in=113.20.2.214 out=44.196.116.2 proxy=direct status=success","timestamp":"2026-07-26T23:14:07.038Z"}

data: {"data":"[23:14:11] 📊 \u001b[32m[USAGE] NVIDIA | in=62566 | out=399 | account=d6a27df9...\u001b[0m \u001b[33m(estimated)\u001b[0m | cache_read=61376","timestamp":"2026-07-26T23:14:11.420Z"}

data: {"data":"[23:14:11] 🌊 [STREAM] NVIDIA | z-ai/glm-5.2 | 4880ms | complete","timestamp":"2026-07-26T23:14:11.428Z"}

data: {"data":"[INFO] [SKILLS_INJECTION] skills.injection.skipped {\"apiKeyId\":\"env-key\",\"reason\":\"no_enabled_skills\"}","timestamp":"2026-07-26T23:14:13.425Z"}

data: {"data":"{\"level\":30,\"time\":\"2026-07-26T23:14:13.387Z\",\"service\":\"omniroute\",\"module\":\"sse\",\"tag\":\"HTTP\",\"method\":\"POST\",\"path\":\"/v1/messages | nvidia/z-ai/glm-5.2 | 37 msgs | 30 tools\",\"msg\":\"📥 POST /v1/messages | nvidia/z-ai/glm-5.2 | 37 msgs | 30 tools\"}","timestamp":"2026-07-26T23:14:13.437Z"}

data: {"data":"{\"level\":30,\"time\":\"2026-07-26T23:14:13.393Z\",\"service\":\"omniroute\",\"module\":\"sse\",\"tag\":\"ROUTING\",\"msg\":\"Provider: nvidia, Model: z-ai/glm-5.2\"}","timestamp":"2026-07-26T23:14:13.437Z"}

data: {"data":"{\"level\":30,\"time\":\"2026-07-26T23:14:13.397Z\",\"service\":\"omniroute\",\"module\":\"sse\",\"tag\":\"AUTH\",\"msg\":\"session_key=input:sha256:eebcc... has no available affinity target\"}","timestamp":"2026-07-26T23:14:13.437Z"}

data: {"data":"{\"level\":30,\"time\":\"2026-07-26T23:14:13.398Z\",\"service\":\"omniroute\",\"module\":\"sse\",\"tag\":\"AUTH\",\"msg\":\"Using nvidia account: 7d5d42c4...\"}","timestamp":"2026-07-26T23:14:13.437Z"}

data: {"data":"[ProxyEgress] nvidia/7d5d42c4 in=113.20.2.214 out=44.196.116.2 proxy=direct status=success","timestamp":"2026-07-26T23:14:15.256Z"}

data: {"data":"[23:14:30] 📊 \u001b[32m[USAGE] NVIDIA | in=68715 | out=543 | account=7d5d42c4...\u001b[0m \u001b[33m(estimated)\u001b[0m | cache_read=62912","timestamp":"2026-07-26T23:14:30.257Z"}

data: {"data":"[23:14:30] 🌊 [STREAM] NVIDIA | z-ai/glm-5.2 | 16835ms | complete","timestamp":"2026-07-26T23:14:30.263Z"}

data: {"data":"[INFO] [SKILLS_INJECTION] skills.injection.skipped {\"apiKeyId\":\"env-key\",\"reason\":\"no_enabled_skills\"}","timestamp":"2026-07-26T23:14:32.321Z"}

data: {"data":"{\"level\":30,\"time\":\"2026-07-26T23:14:32.282Z\",\"service\":\"omniroute\",\"module\":\"sse\",\"tag\":\"HTTP\",\"method\":\"POST\",\"path\":\"/v1/messages | nvidia/z-ai/glm-5.2 | 40 msgs | 30 tools\",\"msg\":\"📥 POST /v1/messages | nvidia/z-ai/glm-5.2 | 40 msgs | 30 tools\"}","timestamp":"2026-07-26T23:14:32.334Z"}

data: {"data":"{\"level\":30,\"time\":\"2026-07-26T23:14:32.289Z\",\"service\":\"omniroute\",\"module\":\"sse\",\"tag\":\"ROUTING\",\"msg\":\"Provider: nvidia, Model: z-ai/glm-5.2\"}","timestamp":"2026-07-26T23:14:32.335Z"}

data: {"data":"{\"level\":30,\"time\":\"2026-07-26T23:14:32.292Z\",\"service\":\"omniroute\",\"module\":\"sse\",\"tag\":\"AUTH\",\"msg\":\"session_key=input:sha256:eebcc... has no available affinity target\"}","timestamp":"2026-07-26T23:14:32.335Z"}

data: {"data":"{\"level\":30,\"time\":\"2026-07-26T23:14:32.293Z\",\"service\":\"omniroute\",\"module\":\"sse\",\"tag\":\"AUTH\",\"msg\":\"Using nvidia account: f2b0933a...\"}","timestamp":"2026-07-26T23:14:32.335Z"}

data: {"data":"time=2026-07-26T23:14:34.976Z level=INFO msg=\"compaction complete\" level=1 txid.min=000000000000010c txid.max=0000000000000117 size=310943","timestamp":"2026-07-26T23:14:34.976Z"}

data: {"data":"[ProxyEgress] nvidia/f2b0933a in=113.20.2.214 out=44.196.116.2 proxy=direct status=success","timestamp":"2026-07-26T23:14:35.270Z"}

data: {"data":"[23:14:38] 📊 \u001b[32m[USAGE] NVIDIA | in=70461 | out=392 | account=f2b0933a...\u001b[0m \u001b[33m(estimated)\u001b[0m | cache_read=384","timestamp":"2026-07-26T23:14:38.717Z"}

data: {"data":"[23:14:38] 🌊 [STREAM] NVIDIA | z-ai/glm-5.2 | 6397ms | complete","timestamp":"2026-07-26T23:14:38.723Z"}

data: {"data":"[INFO] [SKILLS_INJECTION] skills.injection.skipped {\"apiKeyId\":\"env-key\",\"reason\":\"no_enabled_skills\"}","timestamp":"2026-07-26T23:14:40.682Z"}

data: {"data":"{\"level\":30,\"time\":\"2026-07-26T23:14:40.650Z\",\"service\":\"omniroute\",\"module\":\"sse\",\"tag\":\"HTTP\",\"method\":\"POST\",\"path\":\"/v1/messages | nvidia/z-ai/glm-5.2 | 42 msgs | 30 tools\",\"msg\":\"📥 POST /v1/messages | nvidia/z-ai/glm-5.2 | 42 msgs | 30 tools\"}","timestamp":"2026-07-26T23:14:40.699Z"}

data: {"data":"{\"level\":30,\"time\":\"2026-07-26T23:14:40.656Z\",\"service\":\"omniroute\",\"module\":\"sse\",\"tag\":\"ROUTING\",\"msg\":\"Provider: nvidia, Model: z-ai/glm-5.2\"}","timestamp":"2026-07-26T23:14:40.699Z"}

data: {"data":"{\"level\":30,\"time\":\"2026-07-26T23:14:40.659Z\",\"service\":\"omniroute\",\"module\":\"sse\",\"tag\":\"AUTH\",\"msg\":\"session_key=input:sha256:eebcc... has no available affinity target\"}","timestamp":"2026-07-26T23:14:40.699Z"}

data: {"data":"{\"level\":30,\"time\":\"2026-07-26T23:14:40.660Z\",\"service\":\"omniroute\",\"module\":\"sse\",\"tag\":\"AUTH\",\"msg\":\"Using nvidia account: 9cda5fc2...\"}","timestamp":"2026-07-26T23:14:40.699Z"}

data: {"data":"[ProxyEgress] nvidia/9cda5fc2 in=113.20.2.214 out=44.196.116.2 proxy=direct status=success","timestamp":"2026-07-26T23:14:42.368Z"}

data: {"data":"time=2026-07-26T23:15:04.680Z level=INFO msg=\"compaction complete\" level=2 txid.min=00000000000000ea txid.max=0000000000000117 size=310943","timestamp":"2026-07-26T23:15:04.680Z"}

data: {"data":"time=2026-07-26T23:15:05.038Z level=INFO msg=\"compaction complete\" level=1 txid.min=0000000000000118 txid.max=000000000000011d size=36128","timestamp":"2026-07-26T23:15:05.038Z"}

data: {"data":"[ProviderLimitsSync] Cycle complete: 0/0 synced in 2ms","timestamp":"2026-07-26T23:15:40.252Z"}

data: {"data":"[23:15:54] 📊 \u001b[32m[USAGE] NVIDIA | in=71500 | out=4069 | account=9cda5fc2...\u001b[0m \u001b[33m(estimated)\u001b[0m | cache_read=60992","timestamp":"2026-07-26T23:15:54.521Z"}

data: {"data":"[23:15:54] 🌊 [STREAM] NVIDIA | z-ai/glm-5.2 | 73842ms | complete","timestamp":"2026-07-26T23:15:54.527Z"}

data: {"data":"[INFO] [SKILLS_INJECTION] skills.injection.skipped {\"apiKeyId\":\"env-key\",\"reason\":\"no_enabled_skills\"}","timestamp":"2026-07-26T23:15:56.552Z"}

data: {"data":"{\"level\":30,\"time\":\"2026-07-26T23:15:56.506Z\",\"service\":\"omniroute\",\"module\":\"sse\",\"tag\":\"HTTP\",\"method\":\"POST\",\"path\":\"/v1/messages | nvidia/z-ai/glm-5.2 | 44 msgs | 30 tools\",\"msg\":\"📥 POST /v1/messages | nvidia/z-ai/glm-5.2 | 44 msgs | 30 tools\"}","timestamp":"2026-07-26T23:15:56.569Z"}

data: {"data":"{\"level\":30,\"time\":\"2026-07-26T23:15:56.514Z\",\"service\":\"omniroute\",\"module\":\"sse\",\"tag\":\"ROUTING\",\"msg\":\"Provider: nvidia, Model: z-ai/glm-5.2\"}","timestamp":"2026-07-26T23:15:56.570Z"}

data: {"data":"{\"level\":30,\"time\":\"2026-07-26T23:15:56.519Z\",\"service\":\"omniroute\",\"module\":\"sse\",\"tag\":\"AUTH\",\"msg\":\"session_key=input:sha256:eebcc... has no available affinity target\"}","timestamp":"2026-07-26T23:15:56.570Z"}

data: {"data":"{\"level\":30,\"time\":\"2026-07-26T23:15:56.520Z\",\"service\":\"omniroute\",\"module\":\"sse\",\"tag\":\"AUTH\",\"msg\":\"Using nvidia account: d1717878...\"}","timestamp":"2026-07-26T23:15:56.570Z"}

data: {"data":"[ProxyEgress] nvidia/d1717878 in=113.20.2.214 out=44.196.116.2 proxy=direct status=success","timestamp":"2026-07-26T23:15:59.618Z"}

data: {"data":"[23:16:01] 📊 \u001b[32m[USAGE] NVIDIA | in=75626 | out=173 | account=d1717878...\u001b[0m \u001b[33m(estimated)\u001b[0m | cache_read=1984","timestamp":"2026-07-26T23:16:01.169Z"}

data: {"data":"[23:16:01] 🌊 [STREAM] NVIDIA | z-ai/glm-5.2 | 4618ms | complete","timestamp":"2026-07-26T23:16:01.176Z"}

data: {"data":"time=2026-07-26T23:16:02.975Z level=INFO msg=\"compaction complete\" level=1 txid.min=000000000000011e txid.max=0000000000000121 size=314014","timestamp":"2026-07-26T23:16:02.975Z"}

data: {"data":"[INFO] [SKILLS_INJECTION] skills.injection.skipped {\"apiKeyId\":\"env-key\",\"reason\":\"no_enabled_skills\"}","timestamp":"2026-07-26T23:16:03.253Z"}

data: {"data":"{\"level\":30,\"time\":\"2026-07-26T23:16:03.210Z\",\"service\":\"omniroute\",\"module\":\"sse\",\"tag\":\"HTTP\",\"method\":\"POST\",\"path\":\"/v1/messages | nvidia/z-ai/glm-5.2 | 46 msgs | 30 tools\",\"msg\":\"📥 POST /v1/messages | nvidia/z-ai/glm-5.2 | 46 msgs | 30 tools\"}","timestamp":"2026-07-26T23:16:03.266Z"}

data: {"data":"{\"level\":30,\"time\":\"2026-07-26T23:16:03.216Z\",\"service\":\"omniroute\",\"module\":\"sse\",\"tag\":\"ROUTING\",\"msg\":\"Provider: nvidia, Model: z-ai/glm-5.2\"}","timestamp":"2026-07-26T23:16:03.266Z"}

data: {"data":"{\"level\":30,\"time\":\"2026-07-26T23:16:03.219Z\",\"service\":\"omniroute\",\"module\":\"sse\",\"tag\":\"AUTH\",\"msg\":\"session_key=input:sha256:eebcc... has no available affinity target\"}","timestamp":"2026-07-26T23:16:03.266Z"}

data: {"data":"{\"level\":30,\"time\":\"2026-07-26T23:16:03.219Z\",\"service\":\"omniroute\",\"module\":\"sse\",\"tag\":\"AUTH\",\"msg\":\"Using nvidia account: a0c72227...\"}","timestamp":"2026-07-26T23:16:03.266Z"}

data: {"data":"[ProxyEgress] nvidia/a0c72227 in=113.20.2.214 out=44.196.116.2 proxy=direct status=success","timestamp":"2026-07-26T23:16:03.861Z"}

data: {"data":"time=2026-07-26T23:16:35.109Z level=INFO msg=\"compaction complete\" level=1 txid.min=0000000000000122 txid.max=0000000000000125 size=32772","timestamp":"2026-07-26T23:16:35.109Z"}

data: {"data":"[23:16:38] 📊 \u001b[32m[USAGE] NVIDIA | in=76369 | out=946 | account=a0c72227...\u001b[0m \u001b[33m(estimated)\u001b[0m | cache_read=70848","timestamp":"2026-07-26T23:16:38.279Z"}

data: {"data":"[23:16:38] 🌊 [STREAM] NVIDIA | z-ai/glm-5.2 | 35028ms | complete","timestamp":"2026-07-26T23:16:38.285Z"}

data: {"data":"time=2026-07-26T23:17:04.979Z level=INFO msg=\"compaction complete\" level=1 txid.min=0000000000000126 txid.max=0000000000000126 size=21987","timestamp":"2026-07-26T23:17:04.979Z"}

data: {"data":"[INFO] [SKILLS_INJECTION] skills.injection.skipped {\"apiKeyId\":\"env-key\",\"reason\":\"no_enabled_skills\"}","timestamp":"2026-07-26T23:19:40.208Z"}

data: {"data":"{\"level\":30,\"time\":\"2026-07-26T23:19:40.151Z\",\"service\":\"omniroute\",\"module\":\"sse\",\"tag\":\"HTTP\",\"method\":\"POST\",\"path\":\"/v1/messages | nvidia/z-ai/glm-5.2 | 48 msgs | 30 tools\",\"msg\":\"📥 POST /v1/messages | nvidia/z-ai/glm-5.2 | 48 msgs | 30 tools\"}","timestamp":"2026-07-26T23:19:40.227Z"}

data: {"data":"{\"level\":30,\"time\":\"2026-07-26T23:19:40.159Z\",\"service\":\"omniroute\",\"module\":\"sse\",\"tag\":\"ROUTING\",\"msg\":\"Provider: nvidia, Model: z-ai/glm-5.2\"}","timestamp":"2026-07-26T23:19:40.227Z"}

data: {"data":"{\"level\":30,\"time\":\"2026-07-26T23:19:40.165Z\",\"service\":\"omniroute\",\"module\":\"sse\",\"tag\":\"AUTH\",\"msg\":\"session_key=input:sha256:eebcc... has no available affinity target\"}","timestamp":"2026-07-26T23:19:40.227Z"}

data: {"data":"{\"level\":30,\"time\":\"2026-07-26T23:19:40.165Z\",\"service\":\"omniroute\",\"module\":\"sse\",\"tag\":\"AUTH\",\"msg\":\"Using nvidia account: 38a09429...\"}","timestamp":"2026-07-26T23:19:40.227Z"}

data: {"data":"[23:19:45] 📊 \u001b[32m[USAGE] NVIDIA | in=77381 | out=94 | account=38a09429...\u001b[0m \u001b[33m(estimated)\u001b[0m | cache_read=1536","timestamp":"2026-07-26T23:19:45.120Z"}

data: {"data":"[23:19:45] 🌊 [STREAM] NVIDIA | z-ai/glm-5.2 | 4917ms | complete","timestamp":"2026-07-26T23:19:45.131Z"}

data: {"data":"time=2026-07-26T23:19:59.769Z level=INFO msg=\"l0 retention enforced\" db=storage.sqlite deleted_count=51 max_l1_txid=0000000000000126","timestamp":"2026-07-26T23:19:59.770Z"}

data: {"data":"time=2026-07-26T23:20:03.288Z level=INFO msg=\"l0 retention enforced\" db=storage.sqlite deleted_count=1 max_l1_txid=000000000000012b","timestamp":"2026-07-26T23:20:03.288Z"}

data: {"data":"time=2026-07-26T23:20:03.288Z level=INFO msg=\"compaction complete\" level=1 txid.min=0000000000000127 txid.max=000000000000012b size=315786","timestamp":"2026-07-26T23:20:03.288Z"}

data: {"data":"time=2026-07-26T23:20:08.619Z level=INFO msg=\"compaction complete\" level=2 txid.min=0000000000000118 txid.max=000000000000012b size=315786","timestamp":"2026-07-26T23:20:08.619Z"}

data: {"data":"🧹 [RATE-LIMIT] Evicting idle limiter: nvidia:1830e4f7-dd8f-4c11-9d65-c0acdced6494 (inactive for 620s)","timestamp":"2026-07-26T23:22:34.504Z"}

data: {"data":"🧹 [RATE-LIMIT] Evicting idle limiter: nvidia:58f42365-24ac-4844-b08b-af609b1057d1 (inactive for 613s)","timestamp":"2026-07-26T23:22:34.504Z"}

data: {"data":"[INFO] [SKILLS_INJECTION] skills.injection.skipped {\"apiKeyId\":\"env-key\",\"reason\":\"no_enabled_skills\"}","timestamp":"2026-07-26T23:22:52.253Z"}

data: {"data":"{\"level\":30,\"time\":\"2026-07-26T23:22:52.187Z\",\"service\":\"omniroute\",\"module\":\"sse\",\"tag\":\"HTTP\",\"method\":\"POST\",\"path\":\"/v1/messages | nvidia/z-ai/glm-5.2 | 49 msgs | 30 tools\",\"msg\":\"📥 POST /v1/messages | nvidia/z-ai/glm-5.2 | 49 msgs | 30 tools\"}","timestamp":"2026-07-26T23:22:52.265Z"}

data: {"data":"{\"level\":30,\"time\":\"2026-07-26T23:22:52.194Z\",\"service\":\"omniroute\",\"module\":\"sse\",\"tag\":\"ROUTING\",\"msg\":\"Provider: nvidia, Model: z-ai/glm-5.2\"}","timestamp":"2026-07-26T23:22:52.265Z"}

data: {"data":"{\"level\":30,\"time\":\"2026-07-26T23:22:52.202Z\",\"service\":\"omniroute\",\"module\":\"sse\",\"tag\":\"AUTH\",\"msg\":\"session_key=input:sha256:eebcc... has no available affinity target\"}","timestamp":"2026-07-26T23:22:52.265Z"}

data: {"data":"{\"level\":30,\"time\":\"2026-07-26T23:22:52.203Z\",\"service\":\"omniroute\",\"module\":\"sse\",\"tag\":\"AUTH\",\"msg\":\"Using nvidia account: 9865dfaa...\"}","timestamp":"2026-07-26T23:22:52.265Z"}

data: {"data":"[ProxyEgress] nvidia/9865dfaa in=113.20.2.214 out=44.196.116.2 proxy=direct status=success","timestamp":"2026-07-26T23:22:55.420Z"}

data: {"data":"time=2026-07-26T23:23:04.340Z level=INFO msg=\"l0 retention enforced\" db=storage.sqlite deleted_count=9 max_l1_txid=000000000000012e","timestamp":"2026-07-26T23:23:04.341Z"}

data: {"data":"time=2026-07-26T23:23:04.340Z level=INFO msg=\"compaction complete\" level=1 txid.min=000000000000012c txid.max=000000000000012e size=315978","timestamp":"2026-07-26T23:23:04.341Z"}

data: {"data":"🧹 [RATE-LIMIT] Evicting idle limiter: nvidia:09665ab2-ccd5-473b-9674-14967d3741b7 (inactive for 626s)","timestamp":"2026-07-26T23:23:04.503Z"}

data: {"data":"🧹 [RATE-LIMIT] Evicting idle limiter: nvidia:2d9ef15f-bc96-49d8-b476-56b2ad65c431 (inactive for 615s)","timestamp":"2026-07-26T23:23:04.503Z"}

data: {"data":"🧹 [RATE-LIMIT] Evicting idle limiter: nvidia:53f96ffa-5bb1-424c-925f-86c1b44688ec (inactive for 610s)","timestamp":"2026-07-26T23:23:04.503Z"}

data: {"data":"🧹 [RATE-LIMIT] Evicting idle limiter: nvidia:deb0258d-ecce-4c26-ad39-542c44736a0a (inactive for 606s)","timestamp":"2026-07-26T23:23:04.503Z"}

data: {"data":"[23:23:17] 📊 \u001b[32m[USAGE] NVIDIA | in=77421 | out=658 | account=9865dfaa...\u001b[0m \u001b[33m(estimated)\u001b[0m | cache_read=1856","timestamp":"2026-07-26T23:23:17.141Z"}

data: {"data":"[23:23:17] 🌊 [STREAM] NVIDIA | z-ai/glm-5.2 | 24893ms | complete","timestamp":"2026-07-26T23:23:17.148Z"}

data: {"data":"[INFO] [SKILLS_INJECTION] skills.injection.skipped {\"apiKeyId\":\"env-key\",\"reason\":\"no_enabled_skills\"}","timestamp":"2026-07-26T23:23:19.229Z"}

data: {"data":"{\"level\":30,\"time\":\"2026-07-26T23:23:19.177Z\",\"service\":\"omniroute\",\"module\":\"sse\",\"tag\":\"HTTP\",\"method\":\"POST\",\"path\":\"/v1/messages | nvidia/z-ai/glm-5.2 | 51 msgs | 30 tools\",\"msg\":\"📥 POST /v1/messages | nvidia/z-ai/glm-5.2 | 51 msgs | 30 tools\"}","timestamp":"2026-07-26T23:23:19.242Z"}

data: {"data":"{\"level\":30,\"time\":\"2026-07-26T23:23:19.183Z\",\"service\":\"omniroute\",\"module\":\"sse\",\"tag\":\"ROUTING\",\"msg\":\"Provider: nvidia, Model: z-ai/glm-5.2\"}","timestamp":"2026-07-26T23:23:19.242Z"}

data: {"data":"{\"level\":30,\"time\":\"2026-07-26T23:23:19.187Z\",\"service\":\"omniroute\",\"module\":\"sse\",\"tag\":\"AUTH\",\"msg\":\"session_key=input:sha256:eebcc... has no available affinity target\"}","timestamp":"2026-07-26T23:23:19.242Z"}

data: {"data":"{\"level\":30,\"time\":\"2026-07-26T23:23:19.188Z\",\"service\":\"omniroute\",\"module\":\"sse\",\"tag\":\"AUTH\",\"msg\":\"Using nvidia account: 3f77f218...\"}","timestamp":"2026-07-26T23:23:19.242Z"}

data: {"data":"[ProxyEgress] nvidia/3f77f218 in=113.20.2.214 out=44.196.116.2 proxy=direct status=success","timestamp":"2026-07-26T23:23:22.542Z"}

data: {"data":"[23:23:28] 📊 \u001b[32m[USAGE] NVIDIA | in=78622 | out=629 | account=3f77f218...\u001b[0m \u001b[33m(estimated)\u001b[0m | cache_read=384","timestamp":"2026-07-26T23:23:28.477Z"}

data: {"data":"[23:23:28] 🌊 [STREAM] NVIDIA | z-ai/glm-5.2 | 9251ms | complete","timestamp":"2026-07-26T23:23:28.483Z"}

data: {"data":"[INFO] [SKILLS_INJECTION] skills.injection.skipped {\"apiKeyId\":\"env-key\",\"reason\":\"no_enabled_skills\"}","timestamp":"2026-07-26T23:23:30.578Z"}

data: {"data":"{\"level\":30,\"time\":\"2026-07-26T23:23:30.537Z\",\"service\":\"omniroute\",\"module\":\"sse\",\"tag\":\"HTTP\",\"method\":\"POST\",\"path\":\"/v1/messages | nvidia/z-ai/glm-5.2 | 53 msgs | 30 tools\",\"msg\":\"📥 POST /v1/messages | nvidia/z-ai/glm-5.2 | 53 msgs | 30 tools\"}","timestamp":"2026-07-26T23:23:30.594Z"}

data: {"data":"{\"level\":30,\"time\":\"2026-07-26T23:23:30.543Z\",\"service\":\"omniroute\",\"module\":\"sse\",\"tag\":\"ROUTING\",\"msg\":\"Provider: nvidia, Model: z-ai/glm-5.2\"}","timestamp":"2026-07-26T23:23:30.595Z"}

data: {"data":"{\"level\":30,\"time\":\"2026-07-26T23:23:30.546Z\",\"service\":\"omniroute\",\"module\":\"sse\",\"tag\":\"AUTH\",\"msg\":\"session_key=input:sha256:eebcc... has no available affinity target\"}","timestamp":"2026-07-26T23:23:30.595Z"}

data: {"data":"{\"level\":30,\"time\":\"2026-07-26T23:23:30.547Z\",\"service\":\"omniroute\",\"module\":\"sse\",\"tag\":\"AUTH\",\"msg\":\"Using nvidia account: a68545c0...\"}","timestamp":"2026-07-26T23:23:30.595Z"}

data: {"data":"[ProxyEgress] nvidia/a68545c0 in=113.20.2.214 out=44.196.116.2 proxy=direct status=success","timestamp":"2026-07-26T23:23:34.144Z"}

data: {"data":"🧹 [RATE-LIMIT] Evicting idle limiter: nvidia:3317f8d3-ffa6-4e41-a8ad-7eeaf91a3f93 (inactive for 627s)","timestamp":"2026-07-26T23:23:34.503Z"}

data: {"data":"🧹 [RATE-LIMIT] Evicting idle limiter: nvidia:c5116293-3a1e-420b-890b-ddff9ee0db57 (inactive for 620s)","timestamp":"2026-07-26T23:23:34.503Z"}

data: {"data":"🧹 [RATE-LIMIT] Evicting idle limiter: nvidia:cb888a54-217d-4ad6-b191-1cc5d06841e0 (inactive for 614s)","timestamp":"2026-07-26T23:23:34.503Z"}

data: {"data":"🧹 [RATE-LIMIT] Evicting idle limiter: nvidia:d65f33e2-26b4-4096-bb40-214be567a5f8 (inactive for 603s)","timestamp":"2026-07-26T23:23:34.503Z"}

data: {"data":"time=2026-07-26T23:23:36.732Z level=INFO msg=\"compaction complete\" level=1 txid.min=000000000000012f txid.max=0000000000000131 size=34660","timestamp":"2026-07-26T23:23:36.732Z"}

data: {"data":"[23:23:39] 📊 \u001b[32m[USAGE] NVIDIA | in=80854 | out=359 | account=a68545c0...\u001b[0m \u001b[33m(estimated)\u001b[0m | cache_read=1856","timestamp":"2026-07-26T23:23:39.093Z"}

data: {"data":"[23:23:39] 🌊 [STREAM] NVIDIA | z-ai/glm-5.2 | 8520ms | complete","timestamp":"2026-07-26T23:23:39.102Z"}

data: {"data":"[INFO] [SKILLS_INJECTION] skills.injection.skipped {\"apiKeyId\":\"env-key\",\"reason\":\"no_enabled_skills\"}","timestamp":"2026-07-26T23:23:41.081Z"}

data: {"data":"{\"level\":30,\"time\":\"2026-07-26T23:23:41.044Z\",\"service\":\"omniroute\",\"module\":\"sse\",\"tag\":\"HTTP\",\"method\":\"POST\",\"path\":\"/v1/messages | nvidia/z-ai/glm-5.2 | 56 msgs | 30 tools\",\"msg\":\"📥 POST /v1/messages | nvidia/z-ai/glm-5.2 | 56 msgs | 30 tools\"}","timestamp":"2026-07-26T23:23:41.102Z"}

data: {"data":"{\"level\":30,\"time\":\"2026-07-26T23:23:41.051Z\",\"service\":\"omniroute\",\"module\":\"sse\",\"tag\":\"ROUTING\",\"msg\":\"Provider: nvidia, Model: z-ai/glm-5.2\"}","timestamp":"2026-07-26T23:23:41.102Z"}

data: {"data":"{\"level\":30,\"time\":\"2026-07-26T23:23:41.054Z\",\"service\":\"omniroute\",\"module\":\"sse\",\"tag\":\"AUTH\",\"msg\":\"session_key=input:sha256:eebcc... has no available affinity target\"}","timestamp":"2026-07-26T23:23:41.102Z"}

data: {"data":"{\"level\":30,\"time\":\"2026-07-26T23:23:41.054Z\",\"service\":\"omniroute\",\"module\":\"sse\",\"tag\":\"AUTH\",\"msg\":\"Using nvidia account: dd511141...\"}","timestamp":"2026-07-26T23:23:41.102Z"}

data: {"data":"[ProxyEgress] nvidia/dd511141 in=113.20.2.214 out=44.196.116.2 proxy=direct status=success","timestamp":"2026-07-26T23:23:41.686Z"}

data: {"data":"[23:23:48] 📊 \u001b[32m[USAGE] NVIDIA | in=82980 | out=645 | account=dd511141...\u001b[0m \u001b[33m(estimated)\u001b[0m | cache_read=79232","timestamp":"2026-07-26T23:23:48.165Z"}

data: {"data":"[23:23:48] 🌊 [STREAM] NVIDIA | z-ai/glm-5.2 | 7087ms | complete","timestamp":"2026-07-26T23:23:48.172Z"}

data: {"data":"[INFO] [SKILLS_INJECTION] skills.injection.skipped {\"apiKeyId\":\"env-key\",\"reason\":\"no_enabled_skills\"}","timestamp":"2026-07-26T23:23:50.164Z"}

data: {"data":"{\"level\":30,\"time\":\"2026-07-26T23:23:50.117Z\",\"service\":\"omniroute\",\"module\":\"sse\",\"tag\":\"HTTP\",\"method\":\"POST\",\"path\":\"/v1/messages | nvidia/z-ai/glm-5.2 | 58 msgs | 30 tools\",\"msg\":\"📥 POST /v1/messages | nvidia/z-ai/glm-5.2 | 58 msgs | 30 tools\"}","timestamp":"2026-07-26T23:23:50.178Z"}

data: {"data":"{\"level\":30,\"time\":\"2026-07-26T23:23:50.125Z\",\"service\":\"omniroute\",\"module\":\"sse\",\"tag\":\"ROUTING\",\"msg\":\"Provider: nvidia, Model: z-ai/glm-5.2\"}","timestamp":"2026-07-26T23:23:50.178Z"}

data: {"data":"{\"level\":30,\"time\":\"2026-07-26T23:23:50.128Z\",\"service\":\"omniroute\",\"module\":\"sse\",\"tag\":\"AUTH\",\"msg\":\"session_key=input:sha256:eebcc... has no available affinity target\"}","timestamp":"2026-07-26T23:23:50.178Z"}

data: {"data":"{\"level\":30,\"time\":\"2026-07-26T23:23:50.129Z\",\"service\":\"omniroute\",\"module\":\"sse\",\"tag\":\"AUTH\",\"msg\":\"Using nvidia account: 2bcea68b...\"}","timestamp":"2026-07-26T23:23:50.178Z"}

data: {"data":"[ProxyEgress] nvidia/2bcea68b in=113.20.2.214 out=44.196.116.2 proxy=direct status=success","timestamp":"2026-07-26T23:23:53.725Z"}

data: {"data":"[23:23:54] 📊 \u001b[32m[USAGE] NVIDIA | in=83844 | out=54 | account=2bcea68b...\u001b[0m \u001b[33m(estimated)\u001b[0m | cache_read=384","timestamp":"2026-07-26T23:23:54.254Z"}

data: {"data":"[23:23:54] 🌊 [STREAM] NVIDIA | z-ai/glm-5.2 | 4092ms | complete","timestamp":"2026-07-26T23:23:54.260Z"}

data: {"data":"[INFO] [SKILLS_INJECTION] skills.injection.skipped {\"apiKeyId\":\"env-key\",\"reason\":\"no_enabled_skills\"}","timestamp":"2026-07-26T23:23:56.183Z"}

data: {"data":"{\"level\":30,\"time\":\"2026-07-26T23:23:56.147Z\",\"service\":\"omniroute\",\"module\":\"sse\",\"tag\":\"HTTP\",\"method\":\"POST\",\"path\":\"/v1/messages | nvidia/z-ai/glm-5.2 | 60 msgs | 30 tools\",\"msg\":\"📥 POST /v1/messages | nvidia/z-ai/glm-5.2 | 60 msgs | 30 tools\"}","timestamp":"2026-07-26T23:23:56.206Z"}

data: {"data":"{\"level\":30,\"time\":\"2026-07-26T23:23:56.153Z\",\"service\":\"omniroute\",\"module\":\"sse\",\"tag\":\"ROUTING\",\"msg\":\"Provider: nvidia, Model: z-ai/glm-5.2\"}","timestamp":"2026-07-26T23:23:56.206Z"}

data: {"data":"{\"level\":30,\"time\":\"2026-07-26T23:23:56.156Z\",\"service\":\"omniroute\",\"module\":\"sse\",\"tag\":\"AUTH\",\"msg\":\"session_key=input:sha256:eebcc... has no available affinity target\"}","timestamp":"2026-07-26T23:23:56.206Z"}

data: {"data":"{\"level\":30,\"time\":\"2026-07-26T23:23:56.157Z\",\"service\":\"omniroute\",\"module\":\"sse\",\"tag\":\"AUTH\",\"msg\":\"Using nvidia account: 1830e4f7...\"}","timestamp":"2026-07-26T23:23:56.206Z"}

data: {"data":"[ProxyEgress] nvidia/1830e4f7 in=113.20.2.214 out=44.196.116.2 proxy=direct status=success","timestamp":"2026-07-26T23:24:00.638Z"}

data: {"data":"🧹 [RATE-LIMIT] Evicting idle limiter: nvidia:ccaad834-d081-4ec4-8e8d-713afc7d722f (inactive for 617s)","timestamp":"2026-07-26T23:24:04.503Z"}

data: {"data":"🧹 [RATE-LIMIT] Evicting idle limiter: nvidia:def58a55-cab9-4048-a69b-4fa1ae9d557a (inactive for 609s)","timestamp":"2026-07-26T23:24:04.503Z"}

data: {"data":"🧹 [RATE-LIMIT] Evicting idle limiter: nvidia:2d039916-88d8-495f-b886-bd5dc25ce047 (inactive for 601s)","timestamp":"2026-07-26T23:24:04.503Z"}

data: {"data":"time=2026-07-26T23:24:05.113Z level=INFO msg=\"compaction complete\" level=1 txid.min=0000000000000132 txid.max=000000000000013a size=318873","timestamp":"2026-07-26T23:24:05.113Z"}

data: {"data":"[23:24:12] 📊 \u001b[32m[USAGE] NVIDIA | in=87478 | out=396 | account=1830e4f7...\u001b[0m \u001b[33m(estimated)\u001b[0m | cache_read=384","timestamp":"2026-07-26T23:24:12.153Z"}

data: {"data":"[23:24:12] 🌊 [STREAM] NVIDIA | z-ai/glm-5.2 | 15972ms | complete","timestamp":"2026-07-26T23:24:12.160Z"}

data: {"data":"[INFO] [SKILLS_INJECTION] skills.injection.skipped {\"apiKeyId\":\"env-key\",\"reason\":\"no_enabled_skills\"}","timestamp":"2026-07-26T23:24:16.051Z"}

data: {"data":"{\"level\":30,\"time\":\"2026-07-26T23:24:16.015Z\",\"service\":\"omniroute\",\"module\":\"sse\",\"tag\":\"HTTP\",\"method\":\"POST\",\"path\":\"/v1/messages | nvidia/z-ai/glm-5.2 | 62 msgs | 30 tools\",\"msg\":\"📥 POST /v1/messages | nvidia/z-ai/glm-5.2 | 62 msgs | 30 tools\"}","timestamp":"2026-07-26T23:24:16.064Z"}

data: {"data":"{\"level\":30,\"time\":\"2026-07-26T23:24:16.022Z\",\"service\":\"omniroute\",\"module\":\"sse\",\"tag\":\"ROUTING\",\"msg\":\"Provider: nvidia, Model: z-ai/glm-5.2\"}","timestamp":"2026-07-26T23:24:16.064Z"}

data: {"data":"{\"level\":30,\"time\":\"2026-07-26T23:24:16.025Z\",\"service\":\"omniroute\",\"module\":\"sse\",\"tag\":\"AUTH\",\"msg\":\"session_key=input:sha256:eebcc... has no available affinity target\"}","timestamp":"2026-07-26T23:24:16.064Z"}

data: {"data":"{\"level\":30,\"time\":\"2026-07-26T23:24:16.026Z\",\"service\":\"omniroute\",\"module\":\"sse\",\"tag\":\"AUTH\",\"msg\":\"Using nvidia account: 58f42365...\"}","timestamp":"2026-07-26T23:24:16.064Z"}

data: {"data":"[ProxyEgress] nvidia/58f42365 in=113.20.2.214 out=44.196.116.2 proxy=direct status=success","timestamp":"2026-07-26T23:24:18.286Z"}

data: {"data":"[23:24:31] 📊 \u001b[32m[USAGE] NVIDIA | in=87987 | out=517 | account=58f42365...\u001b[0m \u001b[33m(estimated)\u001b[0m | cache_read=81152","timestamp":"2026-07-26T23:24:31.702Z"}

data: {"data":"[23:24:31] 🌊 [STREAM] NVIDIA | z-ai/glm-5.2 | 15654ms | complete","timestamp":"2026-07-26T23:24:31.709Z"}

data: {"data":"🧹 [RATE-LIMIT] Evicting idle limiter: nvidia:d6a27df9-fb28-429e-9c1d-dbe475f7ea4d (inactive for 627s)","timestamp":"2026-07-26T23:24:34.503Z"}

data: {"data":"🧹 [RATE-LIMIT] Evicting idle limiter: nvidia:7d5d42c4-bb15-43da-a1b5-a4a2b52871c2 (inactive for 619s)","timestamp":"2026-07-26T23:24:34.503Z"}

data: {"data":"time=2026-07-26T23:24:34.688Z level=INFO msg=\"compaction complete\" level=1 txid.min=000000000000013b txid.max=0000000000000140 size=34322","timestamp":"2026-07-26T23:24:34.688Z"}

data: {"data":"[INFO] [SKILLS_INJECTION] skills.injection.skipped {\"apiKeyId\":\"env-key\",\"reason\":\"no_enabled_skills\"}","timestamp":"2026-07-26T23:24:35.065Z"}

data: {"data":"{\"level\":30,\"time\":\"2026-07-26T23:24:35.022Z\",\"service\":\"omniroute\",\"module\":\"sse\",\"tag\":\"HTTP\",\"method\":\"POST\",\"path\":\"/v1/messages | nvidia/z-ai/glm-5.2 | 64 msgs | 30 tools\",\"msg\":\"📥 POST /v1/messages | nvidia/z-ai/glm-5.2 | 64 msgs | 30 tools\"}","timestamp":"2026-07-26T23:24:35.080Z"}

data: {"data":"{\"level\":30,\"time\":\"2026-07-26T23:24:35.028Z\",\"service\":\"omniroute\",\"module\":\"sse\",\"tag\":\"ROUTING\",\"msg\":\"Provider: nvidia, Model: z-ai/glm-5.2\"}","timestamp":"2026-07-26T23:24:35.080Z"}

data: {"data":"{\"level\":30,\"time\":\"2026-07-26T23:24:35.030Z\",\"service\":\"omniroute\",\"module\":\"sse\",\"tag\":\"AUTH\",\"msg\":\"session_key=input:sha256:eebcc... has no available affinity target\"}","timestamp":"2026-07-26T23:24:35.080Z"}

data: {"data":"{\"level\":30,\"time\":\"2026-07-26T23:24:35.031Z\",\"service\":\"omniroute\",\"module\":\"sse\",\"tag\":\"AUTH\",\"msg\":\"Using nvidia account: 09665ab2...\"}","timestamp":"2026-07-26T23:24:35.080Z"}

data: {"data":"[ProxyEgress] nvidia/09665ab2 in=113.20.2.214 out=44.196.116.2 proxy=direct status=success","timestamp":"2026-07-26T23:24:36.105Z"}

data: {"data":"[23:24:39] 📊 \u001b[32m[USAGE] NVIDIA | in=88736 | out=407 | account=09665ab2...\u001b[0m \u001b[33m(estimated)\u001b[0m | cache_read=78016","timestamp":"2026-07-26T23:24:39.004Z"}

data: {"data":"[23:24:39] 🌊 [STREAM] NVIDIA | z-ai/glm-5.2 | 3946ms | complete","timestamp":"2026-07-26T23:24:39.017Z"}

data: {"data":"[INFO] [SKILLS_INJECTION] skills.injection.skipped {\"apiKeyId\":\"env-key\",\"reason\":\"no_enabled_skills\"}","timestamp":"2026-07-26T23:24:41.037Z"}

data: {"data":"{\"level\":30,\"time\":\"2026-07-26T23:24:40.989Z\",\"service\":\"omniroute\",\"module\":\"sse\",\"tag\":\"HTTP\",\"method\":\"POST\",\"path\":\"/v1/messages | nvidia/z-ai/glm-5.2 | 67 msgs | 30 tools\",\"msg\":\"📥 POST /v1/messages | nvidia/z-ai/glm-5.2 | 67 msgs | 30 tools\"}","timestamp":"2026-07-26T23:24:41.051Z"}

data: {"data":"{\"level\":30,\"time\":\"2026-07-26T23:24:40.998Z\",\"service\":\"omniroute\",\"module\":\"sse\",\"tag\":\"ROUTING\",\"msg\":\"Provider: nvidia, Model: z-ai/glm-5.2\"}","timestamp":"2026-07-26T23:24:41.051Z"}

data: {"data":"{\"level\":30,\"time\":\"2026-07-26T23:24:41.002Z\",\"service\":\"omniroute\",\"module\":\"sse\",\"tag\":\"AUTH\",\"msg\":\"session_key=input:sha256:eebcc... has no available affinity target\"}","timestamp":"2026-07-26T23:24:41.051Z"}

data: {"data":"{\"level\":30,\"time\":\"2026-07-26T23:24:41.002Z\",\"service\":\"omniroute\",\"module\":\"sse\",\"tag\":\"AUTH\",\"msg\":\"Using nvidia account: 2d9ef15f...\"}","timestamp":"2026-07-26T23:24:41.051Z"}

data: {"data":"[ProxyEgress] nvidia/2d9ef15f in=113.20.2.214 out=44.196.116.2 proxy=direct status=success","timestamp":"2026-07-26T23:24:41.738Z"}

data: {"data":"[23:24:50] 📊 \u001b[32m[USAGE] NVIDIA | in=90869 | out=642 | account=2d9ef15f...\u001b[0m \u001b[33m(estimated)\u001b[0m | cache_read=83840","timestamp":"2026-07-26T23:24:50.442Z"}

data: {"data":"[23:24:50] 🌊 [STREAM] NVIDIA | z-ai/glm-5.2 | 9408ms | complete","timestamp":"2026-07-26T23:24:50.449Z"}

data: {"data":"[INFO] [SKILLS_INJECTION] skills.injection.skipped {\"apiKeyId\":\"env-key\",\"reason\":\"no_enabled_skills\"}","timestamp":"2026-07-26T23:24:52.424Z"}

data: {"data":"{\"level\":30,\"time\":\"2026-07-26T23:24:52.374Z\",\"service\":\"omniroute\",\"module\":\"sse\",\"tag\":\"HTTP\",\"method\":\"POST\",\"path\":\"/v1/messages | nvidia/z-ai/glm-5.2 | 69 msgs | 30 tools\",\"msg\":\"📥 POST /v1/messages | nvidia/z-ai/glm-5.2 | 69 msgs | 30 tools\"}","timestamp":"2026-07-26T23:24:52.440Z"}

data: {"data":"{\"level\":30,\"time\":\"2026-07-26T23:24:52.381Z\",\"service\":\"omniroute\",\"module\":\"sse\",\"tag\":\"ROUTING\",\"msg\":\"Provider: nvidia, Model: z-ai/glm-5.2\"}","timestamp":"2026-07-26T23:24:52.440Z"}

data: {"data":"{\"level\":30,\"time\":\"2026-07-26T23:24:52.384Z\",\"service\":\"omniroute\",\"module\":\"sse\",\"tag\":\"AUTH\",\"msg\":\"session_key=input:sha256:eebcc... has no available affinity target\"}","timestamp":"2026-07-26T23:24:52.440Z"}

data: {"data":"{\"level\":30,\"time\":\"2026-07-26T23:24:52.384Z\",\"service\":\"omniroute\",\"module\":\"sse\",\"tag\":\"AUTH\",\"msg\":\"Using nvidia account: 53f96ffa...\"}","timestamp":"2026-07-26T23:24:52.440Z"}

data: {"data":"time=2026-07-26T23:24:56.642Z level=INFO msg=\"l0 retention enforced\" db=storage.sqlite deleted_count=4 max_l1_txid=0000000000000140","timestamp":"2026-07-26T23:24:56.642Z"}

data: {"data":"🧹 [RATE-LIMIT] Evicting idle limiter: nvidia:f2b0933a-888d-4a49-ab58-6012fcfb9314 (inactive for 629s)","timestamp":"2026-07-26T23:25:04.503Z"}

data: {"data":"🧹 [RATE-LIMIT] Evicting idle limiter: nvidia:9cda5fc2-7ae2-426a-a38c-35b9aa4856af (inactive for 622s)","timestamp":"2026-07-26T23:25:04.503Z"}

data: {"data":"time=2026-07-26T23:25:06.072Z level=INFO msg=\"l0 retention enforced\" db=storage.sqlite deleted_count=1 max_l1_txid=0000000000000149","timestamp":"2026-07-26T23:25:06.072Z"}

data: {"data":"time=2026-07-26T23:25:06.072Z level=INFO msg=\"compaction complete\" level=1 txid.min=0000000000000141 txid.max=0000000000000149 size=38377","timestamp":"2026-07-26T23:25:06.072Z"}

data: {"data":"time=2026-07-26T23:25:08.684Z level=INFO msg=\"compaction complete\" level=2 txid.min=000000000000012c txid.max=0000000000000149 size=321958","timestamp":"2026-07-26T23:25:08.684Z"}

data: {"data":"[23:25:21] 📊 \u001b[32m[USAGE] NVIDIA | in=91820 | out=1471 | account=53f96ffa...\u001b[0m \u001b[33m(estimated)\u001b[0m | cache_read=89088","timestamp":"2026-07-26T23:25:21.567Z"}

data: {"data":"[23:25:21] 🌊 [STREAM] NVIDIA | z-ai/glm-5.2 | 29145ms | complete","timestamp":"2026-07-26T23:25:21.574Z"}

data: {"data":"(node:816) MaxListenersExceededWarning: Possible EventEmitter memory leak detected. 11 connect listeners added to [Socket]. MaxListeners is 10. Use emitter.setMaxListeners() to increase limit","timestamp":"2026-07-26T23:25:22.175Z"}

data: {"data":"[INFO] [SKILLS_INJECTION] skills.injection.skipped {\"apiKeyId\":\"env-key\",\"reason\":\"no_enabled_skills\"}","timestamp":"2026-07-26T23:25:23.676Z"}

data: {"data":"{\"level\":30,\"time\":\"2026-07-26T23:25:23.615Z\",\"service\":\"omniroute\",\"module\":\"sse\",\"tag\":\"HTTP\",\"method\":\"POST\",\"path\":\"/v1/messages | nvidia/z-ai/glm-5.2 | 71 msgs | 30 tools\",\"msg\":\"📥 POST /v1/messages | nvidia/z-ai/glm-5.2 | 71 msgs | 30 tools\"}","timestamp":"2026-07-26T23:25:23.695Z"}

data: {"data":"{\"level\":30,\"time\":\"2026-07-26T23:25:23.626Z\",\"service\":\"omniroute\",\"module\":\"sse\",\"tag\":\"ROUTING\",\"msg\":\"Provider: nvidia, Model: z-ai/glm-5.2\"}","timestamp":"2026-07-26T23:25:23.695Z"}

data: {"data":"{\"level\":30,\"time\":\"2026-07-26T23:25:23.632Z\",\"service\":\"omniroute\",\"module\":\"sse\",\"tag\":\"AUTH\",\"msg\":\"session_key=input:sha256:eebcc... has no available affinity target\"}","timestamp":"2026-07-26T23:25:23.695Z"}

data: {"data":"{\"level\":30,\"time\":\"2026-07-26T23:25:23.633Z\",\"service\":\"omniroute\",\"module\":\"sse\",\"tag\":\"AUTH\",\"msg\":\"Using nvidia account: deb0258d...\"}","timestamp":"2026-07-26T23:25:23.695Z"}

data: {"data":"[ProxyEgress] nvidia/deb0258d in=113.20.2.214 out=44.196.116.2 proxy=direct status=success","timestamp":"2026-07-26T23:25:24.226Z"}

data: {"data":"[23:25:30] 📊 \u001b[32m[USAGE] NVIDIA | in=93867 | out=757 | account=deb0258d...\u001b[0m \u001b[33m(estimated)\u001b[0m | cache_read=92480","timestamp":"2026-07-26T23:25:30.641Z"}

data: {"data":"[23:25:30] 🌊 [STREAM] NVIDIA | z-ai/glm-5.2 | 6966ms | complete","timestamp":"2026-07-26T23:25:30.647Z"}

data: {"data":"time=2026-07-26T23:25:36.495Z level=INFO msg=\"compaction complete\" level=1 txid.min=000000000000014a txid.max=000000000000014d size=322599","timestamp":"2026-07-26T23:25:36.495Z"}

data: {"data":"🧹 [RATE-LIMIT] Evicting idle limiter: nvidia:d1717878-cbd3-4392-b5af-5add1c10d751 (inactive for 605s)","timestamp":"2026-07-26T23:26:04.502Z"}

data: {"data":"🧹 [RATE-LIMIT] Evicting idle limiter: nvidia:a0c72227-ba89-4b89-bae4-cff099d02562 (inactive for 601s)","timestamp":"2026-07-26T23:26:04.503Z"}

data: {"data":"time=2026-07-26T23:26:05.487Z level=INFO msg=\"compaction complete\" level=1 txid.min=000000000000014e txid.max=000000000000014e size=23766","timestamp":"2026-07-26T23:26:05.487Z"}

data: {"data":"[INFO] [SKILLS_INJECTION] skills.injection.skipped {\"apiKeyId\":\"env-key\",\"reason\":\"no_enabled_skills\"}","timestamp":"2026-07-26T23:28:49.766Z"}

data: {"data":"{\"level\":30,\"time\":\"2026-07-26T23:28:49.713Z\",\"service\":\"omniroute\",\"module\":\"sse\",\"tag\":\"HTTP\",\"method\":\"POST\",\"path\":\"/v1/messages | nvidia/z-ai/glm-5.2 | 73 msgs | 30 tools\",\"msg\":\"📥 POST /v1/messages | nvidia/z-ai/glm-5.2 | 73 msgs | 30 tools\"}","timestamp":"2026-07-26T23:28:49.784Z"}

data: {"data":"{\"level\":30,\"time\":\"2026-07-26T23:28:49.720Z\",\"service\":\"omniroute\",\"module\":\"sse\",\"tag\":\"ROUTING\",\"msg\":\"Provider: nvidia, Model: z-ai/glm-5.2\"}","timestamp":"2026-07-26T23:28:49.784Z"}

data: {"data":"{\"level\":30,\"time\":\"2026-07-26T23:28:49.723Z\",\"service\":\"omniroute\",\"module\":\"sse\",\"tag\":\"AUTH\",\"msg\":\"session_key=input:sha256:eebcc... has no available affinity target\"}","timestamp":"2026-07-26T23:28:49.784Z"}

data: {"data":"{\"level\":30,\"time\":\"2026-07-26T23:28:49.724Z\",\"service\":\"omniroute\",\"module\":\"sse\",\"tag\":\"AUTH\",\"msg\":\"Using nvidia account: 3317f8d3...\"}","timestamp":"2026-07-26T23:28:49.784Z"}

data: {"data":"[ProxyEgress] nvidia/3317f8d3 in=113.20.2.214 out=44.196.116.2 proxy=direct status=success","timestamp":"2026-07-26T23:28:53.716Z"}

data: {"data":"[23:28:53] 📊 \u001b[32m[USAGE] NVIDIA | in=94976 | out=15 | account=3317f8d3...\u001b[0m \u001b[33m(estimated)\u001b[0m | cache_read=1536","timestamp":"2026-07-26T23:28:53.835Z"}

data: {"data":"[23:28:53] 🌊 [STREAM] NVIDIA | z-ai/glm-5.2 | 4071ms | complete","timestamp":"2026-07-26T23:28:53.843Z"}

data: {"data":"[INFO] [SKILLS_INJECTION] skills.injection.skipped {\"apiKeyId\":\"env-key\",\"reason\":\"no_enabled_skills\"}","timestamp":"2026-07-26T23:28:59.009Z"}

data: {"data":"{\"level\":30,\"time\":\"2026-07-26T23:28:58.963Z\",\"service\":\"omniroute\",\"module\":\"sse\",\"tag\":\"HTTP\",\"method\":\"POST\",\"path\":\"/v1/messages | nvidia/z-ai/glm-5.2 | 76 msgs | 30 tools\",\"msg\":\"📥 POST /v1/messages | nvidia/z-ai/glm-5.2 | 76 msgs | 30 tools\"}","timestamp":"2026-07-26T23:28:59.024Z"}

data: {"data":"{\"level\":30,\"time\":\"2026-07-26T23:28:58.972Z\",\"service\":\"omniroute\",\"module\":\"sse\",\"tag\":\"ROUTING\",\"msg\":\"Provider: nvidia, Model: z-ai/glm-5.2\"}","timestamp":"2026-07-26T23:28:59.024Z"}

data: {"data":"{\"level\":30,\"time\":\"2026-07-26T23:28:58.975Z\",\"service\":\"omniroute\",\"module\":\"sse\",\"tag\":\"AUTH\",\"msg\":\"session_key=input:sha256:eebcc... has no available affinity target\"}","timestamp":"2026-07-26T23:28:59.024Z"}

data: {"data":"{\"level\":30,\"time\":\"2026-07-26T23:28:58.976Z\",\"service\":\"omniroute\",\"module\":\"sse\",\"tag\":\"AUTH\",\"msg\":\"Using nvidia account: c5116293...\"}","timestamp":"2026-07-26T23:28:59.024Z"}

data: {"data":"[ProxyEgress] nvidia/c5116293 in=113.20.2.214 out=44.196.116.2 proxy=direct status=success","timestamp":"2026-07-26T23:29:02.980Z"}

data: {"data":"time=2026-07-26T23:29:04.176Z level=INFO msg=\"l0 retention enforced\" db=storage.sqlite deleted_count=15 max_l1_txid=0000000000000151","timestamp":"2026-07-26T23:29:04.176Z"}

data: {"data":"time=2026-07-26T23:29:04.176Z level=INFO msg=\"compaction complete\" level=1 txid.min=000000000000014f txid.max=0000000000000151 size=323673","timestamp":"2026-07-26T23:29:04.176Z"}

data: {"data":"[23:29:04] 📊 \u001b[32m[USAGE] NVIDIA | in=95041 | out=138 | account=c5116293...\u001b[0m \u001b[33m(estimated)\u001b[0m | cache_read=1856","timestamp":"2026-07-26T23:29:04.219Z"}

data: {"data":"[23:29:04] 🌊 [STREAM] NVIDIA | z-ai/glm-5.2 | 5213ms | complete","timestamp":"2026-07-26T23:29:04.226Z"}

data: {"data":"[INFO] [SKILLS_INJECTION] skills.injection.skipped {\"apiKeyId\":\"env-key\",\"reason\":\"no_enabled_skills\"}","timestamp":"2026-07-26T23:29:07.680Z"}

data: {"data":"{\"level\":30,\"time\":\"2026-07-26T23:29:07.631Z\",\"service\":\"omniroute\",\"module\":\"sse\",\"tag\":\"HTTP\",\"method\":\"POST\",\"path\":\"/v1/messages | nvidia/z-ai/glm-5.2 | 78 msgs | 30 tools\",\"msg\":\"📥 POST /v1/messages | nvidia/z-ai/glm-5.2 | 78 msgs | 30 tools\"}","timestamp":"2026-07-26T23:29:07.694Z"}

data: {"data":"{\"level\":30,\"time\":\"2026-07-26T23:29:07.638Z\",\"service\":\"omniroute\",\"module\":\"sse\",\"tag\":\"ROUTING\",\"msg\":\"Provider: nvidia, Model: z-ai/glm-5.2\"}","timestamp":"2026-07-26T23:29:07.694Z"}

data: {"data":"{\"level\":30,\"time\":\"2026-07-26T23:29:07.642Z\",\"service\":\"omniroute\",\"module\":\"sse\",\"tag\":\"AUTH\",\"msg\":\"session_key=input:sha256:eebcc... has no available affinity target\"}","timestamp":"2026-07-26T23:29:07.694Z"}

data: {"data":"{\"level\":30,\"time\":\"2026-07-26T23:29:07.643Z\",\"service\":\"omniroute\",\"module\":\"sse\",\"tag\":\"AUTH\",\"msg\":\"Using nvidia account: cb888a54...\"}","timestamp":"2026-07-26T23:29:07.694Z"}

data: {"data":"[ProxyEgress] nvidia/cb888a54 in=113.20.2.214 out=44.196.116.2 proxy=direct status=success","timestamp":"2026-07-26T23:29:19.067Z"}

data: {"data":"[23:29:21] 📊 \u001b[32m[USAGE] NVIDIA | in=95354 | out=288 | account=cb888a54...\u001b[0m \u001b[33m(estimated)\u001b[0m | cache_read=384","timestamp":"2026-07-26T23:29:21.697Z"}

data: {"data":"[23:29:21] 🌊 [STREAM] NVIDIA | z-ai/glm-5.2 | 14019ms | complete","timestamp":"2026-07-26T23:29:21.704Z"}

data: {"data":"[INFO] [SKILLS_INJECTION] skills.injection.skipped {\"apiKeyId\":\"env-key\",\"reason\":\"no_enabled_skills\"}","timestamp":"2026-07-26T23:29:23.816Z"}

data: {"data":"{\"level\":30,\"time\":\"2026-07-26T23:29:23.758Z\",\"service\":\"omniroute\",\"module\":\"sse\",\"tag\":\"HTTP\",\"method\":\"POST\",\"path\":\"/v1/messages | nvidia/z-ai/glm-5.2 | 81 msgs | 30 tools\",\"msg\":\"📥 POST /v1/messages | nvidia/z-ai/glm-5.2 | 81 msgs | 30 tools\"}","timestamp":"2026-07-26T23:29:23.839Z"}

data: {"data":"{\"level\":30,\"time\":\"2026-07-26T23:29:23.768Z\",\"service\":\"omniroute\",\"module\":\"sse\",\"tag\":\"ROUTING\",\"msg\":\"Provider: nvidia, Model: z-ai/glm-5.2\"}","timestamp":"2026-07-26T23:29:23.839Z"}

data: {"data":"{\"level\":30,\"time\":\"2026-07-26T23:29:23.771Z\",\"service\":\"omniroute\",\"module\":\"sse\",\"tag\":\"AUTH\",\"msg\":\"session_key=input:sha256:eebcc... has no available affinity target\"}","timestamp":"2026-07-26T23:29:23.839Z"}

data: {"data":"{\"level\":30,\"time\":\"2026-07-26T23:29:23.772Z\",\"service\":\"omniroute\",\"module\":\"sse\",\"tag\":\"AUTH\",\"msg\":\"Using nvidia account: d65f33e2...\"}","timestamp":"2026-07-26T23:29:23.839Z"}

data: {"data":"[ProxyEgress] nvidia/d65f33e2 in=113.20.2.214 out=44.196.116.2 proxy=direct status=success","timestamp":"2026-07-26T23:29:24.646Z"}

data: {"data":"[23:29:26] 📊 \u001b[32m[USAGE] NVIDIA | in=96719 | out=145 | account=d65f33e2...\u001b[0m \u001b[33m(estimated)\u001b[0m | cache_read=95040","timestamp":"2026-07-26T23:29:26.318Z"}

data: {"data":"[23:29:26] 🌊 [STREAM] NVIDIA | z-ai/glm-5.2 | 2501ms | complete","timestamp":"2026-07-26T23:29:26.325Z"}

data: {"data":"[INFO] [SKILLS_INJECTION] skills.injection.skipped {\"apiKeyId\":\"env-key\",\"reason\":\"no_enabled_skills\"}","timestamp":"2026-07-26T23:29:28.431Z"}

data: {"data":"{\"level\":30,\"time\":\"2026-07-26T23:29:28.378Z\",\"service\":\"omniroute\",\"module\":\"sse\",\"tag\":\"HTTP\",\"method\":\"POST\",\"path\":\"/v1/messages | nvidia/z-ai/glm-5.2 | 83 msgs | 30 tools\",\"msg\":\"📥 POST /v1/messages | nvidia/z-ai/glm-5.2 | 83 msgs | 30 tools\"}","timestamp":"2026-07-26T23:29:28.460Z"}

data: {"data":"{\"level\":30,\"time\":\"2026-07-26T23:29:28.385Z\",\"service\":\"omniroute\",\"module\":\"sse\",\"tag\":\"ROUTING\",\"msg\":\"Provider: nvidia, Model: z-ai/glm-5.2\"}","timestamp":"2026-07-26T23:29:28.460Z"}

data: {"data":"{\"level\":30,\"time\":\"2026-07-26T23:29:28.388Z\",\"service\":\"omniroute\",\"module\":\"sse\",\"tag\":\"AUTH\",\"msg\":\"session_key=input:sha256:eebcc... has no available affinity target\"}","timestamp":"2026-07-26T23:29:28.460Z"}

data: {"data":"{\"level\":30,\"time\":\"2026-07-26T23:29:28.389Z\",\"service\":\"omniroute\",\"module\":\"sse\",\"tag\":\"AUTH\",\"msg\":\"Using nvidia account: ccaad834...\"}","timestamp":"2026-07-26T23:29:28.460Z"}

data: {"data":"[ProxyEgress] nvidia/ccaad834 in=113.20.2.214 out=44.196.116.2 proxy=direct status=success","timestamp":"2026-07-26T23:29:30.179Z"}

data: {"data":"time=2026-07-26T23:29:38.082Z level=INFO msg=\"l0 retention enforced\" db=storage.sqlite deleted_count=6 max_l1_txid=0000000000000159","timestamp":"2026-07-26T23:29:38.083Z"}

data: {"data":"time=2026-07-26T23:29:38.083Z level=INFO msg=\"compaction complete\" level=1 txid.min=0000000000000152 txid.max=0000000000000159 size=46315","timestamp":"2026-07-26T23:29:38.083Z"}

data: {"data":"[23:29:49] 📊 \u001b[32m[USAGE] NVIDIA | in=97224 | out=1421 | account=ccaad834...\u001b[0m \u001b[33m(estimated)\u001b[0m | cache_read=95616","timestamp":"2026-07-26T23:29:49.367Z"}

data: {"data":"[23:29:49] 🌊 [STREAM] NVIDIA | z-ai/glm-5.2 | 20934ms | complete","timestamp":"2026-07-26T23:29:49.373Z"}

data: {"data":"[INFO] [SKILLS_INJECTION] skills.injection.skipped {\"apiKeyId\":\"env-key\",\"reason\":\"no_enabled_skills\"}","timestamp":"2026-07-26T23:29:51.517Z"}

data: {"data":"{\"level\":30,\"time\":\"2026-07-26T23:29:51.463Z\",\"service\":\"omniroute\",\"module\":\"sse\",\"tag\":\"HTTP\",\"method\":\"POST\",\"path\":\"/v1/messages | nvidia/z-ai/glm-5.2 | 85 msgs | 30 tools\",\"msg\":\"📥 POST /v1/messages | nvidia/z-ai/glm-5.2 | 85 msgs | 30 tools\"}","timestamp":"2026-07-26T23:29:51.531Z"}

data: {"data":"{\"level\":30,\"time\":\"2026-07-26T23:29:51.470Z\",\"service\":\"omniroute\",\"module\":\"sse\",\"tag\":\"ROUTING\",\"msg\":\"Provider: nvidia, Model: z-ai/glm-5.2\"}","timestamp":"2026-07-26T23:29:51.531Z"}

data: {"data":"{\"level\":30,\"time\":\"2026-07-26T23:29:51.473Z\",\"service\":\"omniroute\",\"module\":\"sse\",\"tag\":\"AUTH\",\"msg\":\"session_key=input:sha256:eebcc... has no available affinity target\"}","timestamp":"2026-07-26T23:29:51.531Z"}

data: {"data":"{\"level\":30,\"time\":\"2026-07-26T23:29:51.473Z\",\"service\":\"omniroute\",\"module\":\"sse\",\"tag\":\"AUTH\",\"msg\":\"Using nvidia account: def58a55...\"}","timestamp":"2026-07-26T23:29:51.531Z"}

data: {"data":"[ProxyEgress] nvidia/def58a55 in=113.20.2.214 out=44.196.116.2 proxy=direct status=success","timestamp":"2026-07-26T23:29:52.550Z"}

data: {"data":"[23:29:53] 📊 \u001b[32m[USAGE] NVIDIA | in=98704 | out=94 | account=def58a55...\u001b[0m \u001b[33m(estimated)\u001b[0m | cache_read=96832","timestamp":"2026-07-26T23:29:53.435Z"}

data: {"data":"[23:29:53] 🌊 [STREAM] NVIDIA | z-ai/glm-5.2 | 1920ms | complete","timestamp":"2026-07-26T23:29:53.442Z"}

data: {"data":"[INFO] [SKILLS_INJECTION] skills.injection.skipped {\"apiKeyId\":\"env-key\",\"reason\":\"no_enabled_skills\"}","timestamp":"2026-07-26T23:29:55.437Z"}

data: {"data":"{\"level\":30,\"time\":\"2026-07-26T23:29:55.388Z\",\"service\":\"omniroute\",\"module\":\"sse\",\"tag\":\"HTTP\",\"method\":\"POST\",\"path\":\"/v1/messages | nvidia/z-ai/glm-5.2 | 87 msgs | 30 tools\",\"msg\":\"📥 POST /v1/messages | nvidia/z-ai/glm-5.2 | 87 msgs | 30 tools\"}","timestamp":"2026-07-26T23:29:55.471Z"}

data: {"data":"{\"level\":30,\"time\":\"2026-07-26T23:29:55.403Z\",\"service\":\"omniroute\",\"module\":\"sse\",\"tag\":\"ROUTING\",\"msg\":\"Provider: nvidia, Model: z-ai/glm-5.2\"}","timestamp":"2026-07-26T23:29:55.471Z"}

data: {"data":"{\"level\":30,\"time\":\"2026-07-26T23:29:55.407Z\",\"service\":\"omniroute\",\"module\":\"sse\",\"tag\":\"AUTH\",\"msg\":\"session_key=input:sha256:eebcc... has no available affinity target\"}","timestamp":"2026-07-26T23:29:55.471Z"}

data: {"data":"{\"level\":30,\"time\":\"2026-07-26T23:29:55.408Z\",\"service\":\"omniroute\",\"module\":\"sse\",\"tag\":\"AUTH\",\"msg\":\"Using nvidia account: 2d039916...\"}","timestamp":"2026-07-26T23:29:55.471Z"}

data: {"data":"time=2026-07-26T23:29:56.777Z level=INFO msg=\"l0 retention enforced\" db=storage.sqlite deleted_count=5 max_l1_txid=0000000000000159","timestamp":"2026-07-26T23:29:56.777Z"}

data: {"data":"🧹 [RATE-LIMIT] Evicting idle limiter: nvidia:38a09429-95ad-4b2f-940b-ed886fad7d7a (inactive for 621s)","timestamp":"2026-07-26T23:30:04.504Z"}

data: {"data":"time=2026-07-26T23:30:07.318Z level=INFO msg=\"l0 retention enforced\" db=storage.sqlite deleted_count=5 max_l1_txid=0000000000000162","timestamp":"2026-07-26T23:30:07.318Z"}

data: {"data":"time=2026-07-26T23:30:07.318Z level=INFO msg=\"compaction complete\" level=1 txid.min=000000000000015a txid.max=0000000000000162 size=335443","timestamp":"2026-07-26T23:30:07.318Z"}

data: {"data":"time=2026-07-26T23:30:08.611Z level=INFO msg=\"compaction complete\" level=2 txid.min=000000000000014a txid.max=0000000000000159 size=327392","timestamp":"2026-07-26T23:30:08.611Z"}

data: {"data":"[23:30:09] 📊 \u001b[32m[USAGE] NVIDIA | in=99731 | out=1103 | account=2d039916...\u001b[0m \u001b[33m(estimated)\u001b[0m","timestamp":"2026-07-26T23:30:09.421Z"}

data: {"data":"[23:30:09] 🌊 [STREAM] NVIDIA | z-ai/glm-5.2 | 13985ms | complete","timestamp":"2026-07-26T23:30:09.426Z"}

data: {"data":"[INFO] [SKILLS_INJECTION] skills.injection.skipped {\"apiKeyId\":\"env-key\",\"reason\":\"no_enabled_skills\"}","timestamp":"2026-07-26T23:30:11.550Z"}

data: {"data":"{\"level\":30,\"time\":\"2026-07-26T23:30:11.503Z\",\"service\":\"omniroute\",\"module\":\"sse\",\"tag\":\"HTTP\",\"method\":\"POST\",\"path\":\"/v1/messages | nvidia/z-ai/glm-5.2 | 89 msgs | 30 tools\",\"msg\":\"📥 POST /v1/messages | nvidia/z-ai/glm-5.2 | 89 msgs | 30 tools\"}","timestamp":"2026-07-26T23:30:11.565Z"}

data: {"data":"{\"level\":30,\"time\":\"2026-07-26T23:30:11.510Z\",\"service\":\"omniroute\",\"module\":\"sse\",\"tag\":\"ROUTING\",\"msg\":\"Provider: nvidia, Model: z-ai/glm-5.2\"}","timestamp":"2026-07-26T23:30:11.565Z"}

data: {"data":"{\"level\":30,\"time\":\"2026-07-26T23:30:11.513Z\",\"service\":\"omniroute\",\"module\":\"sse\",\"tag\":\"AUTH\",\"msg\":\"session_key=input:sha256:eebcc... has no available affinity target\"}","timestamp":"2026-07-26T23:30:11.565Z"}

data: {"data":"{\"level\":30,\"time\":\"2026-07-26T23:30:11.514Z\",\"service\":\"omniroute\",\"module\":\"sse\",\"tag\":\"AUTH\",\"msg\":\"Using nvidia account: d6a27df9...\"}","timestamp":"2026-07-26T23:30:11.565Z"}

data: {"data":"[ProxyEgress] nvidia/d6a27df9 in=113.20.2.214 out=44.196.116.2 proxy=direct status=success","timestamp":"2026-07-26T23:30:12.193Z"}

data: {"data":"[23:30:12] 📊 \u001b[32m[USAGE] NVIDIA | in=100876 | out=64 | account=d6a27df9...\u001b[0m \u001b[33m(estimated)\u001b[0m | cache_read=98752","timestamp":"2026-07-26T23:30:12.710Z"}

data: {"data":"[23:30:12] 🌊 [STREAM] NVIDIA | z-ai/glm-5.2 | 1165ms | complete","timestamp":"2026-07-26T23:30:12.719Z"}

data: {"data":"[INFO] [SKILLS_INJECTION] skills.injection.skipped {\"apiKeyId\":\"env-key\",\"reason\":\"no_enabled_skills\"}","timestamp":"2026-07-26T23:30:14.828Z"}

data: {"data":"{\"level\":30,\"time\":\"2026-07-26T23:30:14.763Z\",\"service\":\"omniroute\",\"module\":\"sse\",\"tag\":\"HTTP\",\"method\":\"POST\",\"path\":\"/v1/messages | nvidia/z-ai/glm-5.2 | 92 msgs | 30 tools\",\"msg\":\"📥 POST /v1/messages | nvidia/z-ai/glm-5.2 | 92 msgs | 30 tools\"}","timestamp":"2026-07-26T23:30:14.852Z"}

data: {"data":"{\"level\":30,\"time\":\"2026-07-26T23:30:14.772Z\",\"service\":\"omniroute\",\"module\":\"sse\",\"tag\":\"ROUTING\",\"msg\":\"Provider: nvidia, Model: z-ai/glm-5.2\"}","timestamp":"2026-07-26T23:30:14.852Z"}

data: {"data":"{\"level\":30,\"time\":\"2026-07-26T23:30:14.775Z\",\"service\":\"omniroute\",\"module\":\"sse\",\"tag\":\"AUTH\",\"msg\":\"session_key=input:sha256:eebcc... has no available affinity target\"}","timestamp":"2026-07-26T23:30:14.852Z"}

data: {"data":"{\"level\":30,\"time\":\"2026-07-26T23:30:14.775Z\",\"service\":\"omniroute\",\"module\":\"sse\",\"tag\":\"AUTH\",\"msg\":\"Using nvidia account: 7d5d42c4...\"}","timestamp":"2026-07-26T23:30:14.852Z"}

data: {"data":"[ProxyEgress] nvidia/7d5d42c4 in=113.20.2.214 out=44.196.116.2 proxy=direct status=success","timestamp":"2026-07-26T23:30:15.487Z"}

data: {"data":"[23:30:32] 📊 \u001b[32m[USAGE] NVIDIA | in=101427 | out=1224 | account=7d5d42c4...\u001b[0m \u001b[33m(estimated)\u001b[0m | cache_read=100928","timestamp":"2026-07-26T23:30:32.417Z"}

data: {"data":"[23:30:32] 🌊 [STREAM] NVIDIA | z-ai/glm-5.2 | 17591ms | complete","timestamp":"2026-07-26T23:30:32.423Z"}

data: {"data":"[INFO] [SKILLS_INJECTION] skills.injection.skipped {\"apiKeyId\":\"env-key\",\"reason\":\"no_enabled_skills\"}","timestamp":"2026-07-26T23:30:34.554Z"}

data: {"data":"{\"level\":30,\"time\":\"2026-07-26T23:30:34.500Z\",\"service\":\"omniroute\",\"module\":\"sse\",\"tag\":\"HTTP\",\"method\":\"POST\",\"path\":\"/v1/messages | nvidia/z-ai/glm-5.2 | 94 msgs | 30 tools\",\"msg\":\"📥 POST /v1/messages | nvidia/z-ai/glm-5.2 | 94 msgs | 30 tools\"}","timestamp":"2026-07-26T23:30:34.567Z"}

data: {"data":"{\"level\":30,\"time\":\"2026-07-26T23:30:34.511Z\",\"service\":\"omniroute\",\"module\":\"sse\",\"tag\":\"ROUTING\",\"msg\":\"Provider: nvidia, Model: z-ai/glm-5.2\"}","timestamp":"2026-07-26T23:30:34.567Z"}

data: {"data":"{\"level\":30,\"time\":\"2026-07-26T23:30:34.515Z\",\"service\":\"omniroute\",\"module\":\"sse\",\"tag\":\"AUTH\",\"msg\":\"session_key=input:sha256:eebcc... has no available affinity target\"}","timestamp":"2026-07-26T23:30:34.568Z"}

data: {"data":"{\"level\":30,\"time\":\"2026-07-26T23:30:34.516Z\",\"service\":\"omniroute\",\"module\":\"sse\",\"tag\":\"AUTH\",\"msg\":\"Using nvidia account: f2b0933a...\"}","timestamp":"2026-07-26T23:30:34.568Z"}

data: {"data":"[ProxyEgress] nvidia/f2b0933a in=113.20.2.214 out=44.196.116.2 proxy=direct status=success","timestamp":"2026-07-26T23:30:35.222Z"}

data: {"data":"time=2026-07-26T23:30:37.114Z level=INFO msg=\"l0 retention enforced\" db=storage.sqlite deleted_count=3 max_l1_txid=0000000000000168","timestamp":"2026-07-26T23:30:37.114Z"}

data: {"data":"time=2026-07-26T23:30:37.114Z level=INFO msg=\"compaction complete\" level=1 txid.min=0000000000000163 txid.max=0000000000000168 size=43054","timestamp":"2026-07-26T23:30:37.114Z"}

data: {"data":"[23:30:37] 📊 \u001b[32m[USAGE] NVIDIA | in=102694 | out=178 | account=f2b0933a...\u001b[0m \u001b[33m(estimated)\u001b[0m | cache_read=102592","timestamp":"2026-07-26T23:30:37.583Z"}

data: {"data":"[23:30:37] 🌊 [STREAM] NVIDIA | z-ai/glm-5.2 | 3031ms | complete","timestamp":"2026-07-26T23:30:37.589Z"}

data: {"data":"(node:816) MaxListenersExceededWarning: Possible EventEmitter memory leak detected. 11 connect listeners added to [Socket]. MaxListeners is 10. Use emitter.setMaxListeners() to increase limit","timestamp":"2026-07-26T23:30:38.334Z"}

data: {"data":"[INFO] [SKILLS_INJECTION] skills.injection.skipped {\"apiKeyId\":\"env-key\",\"reason\":\"no_enabled_skills\"}","timestamp":"2026-07-26T23:30:39.793Z"}

data: {"data":"{\"level\":30,\"time\":\"2026-07-26T23:30:39.752Z\",\"service\":\"omniroute\",\"module\":\"sse\",\"tag\":\"HTTP\",\"method\":\"POST\",\"path\":\"/v1/messages | nvidia/z-ai/glm-5.2 | 96 msgs | 30 tools\",\"msg\":\"📥 POST /v1/messages | nvidia/z-ai/glm-5.2 | 96 msgs | 30 tools\"}","timestamp":"2026-07-26T23:30:39.809Z"}

data: {"data":"{\"level\":30,\"time\":\"2026-07-26T23:30:39.759Z\",\"service\":\"omniroute\",\"module\":\"sse\",\"tag\":\"ROUTING\",\"msg\":\"Provider: nvidia, Model: z-ai/glm-5.2\"}","timestamp":"2026-07-26T23:30:39.810Z"}

data: {"data":"{\"level\":30,\"time\":\"2026-07-26T23:30:39.762Z\",\"service\":\"omniroute\",\"module\":\"sse\",\"tag\":\"AUTH\",\"msg\":\"session_key=input:sha256:eebcc... has no available affinity target\"}","timestamp":"2026-07-26T23:30:39.810Z"}

data: {"data":"{\"level\":30,\"time\":\"2026-07-26T23:30:39.762Z\",\"service\":\"omniroute\",\"module\":\"sse\",\"tag\":\"AUTH\",\"msg\":\"Using nvidia account: 9cda5fc2...\"}","timestamp":"2026-07-26T23:30:39.810Z"}

data: {"data":"[ProxyEgress] nvidia/9cda5fc2 in=113.20.2.214 out=44.196.116.2 proxy=direct status=success","timestamp":"2026-07-26T23:30:40.669Z"}

data: {"data":"[23:30:50] 📊 \u001b[32m[USAGE] NVIDIA | in=103026 | out=110 | account=9cda5fc2...\u001b[0m \u001b[33m(estimated)\u001b[0m | cache_read=94976","timestamp":"2026-07-26T23:30:50.409Z"}

data: {"data":"[23:30:50] 🌊 [STREAM] NVIDIA | z-ai/glm-5.2 | 10617ms | complete","timestamp":"2026-07-26T23:30:50.415Z"}

data: {"data":"[INFO] [SKILLS_INJECTION] skills.injection.skipped {\"apiKeyId\":\"env-key\",\"reason\":\"no_enabled_skills\"}","timestamp":"2026-07-26T23:30:52.524Z"}

data: {"data":"{\"level\":30,\"time\":\"2026-07-26T23:30:52.471Z\",\"service\":\"omniroute\",\"module\":\"sse\",\"tag\":\"HTTP\",\"method\":\"POST\",\"path\":\"/v1/messages | nvidia/z-ai/glm-5.2 | 98 msgs | 30 tools\",\"msg\":\"📥 POST /v1/messages | nvidia/z-ai/glm-5.2 | 98 msgs | 30 tools\"}","timestamp":"2026-07-26T23:30:52.540Z"}

data: {"data":"{\"level\":30,\"time\":\"2026-07-26T23:30:52.478Z\",\"service\":\"omniroute\",\"module\":\"sse\",\"tag\":\"ROUTING\",\"msg\":\"Provider: nvidia, Model: z-ai/glm-5.2\"}","timestamp":"2026-07-26T23:30:52.540Z"}

data: {"data":"{\"level\":30,\"time\":\"2026-07-26T23:30:52.481Z\",\"service\":\"omniroute\",\"module\":\"sse\",\"tag\":\"AUTH\",\"msg\":\"session_key=input:sha256:eebcc... has no available affinity target\"}","timestamp":"2026-07-26T23:30:52.540Z"}

data: {"data":"{\"level\":30,\"time\":\"2026-07-26T23:30:52.481Z\",\"service\":\"omniroute\",\"module\":\"sse\",\"tag\":\"AUTH\",\"msg\":\"Using nvidia account: d1717878...\"}","timestamp":"2026-07-26T23:30:52.540Z"}

data: {"data":"[ProxyEgress] nvidia/d1717878 in=113.20.2.214 out=44.196.116.2 proxy=direct status=success","timestamp":"2026-07-26T23:30:54.326Z"}

data: {"data":"[23:30:54] 📊 \u001b[32m[USAGE] NVIDIA | in=104360 | out=49 | account=d1717878...\u001b[0m \u001b[33m(estimated)\u001b[0m | cache_read=98624","timestamp":"2026-07-26T23:30:54.815Z"}

data: {"data":"[23:30:54] 🌊 [STREAM] NVIDIA | z-ai/glm-5.2 | 2293ms | complete","timestamp":"2026-07-26T23:30:54.823Z"}

data: {"data":"[INFO] [SKILLS_INJECTION] skills.injection.skipped {\"apiKeyId\":\"env-key\",\"reason\":\"no_enabled_skills\"}","timestamp":"2026-07-26T23:30:56.944Z"}

data: {"data":"{\"level\":30,\"time\":\"2026-07-26T23:30:56.894Z\",\"service\":\"omniroute\",\"module\":\"sse\",\"tag\":\"HTTP\",\"method\":\"POST\",\"path\":\"/v1/messages | nvidia/z-ai/glm-5.2 | 100 msgs | 30 tools\",\"msg\":\"📥 POST /v1/messages | nvidia/z-ai/glm-5.2 | 100 msgs | 30 tools\"}","timestamp":"2026-07-26T23:30:56.981Z"}

data: {"data":"{\"level\":30,\"time\":\"2026-07-26T23:30:56.905Z\",\"service\":\"omniroute\",\"module\":\"sse\",\"tag\":\"ROUTING\",\"msg\":\"Provider: nvidia, Model: z-ai/glm-5.2\"}","timestamp":"2026-07-26T23:30:56.981Z"}

data: {"data":"{\"level\":30,\"time\":\"2026-07-26T23:30:56.910Z\",\"service\":\"omniroute\",\"module\":\"sse\",\"tag\":\"AUTH\",\"msg\":\"session_key=input:sha256:eebcc... has no available affinity target\"}","timestamp":"2026-07-26T23:30:56.981Z"}

data: {"data":"{\"level\":30,\"time\":\"2026-07-26T23:30:56.910Z\",\"service\":\"omniroute\",\"module\":\"sse\",\"tag\":\"AUTH\",\"msg\":\"Using nvidia account: a0c72227...\"}","timestamp":"2026-07-26T23:30:56.981Z"}

data: {"data":"[ProxyEgress] nvidia/a0c72227 in=113.20.2.214 out=44.196.116.2 proxy=direct status=success","timestamp":"2026-07-26T23:30:57.528Z"}

data: {"data":"[23:31:01] 📊 \u001b[32m[USAGE] NVIDIA | in=105632 | out=463 | account=a0c72227...\u001b[0m \u001b[33m(estimated)\u001b[0m | cache_read=103104","timestamp":"2026-07-26T23:31:01.744Z"}

data: {"data":"[23:31:01] 🌊 [STREAM] NVIDIA | z-ai/glm-5.2 | 4800ms | complete","timestamp":"2026-07-26T23:31:01.750Z"}

data: {"data":"[INFO] [SKILLS_INJECTION] skills.injection.skipped {\"apiKeyId\":\"env-key\",\"reason\":\"no_enabled_skills\"}","timestamp":"2026-07-26T23:31:03.919Z"}

data: {"data":"{\"level\":30,\"time\":\"2026-07-26T23:31:03.874Z\",\"service\":\"omniroute\",\"module\":\"sse\",\"tag\":\"HTTP\",\"method\":\"POST\",\"path\":\"/v1/messages | nvidia/z-ai/glm-5.2 | 103 msgs | 30 tools\",\"msg\":\"📥 POST /v1/messages | nvidia/z-ai/glm-5.2 | 103 msgs | 30 tools\"}","timestamp":"2026-07-26T23:31:03.937Z"}

data: {"data":"{\"level\":30,\"time\":\"2026-07-26T23:31:03.881Z\",\"service\":\"omniroute\",\"module\":\"sse\",\"tag\":\"ROUTING\",\"msg\":\"Provider: nvidia, Model: z-ai/glm-5.2\"}","timestamp":"2026-07-26T23:31:03.937Z"}

data: {"data":"{\"level\":30,\"time\":\"2026-07-26T23:31:03.884Z\",\"service\":\"omniroute\",\"module\":\"sse\",\"tag\":\"AUTH\",\"msg\":\"session_key=input:sha256:eebcc... has no available affinity target\"}","timestamp":"2026-07-26T23:31:03.937Z"}

data: {"data":"{\"level\":30,\"time\":\"2026-07-26T23:31:03.885Z\",\"service\":\"omniroute\",\"module\":\"sse\",\"tag\":\"AUTH\",\"msg\":\"Using nvidia account: 38a09429...\"}","timestamp":"2026-07-26T23:31:03.937Z"}

data: {"data":"[ProxyEgress] nvidia/38a09429 in=113.20.2.214 out=44.196.116.2 proxy=direct status=success","timestamp":"2026-07-26T23:31:04.706Z"}

data: {"data":"time=2026-07-26T23:31:07.221Z level=INFO msg=\"l0 retention enforced\" db=storage.sqlite deleted_count=1 max_l1_txid=0000000000000172","timestamp":"2026-07-26T23:31:07.221Z"}

data: {"data":"time=2026-07-26T23:31:07.221Z level=INFO msg=\"compaction complete\" level=1 txid.min=0000000000000169 txid.max=0000000000000172 size=345235","timestamp":"2026-07-26T23:31:07.221Z"}

data: {"data":"[23:31:11] 📊 \u001b[32m[USAGE] NVIDIA | in=106520 | out=715 | account=38a09429...\u001b[0m \u001b[33m(estimated)\u001b[0m | cache_read=106048","timestamp":"2026-07-26T23:31:11.539Z"}

data: {"data":"[23:31:11] 🌊 [STREAM] NVIDIA | z-ai/glm-5.2 | 7621ms | complete","timestamp":"2026-07-26T23:31:11.545Z"}

data: {"data":"time=2026-07-26T23:31:35.843Z level=INFO msg=\"compaction complete\" level=1 txid.min=0000000000000173 txid.max=0000000000000176 size=47388","timestamp":"2026-07-26T23:31:35.843Z"}

data: {"data":"🧹 [RATE-LIMIT] Evicting idle limiter: nvidia:9865dfaa-3680-4a2c-a952-16cf94dddd04 (inactive for 609s)","timestamp":"2026-07-26T23:33:04.568Z"}

data: {"data":"🧹 [RATE-LIMIT] Evicting idle limiter: nvidia:3f77f218-ee98-443b-b2de-e0cdb8761144 (inactive for 612s)","timestamp":"2026-07-26T23:33:34.567Z"}

data: {"data":"🧹 [RATE-LIMIT] Evicting idle limiter: nvidia:a68545c0-554a-43c9-9ad4-e09885e762e7 (inactive for 600s)","timestamp":"2026-07-26T23:33:34.568Z"}

data: {"data":"🧹 [RATE-LIMIT] Evicting idle limiter: nvidia:dd511141-af6e-4944-8af4-c0397507c799 (inactive for 623s)","timestamp":"2026-07-26T23:34:04.568Z"}

data: {"data":"🧹 [RATE-LIMIT] Evicting idle limiter: nvidia:2bcea68b-9f7a-4673-b1f0-80a66320fc88 (inactive for 611s)","timestamp":"2026-07-26T23:34:04.568Z"}

data: {"data":"🧹 [RATE-LIMIT] Evicting idle limiter: nvidia:1830e4f7-dd8f-4c11-9d65-c0acdced6494 (inactive for 604s)","timestamp":"2026-07-26T23:34:04.568Z"}

data: {"data":"🧹 [RATE-LIMIT] Evicting idle limiter: nvidia:58f42365-24ac-4844-b08b-af609b1057d1 (inactive for 616s)","timestamp":"2026-07-26T23:34:34.568Z"}

data: {"data":"time=2026-07-26T23:34:57.395Z level=INFO msg=\"l0 retention enforced\" db=storage.sqlite deleted_count=16 max_l1_txid=0000000000000176","timestamp":"2026-07-26T23:34:57.395Z"}

data: {"data":"time=2026-07-26T23:35:03.981Z level=INFO msg=\"l0 retention enforced\" db=storage.sqlite deleted_count=4 max_l1_txid=0000000000000178","timestamp":"2026-07-26T23:35:03.981Z"}

data: {"data":"time=2026-07-26T23:35:03.981Z level=INFO msg=\"compaction complete\" level=1 txid.min=0000000000000177 txid.max=0000000000000178 size=349156","timestamp":"2026-07-26T23:35:03.981Z"}

data: {"data":"🧹 [RATE-LIMIT] Evicting idle limiter: nvidia:09665ab2-ccd5-473b-9674-14967d3741b7 (inactive for 628s)","timestamp":"2026-07-26T23:35:04.568Z"}

data: {"data":"🧹 [RATE-LIMIT] Evicting idle limiter: nvidia:2d9ef15f-bc96-49d8-b476-56b2ad65c431 (inactive for 623s)","timestamp":"2026-07-26T23:35:04.569Z"}

data: {"data":"🧹 [RATE-LIMIT] Evicting idle limiter: nvidia:53f96ffa-5bb1-424c-925f-86c1b44688ec (inactive for 611s)","timestamp":"2026-07-26T23:35:04.569Z"}

data: {"data":"time=2026-07-26T23:35:09.119Z level=INFO msg=\"compaction complete\" level=2 txid.min=000000000000015a txid.max=0000000000000178 size=349156","timestamp":"2026-07-26T23:35:09.119Z"}

data: {"data":"🧹 [RATE-LIMIT] Evicting idle limiter: nvidia:deb0258d-ecce-4c26-ad39-542c44736a0a (inactive for 610s)","timestamp":"2026-07-26T23:35:34.569Z"}

data: {"data":"🧹 [RATE-LIMIT] Evicting idle limiter: nvidia:3317f8d3-ffa6-4e41-a8ad-7eeaf91a3f93 (inactive for 611s)","timestamp":"2026-07-26T23:39:04.570Z"}

data: {"data":"🧹 [RATE-LIMIT] Evicting idle limiter: nvidia:c5116293-3a1e-420b-890b-ddff9ee0db57 (inactive for 602s)","timestamp":"2026-07-26T23:39:04.571Z"}

data: {"data":"🧹 [RATE-LIMIT] Evicting idle limiter: nvidia:cb888a54-217d-4ad6-b191-1cc5d06841e0 (inactive for 616s)","timestamp":"2026-07-26T23:39:34.570Z"}

data: {"data":"🧹 [RATE-LIMIT] Evicting idle limiter: nvidia:d65f33e2-26b4-4096-bb40-214be567a5f8 (inactive for 610s)","timestamp":"2026-07-26T23:39:34.570Z"}

data: {"data":"🧹 [RATE-LIMIT] Evicting idle limiter: nvidia:ccaad834-d081-4ec4-8e8d-713afc7d722f (inactive for 604s)","timestamp":"2026-07-26T23:39:34.570Z"}

data: {"data":"time=2026-07-26T23:39:57.931Z level=INFO msg=\"l0 retention enforced\" db=storage.sqlite deleted_count=21 max_l1_txid=0000000000000178","timestamp":"2026-07-26T23:39:57.931Z"}

data: {"data":"🧹 [RATE-LIMIT] Evicting idle limiter: nvidia:def58a55-cab9-4048-a69b-4fa1ae9d557a (inactive for 612s)","timestamp":"2026-07-26T23:40:04.571Z"}

data: {"data":"🧹 [RATE-LIMIT] Evicting idle limiter: nvidia:2d039916-88d8-495f-b886-bd5dc25ce047 (inactive for 605s)","timestamp":"2026-07-26T23:40:04.571Z"}

data: {"data":"🧹 [RATE-LIMIT] Evicting idle limiter: nvidia:d6a27df9-fb28-429e-9c1d-dbe475f7ea4d (inactive for 622s)","timestamp":"2026-07-26T23:40:34.571Z"}

data: {"data":"🧹 [RATE-LIMIT] Evicting idle limiter: nvidia:7d5d42c4-bb15-43da-a1b5-a4a2b52871c2 (inactive for 619s)","timestamp":"2026-07-26T23:40:34.571Z"}

data: {"data":"🧹 [RATE-LIMIT] Evicting idle limiter: nvidia:f2b0933a-888d-4a49-ab58-6012fcfb9314 (inactive for 629s)","timestamp":"2026-07-26T23:41:04.571Z"}

data: {"data":"🧹 [RATE-LIMIT] Evicting idle limiter: nvidia:9cda5fc2-7ae2-426a-a38c-35b9aa4856af (inactive for 624s)","timestamp":"2026-07-26T23:41:04.571Z"}

data: {"data":"🧹 [RATE-LIMIT] Evicting idle limiter: nvidia:d1717878-cbd3-4392-b5af-5add1c10d751 (inactive for 610s)","timestamp":"2026-07-26T23:41:04.571Z"}

data: {"data":"🧹 [RATE-LIMIT] Evicting idle limiter: nvidia:a0c72227-ba89-4b89-bae4-cff099d02562 (inactive for 607s)","timestamp":"2026-07-26T23:41:04.571Z"}

data: {"data":"🧹 [RATE-LIMIT] Evicting idle limiter: nvidia:38a09429-95ad-4b2f-940b-ed886fad7d7a (inactive for 630s)","timestamp":"2026-07-26T23:41:34.571Z"}

data: {"data":"time=2026-07-27T00:00:04.258Z level=INFO msg=\"snapshot complete\" txid=0000000000000178 size=349156","timestamp":"2026-07-27T00:00:04.258Z"}

data: {"data":"time=2026-07-27T00:00:06.881Z level=INFO msg=\"compaction complete\" level=3 txid.min=00000000000000ea txid.max=0000000000000178 size=349156","timestamp":"2026-07-27T00:00:06.881Z"}

data: {"data":"[INFO] [SKILLS_INJECTION] skills.injection.skipped {\"apiKeyId\":\"env-key\",\"reason\":\"no_enabled_skills\"}","timestamp":"2026-07-27T00:21:05.820Z"}

data: {"data":"{\"level\":30,\"time\":\"2026-07-27T00:21:05.757Z\",\"service\":\"omniroute\",\"module\":\"sse\",\"tag\":\"HTTP\",\"method\":\"POST\",\"path\":\"/v1/messages | nvidia/z-ai/glm-5.2 | 106 msgs | 40 tools\",\"msg\":\"📥 POST /v1/messages | nvidia/z-ai/glm-5.2 | 106 msgs | 40 tools\"}","timestamp":"2026-07-27T00:21:05.840Z"}

data: {"data":"{\"level\":30,\"time\":\"2026-07-27T00:21:05.765Z\",\"service\":\"omniroute\",\"module\":\"sse\",\"tag\":\"ROUTING\",\"msg\":\"Provider: nvidia, Model: z-ai/glm-5.2\"}","timestamp":"2026-07-27T00:21:05.840Z"}

data: {"data":"{\"level\":30,\"time\":\"2026-07-27T00:21:05.769Z\",\"service\":\"omniroute\",\"module\":\"sse\",\"tag\":\"AUTH\",\"msg\":\"session_key=input:sha256:eebcc... has no available affinity target\"}","timestamp":"2026-07-27T00:21:05.840Z"}

data: {"data":"{\"level\":30,\"time\":\"2026-07-27T00:21:05.770Z\",\"service\":\"omniroute\",\"module\":\"sse\",\"tag\":\"AUTH\",\"msg\":\"Using nvidia account: 9865dfaa...\"}","timestamp":"2026-07-27T00:21:05.840Z"}

data: {"data":"[00:21:15] 📊 \u001b[32m[USAGE] NVIDIA | in=111334 | out=157 | account=9865dfaa...\u001b[0m \u001b[33m(estimated)\u001b[0m | cache_read=704","timestamp":"2026-07-27T00:21:15.853Z"}

data: {"data":"[00:21:15] 🌊 [STREAM] NVIDIA | z-ai/glm-5.2 | 10033ms | complete","timestamp":"2026-07-27T00:21:15.859Z"}

data: {"data":"[INFO] [SKILLS_INJECTION] skills.injection.skipped {\"apiKeyId\":\"env-key\",\"reason\":\"no_enabled_skills\"}","timestamp":"2026-07-27T00:21:29.291Z"}

data: {"data":"{\"level\":30,\"time\":\"2026-07-27T00:21:29.241Z\",\"service\":\"omniroute\",\"module\":\"sse\",\"tag\":\"HTTP\",\"method\":\"POST\",\"path\":\"/v1/messages | nvidia/z-ai/glm-5.2 | 108 msgs | 40 tools\",\"msg\":\"📥 POST /v1/messages | nvidia/z-ai/glm-5.2 | 108 msgs | 40 tools\"}","timestamp":"2026-07-27T00:21:29.318Z"}

data: {"data":"{\"level\":30,\"time\":\"2026-07-27T00:21:29.249Z\",\"service\":\"omniroute\",\"module\":\"sse\",\"tag\":\"ROUTING\",\"msg\":\"Provider: nvidia, Model: z-ai/glm-5.2\"}","timestamp":"2026-07-27T00:21:29.318Z"}

data: {"data":"{\"level\":30,\"time\":\"2026-07-27T00:21:29.252Z\",\"service\":\"omniroute\",\"module\":\"sse\",\"tag\":\"AUTH\",\"msg\":\"session_key=input:sha256:eebcc... has no available affinity target\"}","timestamp":"2026-07-27T00:21:29.318Z"}

data: {"data":"{\"level\":30,\"time\":\"2026-07-27T00:21:29.253Z\",\"service\":\"omniroute\",\"module\":\"sse\",\"tag\":\"AUTH\",\"msg\":\"Using nvidia account: 3f77f218...\"}","timestamp":"2026-07-27T00:21:29.318Z"}

data: {"data":"time=2026-07-27T00:21:33.696Z level=INFO msg=\"l0 retention enforced\" db=storage.sqlite deleted_count=1 max_l1_txid=000000000000017c","timestamp":"2026-07-27T00:21:33.696Z"}

data: {"data":"time=2026-07-27T00:21:33.697Z level=INFO msg=\"compaction complete\" level=1 txid.min=0000000000000179 txid.max=000000000000017c size=350210","timestamp":"2026-07-27T00:21:33.697Z"}

data: {"data":"[00:21:34] 📊 \u001b[32m[USAGE] NVIDIA | in=111611 | out=159 | account=3f77f218...\u001b[0m \u001b[33m(estimated)\u001b[0m | cache_read=111488","timestamp":"2026-07-27T00:21:34.153Z"}

data: {"data":"[00:21:34] 🌊 [STREAM] NVIDIA | z-ai/glm-5.2 | 4861ms | complete","timestamp":"2026-07-27T00:21:34.158Z"}

data: {"data":"[INFO] [SKILLS_INJECTION] skills.injection.skipped {\"apiKeyId\":\"env-key\",\"reason\":\"no_enabled_skills\"}","timestamp":"2026-07-27T00:21:35.350Z"}

data: {"data":"{\"level\":30,\"time\":\"2026-07-27T00:21:35.288Z\",\"service\":\"omniroute\",\"module\":\"sse\",\"tag\":\"HTTP\",\"method\":\"POST\",\"path\":\"/v1/messages | nvidia/z-ai/glm-5.2 | 110 msgs | 40 tools\",\"msg\":\"📥 POST /v1/messages | nvidia/z-ai/glm-5.2 | 110 msgs | 40 tools\"}","timestamp":"2026-07-27T00:21:35.374Z"}

data: {"data":"{\"level\":30,\"time\":\"2026-07-27T00:21:35.298Z\",\"service\":\"omniroute\",\"module\":\"sse\",\"tag\":\"ROUTING\",\"msg\":\"Provider: nvidia, Model: z-ai/glm-5.2\"}","timestamp":"2026-07-27T00:21:35.374Z"}

data: {"data":"{\"level\":30,\"time\":\"2026-07-27T00:21:35.302Z\",\"service\":\"omniroute\",\"module\":\"sse\",\"tag\":\"AUTH\",\"msg\":\"session_key=input:sha256:eebcc... has no available affinity target\"}","timestamp":"2026-07-27T00:21:35.374Z"}

data: {"data":"{\"level\":30,\"time\":\"2026-07-27T00:21:35.303Z\",\"service\":\"omniroute\",\"module\":\"sse\",\"tag\":\"AUTH\",\"msg\":\"Using nvidia account: a68545c0...\"}","timestamp":"2026-07-27T00:21:35.374Z"}

data: {"data":"[00:21:48] 📊 \u001b[32m[USAGE] NVIDIA | in=115381 | out=829 | account=a68545c0...\u001b[0m \u001b[33m(estimated)\u001b[0m | cache_read=111744","timestamp":"2026-07-27T00:21:48.197Z"}

data: {"data":"[00:21:48] 🌊 [STREAM] NVIDIA | z-ai/glm-5.2 | 12848ms | complete","timestamp":"2026-07-27T00:21:48.205Z"}

data: {"data":"[INFO] [SKILLS_INJECTION] skills.injection.skipped {\"apiKeyId\":\"env-key\",\"reason\":\"no_enabled_skills\"}","timestamp":"2026-07-27T00:21:51.618Z"}

data: {"data":"{\"level\":30,\"time\":\"2026-07-27T00:21:51.561Z\",\"service\":\"omniroute\",\"module\":\"sse\",\"tag\":\"HTTP\",\"method\":\"POST\",\"path\":\"/v1/messages | nvidia/z-ai/glm-5.2 | 112 msgs | 40 tools\",\"msg\":\"📥 POST /v1/messages | nvidia/z-ai/glm-5.2 | 112 msgs | 40 tools\"}","timestamp":"2026-07-27T00:21:51.635Z"}

data: {"data":"{\"level\":30,\"time\":\"2026-07-27T00:21:51.569Z\",\"service\":\"omniroute\",\"module\":\"sse\",\"tag\":\"ROUTING\",\"msg\":\"Provider: nvidia, Model: z-ai/glm-5.2\"}","timestamp":"2026-07-27T00:21:51.635Z"}

data: {"data":"{\"level\":30,\"time\":\"2026-07-27T00:21:51.572Z\",\"service\":\"omniroute\",\"module\":\"sse\",\"tag\":\"AUTH\",\"msg\":\"session_key=input:sha256:eebcc... has no available affinity target\"}","timestamp":"2026-07-27T00:21:51.635Z"}

data: {"data":"{\"level\":30,\"time\":\"2026-07-27T00:21:51.572Z\",\"service\":\"omniroute\",\"module\":\"sse\",\"tag\":\"AUTH\",\"msg\":\"Using nvidia account: dd511141...\"}","timestamp":"2026-07-27T00:21:51.635Z"}

data: {"data":"[00:21:53] 📊 \u001b[32m[USAGE] NVIDIA | in=116312 | out=163 | account=dd511141...\u001b[0m \u001b[33m(estimated)\u001b[0m | cache_read=116160","timestamp":"2026-07-27T00:21:53.919Z"}

data: {"data":"[00:21:53] 🌊 [STREAM] NVIDIA | z-ai/glm-5.2 | 2301ms | complete","timestamp":"2026-07-27T00:21:53.926Z"}

data: {"data":"[INFO] [SKILLS_INJECTION] skills.injection.skipped {\"apiKeyId\":\"env-key\",\"reason\":\"no_enabled_skills\"}","timestamp":"2026-07-27T00:21:54.962Z"}

data: {"data":"{\"level\":30,\"time\":\"2026-07-27T00:21:54.914Z\",\"service\":\"omniroute\",\"module\":\"sse\",\"tag\":\"HTTP\",\"method\":\"POST\",\"path\":\"/v1/messages | nvidia/z-ai/glm-5.2 | 114 msgs | 40 tools\",\"msg\":\"📥 POST /v1/messages | nvidia/z-ai/glm-5.2 | 114 msgs | 40 tools\"}","timestamp":"2026-07-27T00:21:55.005Z"}

data: {"data":"{\"level\":30,\"time\":\"2026-07-27T00:21:54.922Z\",\"service\":\"omniroute\",\"module\":\"sse\",\"tag\":\"ROUTING\",\"msg\":\"Provider: nvidia, Model: z-ai/glm-5.2\"}","timestamp":"2026-07-27T00:21:55.005Z"}

data: {"data":"{\"level\":30,\"time\":\"2026-07-27T00:21:54.927Z\",\"service\":\"omniroute\",\"module\":\"sse\",\"tag\":\"AUTH\",\"msg\":\"session_key=input:sha256:eebcc... has no available affinity target\"}","timestamp":"2026-07-27T00:21:55.005Z"}

data: {"data":"{\"level\":30,\"time\":\"2026-07-27T00:21:54.927Z\",\"service\":\"omniroute\",\"module\":\"sse\",\"tag\":\"AUTH\",\"msg\":\"Using nvidia account: 2bcea68b...\"}","timestamp":"2026-07-27T00:21:55.005Z"}

data: {"data":"[00:22:06] 📊 \u001b[32m[USAGE] NVIDIA | in=117519 | out=395 | account=2bcea68b...\u001b[0m \u001b[33m(estimated)\u001b[0m | cache_read=1536","timestamp":"2026-07-27T00:22:06.168Z"}

data: {"data":"time=2026-07-27T00:22:06.171Z level=INFO msg=\"compaction complete\" level=1 txid.min=000000000000017d txid.max=0000000000000186 size=49893","timestamp":"2026-07-27T00:22:06.171Z"}

data: {"data":"[00:22:06] 🌊 [STREAM] NVIDIA | z-ai/glm-5.2 | 11209ms | complete","timestamp":"2026-07-27T00:22:06.176Z"}

data: {"data":"[INFO] [SKILLS_INJECTION] skills.injection.skipped {\"apiKeyId\":\"env-key\",\"reason\":\"no_enabled_skills\"}","timestamp":"2026-07-27T00:22:33.131Z"}

data: {"data":"{\"level\":30,\"time\":\"2026-07-27T00:22:33.069Z\",\"service\":\"omniroute\",\"module\":\"sse\",\"tag\":\"HTTP\",\"method\":\"POST\",\"path\":\"/v1/messages | nvidia/z-ai/glm-5.2 | 117 msgs | 40 tools\",\"msg\":\"📥 POST /v1/messages | nvidia/z-ai/glm-5.2 | 117 msgs | 40 tools\"}","timestamp":"2026-07-27T00:22:33.150Z"}

data: {"data":"{\"level\":30,\"time\":\"2026-07-27T00:22:33.076Z\",\"service\":\"omniroute\",\"module\":\"sse\",\"tag\":\"ROUTING\",\"msg\":\"Provider: nvidia, Model: z-ai/glm-5.2\"}","timestamp":"2026-07-27T00:22:33.151Z"}

data: {"data":"{\"level\":30,\"time\":\"2026-07-27T00:22:33.079Z\",\"service\":\"omniroute\",\"module\":\"sse\",\"tag\":\"AUTH\",\"msg\":\"session_key=input:sha256:eebcc... has no available affinity target\"}","timestamp":"2026-07-27T00:22:33.151Z"}

data: {"data":"{\"level\":30,\"time\":\"2026-07-27T00:22:33.080Z\",\"service\":\"omniroute\",\"module\":\"sse\",\"tag\":\"AUTH\",\"msg\":\"Using nvidia account: 1830e4f7...\"}","timestamp":"2026-07-27T00:22:33.151Z"}

data: {"data":"time=2026-07-27T00:22:35.275Z level=INFO msg=\"compaction complete\" level=1 txid.min=0000000000000187 txid.max=0000000000000189 size=355612","timestamp":"2026-07-27T00:22:35.275Z"}

data: {"data":"[00:22:36] 📊 \u001b[32m[USAGE] NVIDIA | in=118050 | out=269 | account=1830e4f7...\u001b[0m \u001b[33m(estimated)\u001b[0m | cache_read=116416","timestamp":"2026-07-27T00:22:36.753Z"}

data: {"data":"[00:22:36] 🌊 [STREAM] NVIDIA | z-ai/glm-5.2 | 3622ms | complete","timestamp":"2026-07-27T00:22:36.758Z"}

data: {"data":"[INFO] [SKILLS_INJECTION] skills.injection.skipped {\"apiKeyId\":\"env-key\",\"reason\":\"no_enabled_skills\"}","timestamp":"2026-07-27T00:22:38.805Z"}

data: {"data":"{\"level\":30,\"time\":\"2026-07-27T00:22:38.737Z\",\"service\":\"omniroute\",\"module\":\"sse\",\"tag\":\"HTTP\",\"method\":\"POST\",\"path\":\"/v1/messages | nvidia/z-ai/glm-5.2 | 119 msgs | 40 tools\",\"msg\":\"📥 POST /v1/messages | nvidia/z-ai/glm-5.2 | 119 msgs | 40 tools\"}","timestamp":"2026-07-27T00:22:38.823Z"}

data: {"data":"{\"level\":30,\"time\":\"2026-07-27T00:22:38.748Z\",\"service\":\"omniroute\",\"module\":\"sse\",\"tag\":\"ROUTING\",\"msg\":\"Provider: nvidia, Model: z-ai/glm-5.2\"}","timestamp":"2026-07-27T00:22:38.824Z"}

data: {"data":"{\"level\":30,\"time\":\"2026-07-27T00:22:38.753Z\",\"service\":\"omniroute\",\"module\":\"sse\",\"tag\":\"AUTH\",\"msg\":\"session_key=input:sha256:eebcc... has no available affinity target\"}","timestamp":"2026-07-27T00:22:38.824Z"}

data: {"data":"{\"level\":30,\"time\":\"2026-07-27T00:22:38.754Z\",\"service\":\"omniroute\",\"module\":\"sse\",\"tag\":\"AUTH\",\"msg\":\"Using nvidia account: 58f42365...\"}","timestamp":"2026-07-27T00:22:38.824Z"}

data: {"data":"[00:22:43] 📊 \u001b[32m[USAGE] NVIDIA | in=118641 | out=226 | account=58f42365...\u001b[0m \u001b[33m(estimated)\u001b[0m | cache_read=118272","timestamp":"2026-07-27T00:22:43.700Z"}

data: {"data":"[00:22:43] 🌊 [STREAM] NVIDIA | z-ai/glm-5.2 | 4897ms | complete","timestamp":"2026-07-27T00:22:43.708Z"}

data: {"data":"[INFO] [SKILLS_INJECTION] skills.injection.skipped {\"apiKeyId\":\"env-key\",\"reason\":\"no_enabled_skills\"}","timestamp":"2026-07-27T00:22:52.711Z"}

data: {"data":"{\"level\":30,\"time\":\"2026-07-27T00:22:52.659Z\",\"service\":\"omniroute\",\"module\":\"sse\",\"tag\":\"HTTP\",\"method\":\"POST\",\"path\":\"/v1/messages | nvidia/z-ai/glm-5.2 | 121 msgs | 40 tools\",\"msg\":\"📥 POST /v1/messages | nvidia/z-ai/glm-5.2 | 121 msgs | 40 tools\"}","timestamp":"2026-07-27T00:22:52.728Z"}

data: {"data":"{\"level\":30,\"time\":\"2026-07-27T00:22:52.667Z\",\"service\":\"omniroute\",\"module\":\"sse\",\"tag\":\"ROUTING\",\"msg\":\"Provider: nvidia, Model: z-ai/glm-5.2\"}","timestamp":"2026-07-27T00:22:52.728Z"}

data: {"data":"{\"level\":30,\"time\":\"2026-07-27T00:22:52.670Z\",\"service\":\"omniroute\",\"module\":\"sse\",\"tag\":\"AUTH\",\"msg\":\"session_key=input:sha256:eebcc... has no available affinity target\"}","timestamp":"2026-07-27T00:22:52.728Z"}

data: {"data":"{\"level\":30,\"time\":\"2026-07-27T00:22:52.671Z\",\"service\":\"omniroute\",\"module\":\"sse\",\"tag\":\"AUTH\",\"msg\":\"Using nvidia account: 09665ab2...\"}","timestamp":"2026-07-27T00:22:52.728Z"}

data: {"data":"[00:22:59] 📊 \u001b[32m[USAGE] NVIDIA | in=118927 | out=277 | account=09665ab2...\u001b[0m \u001b[33m(estimated)\u001b[0m | cache_read=384","timestamp":"2026-07-27T00:22:59.963Z"}

data: {"data":"[00:22:59] 🌊 [STREAM] NVIDIA | z-ai/glm-5.2 | 7251ms | complete","timestamp":"2026-07-27T00:22:59.968Z"}

data: {"data":"[INFO] [SKILLS_INJECTION] skills.injection.skipped {\"apiKeyId\":\"env-key\",\"reason\":\"no_enabled_skills\"}","timestamp":"2026-07-27T00:23:00.710Z"}

data: {"data":"{\"level\":30,\"time\":\"2026-07-27T00:23:00.638Z\",\"service\":\"omniroute\",\"module\":\"sse\",\"tag\":\"HTTP\",\"method\":\"POST\",\"path\":\"/v1/messages | nvidia/z-ai/glm-5.2 | 123 msgs | 40 tools\",\"msg\":\"📥 POST /v1/messages | nvidia/z-ai/glm-5.2 | 123 msgs | 40 tools\"}","timestamp":"2026-07-27T00:23:00.749Z"}

data: {"data":"{\"level\":30,\"time\":\"2026-07-27T00:23:00.649Z\",\"service\":\"omniroute\",\"module\":\"sse\",\"tag\":\"ROUTING\",\"msg\":\"Provider: nvidia, Model: z-ai/glm-5.2\"}","timestamp":"2026-07-27T00:23:00.749Z"}

data: {"data":"{\"level\":30,\"time\":\"2026-07-27T00:23:00.654Z\",\"service\":\"omniroute\",\"module\":\"sse\",\"tag\":\"AUTH\",\"msg\":\"session_key=input:sha256:eebcc... has no available affinity target\"}","timestamp":"2026-07-27T00:23:00.749Z"}

data: {"data":"{\"level\":30,\"time\":\"2026-07-27T00:23:00.654Z\",\"service\":\"omniroute\",\"module\":\"sse\",\"tag\":\"AUTH\",\"msg\":\"Using nvidia account: 2d9ef15f...\"}","timestamp":"2026-07-27T00:23:00.749Z"}

data: {"data":"[00:23:03] 📊 \u001b[32m[USAGE] NVIDIA | in=119526 | out=216 | account=2d9ef15f...\u001b[0m \u001b[33m(estimated)\u001b[0m | cache_read=118848","timestamp":"2026-07-27T00:23:03.430Z"}

data: {"data":"[00:23:03] 🌊 [STREAM] NVIDIA | z-ai/glm-5.2 | 2719ms | complete","timestamp":"2026-07-27T00:23:03.436Z"}

data: {"data":"time=2026-07-27T00:23:05.188Z level=INFO msg=\"compaction complete\" level=1 txid.min=000000000000018a txid.max=000000000000018f size=51245","timestamp":"2026-07-27T00:23:05.188Z"}

data: {"data":"time=2026-07-27T00:23:35.291Z level=INFO msg=\"compaction complete\" level=1 txid.min=0000000000000190 txid.max=0000000000000193 size=40794","timestamp":"2026-07-27T00:23:35.293Z"}

data: {"data":"[INFO] [SKILLS_INJECTION] skills.injection.skipped {\"apiKeyId\":\"env-key\",\"reason\":\"no_enabled_skills\"}","timestamp":"2026-07-27T00:24:06.125Z"}

data: {"data":"{\"level\":30,\"time\":\"2026-07-27T00:24:06.071Z\",\"service\":\"omniroute\",\"module\":\"sse\",\"tag\":\"HTTP\",\"method\":\"POST\",\"path\":\"/v1/messages | nvidia/z-ai/glm-5.2 | 126 msgs | 40 tools\",\"msg\":\"📥 POST /v1/messages | nvidia/z-ai/glm-5.2 | 126 msgs | 40 tools\"}","timestamp":"2026-07-27T00:24:06.143Z"}

data: {"data":"{\"level\":30,\"time\":\"2026-07-27T00:24:06.078Z\",\"service\":\"omniroute\",\"module\":\"sse\",\"tag\":\"ROUTING\",\"msg\":\"Provider: nvidia, Model: z-ai/glm-5.2\"}","timestamp":"2026-07-27T00:24:06.143Z"}

data: {"data":"{\"level\":30,\"time\":\"2026-07-27T00:24:06.081Z\",\"service\":\"omniroute\",\"module\":\"sse\",\"tag\":\"AUTH\",\"msg\":\"session_key=input:sha256:eebcc... has no available affinity target\"}","timestamp":"2026-07-27T00:24:06.143Z"}

data: {"data":"{\"level\":30,\"time\":\"2026-07-27T00:24:06.082Z\",\"service\":\"omniroute\",\"module\":\"sse\",\"tag\":\"AUTH\",\"msg\":\"Using nvidia account: 53f96ffa...\"}","timestamp":"2026-07-27T00:24:06.143Z"}

data: {"data":"[00:24:11] 📊 \u001b[32m[USAGE] NVIDIA | in=119940 | out=262 | account=53f96ffa...\u001b[0m \u001b[33m(estimated)\u001b[0m | cache_read=119680","timestamp":"2026-07-27T00:24:11.271Z"}

data: {"data":"[00:24:11] 🌊 [STREAM] NVIDIA | z-ai/glm-5.2 | 5146ms | complete","timestamp":"2026-07-27T00:24:11.276Z"}

data: {"data":"[INFO] [SKILLS_INJECTION] skills.injection.skipped {\"apiKeyId\":\"env-key\",\"reason\":\"no_enabled_skills\"}","timestamp":"2026-07-27T00:24:13.255Z"}

data: {"data":"{\"level\":30,\"time\":\"2026-07-27T00:24:13.208Z\",\"service\":\"omniroute\",\"module\":\"sse\",\"tag\":\"HTTP\",\"method\":\"POST\",\"path\":\"/v1/messages | nvidia/z-ai/glm-5.2 | 128 msgs | 40 tools\",\"msg\":\"📥 POST /v1/messages | nvidia/z-ai/glm-5.2 | 128 msgs | 40 tools\"}","timestamp":"2026-07-27T00:24:13.272Z"}

data: {"data":"{\"level\":30,\"time\":\"2026-07-27T00:24:13.217Z\",\"service\":\"omniroute\",\"module\":\"sse\",\"tag\":\"ROUTING\",\"msg\":\"Provider: nvidia, Model: z-ai/glm-5.2\"}","timestamp":"2026-07-27T00:24:13.272Z"}

data: {"data":"{\"level\":30,\"time\":\"2026-07-27T00:24:13.220Z\",\"service\":\"omniroute\",\"module\":\"sse\",\"tag\":\"AUTH\",\"msg\":\"session_key=input:sha256:eebcc... has no available affinity target\"}","timestamp":"2026-07-27T00:24:13.272Z"}

data: {"data":"{\"level\":30,\"time\":\"2026-07-27T00:24:13.221Z\",\"service\":\"omniroute\",\"module\":\"sse\",\"tag\":\"AUTH\",\"msg\":\"Using nvidia account: deb0258d...\"}","timestamp":"2026-07-27T00:24:13.272Z"}

data: {"data":"[00:24:19] 📊 \u001b[32m[USAGE] NVIDIA | in=120503 | out=447 | account=deb0258d...\u001b[0m \u001b[33m(estimated)\u001b[0m | cache_read=117888","timestamp":"2026-07-27T00:24:19.307Z"}

data: {"data":"[00:24:19] 🌊 [STREAM] NVIDIA | z-ai/glm-5.2 | 6055ms | complete","timestamp":"2026-07-27T00:24:19.314Z"}

data: {"data":"time=2026-07-27T00:24:33.248Z level=INFO msg=\"compaction complete\" level=1 txid.min=0000000000000194 txid.max=0000000000000199 size=364504","timestamp":"2026-07-27T00:24:33.248Z"}

data: {"data":"time=2026-07-27T00:25:05.438Z level=INFO msg=\"compaction complete\" level=2 txid.min=0000000000000179 txid.max=0000000000000199 size=364504","timestamp":"2026-07-27T00:25:05.438Z"}

data: {"data":"time=2026-07-27T00:25:05.753Z level=INFO msg=\"compaction complete\" level=1 txid.min=000000000000019a txid.max=000000000000019a size=419","timestamp":"2026-07-27T00:25:05.753Z"}

data: {"data":"[ProviderLimitsSync] Cycle complete: 0/0 synced in 3ms","timestamp":"2026-07-27T00:25:40.252Z"}

data: {"data":"time=2026-07-27T00:26:02.646Z level=INFO msg=\"compaction complete\" level=1 txid.min=000000000000019b txid.max=000000000000019c size=364503","timestamp":"2026-07-27T00:26:02.646Z"}

data: {"data":"[INFO] [SKILLS_INJECTION] skills.injection.skipped {\"apiKeyId\":\"env-key\",\"reason\":\"no_enabled_skills\"}","timestamp":"2026-07-27T00:27:58.768Z"}

data: {"data":"{\"level\":30,\"time\":\"2026-07-27T00:27:58.714Z\",\"service\":\"omniroute\",\"module\":\"sse\",\"tag\":\"HTTP\",\"method\":\"POST\",\"path\":\"/v1/messages | nvidia/z-ai/glm-5.2 | 130 msgs | 40 tools\",\"msg\":\"📥 POST /v1/messages | nvidia/z-ai/glm-5.2 | 130 msgs | 40 tools\"}","timestamp":"2026-07-27T00:27:58.787Z"}

data: {"data":"{\"level\":30,\"time\":\"2026-07-27T00:27:58.723Z\",\"service\":\"omniroute\",\"module\":\"sse\",\"tag\":\"ROUTING\",\"msg\":\"Provider: nvidia, Model: z-ai/glm-5.2\"}","timestamp":"2026-07-27T00:27:58.787Z"}

data: {"data":"{\"level\":30,\"time\":\"2026-07-27T00:27:58.727Z\",\"service\":\"omniroute\",\"module\":\"sse\",\"tag\":\"AUTH\",\"msg\":\"session_key=input:sha256:eebcc... has no available affinity target\"}","timestamp":"2026-07-27T00:27:58.787Z"}

data: {"data":"{\"level\":30,\"time\":\"2026-07-27T00:27:58.727Z\",\"service\":\"omniroute\",\"module\":\"sse\",\"tag\":\"AUTH\",\"msg\":\"Using nvidia account: 3317f8d3...\"}","timestamp":"2026-07-27T00:27:58.787Z"}

data: {"data":"{\"ts\":1785112085130,\"level\":\"error\",\"component\":\"gate\",\"stage\":\"upstream_proxy\",\"requestId\":\"7236ef7ead7ab8cf\",\"method\":\"POST\",\"path\":\"/v1/messages\",\"upstream_path\":null,\"upstream_target\":\"127.0.0.1:20128\",\"elapsedMs\":6679,\"httpStatus\":null,\"errorCode\":\"ECONNRESET\",\"abortSource\":\"client_close\",\"socketPhase\":null,\"destroyInitiator\":\"client\",\"msg\":\"client_disconnected_proxy_aborted\"}","timestamp":"2026-07-27T00:28:05.130Z"}

data: {"data":"[00:28:05] 🌊 [STREAM] NVIDIA | z-ai/glm-5.2 | 6358ms | disconnect: request_signal_aborted","timestamp":"2026-07-27T00:28:05.132Z"}

data: {"data":"[00:28:05] 🌊 [STREAM] NVIDIA | z-ai/glm-5.2 | 6373ms | client_disconnect (post-abort)","timestamp":"2026-07-27T00:28:05.147Z"}

data: {"data":"time=2026-07-27T00:28:05.569Z level=INFO msg=\"l0 retention enforced\" db=storage.sqlite deleted_count=23 max_l1_txid=000000000000019d","timestamp":"2026-07-27T00:28:05.570Z"}

data: {"data":"time=2026-07-27T00:28:05.569Z level=INFO msg=\"compaction complete\" level=1 txid.min=000000000000019d txid.max=000000000000019d size=3639","timestamp":"2026-07-27T00:28:05.570Z"}

data: {"data":"[INFO] [SKILLS_INJECTION] skills.injection.skipped {\"apiKeyId\":\"env-key\",\"reason\":\"no_enabled_skills\"}","timestamp":"2026-07-27T00:28:31.414Z"}

data: {"data":"{\"level\":30,\"time\":\"2026-07-27T00:28:31.355Z\",\"service\":\"omniroute\",\"module\":\"sse\",\"tag\":\"HTTP\",\"method\":\"POST\",\"path\":\"/v1/messages | nvidia/z-ai/glm-5.2 | 130 msgs | 40 tools\",\"msg\":\"📥 POST /v1/messages | nvidia/z-ai/glm-5.2 | 130 msgs | 40 tools\"}","timestamp":"2026-07-27T00:28:31.439Z"}

data: {"data":"{\"level\":30,\"time\":\"2026-07-27T00:28:31.363Z\",\"service\":\"omniroute\",\"module\":\"sse\",\"tag\":\"ROUTING\",\"msg\":\"Provider: nvidia, Model: z-ai/glm-5.2\"}","timestamp":"2026-07-27T00:28:31.439Z"}

data: {"data":"{\"level\":30,\"time\":\"2026-07-27T00:28:31.366Z\",\"service\":\"omniroute\",\"module\":\"sse\",\"tag\":\"AUTH\",\"msg\":\"session_key=input:sha256:eebcc... has no available affinity target\"}","timestamp":"2026-07-27T00:28:31.439Z"}

data: {"data":"{\"level\":30,\"time\":\"2026-07-27T00:28:31.366Z\",\"service\":\"omniroute\",\"module\":\"sse\",\"tag\":\"AUTH\",\"msg\":\"Using nvidia account: c5116293...\"}","timestamp":"2026-07-27T00:28:31.439Z"}

data: {"data":"[ProxyEgress] nvidia/c5116293 in=113.20.2.214 out=44.196.116.2 proxy=direct status=success","timestamp":"2026-07-27T00:28:33.811Z"}

data: {"data":"[00:28:37] 📊 \u001b[32m[USAGE] NVIDIA | in=121015 | out=79 | account=c5116293...\u001b[0m \u001b[33m(estimated)\u001b[0m | cache_read=120960","timestamp":"2026-07-27T00:28:37.733Z"}

data: {"data":"[00:28:37] 🌊 [STREAM] NVIDIA | z-ai/glm-5.2 | 6318ms | complete","timestamp":"2026-07-27T00:28:37.738Z"}

data: {"data":"time=2026-07-27T00:28:39.383Z level=INFO msg=\"l0 retention enforced\" db=storage.sqlite deleted_count=4 max_l1_txid=00000000000001a1","timestamp":"2026-07-27T00:28:39.383Z"}

data: {"data":"time=2026-07-27T00:28:39.383Z level=INFO msg=\"compaction complete\" level=1 txid.min=000000000000019e txid.max=00000000000001a1 size=365440","timestamp":"2026-07-27T00:28:39.383Z"}

data: {"data":"time=2026-07-27T00:29:06.904Z level=INFO msg=\"compaction complete\" level=1 txid.min=00000000000001a2 txid.max=00000000000001a2 size=23689","timestamp":"2026-07-27T00:29:06.904Z"}

data: {"data":"time=2026-07-27T00:29:57.284Z level=INFO msg=\"l0 retention enforced\" db=storage.sqlite deleted_count=7 max_l1_txid=00000000000001a2","timestamp":"2026-07-27T00:29:57.285Z"}

data: {"data":"time=2026-07-27T00:30:02.647Z level=INFO msg=\"compaction complete\" level=1 txid.min=00000000000001a3 txid.max=00000000000001a4 size=365885","timestamp":"2026-07-27T00:30:02.648Z"}

data: {"data":"time=2026-07-27T00:30:09.745Z level=INFO msg=\"compaction complete\" level=2 txid.min=000000000000019a txid.max=00000000000001a4 size=365885","timestamp":"2026-07-27T00:30:09.746Z"}

data: {"data":"🧹 [RATE-LIMIT] Evicting idle limiter: nvidia:9865dfaa-3680-4a2c-a952-16cf94dddd04 (inactive for 624s)","timestamp":"2026-07-27T00:31:34.667Z"}

data: {"data":"🧹 [RATE-LIMIT] Evicting idle limiter: nvidia:3f77f218-ee98-443b-b2de-e0cdb8761144 (inactive for 602s)","timestamp":"2026-07-27T00:31:34.667Z"}

data: {"data":"🧹 [RATE-LIMIT] Evicting idle limiter: nvidia:a68545c0-554a-43c9-9ad4-e09885e762e7 (inactive for 628s)","timestamp":"2026-07-27T00:32:04.667Z"}

data: {"data":"🧹 [RATE-LIMIT] Evicting idle limiter: nvidia:dd511141-af6e-4944-8af4-c0397507c799 (inactive for 612s)","timestamp":"2026-07-27T00:32:04.667Z"}

data: {"data":"🧹 [RATE-LIMIT] Evicting idle limiter: nvidia:2bcea68b-9f7a-4673-b1f0-80a66320fc88 (inactive for 605s)","timestamp":"2026-07-27T00:32:04.667Z"}

data: {"data":"🧹 [RATE-LIMIT] Evicting idle limiter: nvidia:1830e4f7-dd8f-4c11-9d65-c0acdced6494 (inactive for 601s)","timestamp":"2026-07-27T00:32:34.667Z"}

data: {"data":"🧹 [RATE-LIMIT] Evicting idle limiter: nvidia:58f42365-24ac-4844-b08b-af609b1057d1 (inactive for 625s)","timestamp":"2026-07-27T00:33:04.667Z"}

data: {"data":"🧹 [RATE-LIMIT] Evicting idle limiter: nvidia:09665ab2-ccd5-473b-9674-14967d3741b7 (inactive for 607s)","timestamp":"2026-07-27T00:33:04.667Z"}

data: {"data":"🧹 [RATE-LIMIT] Evicting idle limiter: nvidia:2d9ef15f-bc96-49d8-b476-56b2ad65c431 (inactive for 603s)","timestamp":"2026-07-27T00:33:04.667Z"}

data: {"data":"🧹 [RATE-LIMIT] Evicting idle limiter: nvidia:53f96ffa-5bb1-424c-925f-86c1b44688ec (inactive for 628s)","timestamp":"2026-07-27T00:34:34.668Z"}

data: {"data":"🧹 [RATE-LIMIT] Evicting idle limiter: nvidia:deb0258d-ecce-4c26-ad39-542c44736a0a (inactive for 621s)","timestamp":"2026-07-27T00:34:34.668Z"}

data: {"data":"time=2026-07-27T00:34:57.417Z level=INFO msg=\"l0 retention enforced\" db=storage.sqlite deleted_count=9 max_l1_txid=00000000000001a4","timestamp":"2026-07-27T00:34:57.417Z"}

data: {"data":"🧹 [RATE-LIMIT] Evicting idle limiter: nvidia:3317f8d3-ffa6-4e41-a8ad-7eeaf91a3f93 (inactive for 606s)","timestamp":"2026-07-27T00:38:04.674Z"}

data: {"data":"🧹 [RATE-LIMIT] Evicting idle limiter: nvidia:c5116293-3a1e-420b-890b-ddff9ee0db57 (inactive for 601s)","timestamp":"2026-07-27T00:38:34.674Z"}

data: {"data":"[INFO] [SKILLS_INJECTION] skills.injection.skipped {\"apiKeyId\":\"env-key\",\"reason\":\"no_enabled_skills\"}","timestamp":"2026-07-27T00:52:21.903Z"}

data: {"data":"{\"level\":30,\"time\":\"2026-07-27T00:52:21.848Z\",\"service\":\"omniroute\",\"module\":\"sse\",\"tag\":\"HTTP\",\"method\":\"POST\",\"path\":\"/v1/messages | nvidia/z-ai/glm-5.2 | 131 msgs | 40 tools\",\"msg\":\"📥 POST /v1/messages | nvidia/z-ai/glm-5.2 | 131 msgs | 40 tools\"}","timestamp":"2026-07-27T00:52:21.929Z"}

data: {"data":"{\"level\":30,\"time\":\"2026-07-27T00:52:21.856Z\",\"service\":\"omniroute\",\"module\":\"sse\",\"tag\":\"ROUTING\",\"msg\":\"Provider: nvidia, Model: z-ai/glm-5.2\"}","timestamp":"2026-07-27T00:52:21.929Z"}

data: {"data":"{\"level\":30,\"time\":\"2026-07-27T00:52:21.859Z\",\"service\":\"omniroute\",\"module\":\"sse\",\"tag\":\"AUTH\",\"msg\":\"session_key=input:sha256:eebcc... has no available affinity target\"}","timestamp":"2026-07-27T00:52:21.929Z"}

data: {"data":"{\"level\":30,\"time\":\"2026-07-27T00:52:21.860Z\",\"service\":\"omniroute\",\"module\":\"sse\",\"tag\":\"AUTH\",\"msg\":\"Using nvidia account: cb888a54...\"}","timestamp":"2026-07-27T00:52:21.929Z"}

data: {"data":"time=2026-07-27T00:52:34.183Z level=INFO msg=\"l0 retention enforced\" db=storage.sqlite deleted_count=1 max_l1_txid=00000000000001a6","timestamp":"2026-07-27T00:52:34.183Z"}

data: {"data":"time=2026-07-27T00:52:34.183Z level=INFO msg=\"compaction complete\" level=1 txid.min=00000000000001a5 txid.max=00000000000001a6 size=365900","timestamp":"2026-07-27T00:52:34.183Z"}

data: {"data":"time=2026-07-27T00:53:06.315Z level=INFO msg=\"compaction complete\" level=1 txid.min=00000000000001a7 txid.max=00000000000001a7 size=10476","timestamp":"2026-07-27T00:53:06.316Z"}

data: {"data":"[00:53:06] 📊 \u001b[32m[USAGE] NVIDIA | in=122694 | out=835 | account=cb888a54...\u001b[0m \u001b[33m(estimated)\u001b[0m | cache_read=384","timestamp":"2026-07-27T00:53:06.737Z"}

data: {"data":"[00:53:06] 🌊 [STREAM] NVIDIA | z-ai/glm-5.2 | 44832ms | complete","timestamp":"2026-07-27T00:53:06.744Z"}

data: {"data":"[INFO] [SKILLS_INJECTION] skills.injection.skipped {\"apiKeyId\":\"env-key\",\"reason\":\"no_enabled_skills\"}","timestamp":"2026-07-27T00:53:07.586Z"}

data: {"data":"{\"level\":30,\"time\":\"2026-07-27T00:53:07.531Z\",\"service\":\"omniroute\",\"module\":\"sse\",\"tag\":\"HTTP\",\"method\":\"POST\",\"path\":\"/v1/messages | nvidia/z-ai/glm-5.2 | 133 msgs | 40 tools\",\"msg\":\"📥 POST /v1/messages | nvidia/z-ai/glm-5.2 | 133 msgs | 40 tools\"}","timestamp":"2026-07-27T00:53:07.615Z"}

data: {"data":"{\"level\":30,\"time\":\"2026-07-27T00:53:07.539Z\",\"service\":\"omniroute\",\"module\":\"sse\",\"tag\":\"ROUTING\",\"msg\":\"Provider: nvidia, Model: z-ai/glm-5.2\"}","timestamp":"2026-07-27T00:53:07.615Z"}

data: {"data":"{\"level\":30,\"time\":\"2026-07-27T00:53:07.543Z\",\"service\":\"omniroute\",\"module\":\"sse\",\"tag\":\"AUTH\",\"msg\":\"session_key=input:sha256:eebcc... has no available affinity target\"}","timestamp":"2026-07-27T00:53:07.615Z"}

data: {"data":"{\"level\":30,\"time\":\"2026-07-27T00:53:07.544Z\",\"service\":\"omniroute\",\"module\":\"sse\",\"tag\":\"AUTH\",\"msg\":\"Using nvidia account: d65f33e2...\"}","timestamp":"2026-07-27T00:53:07.615Z"}

data: {"data":"[ProxyEgress] nvidia/d65f33e2 in=113.20.2.214 out=44.196.116.2 proxy=direct status=success","timestamp":"2026-07-27T00:53:13.645Z"}

data: {"data":"[00:53:32] 📊 \u001b[32m[USAGE] NVIDIA | in=123636 | out=435 | account=d65f33e2...\u001b[0m \u001b[33m(estimated)\u001b[0m | cache_read=576","timestamp":"2026-07-27T00:53:32.707Z"}

data: {"data":"[00:53:32] 🌊 [STREAM] NVIDIA | z-ai/glm-5.2 | 25123ms | complete","timestamp":"2026-07-27T00:53:32.716Z"}

data: {"data":"[INFO] [SKILLS_INJECTION] skills.injection.skipped {\"apiKeyId\":\"env-key\",\"reason\":\"no_enabled_skills\"}","timestamp":"2026-07-27T00:53:33.509Z"}

data: {"data":"{\"level\":30,\"time\":\"2026-07-27T00:53:33.455Z\",\"service\":\"omniroute\",\"module\":\"sse\",\"tag\":\"HTTP\",\"method\":\"POST\",\"path\":\"/v1/messages | nvidia/z-ai/glm-5.2 | 135 msgs | 40 tools\",\"msg\":\"📥 POST /v1/messages | nvidia/z-ai/glm-5.2 | 135 msgs | 40 tools\"}","timestamp":"2026-07-27T00:53:33.531Z"}

data: {"data":"{\"level\":30,\"time\":\"2026-07-27T00:53:33.463Z\",\"service\":\"omniroute\",\"module\":\"sse\",\"tag\":\"ROUTING\",\"msg\":\"Provider: nvidia, Model: z-ai/glm-5.2\"}","timestamp":"2026-07-27T00:53:33.531Z"}

data: {"data":"{\"level\":30,\"time\":\"2026-07-27T00:53:33.466Z\",\"service\":\"omniroute\",\"module\":\"sse\",\"tag\":\"AUTH\",\"msg\":\"session_key=input:sha256:eebcc... has no available affinity target\"}","timestamp":"2026-07-27T00:53:33.531Z"}

data: {"data":"{\"level\":30,\"time\":\"2026-07-27T00:53:33.467Z\",\"service\":\"omniroute\",\"module\":\"sse\",\"tag\":\"AUTH\",\"msg\":\"Using nvidia account: ccaad834...\"}","timestamp":"2026-07-27T00:53:33.531Z"}

data: {"data":"[ProxyEgress] nvidia/ccaad834 in=113.20.2.214 out=44.196.116.2 proxy=direct status=success","timestamp":"2026-07-27T00:53:34.291Z"}

data: {"data":"time=2026-07-27T00:53:35.062Z level=INFO msg=\"compaction complete\" level=1 txid.min=00000000000001a8 txid.max=00000000000001aa size=37696","timestamp":"2026-07-27T00:53:35.062Z"}

data: {"data":"[00:53:47] 📊 \u001b[32m[USAGE] NVIDIA | in=124349 | out=350 | account=ccaad834...\u001b[0m \u001b[33m(estimated)\u001b[0m | cache_read=123520","timestamp":"2026-07-27T00:53:47.561Z"}

data: {"data":"[00:53:47] 🌊 [STREAM] NVIDIA | z-ai/glm-5.2 | 14052ms | complete","timestamp":"2026-07-27T00:53:47.567Z"}

data: {"data":"[INFO] [SKILLS_INJECTION] skills.injection.skipped {\"apiKeyId\":\"env-key\",\"reason\":\"no_enabled_skills\"}","timestamp":"2026-07-27T00:53:48.733Z"}

data: {"data":"{\"level\":30,\"time\":\"2026-07-27T00:53:48.668Z\",\"service\":\"omniroute\",\"module\":\"sse\",\"tag\":\"HTTP\",\"method\":\"POST\",\"path\":\"/v1/messages | nvidia/z-ai/glm-5.2 | 137 msgs | 40 tools\",\"msg\":\"📥 POST /v1/messages | nvidia/z-ai/glm-5.2 | 137 msgs | 40 tools\"}","timestamp":"2026-07-27T00:53:48.754Z"}

data: {"data":"{\"level\":30,\"time\":\"2026-07-27T00:53:48.677Z\",\"service\":\"omniroute\",\"module\":\"sse\",\"tag\":\"ROUTING\",\"msg\":\"Provider: nvidia, Model: z-ai/glm-5.2\"}","timestamp":"2026-07-27T00:53:48.754Z"}

data: {"data":"{\"level\":30,\"time\":\"2026-07-27T00:53:48.680Z\",\"service\":\"omniroute\",\"module\":\"sse\",\"tag\":\"AUTH\",\"msg\":\"session_key=input:sha256:eebcc... has no available affinity target\"}","timestamp":"2026-07-27T00:53:48.754Z"}

data: {"data":"{\"level\":30,\"time\":\"2026-07-27T00:53:48.680Z\",\"service\":\"omniroute\",\"module\":\"sse\",\"tag\":\"AUTH\",\"msg\":\"Using nvidia account: def58a55...\"}","timestamp":"2026-07-27T00:53:48.754Z"}

data: {"data":"[ProxyEgress] nvidia/def58a55 in=113.20.2.214 out=44.196.116.2 proxy=direct status=success","timestamp":"2026-07-27T00:53:52.524Z"}

data: {"data":"time=2026-07-27T00:54:05.023Z level=INFO msg=\"compaction complete\" level=1 txid.min=00000000000001ab txid.max=00000000000001b1 size=367800","timestamp":"2026-07-27T00:54:05.023Z"}

data: {"data":"[00:54:06] 📊 \u001b[32m[USAGE] NVIDIA | in=124897 | out=429 | account=def58a55...\u001b[0m \u001b[33m(estimated)\u001b[0m | cache_read=124672","timestamp":"2026-07-27T00:54:06.680Z"}

data: {"data":"[00:54:06] 🌊 [STREAM] NVIDIA | z-ai/glm-5.2 | 17944ms | complete","timestamp":"2026-07-27T00:54:06.686Z"}

data: {"data":"[INFO] [SKILLS_INJECTION] skills.injection.skipped {\"apiKeyId\":\"env-key\",\"reason\":\"no_enabled_skills\"}","timestamp":"2026-07-27T00:54:09.691Z"}

data: {"data":"{\"level\":30,\"time\":\"2026-07-27T00:54:09.637Z\",\"service\":\"omniroute\",\"module\":\"sse\",\"tag\":\"HTTP\",\"method\":\"POST\",\"path\":\"/v1/messages | nvidia/z-ai/glm-5.2 | 139 msgs | 40 tools\",\"msg\":\"📥 POST /v1/messages | nvidia/z-ai/glm-5.2 | 139 msgs | 40 tools\"}","timestamp":"2026-07-27T00:54:09.721Z"}

data: {"data":"{\"level\":30,\"time\":\"2026-07-27T00:54:09.646Z\",\"service\":\"omniroute\",\"module\":\"sse\",\"tag\":\"ROUTING\",\"msg\":\"Provider: nvidia, Model: z-ai/glm-5.2\"}","timestamp":"2026-07-27T00:54:09.721Z"}

data: {"data":"{\"level\":30,\"time\":\"2026-07-27T00:54:09.650Z\",\"service\":\"omniroute\",\"module\":\"sse\",\"tag\":\"AUTH\",\"msg\":\"session_key=input:sha256:eebcc... has no available affinity target\"}","timestamp":"2026-07-27T00:54:09.721Z"}

data: {"data":"{\"level\":30,\"time\":\"2026-07-27T00:54:09.651Z\",\"service\":\"omniroute\",\"module\":\"sse\",\"tag\":\"AUTH\",\"msg\":\"Using nvidia account: 2d039916...\"}","timestamp":"2026-07-27T00:54:09.721Z"}

data: {"data":"[ProxyEgress] nvidia/2d039916 in=113.20.2.214 out=44.196.116.2 proxy=direct status=success","timestamp":"2026-07-27T00:54:10.930Z"}

data: {"data":"[00:54:25] 📊 \u001b[32m[USAGE] NVIDIA | in=125491 | out=447 | account=2d039916...\u001b[0m \u001b[33m(estimated)\u001b[0m | cache_read=124032","timestamp":"2026-07-27T00:54:25.683Z"}

data: {"data":"[00:54:25] 🌊 [STREAM] NVIDIA | z-ai/glm-5.2 | 15992ms | complete","timestamp":"2026-07-27T00:54:25.689Z"}

data: {"data":"[INFO] [SKILLS_INJECTION] skills.injection.skipped {\"apiKeyId\":\"env-key\",\"reason\":\"no_enabled_skills\"}","timestamp":"2026-07-27T00:54:26.716Z"}

data: {"data":"{\"level\":30,\"time\":\"2026-07-27T00:54:26.659Z\",\"service\":\"omniroute\",\"module\":\"sse\",\"tag\":\"HTTP\",\"method\":\"POST\",\"path\":\"/v1/messages | nvidia/z-ai/glm-5.2 | 141 msgs | 40 tools\",\"msg\":\"📥 POST /v1/messages | nvidia/z-ai/glm-5.2 | 141 msgs | 40 tools\"}","timestamp":"2026-07-27T00:54:26.733Z"}

data: {"data":"{\"level\":30,\"time\":\"2026-07-27T00:54:26.667Z\",\"service\":\"omniroute\",\"module\":\"sse\",\"tag\":\"ROUTING\",\"msg\":\"Provider: nvidia, Model: z-ai/glm-5.2\"}","timestamp":"2026-07-27T00:54:26.733Z"}

data: {"data":"{\"level\":30,\"time\":\"2026-07-27T00:54:26.670Z\",\"service\":\"omniroute\",\"module\":\"sse\",\"tag\":\"AUTH\",\"msg\":\"session_key=input:sha256:eebcc... has no available affinity target\"}","timestamp":"2026-07-27T00:54:26.733Z"}

data: {"data":"{\"level\":30,\"time\":\"2026-07-27T00:54:26.671Z\",\"service\":\"omniroute\",\"module\":\"sse\",\"tag\":\"AUTH\",\"msg\":\"Using nvidia account: d6a27df9...\"}","timestamp":"2026-07-27T00:54:26.733Z"}

data: {"data":"time=2026-07-27T00:54:34.774Z level=INFO msg=\"compaction complete\" level=1 txid.min=00000000000001b2 txid.max=00000000000001b5 size=40578","timestamp":"2026-07-27T00:54:34.774Z"}

data: {"data":"[ProxyEgress] nvidia/d6a27df9 in=113.20.2.214 out=44.196.116.2 proxy=direct status=success","timestamp":"2026-07-27T00:54:35.006Z"}

data: {"data":"[00:54:41] 📊 \u001b[32m[USAGE] NVIDIA | in=126171 | out=337 | account=d6a27df9...\u001b[0m \u001b[33m(estimated)\u001b[0m | cache_read=384","timestamp":"2026-07-27T00:54:41.986Z"}

data: {"data":"[00:54:42] 🌊 [STREAM] NVIDIA | z-ai/glm-5.2 | 15282ms | complete","timestamp":"2026-07-27T00:54:42.004Z"}

data: {"data":"[INFO] [SKILLS_INJECTION] skills.injection.skipped {\"apiKeyId\":\"env-key\",\"reason\":\"no_enabled_skills\"}","timestamp":"2026-07-27T00:54:42.967Z"}

data: {"data":"{\"level\":30,\"time\":\"2026-07-27T00:54:42.911Z\",\"service\":\"omniroute\",\"module\":\"sse\",\"tag\":\"HTTP\",\"method\":\"POST\",\"path\":\"/v1/messages | nvidia/z-ai/glm-5.2 | 144 msgs | 40 tools\",\"msg\":\"📥 POST /v1/messages | nvidia/z-ai/glm-5.2 | 144 msgs | 40 tools\"}","timestamp":"2026-07-27T00:54:43.002Z"}

data: {"data":"{\"level\":30,\"time\":\"2026-07-27T00:54:42.921Z\",\"service\":\"omniroute\",\"module\":\"sse\",\"tag\":\"ROUTING\",\"msg\":\"Provider: nvidia, Model: z-ai/glm-5.2\"}","timestamp":"2026-07-27T00:54:43.002Z"}

data: {"data":"{\"level\":30,\"time\":\"2026-07-27T00:54:42.924Z\",\"service\":\"omniroute\",\"module\":\"sse\",\"tag\":\"AUTH\",\"msg\":\"session_key=input:sha256:eebcc... has no available affinity target\"}","timestamp":"2026-07-27T00:54:43.002Z"}

data: {"data":"{\"level\":30,\"time\":\"2026-07-27T00:54:42.924Z\",\"service\":\"omniroute\",\"module\":\"sse\",\"tag\":\"AUTH\",\"msg\":\"Using nvidia account: 7d5d42c4...\"}","timestamp":"2026-07-27T00:54:43.002Z"}

data: {"data":"[ProxyEgress] nvidia/7d5d42c4 in=113.20.2.214 out=44.196.116.2 proxy=direct status=success","timestamp":"2026-07-27T00:54:49.369Z"}

data: {"data":"[00:55:01] 📊 \u001b[32m[USAGE] NVIDIA | in=126997 | out=537 | account=7d5d42c4...\u001b[0m \u001b[33m(estimated)\u001b[0m | cache_read=384","timestamp":"2026-07-27T00:55:01.906Z"}

data: {"data":"[00:55:01] 🌊 [STREAM] NVIDIA | z-ai/glm-5.2 | 18943ms | complete","timestamp":"2026-07-27T00:55:01.915Z"}

data: {"data":"[INFO] [SKILLS_INJECTION] skills.injection.skipped {\"apiKeyId\":\"env-key\",\"reason\":\"no_enabled_skills\"}","timestamp":"2026-07-27T00:55:02.685Z"}

data: {"data":"{\"level\":30,\"time\":\"2026-07-27T00:55:02.634Z\",\"service\":\"omniroute\",\"module\":\"sse\",\"tag\":\"HTTP\",\"method\":\"POST\",\"path\":\"/v1/messages | nvidia/z-ai/glm-5.2 | 146 msgs | 40 tools\",\"msg\":\"📥 POST /v1/messages | nvidia/z-ai/glm-5.2 | 146 msgs | 40 tools\"}","timestamp":"2026-07-27T00:55:02.721Z"}

data: {"data":"{\"level\":30,\"time\":\"2026-07-27T00:55:02.642Z\",\"service\":\"omniroute\",\"module\":\"sse\",\"tag\":\"ROUTING\",\"msg\":\"Provider: nvidia, Model: z-ai/glm-5.2\"}","timestamp":"2026-07-27T00:55:02.721Z"}

data: {"data":"{\"level\":30,\"time\":\"2026-07-27T00:55:02.647Z\",\"service\":\"omniroute\",\"module\":\"sse\",\"tag\":\"AUTH\",\"msg\":\"session_key=input:sha256:eebcc... has no available affinity target\"}","timestamp":"2026-07-27T00:55:02.721Z"}

data: {"data":"{\"level\":30,\"time\":\"2026-07-27T00:55:02.647Z\",\"service\":\"omniroute\",\"module\":\"sse\",\"tag\":\"AUTH\",\"msg\":\"Using nvidia account: f2b0933a...\"}","timestamp":"2026-07-27T00:55:02.721Z"}

data: {"data":"time=2026-07-27T00:55:04.838Z level=INFO msg=\"compaction complete\" level=2 txid.min=00000000000001a5 txid.max=00000000000001b5 size=368807","timestamp":"2026-07-27T00:55:04.838Z"}

data: {"data":"time=2026-07-27T00:55:05.014Z level=INFO msg=\"compaction complete\" level=1 txid.min=00000000000001b6 txid.max=00000000000001bc size=369545","timestamp":"2026-07-27T00:55:05.014Z"}

data: {"data":"[ProxyEgress] nvidia/f2b0933a in=113.20.2.214 out=44.196.116.2 proxy=direct status=success","timestamp":"2026-07-27T00:55:05.174Z"}

data: {"data":"[00:55:18] 📊 \u001b[32m[USAGE] NVIDIA | in=127636 | out=457 | account=f2b0933a...\u001b[0m \u001b[33m(estimated)\u001b[0m | cache_read=125888","timestamp":"2026-07-27T00:55:18.261Z"}

data: {"data":"[00:55:18] 🌊 [STREAM] NVIDIA | z-ai/glm-5.2 | 15577ms | complete","timestamp":"2026-07-27T00:55:18.267Z"}

data: {"data":"[INFO] [SKILLS_INJECTION] skills.injection.skipped {\"apiKeyId\":\"env-key\",\"reason\":\"no_enabled_skills\"}","timestamp":"2026-07-27T00:55:18.934Z"}

data: {"data":"{\"level\":30,\"time\":\"2026-07-27T00:55:18.872Z\",\"service\":\"omniroute\",\"module\":\"sse\",\"tag\":\"HTTP\",\"method\":\"POST\",\"path\":\"/v1/messages | nvidia/z-ai/glm-5.2 | 146 msgs | 40 tools\",\"msg\":\"📥 POST /v1/messages | nvidia/z-ai/glm-5.2 | 146 msgs | 40 tools\"}","timestamp":"2026-07-27T00:55:18.951Z"}

data: {"data":"{\"level\":30,\"time\":\"2026-07-27T00:55:18.881Z\",\"service\":\"omniroute\",\"module\":\"sse\",\"tag\":\"ROUTING\",\"msg\":\"Provider: nvidia, Model: z-ai/glm-5.2\"}","timestamp":"2026-07-27T00:55:18.951Z"}

data: {"data":"{\"level\":30,\"time\":\"2026-07-27T00:55:18.884Z\",\"service\":\"omniroute\",\"module\":\"sse\",\"tag\":\"AUTH\",\"msg\":\"session_key=input:sha256:eebcc... has no available affinity target\"}","timestamp":"2026-07-27T00:55:18.951Z"}

data: {"data":"{\"level\":30,\"time\":\"2026-07-27T00:55:18.884Z\",\"service\":\"omniroute\",\"module\":\"sse\",\"tag\":\"AUTH\",\"msg\":\"Using nvidia account: 9cda5fc2...\"}","timestamp":"2026-07-27T00:55:18.951Z"}

data: {"data":"[ProxyEgress] nvidia/9cda5fc2 in=113.20.2.214 out=44.196.116.2 proxy=direct status=success","timestamp":"2026-07-27T00:55:20.329Z"}

data: {"data":"time=2026-07-27T00:55:35.070Z level=INFO msg=\"compaction complete\" level=1 txid.min=00000000000001bd txid.max=00000000000001c1 size=41414","timestamp":"2026-07-27T00:55:35.070Z"}

data: {"data":"time=2026-07-27T00:59:57.868Z level=INFO msg=\"l0 retention enforced\" db=storage.sqlite deleted_count=22 max_l1_txid=00000000000001c1","timestamp":"2026-07-27T00:59:57.868Z"}

data: {"data":"time=2026-07-27T01:00:03.628Z level=INFO msg=\"l0 retention enforced\" db=storage.sqlite deleted_count=2 max_l1_txid=00000000000001c3","timestamp":"2026-07-27T01:00:03.628Z"}

data: {"data":"time=2026-07-27T01:00:03.628Z level=INFO msg=\"compaction complete\" level=1 txid.min=00000000000001c2 txid.max=00000000000001c3 size=370609","timestamp":"2026-07-27T01:00:03.628Z"}

data: {"data":"time=2026-07-27T01:00:04.364Z level=INFO msg=\"snapshot complete\" txid=00000000000001c3 size=370609","timestamp":"2026-07-27T01:00:04.364Z"}

data: {"data":"time=2026-07-27T01:00:07.561Z level=INFO msg=\"compaction complete\" level=3 txid.min=0000000000000179 txid.max=00000000000001b5 size=368807","timestamp":"2026-07-27T01:00:07.561Z"}

data: {"data":"time=2026-07-27T01:00:07.804Z level=INFO msg=\"compaction complete\" level=2 txid.min=00000000000001b6 txid.max=00000000000001c3 size=370609","timestamp":"2026-07-27T01:00:07.804Z"}

data: {"data":"[01:02:01] 📊 \u001b[32m[USAGE] NVIDIA | in=128930 | out=10891 | account=9cda5fc2...\u001b[0m \u001b[33m(estimated)\u001b[0m | cache_read=126464","timestamp":"2026-07-27T01:02:01.700Z"}

data: {"data":"[01:02:01] 🌊 [STREAM] NVIDIA | z-ai/glm-5.2 | 402768ms | complete","timestamp":"2026-07-27T01:02:01.708Z"}

data: {"data":"(node:816) MaxListenersExceededWarning: Possible EventEmitter memory leak detected. 11 connect listeners added to [Socket]. MaxListeners is 10. Use emitter.setMaxListeners() to increase limit","timestamp":"2026-07-27T01:02:02.774Z"}

data: {"data":"[INFO] [SKILLS_INJECTION] skills.injection.skipped {\"apiKeyId\":\"env-key\",\"reason\":\"no_enabled_skills\"}","timestamp":"2026-07-27T01:02:03.486Z"}

data: {"data":"{\"level\":30,\"time\":\"2026-07-27T01:02:03.457Z\",\"service\":\"omniroute\",\"module\":\"sse\",\"tag\":\"HTTP\",\"method\":\"POST\",\"path\":\"/v1/messages | nvidia/z-ai/glm-5.2 | 4 msgs | 40 tools\",\"msg\":\"📥 POST /v1/messages | nvidia/z-ai/glm-5.2 | 4 msgs | 40 tools\"}","timestamp":"2026-07-27T01:02:03.497Z"}

data: {"data":"{\"level\":30,\"time\":\"2026-07-27T01:02:03.461Z\",\"service\":\"omniroute\",\"module\":\"sse\",\"tag\":\"ROUTING\",\"msg\":\"Provider: nvidia, Model: z-ai/glm-5.2\"}","timestamp":"2026-07-27T01:02:03.497Z"}

data: {"data":"{\"level\":30,\"time\":\"2026-07-27T01:02:03.464Z\",\"service\":\"omniroute\",\"module\":\"sse\",\"tag\":\"AUTH\",\"msg\":\"session_key=input:sha256:eebcc... has no available affinity target\"}","timestamp":"2026-07-27T01:02:03.497Z"}

data: {"data":"{\"level\":30,\"time\":\"2026-07-27T01:02:03.464Z\",\"service\":\"omniroute\",\"module\":\"sse\",\"tag\":\"AUTH\",\"msg\":\"Using nvidia account: 3f77f218...\"}","timestamp":"2026-07-27T01:02:03.497Z"}

data: {"data":"[01:02:15] 📊 \u001b[32m[USAGE] NVIDIA | in=51096 | out=294 | account=3f77f218...\u001b[0m \u001b[33m(estimated)\u001b[0m | cache_read=1536","timestamp":"2026-07-27T01:02:15.827Z"}

data: {"data":"[01:02:15] 🌊 [STREAM] NVIDIA | z-ai/glm-5.2 | 12348ms | complete","timestamp":"2026-07-27T01:02:15.836Z"}

data: {"data":"[INFO] [SKILLS_INJECTION] skills.injection.skipped {\"apiKeyId\":\"env-key\",\"reason\":\"no_enabled_skills\"}","timestamp":"2026-07-27T01:02:16.450Z"}

data: {"data":"{\"level\":30,\"time\":\"2026-07-27T01:02:16.418Z\",\"service\":\"omniroute\",\"module\":\"sse\",\"tag\":\"HTTP\",\"method\":\"POST\",\"path\":\"/v1/messages | nvidia/z-ai/glm-5.2 | 6 msgs | 40 tools\",\"msg\":\"📥 POST /v1/messages | nvidia/z-ai/glm-5.2 | 6 msgs | 40 tools\"}","timestamp":"2026-07-27T01:02:16.460Z"}

data: {"data":"{\"level\":30,\"time\":\"2026-07-27T01:02:16.423Z\",\"service\":\"omniroute\",\"module\":\"sse\",\"tag\":\"ROUTING\",\"msg\":\"Provider: nvidia, Model: z-ai/glm-5.2\"}","timestamp":"2026-07-27T01:02:16.460Z"}

data: {"data":"{\"level\":30,\"time\":\"2026-07-27T01:02:16.427Z\",\"service\":\"omniroute\",\"module\":\"sse\",\"tag\":\"AUTH\",\"msg\":\"session_key=input:sha256:eebcc... has no available affinity target\"}","timestamp":"2026-07-27T01:02:16.460Z"}

data: {"data":"{\"level\":30,\"time\":\"2026-07-27T01:02:16.427Z\",\"service\":\"omniroute\",\"module\":\"sse\",\"tag\":\"AUTH\",\"msg\":\"Using nvidia account: a68545c0...\"}","timestamp":"2026-07-27T01:02:16.460Z"}

data: {"data":"[ProxyEgress] nvidia/a68545c0 in=113.20.2.214 out=44.196.116.2 proxy=direct status=success","timestamp":"2026-07-27T01:02:18.818Z"}

data: {"data":"[01:02:27] 📊 \u001b[32m[USAGE] NVIDIA | in=51710 | out=235 | account=a68545c0...\u001b[0m \u001b[33m(estimated)\u001b[0m | cache_read=1856","timestamp":"2026-07-27T01:02:27.135Z"}

data: {"data":"[01:02:27] 🌊 [STREAM] NVIDIA | z-ai/glm-5.2 | 10688ms | complete","timestamp":"2026-07-27T01:02:27.141Z"}

data: {"data":"[INFO] [SKILLS_INJECTION] skills.injection.skipped {\"apiKeyId\":\"env-key\",\"reason\":\"no_enabled_skills\"}","timestamp":"2026-07-27T01:02:27.860Z"}

data: {"data":"{\"level\":30,\"time\":\"2026-07-27T01:02:27.831Z\",\"service\":\"omniroute\",\"module\":\"sse\",\"tag\":\"HTTP\",\"method\":\"POST\",\"path\":\"/v1/messages | nvidia/z-ai/glm-5.2 | 8 msgs | 40 tools\",\"msg\":\"📥 POST /v1/messages | nvidia/z-ai/glm-5.2 | 8 msgs | 40 tools\"}","timestamp":"2026-07-27T01:02:27.871Z"}

data: {"data":"{\"level\":30,\"time\":\"2026-07-27T01:02:27.836Z\",\"service\":\"omniroute\",\"module\":\"sse\",\"tag\":\"ROUTING\",\"msg\":\"Provider: nvidia, Model: z-ai/glm-5.2\"}","timestamp":"2026-07-27T01:02:27.871Z"}

data: {"data":"{\"level\":30,\"time\":\"2026-07-27T01:02:27.839Z\",\"service\":\"omniroute\",\"module\":\"sse\",\"tag\":\"AUTH\",\"msg\":\"session_key=input:sha256:eebcc... has no available affinity target\"}","timestamp":"2026-07-27T01:02:27.871Z"}

data: {"data":"{\"level\":30,\"time\":\"2026-07-27T01:02:27.839Z\",\"service\":\"omniroute\",\"module\":\"sse\",\"tag\":\"AUTH\",\"msg\":\"Using nvidia account: dd511141...\"}","timestamp":"2026-07-27T01:02:27.871Z"}

data: {"data":"[ProxyEgress] nvidia/dd511141 in=113.20.2.214 out=44.196.116.2 proxy=direct status=success","timestamp":"2026-07-27T01:02:28.539Z"}

data: {"data":"time=2026-07-27T01:02:34.134Z level=INFO msg=\"l0 retention enforced\" db=storage.sqlite deleted_count=5 max_l1_txid=00000000000001cb","timestamp":"2026-07-27T01:02:34.134Z"}

data: {"data":"time=2026-07-27T01:02:34.134Z level=INFO msg=\"compaction complete\" level=1 txid.min=00000000000001c4 txid.max=00000000000001cb size=374064","timestamp":"2026-07-27T01:02:34.134Z"}

data: {"data":"🧹 [RATE-LIMIT] Evicting idle limiter: nvidia:cb888a54-217d-4ad6-b191-1cc5d06841e0 (inactive for 605s)","timestamp":"2026-07-27T01:02:34.716Z"}

data: {"data":"[01:02:42] 📊 \u001b[32m[USAGE] NVIDIA | in=53421 | out=342 | account=dd511141...\u001b[0m \u001b[33m(estimated)\u001b[0m | cache_read=51904","timestamp":"2026-07-27T01:02:42.081Z"}

data: {"data":"[01:02:42] 🌊 [STREAM] NVIDIA | z-ai/glm-5.2 | 14224ms | complete","timestamp":"2026-07-27T01:02:42.089Z"}

data: {"data":"[INFO] [SKILLS_INJECTION] skills.injection.skipped {\"apiKeyId\":\"env-key\",\"reason\":\"no_enabled_skills\"}","timestamp":"2026-07-27T01:02:42.581Z"}

data: {"data":"{\"level\":30,\"time\":\"2026-07-27T01:02:42.537Z\",\"service\":\"omniroute\",\"module\":\"sse\",\"tag\":\"HTTP\",\"method\":\"POST\",\"path\":\"/v1/messages | nvidia/z-ai/glm-5.2 | 10 msgs | 40 tools\",\"msg\":\"📥 POST /v1/messages | nvidia/z-ai/glm-5.2 | 10 msgs | 40 tools\"}","timestamp":"2026-07-27T01:02:42.606Z"}

data: {"data":"{\"level\":30,\"time\":\"2026-07-27T01:02:42.543Z\",\"service\":\"omniroute\",\"module\":\"sse\",\"tag\":\"ROUTING\",\"msg\":\"Provider: nvidia, Model: z-ai/glm-5.2\"}","timestamp":"2026-07-27T01:02:42.606Z"}

data: {"data":"{\"level\":30,\"time\":\"2026-07-27T01:02:42.548Z\",\"service\":\"omniroute\",\"module\":\"sse\",\"tag\":\"AUTH\",\"msg\":\"session_key=input:sha256:eebcc... has no available affinity target\"}","timestamp":"2026-07-27T01:02:42.606Z"}

data: {"data":"{\"level\":30,\"time\":\"2026-07-27T01:02:42.549Z\",\"service\":\"omniroute\",\"module\":\"sse\",\"tag\":\"AUTH\",\"msg\":\"Using nvidia account: 2bcea68b...\"}","timestamp":"2026-07-27T01:02:42.606Z"}

data: {"data":"[ProxyEgress] nvidia/2bcea68b in=113.20.2.214 out=44.196.116.2 proxy=direct status=success","timestamp":"2026-07-27T01:02:45.002Z"}

data: {"data":"[01:02:52] 📊 \u001b[32m[USAGE] NVIDIA | in=53980 | out=229 | account=2bcea68b...\u001b[0m \u001b[33m(estimated)\u001b[0m | cache_read=1536","timestamp":"2026-07-27T01:02:52.557Z"}

data: {"data":"[01:02:52] 🌊 [STREAM] NVIDIA | z-ai/glm-5.2 | 9978ms | complete","timestamp":"2026-07-27T01:02:52.562Z"}

data: {"data":"[INFO] [SKILLS_INJECTION] skills.injection.skipped {\"apiKeyId\":\"env-key\",\"reason\":\"no_enabled_skills\"}","timestamp":"2026-07-27T01:02:53.077Z"}

data: {"data":"{\"level\":30,\"time\":\"2026-07-27T01:02:53.045Z\",\"service\":\"omniroute\",\"module\":\"sse\",\"tag\":\"HTTP\",\"method\":\"POST\",\"path\":\"/v1/messages | nvidia/z-ai/glm-5.2 | 13 msgs | 40 tools\",\"msg\":\"📥 POST /v1/messages | nvidia/z-ai/glm-5.2 | 13 msgs | 40 tools\"}","timestamp":"2026-07-27T01:02:53.089Z"}

data: {"data":"{\"level\":30,\"time\":\"2026-07-27T01:02:53.051Z\",\"service\":\"omniroute\",\"module\":\"sse\",\"tag\":\"ROUTING\",\"msg\":\"Provider: nvidia, Model: z-ai/glm-5.2\"}","timestamp":"2026-07-27T01:02:53.089Z"}

data: {"data":"{\"level\":30,\"time\":\"2026-07-27T01:02:53.054Z\",\"service\":\"omniroute\",\"module\":\"sse\",\"tag\":\"AUTH\",\"msg\":\"session_key=input:sha256:eebcc... has no available affinity target\"}","timestamp":"2026-07-27T01:02:53.089Z"}

data: {"data":"{\"level\":30,\"time\":\"2026-07-27T01:02:53.054Z\",\"service\":\"omniroute\",\"module\":\"sse\",\"tag\":\"AUTH\",\"msg\":\"Using nvidia account: 1830e4f7...\"}","timestamp":"2026-07-27T01:02:53.089Z"}

data: {"data":"[ProxyEgress] nvidia/1830e4f7 in=113.20.2.214 out=44.196.116.2 proxy=direct status=success","timestamp":"2026-07-27T01:02:53.624Z"}

data: {"data":"[01:02:57] 📊 \u001b[32m[USAGE] NVIDIA | in=54700 | out=332 | account=1830e4f7...\u001b[0m \u001b[33m(estimated)\u001b[0m | cache_read=51328","timestamp":"2026-07-27T01:02:57.308Z"}

data: {"data":"[01:02:57] 🌊 [STREAM] NVIDIA | z-ai/glm-5.2 | 4235ms | complete","timestamp":"2026-07-27T01:02:57.315Z"}

data: {"data":"[INFO] [SKILLS_INJECTION] skills.injection.skipped {\"apiKeyId\":\"env-key\",\"reason\":\"no_enabled_skills\"}","timestamp":"2026-07-27T01:02:57.852Z"}

data: {"data":"{\"level\":30,\"time\":\"2026-07-27T01:02:57.819Z\",\"service\":\"omniroute\",\"module\":\"sse\",\"tag\":\"HTTP\",\"method\":\"POST\",\"path\":\"/v1/messages | nvidia/z-ai/glm-5.2 | 15 msgs | 40 tools\",\"msg\":\"📥 POST /v1/messages | nvidia/z-ai/glm-5.2 | 15 msgs | 40 tools\"}","timestamp":"2026-07-27T01:02:57.872Z"}

data: {"data":"{\"level\":30,\"time\":\"2026-07-27T01:02:57.823Z\",\"service\":\"omniroute\",\"module\":\"sse\",\"tag\":\"ROUTING\",\"msg\":\"Provider: nvidia, Model: z-ai/glm-5.2\"}","timestamp":"2026-07-27T01:02:57.872Z"}

data: {"data":"{\"level\":30,\"time\":\"2026-07-27T01:02:57.826Z\",\"service\":\"omniroute\",\"module\":\"sse\",\"tag\":\"AUTH\",\"msg\":\"session_key=input:sha256:eebcc... has no available affinity target\"}","timestamp":"2026-07-27T01:02:57.872Z"}

data: {"data":"{\"level\":30,\"time\":\"2026-07-27T01:02:57.826Z\",\"service\":\"omniroute\",\"module\":\"sse\",\"tag\":\"AUTH\",\"msg\":\"Using nvidia account: 58f42365...\"}","timestamp":"2026-07-27T01:02:57.872Z"}

data: {"data":"[ProxyEgress] nvidia/58f42365 in=113.20.2.214 out=44.196.116.2 proxy=direct status=success","timestamp":"2026-07-27T01:03:02.431Z"}

data: {"data":"[01:03:02] 📊 \u001b[32m[USAGE] NVIDIA | in=55188 | out=134 | account=58f42365...\u001b[0m | cache_read=384","timestamp":"2026-07-27T01:03:02.447Z"}

data: {"data":"[01:03:02] 🌊 [STREAM] NVIDIA | z-ai/glm-5.2 | 4597ms | complete","timestamp":"2026-07-27T01:03:02.453Z"}

data: {"data":"[INFO] [SKILLS_INJECTION] skills.injection.skipped {\"apiKeyId\":\"env-key\",\"reason\":\"no_enabled_skills\"}","timestamp":"2026-07-27T01:03:03.103Z"}

data: {"data":"{\"level\":30,\"time\":\"2026-07-27T01:03:03.011Z\",\"service\":\"omniroute\",\"module\":\"sse\",\"tag\":\"HTTP\",\"method\":\"POST\",\"path\":\"/v1/messages | nvidia/z-ai/glm-5.2 | 17 msgs | 40 tools\",\"msg\":\"📥 POST /v1/messages | nvidia/z-ai/glm-5.2 | 17 msgs | 40 tools\"}","timestamp":"2026-07-27T01:03:03.113Z"}

data: {"data":"{\"level\":30,\"time\":\"2026-07-27T01:03:03.017Z\",\"service\":\"omniroute\",\"module\":\"sse\",\"tag\":\"ROUTING\",\"msg\":\"Provider: nvidia, Model: z-ai/glm-5.2\"}","timestamp":"2026-07-27T01:03:03.113Z"}

data: {"data":"{\"level\":30,\"time\":\"2026-07-27T01:03:03.020Z\",\"service\":\"omniroute\",\"module\":\"sse\",\"tag\":\"AUTH\",\"msg\":\"session_key=input:sha256:eebcc... has no available affinity target\"}","timestamp":"2026-07-27T01:03:03.113Z"}

data: {"data":"{\"level\":30,\"time\":\"2026-07-27T01:03:03.021Z\",\"service\":\"omniroute\",\"module\":\"sse\",\"tag\":\"AUTH\",\"msg\":\"Using nvidia account: 09665ab2...\"}","timestamp":"2026-07-27T01:03:03.113Z"}

data: {"data":"time=2026-07-27T01:03:05.971Z level=INFO msg=\"compaction complete\" level=1 txid.min=00000000000001cc txid.max=00000000000001d1 size=42376","timestamp":"2026-07-27T01:03:05.971Z"}

data: {"data":"[ProxyEgress] nvidia/09665ab2 in=113.20.2.214 out=44.196.116.2 proxy=direct status=success","timestamp":"2026-07-27T01:03:06.259Z"}

data: {"data":"[01:03:27] 📊 \u001b[32m[USAGE] NVIDIA | in=55442 | out=282 | account=09665ab2...\u001b[0m \u001b[33m(estimated)\u001b[0m | cache_read=384","timestamp":"2026-07-27T01:03:27.269Z"}

data: {"data":"[01:03:27] 🌊 [STREAM] NVIDIA | z-ai/glm-5.2 | 24172ms | complete","timestamp":"2026-07-27T01:03:27.275Z"}

data: {"data":"[INFO] [SKILLS_INJECTION] skills.injection.skipped {\"apiKeyId\":\"env-key\",\"reason\":\"no_enabled_skills\"}","timestamp":"2026-07-27T01:03:27.831Z"}

data: {"data":"{\"level\":30,\"time\":\"2026-07-27T01:03:27.791Z\",\"service\":\"omniroute\",\"module\":\"sse\",\"tag\":\"HTTP\",\"method\":\"POST\",\"path\":\"/v1/messages | nvidia/z-ai/glm-5.2 | 19 msgs | 40 tools\",\"msg\":\"📥 POST /v1/messages | nvidia/z-ai/glm-5.2 | 19 msgs | 40 tools\"}","timestamp":"2026-07-27T01:03:27.841Z"}

data: {"data":"{\"level\":30,\"time\":\"2026-07-27T01:03:27.798Z\",\"service\":\"omniroute\",\"module\":\"sse\",\"tag\":\"ROUTING\",\"msg\":\"Provider: nvidia, Model: z-ai/glm-5.2\"}","timestamp":"2026-07-27T01:03:27.841Z"}

data: {"data":"{\"level\":30,\"time\":\"2026-07-27T01:03:27.803Z\",\"service\":\"omniroute\",\"module\":\"sse\",\"tag\":\"AUTH\",\"msg\":\"session_key=input:sha256:eebcc... has no available affinity target\"}","timestamp":"2026-07-27T01:03:27.841Z"}

data: {"data":"{\"level\":30,\"time\":\"2026-07-27T01:03:27.804Z\",\"service\":\"omniroute\",\"module\":\"sse\",\"tag\":\"AUTH\",\"msg\":\"Using nvidia account: 2d9ef15f...\"}","timestamp":"2026-07-27T01:03:27.841Z"}

data: {"data":"[ProxyEgress] nvidia/2d9ef15f in=113.20.2.214 out=44.196.116.2 proxy=direct status=success","timestamp":"2026-07-27T01:03:29.742Z"}

data: {"data":"[01:03:32] 📊 \u001b[32m[USAGE] NVIDIA | in=55999 | out=150 | account=2d9ef15f...\u001b[0m \u001b[33m(estimated)\u001b[0m | cache_read=55296","timestamp":"2026-07-27T01:03:32.833Z"}

data: {"data":"[01:03:32] 🌊 [STREAM] NVIDIA | z-ai/glm-5.2 | 5004ms | complete","timestamp":"2026-07-27T01:03:32.838Z"}

data: {"data":"[INFO] [SKILLS_INJECTION] skills.injection.skipped {\"apiKeyId\":\"env-key\",\"reason\":\"no_enabled_skills\"}","timestamp":"2026-07-27T01:03:33.354Z"}

data: {"data":"{\"level\":30,\"time\":\"2026-07-27T01:03:33.322Z\",\"service\":\"omniroute\",\"module\":\"sse\",\"tag\":\"HTTP\",\"method\":\"POST\",\"path\":\"/v1/messages | nvidia/z-ai/glm-5.2 | 21 msgs | 40 tools\",\"msg\":\"📥 POST /v1/messages | nvidia/z-ai/glm-5.2 | 21 msgs | 40 tools\"}","timestamp":"2026-07-27T01:03:33.365Z"}

data: {"data":"{\"level\":30,\"time\":\"2026-07-27T01:03:33.327Z\",\"service\":\"omniroute\",\"module\":\"sse\",\"tag\":\"ROUTING\",\"msg\":\"Provider: nvidia, Model: z-ai/glm-5.2\"}","timestamp":"2026-07-27T01:03:33.365Z"}

data: {"data":"{\"level\":30,\"time\":\"2026-07-27T01:03:33.331Z\",\"service\":\"omniroute\",\"module\":\"sse\",\"tag\":\"AUTH\",\"msg\":\"session_key=input:sha256:eebcc... has no available affinity target\"}","timestamp":"2026-07-27T01:03:33.365Z"}

data: {"data":"{\"level\":30,\"time\":\"2026-07-27T01:03:33.331Z\",\"service\":\"omniroute\",\"module\":\"sse\",\"tag\":\"AUTH\",\"msg\":\"Using nvidia account: 53f96ffa...\"}","timestamp":"2026-07-27T01:03:33.365Z"}

data: {"data":"🧹 [RATE-LIMIT] Evicting idle limiter: nvidia:d65f33e2-26b4-4096-bb40-214be567a5f8 (inactive for 621s)","timestamp":"2026-07-27T01:03:34.716Z"}

data: {"data":"🧹 [RATE-LIMIT] Evicting idle limiter: nvidia:ccaad834-d081-4ec4-8e8d-713afc7d722f (inactive for 600s)","timestamp":"2026-07-27T01:03:34.716Z"}

data: {"data":"time=2026-07-27T01:03:34.798Z level=INFO msg=\"compaction complete\" level=1 txid.min=00000000000001d2 txid.max=00000000000001d7 size=377406","timestamp":"2026-07-27T01:03:34.803Z"}

data: {"data":"[ProxyEgress] nvidia/53f96ffa in=113.20.2.214 out=44.196.116.2 proxy=direct status=success","timestamp":"2026-07-27T01:03:37.779Z"}

data: {"data":"[01:03:54] 📊 \u001b[32m[USAGE] NVIDIA | in=56774 | out=535 | account=53f96ffa...\u001b[0m \u001b[33m(estimated)\u001b[0m | cache_read=1856","timestamp":"2026-07-27T01:03:54.006Z"}

data: {"data":"[01:03:54] 🌊 [STREAM] NVIDIA | z-ai/glm-5.2 | 20655ms | complete","timestamp":"2026-07-27T01:03:54.013Z"}

data: {"data":"(node:816) MaxListenersExceededWarning: Possible EventEmitter memory leak detected. 11 connect listeners added to [Socket]. MaxListeners is 10. Use emitter.setMaxListeners() to increase limit","timestamp":"2026-07-27T01:03:54.420Z"}

data: {"data":"[INFO] [SKILLS_INJECTION] skills.injection.skipped {\"apiKeyId\":\"env-key\",\"reason\":\"no_enabled_skills\"}","timestamp":"2026-07-27T01:03:54.562Z"}

data: {"data":"{\"level\":30,\"time\":\"2026-07-27T01:03:54.532Z\",\"service\":\"omniroute\",\"module\":\"sse\",\"tag\":\"HTTP\",\"method\":\"POST\",\"path\":\"/v1/messages | nvidia/z-ai/glm-5.2 | 23 msgs | 40 tools\",\"msg\":\"📥 POST /v1/messages | nvidia/z-ai/glm-5.2 | 23 msgs | 40 tools\"}","timestamp":"2026-07-27T01:03:54.576Z"}

data: {"data":"{\"level\":30,\"time\":\"2026-07-27T01:03:54.537Z\",\"service\":\"omniroute\",\"module\":\"sse\",\"tag\":\"ROUTING\",\"msg\":\"Provider: nvidia, Model: z-ai/glm-5.2\"}","timestamp":"2026-07-27T01:03:54.577Z"}

data: {"data":"{\"level\":30,\"time\":\"2026-07-27T01:03:54.540Z\",\"service\":\"omniroute\",\"module\":\"sse\",\"tag\":\"AUTH\",\"msg\":\"session_key=input:sha256:eebcc... has no available affinity target\"}","timestamp":"2026-07-27T01:03:54.577Z"}

data: {"data":"{\"level\":30,\"time\":\"2026-07-27T01:03:54.541Z\",\"service\":\"omniroute\",\"module\":\"sse\",\"tag\":\"AUTH\",\"msg\":\"Using nvidia account: deb0258d...\"}","timestamp":"2026-07-27T01:03:54.577Z"}

data: {"data":"[ProxyEgress] nvidia/deb0258d in=113.20.2.214 out=44.196.116.2 proxy=direct status=success","timestamp":"2026-07-27T01:03:55.118Z"}

data: {"data":"🧹 [RATE-LIMIT] Evicting idle limiter: nvidia:def58a55-cab9-4048-a69b-4fa1ae9d557a (inactive for 612s)","timestamp":"2026-07-27T01:04:04.717Z"}

data: {"data":"[01:04:04] 📊 \u001b[32m[USAGE] NVIDIA | in=58494 | out=241 | account=deb0258d...\u001b[0m \u001b[33m(estimated)\u001b[0m | cache_read=56128","timestamp":"2026-07-27T01:04:04.719Z"}

data: {"data":"[01:04:04] 🌊 [STREAM] NVIDIA | z-ai/glm-5.2 | 10164ms | complete","timestamp":"2026-07-27T01:04:04.732Z"}

data: {"data":"time=2026-07-27T01:04:04.889Z level=INFO msg=\"compaction complete\" level=1 txid.min=00000000000001d8 txid.max=00000000000001dd size=54540","timestamp":"2026-07-27T01:04:04.890Z"}

data: {"data":"[INFO] [SKILLS_INJECTION] skills.injection.skipped {\"apiKeyId\":\"env-key\",\"reason\":\"no_enabled_skills\"}","timestamp":"2026-07-27T01:04:05.662Z"}

data: {"data":"{\"level\":30,\"time\":\"2026-07-27T01:04:05.621Z\",\"service\":\"omniroute\",\"module\":\"sse\",\"tag\":\"HTTP\",\"method\":\"POST\",\"path\":\"/v1/messages | nvidia/z-ai/glm-5.2 | 26 msgs | 40 tools\",\"msg\":\"📥 POST /v1/messages | nvidia/z-ai/glm-5.2 | 26 msgs | 40 tools\"}","timestamp":"2026-07-27T01:04:05.678Z"}

data: {"data":"{\"level\":30,\"time\":\"2026-07-27T01:04:05.626Z\",\"service\":\"omniroute\",\"module\":\"sse\",\"tag\":\"ROUTING\",\"msg\":\"Provider: nvidia, Model: z-ai/glm-5.2\"}","timestamp":"2026-07-27T01:04:05.678Z"}

data: {"data":"{\"level\":30,\"time\":\"2026-07-27T01:04:05.633Z\",\"service\":\"omniroute\",\"module\":\"sse\",\"tag\":\"AUTH\",\"msg\":\"session_key=input:sha256:eebcc... has no available affinity target\"}","timestamp":"2026-07-27T01:04:05.678Z"}

data: {"data":"{\"level\":30,\"time\":\"2026-07-27T01:04:05.634Z\",\"service\":\"omniroute\",\"module\":\"sse\",\"tag\":\"AUTH\",\"msg\":\"Using nvidia account: 3317f8d3...\"}","timestamp":"2026-07-27T01:04:05.678Z"}

data: {"data":"[ProxyEgress] nvidia/3317f8d3 in=113.20.2.214 out=44.196.116.2 proxy=direct status=success","timestamp":"2026-07-27T01:04:10.099Z"}

data: {"data":"[01:04:10] 📊 \u001b[32m[USAGE] NVIDIA | in=59152 | out=72 | account=3317f8d3...\u001b[0m \u001b[33m(estimated)\u001b[0m | cache_read=55680","timestamp":"2026-07-27T01:04:10.894Z"}

data: {"data":"[01:04:10] 🌊 [STREAM] NVIDIA | z-ai/glm-5.2 | 5235ms | complete","timestamp":"2026-07-27T01:04:10.901Z"}

data: {"data":"[INFO] [SKILLS_INJECTION] skills.injection.skipped {\"apiKeyId\":\"env-key\",\"reason\":\"no_enabled_skills\"}","timestamp":"2026-07-27T01:04:11.458Z"}

data: {"data":"{\"level\":30,\"time\":\"2026-07-27T01:04:11.417Z\",\"service\":\"omniroute\",\"module\":\"sse\",\"tag\":\"HTTP\",\"method\":\"POST\",\"path\":\"/v1/messages | nvidia/z-ai/glm-5.2 | 28 msgs | 40 tools\",\"msg\":\"📥 POST /v1/messages | nvidia/z-ai/glm-5.2 | 28 msgs | 40 tools\"}","timestamp":"2026-07-27T01:04:11.472Z"}

data: {"data":"{\"level\":30,\"time\":\"2026-07-27T01:04:11.423Z\",\"service\":\"omniroute\",\"module\":\"sse\",\"tag\":\"ROUTING\",\"msg\":\"Provider: nvidia, Model: z-ai/glm-5.2\"}","timestamp":"2026-07-27T01:04:11.472Z"}

data: {"data":"{\"level\":30,\"time\":\"2026-07-27T01:04:11.428Z\",\"service\":\"omniroute\",\"module\":\"sse\",\"tag\":\"AUTH\",\"msg\":\"session_key=input:sha256:eebcc... has no available affinity target\"}","timestamp":"2026-07-27T01:04:11.472Z"}

data: {"data":"{\"level\":30,\"time\":\"2026-07-27T01:04:11.428Z\",\"service\":\"omniroute\",\"module\":\"sse\",\"tag\":\"AUTH\",\"msg\":\"Using nvidia account: c5116293...\"}","timestamp":"2026-07-27T01:04:11.472Z"}

data: {"data":"[ProxyEgress] nvidia/c5116293 in=113.20.2.214 out=44.196.116.2 proxy=direct status=success","timestamp":"2026-07-27T01:04:14.875Z"}

data: {"data":"[01:04:15] 📊 \u001b[32m[USAGE] NVIDIA | in=59234 | out=18 | account=c5116293...\u001b[0m | cache_read=384","timestamp":"2026-07-27T01:04:15.091Z"}

data: {"data":"[01:04:15] 🌊 [STREAM] NVIDIA | z-ai/glm-5.2 | 3636ms | complete","timestamp":"2026-07-27T01:04:15.098Z"}

data: {"data":"[INFO] [SKILLS_INJECTION] skills.injection.skipped {\"apiKeyId\":\"env-key\",\"reason\":\"no_enabled_skills\"}","timestamp":"2026-07-27T01:04:15.567Z"}

data: {"data":"{\"level\":30,\"time\":\"2026-07-27T01:04:15.535Z\",\"service\":\"omniroute\",\"module\":\"sse\",\"tag\":\"HTTP\",\"method\":\"POST\",\"path\":\"/v1/messages | nvidia/z-ai/glm-5.2 | 30 msgs | 40 tools\",\"msg\":\"📥 POST /v1/messages | nvidia/z-ai/glm-5.2 | 30 msgs | 40 tools\"}","timestamp":"2026-07-27T01:04:15.590Z"}

data: {"data":"{\"level\":30,\"time\":\"2026-07-27T01:04:15.540Z\",\"service\":\"omniroute\",\"module\":\"sse\",\"tag\":\"ROUTING\",\"msg\":\"Provider: nvidia, Model: z-ai/glm-5.2\"}","timestamp":"2026-07-27T01:04:15.590Z"}

data: {"data":"{\"level\":30,\"time\":\"2026-07-27T01:04:15.543Z\",\"service\":\"omniroute\",\"module\":\"sse\",\"tag\":\"AUTH\",\"msg\":\"session_key=input:sha256:eebcc... has no available affinity target\"}","timestamp":"2026-07-27T01:04:15.590Z"}

data: {"data":"{\"level\":30,\"time\":\"2026-07-27T01:04:15.544Z\",\"service\":\"omniroute\",\"module\":\"sse\",\"tag\":\"AUTH\",\"msg\":\"Using nvidia account: cb888a54...\"}","timestamp":"2026-07-27T01:04:15.590Z"}

data: {"data":"[ProxyEgress] nvidia/cb888a54 in=113.20.2.214 out=44.196.116.2 proxy=direct status=success","timestamp":"2026-07-27T01:04:19.319Z"}

data: {"data":"time=2026-07-27T01:04:34.683Z level=INFO msg=\"compaction complete\" level=1 txid.min=00000000000001de txid.max=00000000000001e4 size=391167","timestamp":"2026-07-27T01:04:34.683Z"}

data: {"data":"🧹 [RATE-LIMIT] Evicting idle limiter: nvidia:2d039916-88d8-495f-b886-bd5dc25ce047 (inactive for 624s)","timestamp":"2026-07-27T01:04:34.719Z"}

data: {"data":"time=2026-07-27T01:04:56.616Z level=INFO msg=\"l0 retention enforced\" db=storage.sqlite deleted_count=2 max_l1_txid=00000000000001e4","timestamp":"2026-07-27T01:04:56.616Z"}

data: {"data":"🧹 [RATE-LIMIT] Evicting idle limiter: nvidia:d6a27df9-fb28-429e-9c1d-dbe475f7ea4d (inactive for 630s)","timestamp":"2026-07-27T01:05:04.716Z"}

data: {"data":"🧹 [RATE-LIMIT] Evicting idle limiter: nvidia:7d5d42c4-bb15-43da-a1b5-a4a2b52871c2 (inactive for 615s)","timestamp":"2026-07-27T01:05:04.716Z"}

data: {"data":"time=2026-07-27T01:05:04.766Z level=INFO msg=\"compaction complete\" level=1 txid.min=00000000000001e5 txid.max=00000000000001e5 size=419","timestamp":"2026-07-27T01:05:04.766Z"}

data: {"data":"time=2026-07-27T01:05:08.213Z level=INFO msg=\"compaction complete\" level=2 txid.min=00000000000001c4 txid.max=00000000000001e4 size=391167","timestamp":"2026-07-27T01:05:08.213Z"}

data: {"data":"🧹 [RATE-LIMIT] Evicting idle limiter: nvidia:f2b0933a-888d-4a49-ab58-6012fcfb9314 (inactive for 630s)","timestamp":"2026-07-27T01:05:34.716Z"}

data: {"data":"🧹 [RATE-LIMIT] Evicting idle limiter: nvidia:9cda5fc2-7ae2-426a-a38c-35b9aa4856af (inactive for 614s)","timestamp":"2026-07-27T01:05:34.716Z"}

data: {"data":"[01:08:29] 📊 \u001b[32m[USAGE] NVIDIA | in=59262 | out=5191 | account=cb888a54...\u001b[0m \u001b[33m(estimated)\u001b[0m | cache_read=960","timestamp":"2026-07-27T01:08:29.566Z"}

data: {"data":"[01:08:29] 🌊 [STREAM] NVIDIA | z-ai/glm-5.2 | 254002ms | complete","timestamp":"2026-07-27T01:08:29.573Z"}

data: {"data":"time=2026-07-27T01:09:06.009Z level=INFO msg=\"l0 retention enforced\" db=storage.sqlite deleted_count=26 max_l1_txid=00000000000001e7","timestamp":"2026-07-27T01:09:06.009Z"}

data: {"data":"time=2026-07-27T01:09:06.009Z level=INFO msg=\"compaction complete\" level=1 txid.min=00000000000001e6 txid.max=00000000000001e7 size=391613","timestamp":"2026-07-27T01:09:06.009Z"}

data: {"data":"time=2026-07-27T01:09:56.920Z level=INFO msg=\"l0 retention enforced\" db=storage.sqlite deleted_count=8 max_l1_txid=00000000000001e7","timestamp":"2026-07-27T01:09:56.920Z"}

data: {"data":"time=2026-07-27T01:10:07.529Z level=INFO msg=\"compaction complete\" level=2 txid.min=00000000000001e5 txid.max=00000000000001e7 size=391613","timestamp":"2026-07-27T01:10:07.529Z"}

data: {"data":"🧹 [RATE-LIMIT] Evicting idle limiter: nvidia:3f77f218-ee98-443b-b2de-e0cdb8761144 (inactive for 629s)","timestamp":"2026-07-27T01:12:34.716Z"}

data: {"data":"🧹 [RATE-LIMIT] Evicting idle limiter: nvidia:a68545c0-554a-43c9-9ad4-e09885e762e7 (inactive for 616s)","timestamp":"2026-07-27T01:12:34.717Z"}

data: {"data":"🧹 [RATE-LIMIT] Evicting idle limiter: nvidia:dd511141-af6e-4944-8af4-c0397507c799 (inactive for 606s)","timestamp":"2026-07-27T01:12:34.717Z"}

data: {"data":"🧹 [RATE-LIMIT] Evicting idle limiter: nvidia:2bcea68b-9f7a-4673-b1f0-80a66320fc88 (inactive for 620s)","timestamp":"2026-07-27T01:13:04.717Z"}

data: {"data":"🧹 [RATE-LIMIT] Evicting idle limiter: nvidia:1830e4f7-dd8f-4c11-9d65-c0acdced6494 (inactive for 611s)","timestamp":"2026-07-27T01:13:04.717Z"}

data: {"data":"🧹 [RATE-LIMIT] Evicting idle limiter: nvidia:58f42365-24ac-4844-b08b-af609b1057d1 (inactive for 602s)","timestamp":"2026-07-27T01:13:04.717Z"}

data: {"data":"🧹 [RATE-LIMIT] Evicting idle limiter: nvidia:09665ab2-ccd5-473b-9674-14967d3741b7 (inactive for 628s)","timestamp":"2026-07-27T01:13:34.717Z"}

data: {"data":"🧹 [RATE-LIMIT] Evicting idle limiter: nvidia:2d9ef15f-bc96-49d8-b476-56b2ad65c431 (inactive for 605s)","timestamp":"2026-07-27T01:13:34.718Z"}

data: {"data":"🧹 [RATE-LIMIT] Evicting idle limiter: nvidia:53f96ffa-5bb1-424c-925f-86c1b44688ec (inactive for 627s)","timestamp":"2026-07-27T01:14:04.718Z"}

data: {"data":"🧹 [RATE-LIMIT] Evicting idle limiter: nvidia:deb0258d-ecce-4c26-ad39-542c44736a0a (inactive for 610s)","timestamp":"2026-07-27T01:14:04.718Z"}

data: {"data":"🧹 [RATE-LIMIT] Evicting idle limiter: nvidia:3317f8d3-ffa6-4e41-a8ad-7eeaf91a3f93 (inactive for 625s)","timestamp":"2026-07-27T01:14:34.718Z"}

data: {"data":"🧹 [RATE-LIMIT] Evicting idle limiter: nvidia:c5116293-3a1e-420b-890b-ddff9ee0db57 (inactive for 620s)","timestamp":"2026-07-27T01:14:34.718Z"}

data: {"data":"🧹 [RATE-LIMIT] Evicting idle limiter: nvidia:cb888a54-217d-4ad6-b191-1cc5d06841e0 (inactive for 615s)","timestamp":"2026-07-27T01:14:34.718Z"}

data: {"data":"time=2026-07-27T01:14:56.647Z level=INFO msg=\"l0 retention enforced\" db=storage.sqlite deleted_count=1 max_l1_txid=00000000000001e7","timestamp":"2026-07-27T01:14:56.647Z"}

data: {"data":"[INFO] [SKILLS_INJECTION] skills.injection.skipped {\"apiKeyId\":\"env-key\",\"reason\":\"no_enabled_skills\"}","timestamp":"2026-07-27T01:17:10.607Z"}

data: {"data":"{\"level\":30,\"time\":\"2026-07-27T01:17:10.556Z\",\"service\":\"omniroute\",\"module\":\"sse\",\"tag\":\"HTTP\",\"method\":\"POST\",\"path\":\"/v1/messages | nvidia/z-ai/glm-5.2 | 32 msgs | 40 tools\",\"msg\":\"📥 POST /v1/messages | nvidia/z-ai/glm-5.2 | 32 msgs | 40 tools\"}","timestamp":"2026-07-27T01:17:10.625Z"}

data: {"data":"{\"level\":30,\"time\":\"2026-07-27T01:17:10.563Z\",\"service\":\"omniroute\",\"module\":\"sse\",\"tag\":\"ROUTING\",\"msg\":\"Provider: nvidia, Model: z-ai/glm-5.2\"}","timestamp":"2026-07-27T01:17:10.625Z"}

data: {"data":"{\"level\":30,\"time\":\"2026-07-27T01:17:10.566Z\",\"service\":\"omniroute\",\"module\":\"sse\",\"tag\":\"AUTH\",\"msg\":\"session_key=input:sha256:eebcc... has no available affinity target\"}","timestamp":"2026-07-27T01:17:10.625Z"}

data: {"data":"{\"level\":30,\"time\":\"2026-07-27T01:17:10.568Z\",\"service\":\"omniroute\",\"module\":\"sse\",\"tag\":\"AUTH\",\"msg\":\"Using nvidia account: d65f33e2...\"}","timestamp":"2026-07-27T01:17:10.625Z"}

data: {"data":"[01:17:17] 📊 \u001b[32m[USAGE] NVIDIA | in=64510 | out=79 | account=d65f33e2...\u001b[0m \u001b[33m(estimated)\u001b[0m | cache_read=1536","timestamp":"2026-07-27T01:17:17.241Z"}

data: {"data":"[01:17:17] 🌊 [STREAM] NVIDIA | z-ai/glm-5.2 | 6634ms | complete","timestamp":"2026-07-27T01:17:17.246Z"}

data: {"data":"[INFO] [SKILLS_INJECTION] skills.injection.skipped {\"apiKeyId\":\"env-key\",\"reason\":\"no_enabled_skills\"}","timestamp":"2026-07-27T01:17:19.242Z"}

data: {"data":"{\"level\":30,\"time\":\"2026-07-27T01:17:19.206Z\",\"service\":\"omniroute\",\"module\":\"sse\",\"tag\":\"HTTP\",\"method\":\"POST\",\"path\":\"/v1/messages | nvidia/z-ai/glm-5.2 | 34 msgs | 40 tools\",\"msg\":\"📥 POST /v1/messages | nvidia/z-ai/glm-5.2 | 34 msgs | 40 tools\"}","timestamp":"2026-07-27T01:17:19.255Z"}

data: {"data":"{\"level\":30,\"time\":\"2026-07-27T01:17:19.213Z\",\"service\":\"omniroute\",\"module\":\"sse\",\"tag\":\"ROUTING\",\"msg\":\"Provider: nvidia, Model: z-ai/glm-5.2\"}","timestamp":"2026-07-27T01:17:19.255Z"}

data: {"data":"{\"level\":30,\"time\":\"2026-07-27T01:17:19.216Z\",\"service\":\"omniroute\",\"module\":\"sse\",\"tag\":\"AUTH\",\"msg\":\"session_key=input:sha256:eebcc... has no available affinity target\"}","timestamp":"2026-07-27T01:17:19.255Z"}

data: {"data":"{\"level\":30,\"time\":\"2026-07-27T01:17:19.217Z\",\"service\":\"omniroute\",\"module\":\"sse\",\"tag\":\"AUTH\",\"msg\":\"Using nvidia account: ccaad834...\"}","timestamp":"2026-07-27T01:17:19.255Z"}

data: {"data":"[ProxyEgress] nvidia/ccaad834 in=113.20.2.214 out=44.196.116.2 proxy=direct status=success","timestamp":"2026-07-27T01:17:22.342Z"}

data: {"data":"[01:17:23] 📊 \u001b[32m[USAGE] NVIDIA | in=65269 | out=68 | account=ccaad834...\u001b[0m \u001b[33m(estimated)\u001b[0m | cache_read=384","timestamp":"2026-07-27T01:17:23.554Z"}

data: {"data":"[01:17:23] 🌊 [STREAM] NVIDIA | z-ai/glm-5.2 | 4313ms | complete","timestamp":"2026-07-27T01:17:23.559Z"}

data: {"data":"[INFO] [SKILLS_INJECTION] skills.injection.skipped {\"apiKeyId\":\"env-key\",\"reason\":\"no_enabled_skills\"}","timestamp":"2026-07-27T01:17:25.558Z"}

data: {"data":"{\"level\":30,\"time\":\"2026-07-27T01:17:25.510Z\",\"service\":\"omniroute\",\"module\":\"sse\",\"tag\":\"HTTP\",\"method\":\"POST\",\"path\":\"/v1/messages | nvidia/z-ai/glm-5.2 | 36 msgs | 40 tools\",\"msg\":\"📥 POST /v1/messages | nvidia/z-ai/glm-5.2 | 36 msgs | 40 tools\"}","timestamp":"2026-07-27T01:17:25.575Z"}

data: {"data":"{\"level\":30,\"time\":\"2026-07-27T01:17:25.518Z\",\"service\":\"omniroute\",\"module\":\"sse\",\"tag\":\"ROUTING\",\"msg\":\"Provider: nvidia, Model: z-ai/glm-5.2\"}","timestamp":"2026-07-27T01:17:25.575Z"}

data: {"data":"{\"level\":30,\"time\":\"2026-07-27T01:17:25.525Z\",\"service\":\"omniroute\",\"module\":\"sse\",\"tag\":\"AUTH\",\"msg\":\"session_key=input:sha256:eebcc... has no available affinity target\"}","timestamp":"2026-07-27T01:17:25.575Z"}

data: {"data":"{\"level\":30,\"time\":\"2026-07-27T01:17:25.526Z\",\"service\":\"omniroute\",\"module\":\"sse\",\"tag\":\"AUTH\",\"msg\":\"Using nvidia account: def58a55...\"}","timestamp":"2026-07-27T01:17:25.575Z"}

data: {"data":"[ProxyEgress] nvidia/def58a55 in=113.20.2.214 out=44.196.116.2 proxy=direct status=success","timestamp":"2026-07-27T01:17:29.129Z"}

data: {"data":"time=2026-07-27T01:17:34.317Z level=INFO msg=\"l0 retention enforced\" db=storage.sqlite deleted_count=1 max_l1_txid=00000000000001ed","timestamp":"2026-07-27T01:17:34.318Z"}

data: {"data":"time=2026-07-27T01:17:34.318Z level=INFO msg=\"compaction complete\" level=1 txid.min=00000000000001e8 txid.max=00000000000001ed size=392326","timestamp":"2026-07-27T01:17:34.318Z"}

data: {"data":"time=2026-07-27T01:18:06.690Z level=INFO msg=\"compaction complete\" level=1 txid.min=00000000000001ee txid.max=00000000000001f0 size=37716","timestamp":"2026-07-27T01:18:06.690Z"}

data: {"data":"[01:18:10] 📊 \u001b[32m[USAGE] NVIDIA | in=65798 | out=1008 | account=def58a55...\u001b[0m \u001b[33m(estimated)\u001b[0m | cache_read=384","timestamp":"2026-07-27T01:18:10.775Z"}

data: {"data":"[01:18:10] 🌊 [STREAM] NVIDIA | z-ai/glm-5.2 | 45221ms | complete","timestamp":"2026-07-27T01:18:10.782Z"}

data: {"data":"[INFO] [SKILLS_INJECTION] skills.injection.skipped {\"apiKeyId\":\"env-key\",\"reason\":\"no_enabled_skills\"}","timestamp":"2026-07-27T01:18:12.816Z"}

data: {"data":"{\"level\":30,\"time\":\"2026-07-27T01:18:12.775Z\",\"service\":\"omniroute\",\"module\":\"sse\",\"tag\":\"HTTP\",\"method\":\"POST\",\"path\":\"/v1/messages | nvidia/z-ai/glm-5.2 | 38 msgs | 40 tools\",\"msg\":\"📥 POST /v1/messages | nvidia/z-ai/glm-5.2 | 38 msgs | 40 tools\"}","timestamp":"2026-07-27T01:18:12.828Z"}

data: {"data":"{\"level\":30,\"time\":\"2026-07-27T01:18:12.779Z\",\"service\":\"omniroute\",\"module\":\"sse\",\"tag\":\"ROUTING\",\"msg\":\"Provider: nvidia, Model: z-ai/glm-5.2\"}","timestamp":"2026-07-27T01:18:12.828Z"}

data: {"data":"{\"level\":30,\"time\":\"2026-07-27T01:18:12.783Z\",\"service\":\"omniroute\",\"module\":\"sse\",\"tag\":\"AUTH\",\"msg\":\"session_key=input:sha256:eebcc... has no available affinity target\"}","timestamp":"2026-07-27T01:18:12.828Z"}

data: {"data":"{\"level\":30,\"time\":\"2026-07-27T01:18:12.784Z\",\"service\":\"omniroute\",\"module\":\"sse\",\"tag\":\"AUTH\",\"msg\":\"Using nvidia account: 2d039916...\"}","timestamp":"2026-07-27T01:18:12.828Z"}

data: {"data":"[ProxyEgress] nvidia/2d039916 in=113.20.2.214 out=44.196.116.2 proxy=direct status=success","timestamp":"2026-07-27T01:18:15.932Z"}

data: {"data":"[01:18:16] 📊 \u001b[32m[USAGE] NVIDIA | in=66847 | out=75 | account=2d039916...\u001b[0m \u001b[33m(estimated)\u001b[0m | cache_read=384","timestamp":"2026-07-27T01:18:16.852Z"}

data: {"data":"[01:18:16] 🌊 [STREAM] NVIDIA | z-ai/glm-5.2 | 4040ms | complete","timestamp":"2026-07-27T01:18:16.860Z"}

data: {"data":"[INFO] [SKILLS_INJECTION] skills.injection.skipped {\"apiKeyId\":\"env-key\",\"reason\":\"no_enabled_skills\"}","timestamp":"2026-07-27T01:18:18.880Z"}

data: {"data":"{\"level\":30,\"time\":\"2026-07-27T01:18:18.838Z\",\"service\":\"omniroute\",\"module\":\"sse\",\"tag\":\"HTTP\",\"method\":\"POST\",\"path\":\"/v1/messages | nvidia/z-ai/glm-5.2 | 41 msgs | 40 tools\",\"msg\":\"📥 POST /v1/messages | nvidia/z-ai/glm-5.2 | 41 msgs | 40 tools\"}","timestamp":"2026-07-27T01:18:18.894Z"}

data: {"data":"{\"level\":30,\"time\":\"2026-07-27T01:18:18.844Z\",\"service\":\"omniroute\",\"module\":\"sse\",\"tag\":\"ROUTING\",\"msg\":\"Provider: nvidia, Model: z-ai/glm-5.2\"}","timestamp":"2026-07-27T01:18:18.894Z"}

data: {"data":"{\"level\":30,\"time\":\"2026-07-27T01:18:18.849Z\",\"service\":\"omniroute\",\"module\":\"sse\",\"tag\":\"AUTH\",\"msg\":\"session_key=input:sha256:eebcc... has no available affinity target\"}","timestamp":"2026-07-27T01:18:18.894Z"}

data: {"data":"{\"level\":30,\"time\":\"2026-07-27T01:18:18.849Z\",\"service\":\"omniroute\",\"module\":\"sse\",\"tag\":\"AUTH\",\"msg\":\"Using nvidia account: d6a27df9...\"}","timestamp":"2026-07-27T01:18:18.894Z"}

data: {"data":"[ProxyEgress] nvidia/d6a27df9 in=113.20.2.214 out=44.196.116.2 proxy=direct status=success","timestamp":"2026-07-27T01:18:21.914Z"}

data: {"data":"[01:18:22] 📊 \u001b[32m[USAGE] NVIDIA | in=67372 | out=69 | account=d6a27df9...\u001b[0m \u001b[33m(estimated)\u001b[0m | cache_read=64","timestamp":"2026-07-27T01:18:22.586Z"}

data: {"data":"[01:18:22] 🌊 [STREAM] NVIDIA | z-ai/glm-5.2 | 3708ms | complete","timestamp":"2026-07-27T01:18:22.593Z"}

data: {"data":"[INFO] [SKILLS_INJECTION] skills.injection.skipped {\"apiKeyId\":\"env-key\",\"reason\":\"no_enabled_skills\"}","timestamp":"2026-07-27T01:18:24.586Z"}

data: {"data":"{\"level\":30,\"time\":\"2026-07-27T01:18:24.548Z\",\"service\":\"omniroute\",\"module\":\"sse\",\"tag\":\"HTTP\",\"method\":\"POST\",\"path\":\"/v1/messages | nvidia/z-ai/glm-5.2 | 43 msgs | 40 tools\",\"msg\":\"📥 POST /v1/messages | nvidia/z-ai/glm-5.2 | 43 msgs | 40 tools\"}","timestamp":"2026-07-27T01:18:24.600Z"}

data: {"data":"{\"level\":30,\"time\":\"2026-07-27T01:18:24.553Z\",\"service\":\"omniroute\",\"module\":\"sse\",\"tag\":\"ROUTING\",\"msg\":\"Provider: nvidia, Model: z-ai/glm-5.2\"}","timestamp":"2026-07-27T01:18:24.600Z"}

data: {"data":"{\"level\":30,\"time\":\"2026-07-27T01:18:24.556Z\",\"service\":\"omniroute\",\"module\":\"sse\",\"tag\":\"AUTH\",\"msg\":\"session_key=input:sha256:eebcc... has no available affinity target\"}","timestamp":"2026-07-27T01:18:24.600Z"}

data: {"data":"{\"level\":30,\"time\":\"2026-07-27T01:18:24.556Z\",\"service\":\"omniroute\",\"module\":\"sse\",\"tag\":\"AUTH\",\"msg\":\"Using nvidia account: 7d5d42c4...\"}","timestamp":"2026-07-27T01:18:24.600Z"}

data: {"data":"time=2026-07-27T01:18:35.270Z level=INFO msg=\"compaction complete\" level=1 txid.min=00000000000001f1 txid.max=00000000000001f7 size=394422","timestamp":"2026-07-27T01:18:35.270Z"}

data: {"data":"time=2026-07-27T01:19:04.983Z level=INFO msg=\"compaction complete\" level=1 txid.min=00000000000001f8 txid.max=00000000000001f8 size=3643","timestamp":"2026-07-27T01:19:04.983Z"}

data: {"data":"[ProxyEgress] nvidia/7d5d42c4 in=113.20.2.214 out=44.196.116.2 proxy=direct status=success","timestamp":"2026-07-27T01:19:10.978Z"}

data: {"data":"[01:19:10] 📊 \u001b[32m[USAGE] NVIDIA | in=67572 | out=1197 | account=7d5d42c4...\u001b[0m | cache_read=1856","timestamp":"2026-07-27T01:19:10.980Z"}

data: {"data":"[01:19:10] 🌊 [STREAM] NVIDIA | z-ai/glm-5.2 | 46394ms | complete","timestamp":"2026-07-27T01:19:10.984Z"}

data: {"data":"[INFO] [SKILLS_INJECTION] skills.injection.skipped {\"apiKeyId\":\"env-key\",\"reason\":\"no_enabled_skills\"}","timestamp":"2026-07-27T01:19:13.010Z"}

data: {"data":"{\"level\":30,\"time\":\"2026-07-27T01:19:12.967Z\",\"service\":\"omniroute\",\"module\":\"sse\",\"tag\":\"HTTP\",\"method\":\"POST\",\"path\":\"/v1/messages | nvidia/z-ai/glm-5.2 | 45 msgs | 40 tools\",\"msg\":\"📥 POST /v1/messages | nvidia/z-ai/glm-5.2 | 45 msgs | 40 tools\"}","timestamp":"2026-07-27T01:19:13.024Z"}

data: {"data":"{\"level\":30,\"time\":\"2026-07-27T01:19:12.972Z\",\"service\":\"omniroute\",\"module\":\"sse\",\"tag\":\"ROUTING\",\"msg\":\"Provider: nvidia, Model: z-ai/glm-5.2\"}","timestamp":"2026-07-27T01:19:13.024Z"}

data: {"data":"{\"level\":30,\"time\":\"2026-07-27T01:19:12.976Z\",\"service\":\"omniroute\",\"module\":\"sse\",\"tag\":\"AUTH\",\"msg\":\"session_key=input:sha256:eebcc... has no available affinity target\"}","timestamp":"2026-07-27T01:19:13.024Z"}

data: {"data":"{\"level\":30,\"time\":\"2026-07-27T01:19:12.977Z\",\"service\":\"omniroute\",\"module\":\"sse\",\"tag\":\"AUTH\",\"msg\":\"Using nvidia account: f2b0933a...\"}","timestamp":"2026-07-27T01:19:13.024Z"}

data: {"data":"[ProxyEgress] nvidia/f2b0933a in=113.20.2.214 out=44.196.116.2 proxy=direct status=success","timestamp":"2026-07-27T01:19:17.207Z"}

data: {"data":"[01:19:26] 📊 \u001b[32m[USAGE] NVIDIA | in=68812 | out=149 | account=f2b0933a...\u001b[0m \u001b[33m(estimated)\u001b[0m | cache_read=384","timestamp":"2026-07-27T01:19:26.144Z"}

data: {"data":"[01:19:26] 🌊 [STREAM] NVIDIA | z-ai/glm-5.2 | 13138ms | complete","timestamp":"2026-07-27T01:19:26.152Z"}

data: {"data":"[INFO] [SKILLS_INJECTION] skills.injection.skipped {\"apiKeyId\":\"env-key\",\"reason\":\"no_enabled_skills\"}","timestamp":"2026-07-27T01:19:28.286Z"}

data: {"data":"{\"level\":30,\"time\":\"2026-07-27T01:19:28.232Z\",\"service\":\"omniroute\",\"module\":\"sse\",\"tag\":\"HTTP\",\"method\":\"POST\",\"path\":\"/v1/messages | nvidia/z-ai/glm-5.2 | 47 msgs | 40 tools\",\"msg\":\"📥 POST /v1/messages | nvidia/z-ai/glm-5.2 | 47 msgs | 40 tools\"}","timestamp":"2026-07-27T01:19:28.305Z"}

data: {"data":"{\"level\":30,\"time\":\"2026-07-27T01:19:28.238Z\",\"service\":\"omniroute\",\"module\":\"sse\",\"tag\":\"ROUTING\",\"msg\":\"Provider: nvidia, Model: z-ai/glm-5.2\"}","timestamp":"2026-07-27T01:19:28.305Z"}

data: {"data":"{\"level\":30,\"time\":\"2026-07-27T01:19:28.244Z\",\"service\":\"omniroute\",\"module\":\"sse\",\"tag\":\"AUTH\",\"msg\":\"session_key=input:sha256:eebcc... has no available affinity target\"}","timestamp":"2026-07-27T01:19:28.305Z"}

data: {"data":"{\"level\":30,\"time\":\"2026-07-27T01:19:28.245Z\",\"service\":\"omniroute\",\"module\":\"sse\",\"tag\":\"AUTH\",\"msg\":\"Using nvidia account: 9cda5fc2...\"}","timestamp":"2026-07-27T01:19:28.305Z"}

data: {"data":"time=2026-07-27T01:19:35.001Z level=INFO msg=\"compaction complete\" level=1 txid.min=00000000000001f9 txid.max=00000000000001fc size=395307","timestamp":"2026-07-27T01:19:35.002Z"}

data: {"data":"[ProxyEgress] nvidia/9cda5fc2 in=113.20.2.214 out=44.196.116.2 proxy=direct status=success","timestamp":"2026-07-27T01:19:35.514Z"}

data: {"data":"[01:19:44] 📊 \u001b[32m[USAGE] NVIDIA | in=69029 | out=208 | account=9cda5fc2...\u001b[0m \u001b[33m(estimated)\u001b[0m | cache_read=384","timestamp":"2026-07-27T01:19:44.637Z"}

data: {"data":"[01:19:44] 🌊 [STREAM] NVIDIA | z-ai/glm-5.2 | 16351ms | complete","timestamp":"2026-07-27T01:19:44.642Z"}

data: {"data":"[INFO] [SKILLS_INJECTION] skills.injection.skipped {\"apiKeyId\":\"env-key\",\"reason\":\"no_enabled_skills\"}","timestamp":"2026-07-27T01:19:46.675Z"}

data: {"data":"{\"level\":30,\"time\":\"2026-07-27T01:19:46.636Z\",\"service\":\"omniroute\",\"module\":\"sse\",\"tag\":\"HTTP\",\"method\":\"POST\",\"path\":\"/v1/messages | nvidia/z-ai/glm-5.2 | 49 msgs | 40 tools\",\"msg\":\"📥 POST /v1/messages | nvidia/z-ai/glm-5.2 | 49 msgs | 40 tools\"}","timestamp":"2026-07-27T01:19:46.689Z"}

data: {"data":"{\"level\":30,\"time\":\"2026-07-27T01:19:46.643Z\",\"service\":\"omniroute\",\"module\":\"sse\",\"tag\":\"ROUTING\",\"msg\":\"Provider: nvidia, Model: z-ai/glm-5.2\"}","timestamp":"2026-07-27T01:19:46.689Z"}

data: {"data":"{\"level\":30,\"time\":\"2026-07-27T01:19:46.646Z\",\"service\":\"omniroute\",\"module\":\"sse\",\"tag\":\"AUTH\",\"msg\":\"session_key=input:sha256:eebcc... has no available affinity target\"}","timestamp":"2026-07-27T01:19:46.689Z"}

data: {"data":"{\"level\":30,\"time\":\"2026-07-27T01:19:46.647Z\",\"service\":\"omniroute\",\"module\":\"sse\",\"tag\":\"AUTH\",\"msg\":\"Using nvidia account: d1717878...\"}","timestamp":"2026-07-27T01:19:46.689Z"}

data: {"data":"[ProxyEgress] nvidia/d1717878 in=113.20.2.214 out=44.196.116.2 proxy=direct status=success","timestamp":"2026-07-27T01:19:48.705Z"}

data: {"data":"[01:19:53] 📊 \u001b[32m[USAGE] NVIDIA | in=69317 | out=186 | account=d1717878...\u001b[0m \u001b[33m(estimated)\u001b[0m | cache_read=68928","timestamp":"2026-07-27T01:19:53.200Z"}

data: {"data":"[01:19:53] 🌊 [STREAM] NVIDIA | z-ai/glm-5.2 | 6528ms | complete","timestamp":"2026-07-27T01:19:53.207Z"}

data: {"data":"[INFO] [SKILLS_INJECTION] skills.injection.skipped {\"apiKeyId\":\"env-key\",\"reason\":\"no_enabled_skills\"}","timestamp":"2026-07-27T01:19:55.256Z"}

data: {"data":"{\"level\":30,\"time\":\"2026-07-27T01:19:55.212Z\",\"service\":\"omniroute\",\"module\":\"sse\",\"tag\":\"HTTP\",\"method\":\"POST\",\"path\":\"/v1/messages | nvidia/z-ai/glm-5.2 | 51 msgs | 40 tools\",\"msg\":\"📥 POST /v1/messages | nvidia/z-ai/glm-5.2 | 51 msgs | 40 tools\"}","timestamp":"2026-07-27T01:19:55.270Z"}

data: {"data":"{\"level\":30,\"time\":\"2026-07-27T01:19:55.219Z\",\"service\":\"omniroute\",\"module\":\"sse\",\"tag\":\"ROUTING\",\"msg\":\"Provider: nvidia, Model: z-ai/glm-5.2\"}","timestamp":"2026-07-27T01:19:55.270Z"}

data: {"data":"{\"level\":30,\"time\":\"2026-07-27T01:19:55.223Z\",\"service\":\"omniroute\",\"module\":\"sse\",\"tag\":\"AUTH\",\"msg\":\"session_key=input:sha256:eebcc... has no available affinity target\"}","timestamp":"2026-07-27T01:19:55.270Z"}

data: {"data":"{\"level\":30,\"time\":\"2026-07-27T01:19:55.224Z\",\"service\":\"omniroute\",\"module\":\"sse\",\"tag\":\"AUTH\",\"msg\":\"Using nvidia account: a0c72227...\"}","timestamp":"2026-07-27T01:19:55.270Z"}

data: {"data":"[ProxyEgress] nvidia/a0c72227 in=113.20.2.214 out=44.196.116.2 proxy=direct status=success","timestamp":"2026-07-27T01:19:58.329Z"}

data: {"data":"[01:19:59] 📊 \u001b[32m[USAGE] NVIDIA | in=69563 | out=69 | account=a0c72227...\u001b[0m \u001b[33m(estimated)\u001b[0m | cache_read=384","timestamp":"2026-07-27T01:19:59.917Z"}

data: {"data":"[01:19:59] 🌊 [STREAM] NVIDIA | z-ai/glm-5.2 | 4668ms | complete","timestamp":"2026-07-27T01:19:59.927Z"}

data: {"data":"(node:816) MaxListenersExceededWarning: Possible EventEmitter memory leak detected. 11 connect listeners added to [Socket]. MaxListeners is 10. Use emitter.setMaxListeners() to increase limit","timestamp":"2026-07-27T01:20:00.648Z"}

data: {"data":"[INFO] [SKILLS_INJECTION] skills.injection.skipped {\"apiKeyId\":\"env-key\",\"reason\":\"no_enabled_skills\"}","timestamp":"2026-07-27T01:20:01.881Z"}

data: {"data":"{\"level\":30,\"time\":\"2026-07-27T01:20:01.842Z\",\"service\":\"omniroute\",\"module\":\"sse\",\"tag\":\"HTTP\",\"method\":\"POST\",\"path\":\"/v1/messages | nvidia/z-ai/glm-5.2 | 53 msgs | 40 tools\",\"msg\":\"📥 POST /v1/messages | nvidia/z-ai/glm-5.2 | 53 msgs | 40 tools\"}","timestamp":"2026-07-27T01:20:01.894Z"}

data: {"data":"{\"level\":30,\"time\":\"2026-07-27T01:20:01.847Z\",\"service\":\"omniroute\",\"module\":\"sse\",\"tag\":\"ROUTING\",\"msg\":\"Provider: nvidia, Model: z-ai/glm-5.2\"}","timestamp":"2026-07-27T01:20:01.895Z"}

data: {"data":"{\"level\":30,\"time\":\"2026-07-27T01:20:01.850Z\",\"service\":\"omniroute\",\"module\":\"sse\",\"tag\":\"AUTH\",\"msg\":\"session_key=input:sha256:eebcc... has no available affinity target\"}","timestamp":"2026-07-27T01:20:01.895Z"}

data: {"data":"{\"level\":30,\"time\":\"2026-07-27T01:20:01.851Z\",\"service\":\"omniroute\",\"module\":\"sse\",\"tag\":\"AUTH\",\"msg\":\"Using nvidia account: 38a09429...\"}","timestamp":"2026-07-27T01:20:01.895Z"}

data: {"data":"time=2026-07-27T01:20:04.707Z level=INFO msg=\"compaction complete\" level=2 txid.min=00000000000001e8 txid.max=00000000000001fc size=395307","timestamp":"2026-07-27T01:20:04.707Z"}

data: {"data":"[ProxyEgress] nvidia/38a09429 in=113.20.2.214 out=44.196.116.2 proxy=direct status=success","timestamp":"2026-07-27T01:20:04.978Z"}

data: {"data":"[01:20:04] 📊 \u001b[32m[USAGE] NVIDIA | in=69642 | out=17 | account=38a09429...\u001b[0m | cache_read=384","timestamp":"2026-07-27T01:20:04.999Z"}

data: {"data":"[01:20:05] 🌊 [STREAM] NVIDIA | z-ai/glm-5.2 | 3125ms | complete","timestamp":"2026-07-27T01:20:05.010Z"}

data: {"data":"time=2026-07-27T01:20:05.125Z level=INFO msg=\"compaction complete\" level=1 txid.min=00000000000001fd txid.max=0000000000000204 size=52020","timestamp":"2026-07-27T01:20:05.125Z"}

data: {"data":"[INFO] [SKILLS_INJECTION] skills.injection.skipped {\"apiKeyId\":\"env-key\",\"reason\":\"no_enabled_skills\"}","timestamp":"2026-07-27T01:20:07.556Z"}

data: {"data":"{\"level\":30,\"time\":\"2026-07-27T01:20:07.512Z\",\"service\":\"omniroute\",\"module\":\"sse\",\"tag\":\"HTTP\",\"method\":\"POST\",\"path\":\"/v1/messages | nvidia/z-ai/glm-5.2 | 55 msgs | 40 tools\",\"msg\":\"📥 POST /v1/messages | nvidia/z-ai/glm-5.2 | 55 msgs | 40 tools\"}","timestamp":"2026-07-27T01:20:07.576Z"}

data: {"data":"{\"level\":30,\"time\":\"2026-07-27T01:20:07.518Z\",\"service\":\"omniroute\",\"module\":\"sse\",\"tag\":\"ROUTING\",\"msg\":\"Provider: nvidia, Model: z-ai/glm-5.2\"}","timestamp":"2026-07-27T01:20:07.576Z"}

data: {"data":"{\"level\":30,\"time\":\"2026-07-27T01:20:07.521Z\",\"service\":\"omniroute\",\"module\":\"sse\",\"tag\":\"AUTH\",\"msg\":\"session_key=input:sha256:eebcc... has no available affinity target\"}","timestamp":"2026-07-27T01:20:07.576Z"}

data: {"data":"{\"level\":30,\"time\":\"2026-07-27T01:20:07.522Z\",\"service\":\"omniroute\",\"module\":\"sse\",\"tag\":\"AUTH\",\"msg\":\"Using nvidia account: 9865dfaa...\"}","timestamp":"2026-07-27T01:20:07.576Z"}

data: {"data":"[ProxyEgress] nvidia/9865dfaa in=113.20.2.214 out=44.196.116.2 proxy=direct status=success","timestamp":"2026-07-27T01:20:11.078Z"}

data: {"data":"time=2026-07-27T01:20:35.174Z level=INFO msg=\"compaction complete\" level=1 txid.min=0000000000000205 txid.max=000000000000020b size=50129","timestamp":"2026-07-27T01:20:35.174Z"}

data: {"data":"[01:21:18] 📊 \u001b[32m[USAGE] NVIDIA | in=69669 | out=1494 | account=9865dfaa...\u001b[0m \u001b[33m(estimated)\u001b[0m | cache_read=384","timestamp":"2026-07-27T01:21:18.812Z"}

data: {"data":"[01:21:18] 🌊 [STREAM] NVIDIA | z-ai/glm-5.2 | 71260ms | complete","timestamp":"2026-07-27T01:21:18.821Z"}

data: {"data":"time=2026-07-27T01:21:32.912Z level=INFO msg=\"compaction complete\" level=1 txid.min=000000000000020c txid.max=000000000000020d size=399552","timestamp":"2026-07-27T01:21:32.912Z"}

data: {"data":"time=2026-07-27T01:24:58.425Z level=INFO msg=\"l0 retention enforced\" db=storage.sqlite deleted_count=25 max_l1_txid=000000000000020d","timestamp":"2026-07-27T01:24:58.425Z"}

data: {"data":"time=2026-07-27T01:25:03.850Z level=INFO msg=\"l0 retention enforced\" db=storage.sqlite deleted_count=4 max_l1_txid=000000000000020f","timestamp":"2026-07-27T01:25:03.851Z"}

data: {"data":"time=2026-07-27T01:25:03.851Z level=INFO msg=\"compaction complete\" level=1 txid.min=000000000000020e txid.max=000000000000020f size=399552","timestamp":"2026-07-27T01:25:03.851Z"}

data: {"data":"time=2026-07-27T01:25:08.051Z level=INFO msg=\"compaction complete\" level=2 txid.min=00000000000001fd txid.max=000000000000020f size=399552","timestamp":"2026-07-27T01:25:08.051Z"}

data: {"data":"🧹 [RATE-LIMIT] Evicting idle limiter: nvidia:d65f33e2-26b4-4096-bb40-214be567a5f8 (inactive for 621s)","timestamp":"2026-07-27T01:27:34.726Z"}

data: {"data":"🧹 [RATE-LIMIT] Evicting idle limiter: nvidia:ccaad834-d081-4ec4-8e8d-713afc7d722f (inactive for 612s)","timestamp":"2026-07-27T01:27:34.726Z"}

data: {"data":"🧹 [RATE-LIMIT] Evicting idle limiter: nvidia:def58a55-cab9-4048-a69b-4fa1ae9d557a (inactive for 606s)","timestamp":"2026-07-27T01:27:34.728Z"}

data: {"data":"🧹 [RATE-LIMIT] Evicting idle limiter: nvidia:2d039916-88d8-495f-b886-bd5dc25ce047 (inactive for 619s)","timestamp":"2026-07-27T01:28:34.726Z"}

data: {"data":"🧹 [RATE-LIMIT] Evicting idle limiter: nvidia:d6a27df9-fb28-429e-9c1d-dbe475f7ea4d (inactive for 613s)","timestamp":"2026-07-27T01:28:34.729Z"}

data: {"data":"🧹 [RATE-LIMIT] Evicting idle limiter: nvidia:7d5d42c4-bb15-43da-a1b5-a4a2b52871c2 (inactive for 624s)","timestamp":"2026-07-27T01:29:34.726Z"}

data: {"data":"🧹 [RATE-LIMIT] Evicting idle limiter: nvidia:f2b0933a-888d-4a49-ab58-6012fcfb9314 (inactive for 618s)","timestamp":"2026-07-27T01:29:34.726Z"}

data: {"data":"time=2026-07-27T01:29:57.278Z level=INFO msg=\"l0 retention enforced\" db=storage.sqlite deleted_count=10 max_l1_txid=000000000000020f","timestamp":"2026-07-27T01:29:57.278Z"}

data: {"data":"🧹 [RATE-LIMIT] Evicting idle limiter: nvidia:9cda5fc2-7ae2-426a-a38c-35b9aa4856af (inactive for 629s)","timestamp":"2026-07-27T01:30:04.726Z"}

data: {"data":"🧹 [RATE-LIMIT] Evicting idle limiter: nvidia:d1717878-cbd3-4392-b5af-5add1c10d751 (inactive for 616s)","timestamp":"2026-07-27T01:30:04.726Z"}

data: {"data":"🧹 [RATE-LIMIT] Evicting idle limiter: nvidia:a0c72227-ba89-4b89-bae4-cff099d02562 (inactive for 606s)","timestamp":"2026-07-27T01:30:04.726Z"}

data: {"data":"🧹 [RATE-LIMIT] Evicting idle limiter: nvidia:38a09429-95ad-4b2f-940b-ed886fad7d7a (inactive for 630s)","timestamp":"2026-07-27T01:30:34.726Z"}

data: {"data":"🧹 [RATE-LIMIT] Evicting idle limiter: nvidia:9865dfaa-3680-4a2c-a952-16cf94dddd04 (inactive for 624s)","timestamp":"2026-07-27T01:30:34.726Z"}

data: {"data":"[ProviderLimitsSync] Cycle complete: 0/0 synced in 6ms","timestamp":"2026-07-27T01:35:40.257Z"}

data: {"data":"[INFO] [SKILLS_INJECTION] skills.injection.skipped {\"apiKeyId\":\"env-key\",\"reason\":\"no_enabled_skills\"}","timestamp":"2026-07-27T01:35:50.770Z"}

data: {"data":"{\"level\":30,\"time\":\"2026-07-27T01:35:50.731Z\",\"service\":\"omniroute\",\"module\":\"sse\",\"tag\":\"HTTP\",\"method\":\"POST\",\"path\":\"/v1/messages | nvidia/z-ai/glm-5.2 | 58 msgs | 40 tools\",\"msg\":\"📥 POST /v1/messages | nvidia/z-ai/glm-5.2 | 58 msgs | 40 tools\"}","timestamp":"2026-07-27T01:35:50.783Z"}

data: {"data":"{\"level\":30,\"time\":\"2026-07-27T01:35:50.737Z\",\"service\":\"omniroute\",\"module\":\"sse\",\"tag\":\"ROUTING\",\"msg\":\"Provider: nvidia, Model: z-ai/glm-5.2\"}","timestamp":"2026-07-27T01:35:50.783Z"}

data: {"data":"{\"level\":30,\"time\":\"2026-07-27T01:35:50.741Z\",\"service\":\"omniroute\",\"module\":\"sse\",\"tag\":\"AUTH\",\"msg\":\"session_key=input:sha256:eebcc... has no available affinity target\"}","timestamp":"2026-07-27T01:35:50.783Z"}

data: {"data":"{\"level\":30,\"time\":\"2026-07-27T01:35:50.742Z\",\"service\":\"omniroute\",\"module\":\"sse\",\"tag\":\"AUTH\",\"msg\":\"Using nvidia account: 3f77f218...\"}","timestamp":"2026-07-27T01:35:50.783Z"}

data: {"data":"[01:35:58] 📊 \u001b[32m[USAGE] NVIDIA | in=71243 | out=140 | account=3f77f218...\u001b[0m \u001b[33m(estimated)\u001b[0m | cache_read=1856","timestamp":"2026-07-27T01:35:58.634Z"}

data: {"data":"[01:35:58] 🌊 [STREAM] NVIDIA | z-ai/glm-5.2 | 7865ms | complete","timestamp":"2026-07-27T01:35:58.639Z"}

data: {"data":"time=2026-07-27T01:36:03.870Z level=INFO msg=\"l0 retention enforced\" db=storage.sqlite deleted_count=1 max_l1_txid=0000000000000213","timestamp":"2026-07-27T01:36:03.870Z"}

data: {"data":"time=2026-07-27T01:36:03.870Z level=INFO msg=\"compaction complete\" level=1 txid.min=0000000000000210 txid.max=0000000000000213 size=399318","timestamp":"2026-07-27T01:36:03.870Z"}

data: {"data":"time=2026-07-27T01:36:36.005Z level=INFO msg=\"compaction complete\" level=1 txid.min=0000000000000214 txid.max=0000000000000214 size=26999","timestamp":"2026-07-27T01:36:36.005Z"}

data: {"data":"[INFO] [SKILLS_INJECTION] skills.injection.skipped {\"apiKeyId\":\"env-key\",\"reason\":\"no_enabled_skills\"}","timestamp":"2026-07-27T01:38:06.428Z"}

data: {"data":"{\"level\":30,\"time\":\"2026-07-27T01:38:06.377Z\",\"service\":\"omniroute\",\"module\":\"sse\",\"tag\":\"HTTP\",\"method\":\"POST\",\"path\":\"/v1/messages | nvidia/z-ai/glm-5.2 | 60 msgs | 40 tools\",\"msg\":\"📥 POST /v1/messages | nvidia/z-ai/glm-5.2 | 60 msgs | 40 tools\"}","timestamp":"2026-07-27T01:38:06.441Z"}

data: {"data":"{\"level\":30,\"time\":\"2026-07-27T01:38:06.382Z\",\"service\":\"omniroute\",\"module\":\"sse\",\"tag\":\"ROUTING\",\"msg\":\"Provider: nvidia, Model: z-ai/glm-5.2\"}","timestamp":"2026-07-27T01:38:06.441Z"}

data: {"data":"{\"level\":30,\"time\":\"2026-07-27T01:38:06.386Z\",\"service\":\"omniroute\",\"module\":\"sse\",\"tag\":\"AUTH\",\"msg\":\"session_key=input:sha256:eebcc... has no available affinity target\"}","timestamp":"2026-07-27T01:38:06.441Z"}

data: {"data":"{\"level\":30,\"time\":\"2026-07-27T01:38:06.386Z\",\"service\":\"omniroute\",\"module\":\"sse\",\"tag\":\"AUTH\",\"msg\":\"Using nvidia account: a68545c0...\"}","timestamp":"2026-07-27T01:38:06.441Z"}

data: {"data":"[ProxyEgress] nvidia/a68545c0 in=113.20.2.214 out=44.196.116.2 proxy=direct status=success","timestamp":"2026-07-27T01:38:09.470Z"}

data: {"data":"[01:38:15] 📊 \u001b[32m[USAGE] NVIDIA | in=71488 | out=209 | account=a68545c0...\u001b[0m \u001b[33m(estimated)\u001b[0m | cache_read=1536","timestamp":"2026-07-27T01:38:15.753Z"}

data: {"data":"[01:38:15] 🌊 [STREAM] NVIDIA | z-ai/glm-5.2 | 9326ms | complete","timestamp":"2026-07-27T01:38:15.759Z"}

data: {"data":"[INFO] [SKILLS_INJECTION] skills.injection.skipped {\"apiKeyId\":\"env-key\",\"reason\":\"no_enabled_skills\"}","timestamp":"2026-07-27T01:38:17.726Z"}

data: {"data":"{\"level\":30,\"time\":\"2026-07-27T01:38:17.678Z\",\"service\":\"omniroute\",\"module\":\"sse\",\"tag\":\"HTTP\",\"method\":\"POST\",\"path\":\"/v1/messages | nvidia/z-ai/glm-5.2 | 62 msgs | 40 tools\",\"msg\":\"📥 POST /v1/messages | nvidia/z-ai/glm-5.2 | 62 msgs | 40 tools\"}","timestamp":"2026-07-27T01:38:17.745Z"}

data: {"data":"{\"level\":30,\"time\":\"2026-07-27T01:38:17.683Z\",\"service\":\"omniroute\",\"module\":\"sse\",\"tag\":\"ROUTING\",\"msg\":\"Provider: nvidia, Model: z-ai/glm-5.2\"}","timestamp":"2026-07-27T01:38:17.745Z"}

data: {"data":"{\"level\":30,\"time\":\"2026-07-27T01:38:17.686Z\",\"service\":\"omniroute\",\"module\":\"sse\",\"tag\":\"AUTH\",\"msg\":\"session_key=input:sha256:eebcc... has no available affinity target\"}","timestamp":"2026-07-27T01:38:17.745Z"}

data: {"data":"{\"level\":30,\"time\":\"2026-07-27T01:38:17.687Z\",\"service\":\"omniroute\",\"module\":\"sse\",\"tag\":\"AUTH\",\"msg\":\"Using nvidia account: dd511141...\"}","timestamp":"2026-07-27T01:38:17.745Z"}

data: {"data":"[ProxyEgress] nvidia/dd511141 in=113.20.2.214 out=44.196.116.2 proxy=direct status=success","timestamp":"2026-07-27T01:38:20.941Z"}

data: {"data":"time=2026-07-27T01:38:32.517Z level=INFO msg=\"compaction complete\" level=1 txid.min=0000000000000215 txid.max=000000000000021a size=400599","timestamp":"2026-07-27T01:38:32.517Z"}

data: {"data":"[01:38:35] 📊 \u001b[32m[USAGE] NVIDIA | in=74203 | out=703 | account=dd511141...\u001b[0m \u001b[33m(estimated)\u001b[0m | cache_read=192","timestamp":"2026-07-27T01:38:35.680Z"}

data: {"data":"[01:38:35] 🌊 [STREAM] NVIDIA | z-ai/glm-5.2 | 17956ms | complete","timestamp":"2026-07-27T01:38:35.688Z"}

data: {"data":"[INFO] [SKILLS_INJECTION] skills.injection.skipped {\"apiKeyId\":\"env-key\",\"reason\":\"no_enabled_skills\"}","timestamp":"2026-07-27T01:38:40.449Z"}

data: {"data":"{\"level\":30,\"time\":\"2026-07-27T01:38:40.405Z\",\"service\":\"omniroute\",\"module\":\"sse\",\"tag\":\"HTTP\",\"method\":\"POST\",\"path\":\"/v1/messages | nvidia/z-ai/glm-5.2 | 64 msgs | 40 tools\",\"msg\":\"📥 POST /v1/messages | nvidia/z-ai/glm-5.2 | 64 msgs | 40 tools\"}","timestamp":"2026-07-27T01:38:40.464Z"}

data: {"data":"{\"level\":30,\"time\":\"2026-07-27T01:38:40.411Z\",\"service\":\"omniroute\",\"module\":\"sse\",\"tag\":\"ROUTING\",\"msg\":\"Provider: nvidia, Model: z-ai/glm-5.2\"}","timestamp":"2026-07-27T01:38:40.464Z"}

data: {"data":"{\"level\":30,\"time\":\"2026-07-27T01:38:40.414Z\",\"service\":\"omniroute\",\"module\":\"sse\",\"tag\":\"AUTH\",\"msg\":\"session_key=input:sha256:eebcc... has no available affinity target\"}","timestamp":"2026-07-27T01:38:40.464Z"}

data: {"data":"{\"level\":30,\"time\":\"2026-07-27T01:38:40.415Z\",\"service\":\"omniroute\",\"module\":\"sse\",\"tag\":\"AUTH\",\"msg\":\"Using nvidia account: 2bcea68b...\"}","timestamp":"2026-07-27T01:38:40.464Z"}

data: {"data":"[ProxyEgress] nvidia/2bcea68b in=113.20.2.214 out=44.196.116.2 proxy=direct status=success","timestamp":"2026-07-27T01:38:46.272Z"}

data: {"data":"[01:38:53] 📊 \u001b[32m[USAGE] NVIDIA | in=75021 | out=87 | account=2bcea68b...\u001b[0m \u001b[33m(estimated)\u001b[0m | cache_read=576","timestamp":"2026-07-27T01:38:53.777Z"}

data: {"data":"[01:38:53] 🌊 [STREAM] NVIDIA | z-ai/glm-5.2 | 13330ms | complete","timestamp":"2026-07-27T01:38:53.782Z"}

data: {"data":"[INFO] [SKILLS_INJECTION] skills.injection.skipped {\"apiKeyId\":\"env-key\",\"reason\":\"no_enabled_skills\"}","timestamp":"2026-07-27T01:38:55.860Z"}

data: {"data":"{\"level\":30,\"time\":\"2026-07-27T01:38:55.821Z\",\"service\":\"omniroute\",\"module\":\"sse\",\"tag\":\"HTTP\",\"method\":\"POST\",\"path\":\"/v1/messages | nvidia/z-ai/glm-5.2 | 66 msgs | 40 tools\",\"msg\":\"📥 POST /v1/messages | nvidia/z-ai/glm-5.2 | 66 msgs | 40 tools\"}","timestamp":"2026-07-27T01:38:55.873Z"}

data: {"data":"{\"level\":30,\"time\":\"2026-07-27T01:38:55.826Z\",\"service\":\"omniroute\",\"module\":\"sse\",\"tag\":\"ROUTING\",\"msg\":\"Provider: nvidia, Model: z-ai/glm-5.2\"}","timestamp":"2026-07-27T01:38:55.873Z"}

data: {"data":"{\"level\":30,\"time\":\"2026-07-27T01:38:55.829Z\",\"service\":\"omniroute\",\"module\":\"sse\",\"tag\":\"AUTH\",\"msg\":\"session_key=input:sha256:eebcc... has no available affinity target\"}","timestamp":"2026-07-27T01:38:55.873Z"}

data: {"data":"{\"level\":30,\"time\":\"2026-07-27T01:38:55.829Z\",\"service\":\"omniroute\",\"module\":\"sse\",\"tag\":\"AUTH\",\"msg\":\"Using nvidia account: 1830e4f7...\"}","timestamp":"2026-07-27T01:38:55.873Z"}

data: {"data":"[ProxyEgress] nvidia/1830e4f7 in=113.20.2.214 out=44.196.116.2 proxy=direct status=success","timestamp":"2026-07-27T01:38:59.144Z"}

data: {"data":"time=2026-07-27T01:39:04.715Z level=INFO msg=\"compaction complete\" level=1 txid.min=000000000000021b txid.max=000000000000021f size=45658","timestamp":"2026-07-27T01:39:04.715Z"}

data: {"data":"[01:39:11] 📊 \u001b[32m[USAGE] NVIDIA | in=75148 | out=328 | account=1830e4f7...\u001b[0m \u001b[33m(estimated)\u001b[0m | cache_read=384","timestamp":"2026-07-27T01:39:11.383Z"}

data: {"data":"[01:39:11] 🌊 [STREAM] NVIDIA | z-ai/glm-5.2 | 15525ms | complete","timestamp":"2026-07-27T01:39:11.389Z"}

data: {"data":"time=2026-07-27T01:39:34.788Z level=INFO msg=\"compaction complete\" level=1 txid.min=0000000000000220 txid.max=0000000000000222 size=404078","timestamp":"2026-07-27T01:39:34.788Z"}

data: {"data":"[INFO] [SKILLS_INJECTION] skills.injection.skipped {\"apiKeyId\":\"env-key\",\"reason\":\"no_enabled_skills\"}","timestamp":"2026-07-27T01:39:45.376Z"}

data: {"data":"{\"level\":30,\"time\":\"2026-07-27T01:39:45.337Z\",\"service\":\"omniroute\",\"module\":\"sse\",\"tag\":\"HTTP\",\"method\":\"POST\",\"path\":\"/v1/messages | nvidia/z-ai/glm-5.2 | 68 msgs | 40 tools\",\"msg\":\"📥 POST /v1/messages | nvidia/z-ai/glm-5.2 | 68 msgs | 40 tools\"}","timestamp":"2026-07-27T01:39:45.391Z"}

data: {"data":"{\"level\":30,\"time\":\"2026-07-27T01:39:45.342Z\",\"service\":\"omniroute\",\"module\":\"sse\",\"tag\":\"ROUTING\",\"msg\":\"Provider: nvidia, Model: z-ai/glm-5.2\"}","timestamp":"2026-07-27T01:39:45.391Z"}

data: {"data":"{\"level\":30,\"time\":\"2026-07-27T01:39:45.346Z\",\"service\":\"omniroute\",\"module\":\"sse\",\"tag\":\"AUTH\",\"msg\":\"session_key=input:sha256:eebcc... has no available affinity target\"}","timestamp":"2026-07-27T01:39:45.391Z"}

data: {"data":"{\"level\":30,\"time\":\"2026-07-27T01:39:45.346Z\",\"service\":\"omniroute\",\"module\":\"sse\",\"tag\":\"AUTH\",\"msg\":\"Using nvidia account: 58f42365...\"}","timestamp":"2026-07-27T01:39:45.391Z"}

data: {"data":"[ProxyEgress] nvidia/58f42365 in=113.20.2.214 out=44.196.116.2 proxy=direct status=success","timestamp":"2026-07-27T01:39:52.728Z"}

data: {"data":"[01:39:56] 📊 \u001b[32m[USAGE] NVIDIA | in=75545 | out=221 | account=58f42365...\u001b[0m \u001b[33m(estimated)\u001b[0m | cache_read=74880","timestamp":"2026-07-27T01:39:56.260Z"}

data: {"data":"[01:39:56] 🌊 [STREAM] NVIDIA | z-ai/glm-5.2 | 10887ms | complete","timestamp":"2026-07-27T01:39:56.266Z"}

data: {"data":"[INFO] [SKILLS_INJECTION] skills.injection.skipped {\"apiKeyId\":\"env-key\",\"reason\":\"no_enabled_skills\"}","timestamp":"2026-07-27T01:40:00.366Z"}

data: {"data":"{\"level\":30,\"time\":\"2026-07-27T01:40:00.323Z\",\"service\":\"omniroute\",\"module\":\"sse\",\"tag\":\"HTTP\",\"method\":\"POST\",\"path\":\"/v1/messages | nvidia/z-ai/glm-5.2 | 71 msgs | 40 tools\",\"msg\":\"📥 POST /v1/messages | nvidia/z-ai/glm-5.2 | 71 msgs | 40 tools\"}","timestamp":"2026-07-27T01:40:00.378Z"}

data: {"data":"{\"level\":30,\"time\":\"2026-07-27T01:40:00.330Z\",\"service\":\"omniroute\",\"module\":\"sse\",\"tag\":\"ROUTING\",\"msg\":\"Provider: nvidia, Model: z-ai/glm-5.2\"}","timestamp":"2026-07-27T01:40:00.378Z"}

data: {"data":"{\"level\":30,\"time\":\"2026-07-27T01:40:00.334Z\",\"service\":\"omniroute\",\"module\":\"sse\",\"tag\":\"AUTH\",\"msg\":\"session_key=input:sha256:eebcc... has no available affinity target\"}","timestamp":"2026-07-27T01:40:00.378Z"}

data: {"data":"{\"level\":30,\"time\":\"2026-07-27T01:40:00.335Z\",\"service\":\"omniroute\",\"module\":\"sse\",\"tag\":\"AUTH\",\"msg\":\"Using nvidia account: 09665ab2...\"}","timestamp":"2026-07-27T01:40:00.379Z"}

data: {"data":"[ProxyEgress] nvidia/09665ab2 in=113.20.2.214 out=44.196.116.2 proxy=direct status=success","timestamp":"2026-07-27T01:40:03.616Z"}

data: {"data":"time=2026-07-27T01:40:04.942Z level=INFO msg=\"compaction complete\" level=1 txid.min=0000000000000223 txid.max=0000000000000225 size=14618","timestamp":"2026-07-27T01:40:04.942Z"}

data: {"data":"time=2026-07-27T01:40:05.037Z level=INFO msg=\"compaction complete\" level=2 txid.min=0000000000000210 txid.max=0000000000000222 size=404078","timestamp":"2026-07-27T01:40:05.037Z"}

data: {"data":"[01:40:13] 📊 \u001b[32m[USAGE] NVIDIA | in=76087 | out=446 | account=09665ab2...\u001b[0m \u001b[33m(estimated)\u001b[0m | cache_read=75456","timestamp":"2026-07-27T01:40:13.345Z"}

data: {"data":"[01:40:13] 🌊 [STREAM] NVIDIA | z-ai/glm-5.2 | 12982ms | complete","timestamp":"2026-07-27T01:40:13.351Z"}

data: {"data":"time=2026-07-27T01:40:34.926Z level=INFO msg=\"compaction complete\" level=1 txid.min=0000000000000226 txid.max=000000000000022a size=405551","timestamp":"2026-07-27T01:40:34.926Z"}

data: {"data":"[INFO] [SKILLS_INJECTION] skills.injection.skipped {\"apiKeyId\":\"env-key\",\"reason\":\"no_enabled_skills\"}","timestamp":"2026-07-27T01:40:56.031Z"}

data: {"data":"{\"level\":30,\"time\":\"2026-07-27T01:40:55.973Z\",\"service\":\"omniroute\",\"module\":\"sse\",\"tag\":\"HTTP\",\"method\":\"POST\",\"path\":\"/v1/messages | nvidia/z-ai/glm-5.2 | 73 msgs | 40 tools\",\"msg\":\"📥 POST /v1/messages | nvidia/z-ai/glm-5.2 | 73 msgs | 40 tools\"}","timestamp":"2026-07-27T01:40:56.053Z"}

data: {"data":"{\"level\":30,\"time\":\"2026-07-27T01:40:55.981Z\",\"service\":\"omniroute\",\"module\":\"sse\",\"tag\":\"ROUTING\",\"msg\":\"Provider: nvidia, Model: z-ai/glm-5.2\"}","timestamp":"2026-07-27T01:40:56.053Z"}

data: {"data":"{\"level\":30,\"time\":\"2026-07-27T01:40:55.985Z\",\"service\":\"omniroute\",\"module\":\"sse\",\"tag\":\"AUTH\",\"msg\":\"session_key=input:sha256:eebcc... has no available affinity target\"}","timestamp":"2026-07-27T01:40:56.053Z"}

data: {"data":"{\"level\":30,\"time\":\"2026-07-27T01:40:55.986Z\",\"service\":\"omniroute\",\"module\":\"sse\",\"tag\":\"AUTH\",\"msg\":\"Using nvidia account: 2d9ef15f...\"}","timestamp":"2026-07-27T01:40:56.053Z"}

data: {"data":"[01:41:02] 📊 \u001b[32m[USAGE] NVIDIA | in=76672 | out=174 | account=2d9ef15f...\u001b[0m \u001b[33m(estimated)\u001b[0m | cache_read=64","timestamp":"2026-07-27T01:41:02.766Z"}

data: {"data":"[01:41:02] 🌊 [STREAM] NVIDIA | z-ai/glm-5.2 | 6734ms | complete","timestamp":"2026-07-27T01:41:02.772Z"}

data: {"data":"time=2026-07-27T01:41:06.116Z level=INFO msg=\"l0 retention enforced\" db=storage.sqlite deleted_count=4 max_l1_txid=000000000000022c","timestamp":"2026-07-27T01:41:06.116Z"}

data: {"data":"time=2026-07-27T01:41:06.116Z level=INFO msg=\"compaction complete\" level=1 txid.min=000000000000022b txid.max=000000000000022c size=14973","timestamp":"2026-07-27T01:41:06.116Z"}

data: {"data":"[INFO] [SKILLS_INJECTION] skills.injection.skipped {\"apiKeyId\":\"env-key\",\"reason\":\"no_enabled_skills\"}","timestamp":"2026-07-27T01:41:35.320Z"}

data: {"data":"{\"level\":30,\"time\":\"2026-07-27T01:41:35.271Z\",\"service\":\"omniroute\",\"module\":\"sse\",\"tag\":\"HTTP\",\"method\":\"POST\",\"path\":\"/v1/messages | nvidia/z-ai/glm-5.2 | 76 msgs | 40 tools\",\"msg\":\"📥 POST /v1/messages | nvidia/z-ai/glm-5.2 | 76 msgs | 40 tools\"}","timestamp":"2026-07-27T01:41:35.338Z"}

data: {"data":"{\"level\":30,\"time\":\"2026-07-27T01:41:35.277Z\",\"service\":\"omniroute\",\"module\":\"sse\",\"tag\":\"ROUTING\",\"msg\":\"Provider: nvidia, Model: z-ai/glm-5.2\"}","timestamp":"2026-07-27T01:41:35.338Z"}

data: {"data":"{\"level\":30,\"time\":\"2026-07-27T01:41:35.281Z\",\"service\":\"omniroute\",\"module\":\"sse\",\"tag\":\"AUTH\",\"msg\":\"session_key=input:sha256:eebcc... has no available affinity target\"}","timestamp":"2026-07-27T01:41:35.338Z"}

data: {"data":"{\"level\":30,\"time\":\"2026-07-27T01:41:35.281Z\",\"service\":\"omniroute\",\"module\":\"sse\",\"tag\":\"AUTH\",\"msg\":\"Using nvidia account: 53f96ffa...\"}","timestamp":"2026-07-27T01:41:35.338Z"}

data: {"data":"time=2026-07-27T01:41:37.343Z level=INFO msg=\"l0 retention enforced\" db=storage.sqlite deleted_count=1 max_l1_txid=000000000000022d","timestamp":"2026-07-27T01:41:37.344Z"}

data: {"data":"time=2026-07-27T01:41:37.343Z level=INFO msg=\"compaction complete\" level=1 txid.min=000000000000022d txid.max=000000000000022d size=27846","timestamp":"2026-07-27T01:41:37.344Z"}

data: {"data":"[01:41:54] 📊 \u001b[32m[USAGE] NVIDIA | in=76897 | out=396 | account=53f96ffa...\u001b[0m \u001b[33m(estimated)\u001b[0m | cache_read=384","timestamp":"2026-07-27T01:41:54.962Z"}

data: {"data":"[01:41:54] 🌊 [STREAM] NVIDIA | z-ai/glm-5.2 | 19644ms | complete","timestamp":"2026-07-27T01:41:54.969Z"}

data: {"data":"time=2026-07-27T01:42:06.173Z level=INFO msg=\"compaction complete\" level=1 txid.min=000000000000022e txid.max=0000000000000231 size=407161","timestamp":"2026-07-27T01:42:06.173Z"}

data: {"data":"[INFO] [SKILLS_INJECTION] skills.injection.skipped {\"apiKeyId\":\"env-key\",\"reason\":\"no_enabled_skills\"}","timestamp":"2026-07-27T01:44:56.885Z"}

data: {"data":"{\"level\":30,\"time\":\"2026-07-27T01:44:56.843Z\",\"service\":\"omniroute\",\"module\":\"sse\",\"tag\":\"HTTP\",\"method\":\"POST\",\"path\":\"/v1/messages | nvidia/z-ai/glm-5.2 | 78 msgs | 40 tools\",\"msg\":\"📥 POST /v1/messages | nvidia/z-ai/glm-5.2 | 78 msgs | 40 tools\"}","timestamp":"2026-07-27T01:44:56.911Z"}

data: {"data":"{\"level\":30,\"time\":\"2026-07-27T01:44:56.849Z\",\"service\":\"omniroute\",\"module\":\"sse\",\"tag\":\"ROUTING\",\"msg\":\"Provider: nvidia, Model: z-ai/glm-5.2\"}","timestamp":"2026-07-27T01:44:56.911Z"}

data: {"data":"{\"level\":30,\"time\":\"2026-07-27T01:44:56.853Z\",\"service\":\"omniroute\",\"module\":\"sse\",\"tag\":\"AUTH\",\"msg\":\"session_key=input:sha256:eebcc... has no available affinity target\"}","timestamp":"2026-07-27T01:44:56.911Z"}

data: {"data":"{\"level\":30,\"time\":\"2026-07-27T01:44:56.853Z\",\"service\":\"omniroute\",\"module\":\"sse\",\"tag\":\"AUTH\",\"msg\":\"Using nvidia account: deb0258d...\"}","timestamp":"2026-07-27T01:44:56.911Z"}

data: {"data":"time=2026-07-27T01:44:57.459Z level=INFO msg=\"l0 retention enforced\" db=storage.sqlite deleted_count=16 max_l1_txid=0000000000000231","timestamp":"2026-07-27T01:44:57.459Z"}

data: {"data":"time=2026-07-27T01:45:03.720Z level=INFO msg=\"l0 retention enforced\" db=storage.sqlite deleted_count=1 max_l1_txid=0000000000000234","timestamp":"2026-07-27T01:45:03.720Z"}

data: {"data":"time=2026-07-27T01:45:03.720Z level=INFO msg=\"compaction complete\" level=1 txid.min=0000000000000232 txid.max=0000000000000234 size=407152","timestamp":"2026-07-27T01:45:03.720Z"}

data: {"data":"[01:45:08] 📊 \u001b[32m[USAGE] NVIDIA | in=77358 | out=70 | account=deb0258d...\u001b[0m \u001b[33m(estimated)\u001b[0m | cache_read=1536","timestamp":"2026-07-27T01:45:08.017Z"}

data: {"data":"[01:45:08] 🌊 [STREAM] NVIDIA | z-ai/glm-5.2 | 11135ms | complete","timestamp":"2026-07-27T01:45:08.024Z"}

data: {"data":"time=2026-07-27T01:45:09.280Z level=INFO msg=\"compaction complete\" level=2 txid.min=0000000000000223 txid.max=0000000000000234 size=407152","timestamp":"2026-07-27T01:45:09.281Z"}

data: {"data":"time=2026-07-27T01:45:37.498Z level=INFO msg=\"l0 retention enforced\" db=storage.sqlite deleted_count=5 max_l1_txid=0000000000000236","timestamp":"2026-07-27T01:45:37.498Z"}

data: {"data":"time=2026-07-27T01:45:37.498Z level=INFO msg=\"compaction complete\" level=1 txid.min=0000000000000235 txid.max=0000000000000236 size=35835","timestamp":"2026-07-27T01:45:37.498Z"}

data: {"data":"🧹 [RATE-LIMIT] Evicting idle limiter: nvidia:3f77f218-ee98-443b-b2de-e0cdb8761144 (inactive for 608s)","timestamp":"2026-07-27T01:46:04.738Z"}

data: {"data":"🧹 [RATE-LIMIT] Evicting idle limiter: nvidia:a68545c0-554a-43c9-9ad4-e09885e762e7 (inactive for 625s)","timestamp":"2026-07-27T01:48:34.739Z"}

data: {"data":"🧹 [RATE-LIMIT] Evicting idle limiter: nvidia:dd511141-af6e-4944-8af4-c0397507c799 (inactive for 614s)","timestamp":"2026-07-27T01:48:34.739Z"}

data: {"data":"🧹 [RATE-LIMIT] Evicting idle limiter: nvidia:2bcea68b-9f7a-4673-b1f0-80a66320fc88 (inactive for 618s)","timestamp":"2026-07-27T01:49:04.739Z"}

data: {"data":"🧹 [RATE-LIMIT] Evicting idle limiter: nvidia:1830e4f7-dd8f-4c11-9d65-c0acdced6494 (inactive for 606s)","timestamp":"2026-07-27T01:49:04.739Z"}

data: {"data":"time=2026-07-27T01:49:56.972Z level=INFO msg=\"l0 retention enforced\" db=storage.sqlite deleted_count=9 max_l1_txid=0000000000000236","timestamp":"2026-07-27T01:49:56.972Z"}

data: {"data":"time=2026-07-27T01:50:03.770Z level=INFO msg=\"l0 retention enforced\" db=storage.sqlite deleted_count=1 max_l1_txid=0000000000000238","timestamp":"2026-07-27T01:50:03.770Z"}

data: {"data":"time=2026-07-27T01:50:03.770Z level=INFO msg=\"compaction complete\" level=1 txid.min=0000000000000237 txid.max=0000000000000238 size=407758","timestamp":"2026-07-27T01:50:03.770Z"}

data: {"data":"🧹 [RATE-LIMIT] Evicting idle limiter: nvidia:58f42365-24ac-4844-b08b-af609b1057d1 (inactive for 612s)","timestamp":"2026-07-27T01:50:04.739Z"}

data: {"data":"🧹 [RATE-LIMIT] Evicting idle limiter: nvidia:09665ab2-ccd5-473b-9674-14967d3741b7 (inactive for 601s)","timestamp":"2026-07-27T01:50:04.739Z"}

data: {"data":"time=2026-07-27T01:50:07.530Z level=INFO msg=\"compaction complete\" level=2 txid.min=0000000000000235 txid.max=0000000000000238 size=407758","timestamp":"2026-07-27T01:50:07.530Z"}

data: {"data":"🧹 [RATE-LIMIT] Evicting idle limiter: nvidia:2d9ef15f-bc96-49d8-b476-56b2ad65c431 (inactive for 605s)","timestamp":"2026-07-27T01:51:04.739Z"}

data: {"data":"🧹 [RATE-LIMIT] Evicting idle limiter: nvidia:53f96ffa-5bb1-424c-925f-86c1b44688ec (inactive for 625s)","timestamp":"2026-07-27T01:52:04.739Z"}

data: {"data":"time=2026-07-27T01:54:56.809Z level=INFO msg=\"l0 retention enforced\" db=storage.sqlite deleted_count=3 max_l1_txid=0000000000000238","timestamp":"2026-07-27T01:54:56.809Z"}

data: {"data":"🧹 [RATE-LIMIT] Evicting idle limiter: nvidia:deb0258d-ecce-4c26-ad39-542c44736a0a (inactive for 603s)","timestamp":"2026-07-27T01:55:04.740Z"}

data: {"data":"[INFO] [SKILLS_INJECTION] skills.injection.skipped {\"apiKeyId\":\"env-key\",\"reason\":\"no_enabled_skills\"}","timestamp":"2026-07-27T01:56:42.289Z"}

data: {"data":"{\"level\":30,\"time\":\"2026-07-27T01:56:42.231Z\",\"service\":\"omniroute\",\"module\":\"sse\",\"tag\":\"HTTP\",\"method\":\"POST\",\"path\":\"/v1/messages | nvidia/z-ai/glm-5.2 | 79 msgs | 40 tools\",\"msg\":\"📥 POST /v1/messages | nvidia/z-ai/glm-5.2 | 79 msgs | 40 tools\"}","timestamp":"2026-07-27T01:56:42.313Z"}

data: {"data":"{\"level\":30,\"time\":\"2026-07-27T01:56:42.238Z\",\"service\":\"omniroute\",\"module\":\"sse\",\"tag\":\"ROUTING\",\"msg\":\"Provider: nvidia, Model: z-ai/glm-5.2\"}","timestamp":"2026-07-27T01:56:42.313Z"}

data: {"data":"{\"level\":30,\"time\":\"2026-07-27T01:56:42.244Z\",\"service\":\"omniroute\",\"module\":\"sse\",\"tag\":\"AUTH\",\"msg\":\"session_key=input:sha256:eebcc... has no available affinity target\"}","timestamp":"2026-07-27T01:56:42.313Z"}

data: {"data":"{\"level\":30,\"time\":\"2026-07-27T01:56:42.245Z\",\"service\":\"omniroute\",\"module\":\"sse\",\"tag\":\"AUTH\",\"msg\":\"Using nvidia account: 3317f8d3...\"}","timestamp":"2026-07-27T01:56:42.313Z"}

data: {"data":"[01:57:01] 📊 \u001b[32m[USAGE] NVIDIA | in=77410 | out=378 | account=3317f8d3...\u001b[0m \u001b[33m(estimated)\u001b[0m | cache_read=384","timestamp":"2026-07-27T01:57:01.026Z"}

data: {"data":"[01:57:01] 🌊 [STREAM] NVIDIA | z-ai/glm-5.2 | 18737ms | complete","timestamp":"2026-07-27T01:57:01.032Z"}

data: {"data":"[INFO] [SKILLS_INJECTION] skills.injection.skipped {\"apiKeyId\":\"env-key\",\"reason\":\"no_enabled_skills\"}","timestamp":"2026-07-27T01:57:01.684Z"}

data: {"data":"{\"level\":30,\"time\":\"2026-07-27T01:57:01.627Z\",\"service\":\"omniroute\",\"module\":\"sse\",\"tag\":\"HTTP\",\"method\":\"POST\",\"path\":\"/v1/messages | nvidia/z-ai/glm-5.2 | 81 msgs | 40 tools\",\"msg\":\"📥 POST /v1/messages | nvidia/z-ai/glm-5.2 | 81 msgs | 40 tools\"}","timestamp":"2026-07-27T01:57:01.701Z"}

data: {"data":"{\"level\":30,\"time\":\"2026-07-27T01:57:01.636Z\",\"service\":\"omniroute\",\"module\":\"sse\",\"tag\":\"ROUTING\",\"msg\":\"Provider: nvidia, Model: z-ai/glm-5.2\"}","timestamp":"2026-07-27T01:57:01.701Z"}

data: {"data":"{\"level\":30,\"time\":\"2026-07-27T01:57:01.641Z\",\"service\":\"omniroute\",\"module\":\"sse\",\"tag\":\"AUTH\",\"msg\":\"session_key=input:sha256:eebcc... has no available affinity target\"}","timestamp":"2026-07-27T01:57:01.701Z"}

data: {"data":"{\"level\":30,\"time\":\"2026-07-27T01:57:01.641Z\",\"service\":\"omniroute\",\"module\":\"sse\",\"tag\":\"AUTH\",\"msg\":\"Using nvidia account: c5116293...\"}","timestamp":"2026-07-27T01:57:01.701Z"}

data: {"data":"time=2026-07-27T01:57:04.031Z level=INFO msg=\"l0 retention enforced\" db=storage.sqlite deleted_count=1 max_l1_txid=000000000000023b","timestamp":"2026-07-27T01:57:04.031Z"}

data: {"data":"time=2026-07-27T01:57:04.031Z level=INFO msg=\"compaction complete\" level=1 txid.min=0000000000000239 txid.max=000000000000023b size=407966","timestamp":"2026-07-27T01:57:04.031Z"}

data: {"data":"[01:57:24] 📊 \u001b[32m[USAGE] NVIDIA | in=79874 | out=278 | account=c5116293...\u001b[0m \u001b[33m(estimated)\u001b[0m | cache_read=77760","timestamp":"2026-07-27T01:57:24.998Z"}

data: {"data":"[01:57:25] 🌊 [STREAM] NVIDIA | z-ai/glm-5.2 | 23324ms | complete","timestamp":"2026-07-27T01:57:25.012Z"}

data: {"data":"[INFO] [SKILLS_INJECTION] skills.injection.skipped {\"apiKeyId\":\"env-key\",\"reason\":\"no_enabled_skills\"}","timestamp":"2026-07-27T01:57:25.809Z"}

data: {"data":"{\"level\":30,\"time\":\"2026-07-27T01:57:25.765Z\",\"service\":\"omniroute\",\"module\":\"sse\",\"tag\":\"HTTP\",\"method\":\"POST\",\"path\":\"/v1/messages | nvidia/z-ai/glm-5.2 | 83 msgs | 40 tools\",\"msg\":\"📥 POST /v1/messages | nvidia/z-ai/glm-5.2 | 83 msgs | 40 tools\"}","timestamp":"2026-07-27T01:57:25.825Z"}

data: {"data":"{\"level\":30,\"time\":\"2026-07-27T01:57:25.770Z\",\"service\":\"omniroute\",\"module\":\"sse\",\"tag\":\"ROUTING\",\"msg\":\"Provider: nvidia, Model: z-ai/glm-5.2\"}","timestamp":"2026-07-27T01:57:25.825Z"}

data: {"data":"{\"level\":30,\"time\":\"2026-07-27T01:57:25.774Z\",\"service\":\"omniroute\",\"module\":\"sse\",\"tag\":\"AUTH\",\"msg\":\"session_key=input:sha256:eebcc... has no available affinity target\"}","timestamp":"2026-07-27T01:57:25.825Z"}

data: {"data":"{\"level\":30,\"time\":\"2026-07-27T01:57:25.775Z\",\"service\":\"omniroute\",\"module\":\"sse\",\"tag\":\"AUTH\",\"msg\":\"Using nvidia account: cb888a54...\"}","timestamp":"2026-07-27T01:57:25.825Z"}

data: {"data":"time=2026-07-27T01:57:36.277Z level=INFO msg=\"compaction complete\" level=1 txid.min=000000000000023c txid.max=000000000000023f size=41069","timestamp":"2026-07-27T01:57:36.277Z"}

data: {"data":"[01:58:15] 📊 \u001b[32m[USAGE] NVIDIA | in=80288 | out=586 | account=cb888a54...\u001b[0m \u001b[33m(estimated)\u001b[0m | cache_read=384","timestamp":"2026-07-27T01:58:15.400Z"}

data: {"data":"[01:58:15] 🌊 [STREAM] NVIDIA | z-ai/glm-5.2 | 49590ms | complete","timestamp":"2026-07-27T01:58:15.406Z"}

data: {"data":"[INFO] [SKILLS_INJECTION] skills.injection.skipped {\"apiKeyId\":\"env-key\",\"reason\":\"no_enabled_skills\"}","timestamp":"2026-07-27T01:58:26.586Z"}

data: {"data":"{\"level\":30,\"time\":\"2026-07-27T01:58:26.542Z\",\"service\":\"omniroute\",\"module\":\"sse\",\"tag\":\"HTTP\",\"method\":\"POST\",\"path\":\"/v1/messages | nvidia/z-ai/glm-5.2 | 86 msgs | 40 tools\",\"msg\":\"📥 POST /v1/messages | nvidia/z-ai/glm-5.2 | 86 msgs | 40 tools\"}","timestamp":"2026-07-27T01:58:26.602Z"}

data: {"data":"{\"level\":30,\"time\":\"2026-07-27T01:58:26.549Z\",\"service\":\"omniroute\",\"module\":\"sse\",\"tag\":\"ROUTING\",\"msg\":\"Provider: nvidia, Model: z-ai/glm-5.2\"}","timestamp":"2026-07-27T01:58:26.602Z"}

data: {"data":"{\"level\":30,\"time\":\"2026-07-27T01:58:26.553Z\",\"service\":\"omniroute\",\"module\":\"sse\",\"tag\":\"AUTH\",\"msg\":\"session_key=input:sha256:eebcc... has no available affinity target\"}","timestamp":"2026-07-27T01:58:26.602Z"}

data: {"data":"{\"level\":30,\"time\":\"2026-07-27T01:58:26.554Z\",\"service\":\"omniroute\",\"module\":\"sse\",\"tag\":\"AUTH\",\"msg\":\"Using nvidia account: d65f33e2...\"}","timestamp":"2026-07-27T01:58:26.602Z"}

data: {"data":"time=2026-07-27T01:58:32.864Z level=INFO msg=\"compaction complete\" level=1 txid.min=0000000000000240 txid.max=0000000000000242 size=409595","timestamp":"2026-07-27T01:58:32.864Z"}

data: {"data":"[01:58:54] 📊 \u001b[32m[USAGE] NVIDIA | in=80932 | out=619 | account=d65f33e2...\u001b[0m \u001b[33m(estimated)\u001b[0m | cache_read=704","timestamp":"2026-07-27T01:58:54.838Z"}

data: {"data":"[01:58:54] 🌊 [STREAM] NVIDIA | z-ai/glm-5.2 | 28254ms | complete","timestamp":"2026-07-27T01:58:54.845Z"}

data: {"data":"[INFO] [SKILLS_INJECTION] skills.injection.skipped {\"apiKeyId\":\"env-key\",\"reason\":\"no_enabled_skills\"}","timestamp":"2026-07-27T01:58:55.403Z"}

data: {"data":"{\"level\":30,\"time\":\"2026-07-27T01:58:55.357Z\",\"service\":\"omniroute\",\"module\":\"sse\",\"tag\":\"HTTP\",\"method\":\"POST\",\"path\":\"/v1/messages | nvidia/z-ai/glm-5.2 | 89 msgs | 40 tools\",\"msg\":\"📥 POST /v1/messages | nvidia/z-ai/glm-5.2 | 89 msgs | 40 tools\"}","timestamp":"2026-07-27T01:58:55.434Z"}

data: {"data":"{\"level\":30,\"time\":\"2026-07-27T01:58:55.363Z\",\"service\":\"omniroute\",\"module\":\"sse\",\"tag\":\"ROUTING\",\"msg\":\"Provider: nvidia, Model: z-ai/glm-5.2\"}","timestamp":"2026-07-27T01:58:55.434Z"}

data: {"data":"{\"level\":30,\"time\":\"2026-07-27T01:58:55.366Z\",\"service\":\"omniroute\",\"module\":\"sse\",\"tag\":\"AUTH\",\"msg\":\"session_key=input:sha256:eebcc... has no available affinity target\"}","timestamp":"2026-07-27T01:58:55.434Z"}

data: {"data":"{\"level\":30,\"time\":\"2026-07-27T01:58:55.366Z\",\"service\":\"omniroute\",\"module\":\"sse\",\"tag\":\"AUTH\",\"msg\":\"Using nvidia account: ccaad834...\"}","timestamp":"2026-07-27T01:58:55.434Z"}

data: {"data":"time=2026-07-27T01:59:05.191Z level=INFO msg=\"compaction complete\" level=1 txid.min=0000000000000243 txid.max=0000000000000245 size=44630","timestamp":"2026-07-27T01:59:05.191Z"}

data: {"data":"[01:59:12] 📊 \u001b[32m[USAGE] NVIDIA | in=82106 | out=720 | account=ccaad834...\u001b[0m \u001b[33m(estimated)\u001b[0m | cache_read=81088","timestamp":"2026-07-27T01:59:12.824Z"}

data: {"data":"[01:59:12] 🌊 [STREAM] NVIDIA | z-ai/glm-5.2 | 17421ms | complete","timestamp":"2026-07-27T01:59:12.831Z"}

data: {"data":"time=2026-07-27T01:59:35.210Z level=INFO msg=\"compaction complete\" level=1 txid.min=0000000000000246 txid.max=0000000000000247 size=39335","timestamp":"2026-07-27T01:59:35.210Z"}

data: {"data":"time=2026-07-27T02:00:04.652Z level=INFO msg=\"snapshot complete\" txid=000000000000024a size=386895","timestamp":"2026-07-27T02:00:04.652Z"}

data: {"data":"time=2026-07-27T02:00:05.019Z level=INFO msg=\"compaction complete\" level=2 txid.min=0000000000000239 txid.max=0000000000000247 size=410769","timestamp":"2026-07-27T02:00:05.019Z"}

data: {"data":"time=2026-07-27T02:00:05.109Z level=INFO msg=\"compaction complete\" level=1 txid.min=0000000000000248 txid.max=000000000000024a size=386895","timestamp":"2026-07-27T02:00:05.109Z"}

data: {"data":"time=2026-07-27T02:00:09.548Z level=INFO msg=\"compaction complete\" level=3 txid.min=00000000000001b6 txid.max=0000000000000238 size=407758","timestamp":"2026-07-27T02:00:09.549Z"}

data: {"data":"[INFO] [SKILLS_INJECTION] skills.injection.skipped {\"apiKeyId\":\"env-key\",\"reason\":\"no_enabled_skills\"}","timestamp":"2026-07-27T02:02:13.448Z"}

data: {"data":"{\"level\":30,\"time\":\"2026-07-27T02:02:13.398Z\",\"service\":\"omniroute\",\"module\":\"sse\",\"tag\":\"HTTP\",\"method\":\"POST\",\"path\":\"/v1/messages | nvidia/z-ai/glm-5.2 | 91 msgs | 40 tools\",\"msg\":\"📥 POST /v1/messages | nvidia/z-ai/glm-5.2 | 91 msgs | 40 tools\"}","timestamp":"2026-07-27T02:02:13.466Z"}

data: {"data":"{\"level\":30,\"time\":\"2026-07-27T02:02:13.404Z\",\"service\":\"omniroute\",\"module\":\"sse\",\"tag\":\"ROUTING\",\"msg\":\"Provider: nvidia, Model: z-ai/glm-5.2\"}","timestamp":"2026-07-27T02:02:13.466Z"}

data: {"data":"{\"level\":30,\"time\":\"2026-07-27T02:02:13.408Z\",\"service\":\"omniroute\",\"module\":\"sse\",\"tag\":\"AUTH\",\"msg\":\"session_key=input:sha256:eebcc... has no available affinity target\"}","timestamp":"2026-07-27T02:02:13.466Z"}

data: {"data":"{\"level\":30,\"time\":\"2026-07-27T02:02:13.411Z\",\"service\":\"omniroute\",\"module\":\"sse\",\"tag\":\"AUTH\",\"msg\":\"Using nvidia account: def58a55...\"}","timestamp":"2026-07-27T02:02:13.466Z"}

data: {"data":"[02:02:22] 📊 \u001b[32m[USAGE] NVIDIA | in=82891 | out=90 | account=def58a55...\u001b[0m \u001b[33m(estimated)\u001b[0m | cache_read=576","timestamp":"2026-07-27T02:02:22.733Z"}

data: {"data":"[02:02:22] 🌊 [STREAM] NVIDIA | z-ai/glm-5.2 | 9286ms | complete","timestamp":"2026-07-27T02:02:22.738Z"}

data: {"data":"time=2026-07-27T02:02:34.109Z level=INFO msg=\"l0 retention enforced\" db=storage.sqlite deleted_count=7 max_l1_txid=000000000000024e","timestamp":"2026-07-27T02:02:34.109Z"}

data: {"data":"time=2026-07-27T02:02:34.109Z level=INFO msg=\"compaction complete\" level=1 txid.min=000000000000024b txid.max=000000000000024e size=387709","timestamp":"2026-07-27T02:02:34.109Z"}

data: {"data":"time=2026-07-27T02:04:57.384Z level=INFO msg=\"l0 retention enforced\" db=storage.sqlite deleted_count=10 max_l1_txid=000000000000024e","timestamp":"2026-07-27T02:04:57.384Z"}

data: {"data":"time=2026-07-27T02:05:03.755Z level=INFO msg=\"l0 retention enforced\" db=storage.sqlite deleted_count=1 max_l1_txid=0000000000000250","timestamp":"2026-07-27T02:05:03.755Z"}

data: {"data":"time=2026-07-27T02:05:03.755Z level=INFO msg=\"compaction complete\" level=1 txid.min=000000000000024f txid.max=0000000000000250 size=387709","timestamp":"2026-07-27T02:05:03.755Z"}

data: {"data":"time=2026-07-27T02:05:07.996Z level=INFO msg=\"compaction complete\" level=2 txid.min=0000000000000248 txid.max=0000000000000250 size=387709","timestamp":"2026-07-27T02:05:07.996Z"}

data: {"data":"🧹 [RATE-LIMIT] Evicting idle limiter: nvidia:3317f8d3-ffa6-4e41-a8ad-7eeaf91a3f93 (inactive for 617s)","timestamp":"2026-07-27T02:07:04.752Z"}

data: {"data":"🧹 [RATE-LIMIT] Evicting idle limiter: nvidia:c5116293-3a1e-420b-890b-ddff9ee0db57 (inactive for 628s)","timestamp":"2026-07-27T02:07:34.752Z"}

data: {"data":"🧹 [RATE-LIMIT] Evicting idle limiter: nvidia:cb888a54-217d-4ad6-b191-1cc5d06841e0 (inactive for 606s)","timestamp":"2026-07-27T02:07:34.752Z"}

data: {"data":"[INFO] [SKILLS_INJECTION] skills.injection.skipped {\"apiKeyId\":\"env-key\",\"reason\":\"no_enabled_skills\"}","timestamp":"2026-07-27T02:07:56.145Z"}

data: {"data":"{\"level\":30,\"time\":\"2026-07-27T02:07:56.091Z\",\"service\":\"omniroute\",\"module\":\"sse\",\"tag\":\"HTTP\",\"method\":\"POST\",\"path\":\"/v1/messages | nvidia/z-ai/glm-5.2 | 92 msgs | 40 tools\",\"msg\":\"📥 POST /v1/messages | nvidia/z-ai/glm-5.2 | 92 msgs | 40 tools\"}","timestamp":"2026-07-27T02:07:56.162Z"}

data: {"data":"{\"level\":30,\"time\":\"2026-07-27T02:07:56.099Z\",\"service\":\"omniroute\",\"module\":\"sse\",\"tag\":\"ROUTING\",\"msg\":\"Provider: nvidia, Model: z-ai/glm-5.2\"}","timestamp":"2026-07-27T02:07:56.162Z"}

data: {"data":"{\"level\":30,\"time\":\"2026-07-27T02:07:56.104Z\",\"service\":\"omniroute\",\"module\":\"sse\",\"tag\":\"AUTH\",\"msg\":\"session_key=input:sha256:eebcc... has no available affinity target\"}","timestamp":"2026-07-27T02:07:56.162Z"}

data: {"data":"{\"level\":30,\"time\":\"2026-07-27T02:07:56.105Z\",\"service\":\"omniroute\",\"module\":\"sse\",\"tag\":\"AUTH\",\"msg\":\"Using nvidia account: 2d039916...\"}","timestamp":"2026-07-27T02:07:56.162Z"}

data: {"data":"[02:08:01] 📊 \u001b[32m[USAGE] NVIDIA | in=84232 | out=139 | account=2d039916...\u001b[0m \u001b[33m(estimated)\u001b[0m | cache_read=384","timestamp":"2026-07-27T02:08:01.367Z"}

data: {"data":"[02:08:01] 🌊 [STREAM] NVIDIA | z-ai/glm-5.2 | 5223ms | complete","timestamp":"2026-07-27T02:08:01.373Z"}

data: {"data":"[INFO] [SKILLS_INJECTION] skills.injection.skipped {\"apiKeyId\":\"env-key\",\"reason\":\"no_enabled_skills\"}","timestamp":"2026-07-27T02:08:01.984Z"}

data: {"data":"{\"level\":30,\"time\":\"2026-07-27T02:08:01.939Z\",\"service\":\"omniroute\",\"module\":\"sse\",\"tag\":\"HTTP\",\"method\":\"POST\",\"path\":\"/v1/messages | nvidia/z-ai/glm-5.2 | 94 msgs | 40 tools\",\"msg\":\"📥 POST /v1/messages | nvidia/z-ai/glm-5.2 | 94 msgs | 40 tools\"}","timestamp":"2026-07-27T02:08:02.005Z"}

data: {"data":"{\"level\":30,\"time\":\"2026-07-27T02:08:01.945Z\",\"service\":\"omniroute\",\"module\":\"sse\",\"tag\":\"ROUTING\",\"msg\":\"Provider: nvidia, Model: z-ai/glm-5.2\"}","timestamp":"2026-07-27T02:08:02.005Z"}

data: {"data":"{\"level\":30,\"time\":\"2026-07-27T02:08:01.948Z\",\"service\":\"omniroute\",\"module\":\"sse\",\"tag\":\"AUTH\",\"msg\":\"session_key=input:sha256:eebcc... has no available affinity target\"}","timestamp":"2026-07-27T02:08:02.005Z"}

data: {"data":"{\"level\":30,\"time\":\"2026-07-27T02:08:01.949Z\",\"service\":\"omniroute\",\"module\":\"sse\",\"tag\":\"AUTH\",\"msg\":\"Using nvidia account: d6a27df9...\"}","timestamp":"2026-07-27T02:08:02.005Z"}

data: {"data":"time=2026-07-27T02:08:04.005Z level=INFO msg=\"l0 retention enforced\" db=storage.sqlite deleted_count=4 max_l1_txid=0000000000000252","timestamp":"2026-07-27T02:08:04.005Z"}

data: {"data":"time=2026-07-27T02:08:04.005Z level=INFO msg=\"compaction complete\" level=1 txid.min=0000000000000251 txid.max=0000000000000252 size=387715","timestamp":"2026-07-27T02:08:04.005Z"}

data: {"data":"[ProxyEgress] nvidia/d6a27df9 in=113.20.2.214 out=44.196.116.2 proxy=direct status=success","timestamp":"2026-07-27T02:08:05.742Z"}

data: {"data":"[02:08:09] 📊 \u001b[32m[USAGE] NVIDIA | in=84797 | out=251 | account=d6a27df9...\u001b[0m \u001b[33m(estimated)\u001b[0m | cache_read=384","timestamp":"2026-07-27T02:08:09.273Z"}

data: {"data":"[02:08:09] 🌊 [STREAM] NVIDIA | z-ai/glm-5.2 | 7290ms | complete","timestamp":"2026-07-27T02:08:09.278Z"}

data: {"data":"[INFO] [SKILLS_INJECTION] skills.injection.skipped {\"apiKeyId\":\"env-key\",\"reason\":\"no_enabled_skills\"}","timestamp":"2026-07-27T02:08:10.099Z"}

data: {"data":"{\"level\":30,\"time\":\"2026-07-27T02:08:10.048Z\",\"service\":\"omniroute\",\"module\":\"sse\",\"tag\":\"HTTP\",\"method\":\"POST\",\"path\":\"/v1/messages | nvidia/z-ai/glm-5.2 | 96 msgs | 40 tools\",\"msg\":\"📥 POST /v1/messages | nvidia/z-ai/glm-5.2 | 96 msgs | 40 tools\"}","timestamp":"2026-07-27T02:08:10.119Z"}

data: {"data":"{\"level\":30,\"time\":\"2026-07-27T02:08:10.055Z\",\"service\":\"omniroute\",\"module\":\"sse\",\"tag\":\"ROUTING\",\"msg\":\"Provider: nvidia, Model: z-ai/glm-5.2\"}","timestamp":"2026-07-27T02:08:10.119Z"}

data: {"data":"{\"level\":30,\"time\":\"2026-07-27T02:08:10.058Z\",\"service\":\"omniroute\",\"module\":\"sse\",\"tag\":\"AUTH\",\"msg\":\"session_key=input:sha256:eebcc... has no available affinity target\"}","timestamp":"2026-07-27T02:08:10.119Z"}

data: {"data":"{\"level\":30,\"time\":\"2026-07-27T02:08:10.058Z\",\"service\":\"omniroute\",\"module\":\"sse\",\"tag\":\"AUTH\",\"msg\":\"Using nvidia account: 7d5d42c4...\"}","timestamp":"2026-07-27T02:08:10.119Z"}

data: {"data":"[ProxyEgress] nvidia/7d5d42c4 in=113.20.2.214 out=44.196.116.2 proxy=direct status=success","timestamp":"2026-07-27T02:08:11.421Z"}

data: {"data":"[02:08:13] 📊 \u001b[32m[USAGE] NVIDIA | in=85716 | out=174 | account=7d5d42c4...\u001b[0m \u001b[33m(estimated)\u001b[0m | cache_read=84992","timestamp":"2026-07-27T02:08:13.269Z"}

data: {"data":"[02:08:13] 🌊 [STREAM] NVIDIA | z-ai/glm-5.2 | 3169ms | complete","timestamp":"2026-07-27T02:08:13.274Z"}

data: {"data":"[INFO] [SKILLS_INJECTION] skills.injection.skipped {\"apiKeyId\":\"env-key\",\"reason\":\"no_enabled_skills\"}","timestamp":"2026-07-27T02:08:13.862Z"}

data: {"data":"{\"level\":30,\"time\":\"2026-07-27T02:08:13.802Z\",\"service\":\"omniroute\",\"module\":\"sse\",\"tag\":\"HTTP\",\"method\":\"POST\",\"path\":\"/v1/messages | nvidia/z-ai/glm-5.2 | 98 msgs | 40 tools\",\"msg\":\"📥 POST /v1/messages | nvidia/z-ai/glm-5.2 | 98 msgs | 40 tools\"}","timestamp":"2026-07-27T02:08:13.886Z"}

data: {"data":"{\"level\":30,\"time\":\"2026-07-27T02:08:13.812Z\",\"service\":\"omniroute\",\"module\":\"sse\",\"tag\":\"ROUTING\",\"msg\":\"Provider: nvidia, Model: z-ai/glm-5.2\"}","timestamp":"2026-07-27T02:08:13.886Z"}

data: {"data":"{\"level\":30,\"time\":\"2026-07-27T02:08:13.816Z\",\"service\":\"omniroute\",\"module\":\"sse\",\"tag\":\"AUTH\",\"msg\":\"session_key=input:sha256:eebcc... has no available affinity target\"}","timestamp":"2026-07-27T02:08:13.886Z"}

data: {"data":"{\"level\":30,\"time\":\"2026-07-27T02:08:13.817Z\",\"service\":\"omniroute\",\"module\":\"sse\",\"tag\":\"AUTH\",\"msg\":\"Using nvidia account: f2b0933a...\"}","timestamp":"2026-07-27T02:08:13.886Z"}

data: {"data":"[ProxyEgress] nvidia/f2b0933a in=113.20.2.214 out=44.196.116.2 proxy=direct status=success","timestamp":"2026-07-27T02:08:15.831Z"}

data: {"data":"[02:08:33] 📊 \u001b[32m[USAGE] NVIDIA | in=86443 | out=477 | account=f2b0933a...\u001b[0m \u001b[33m(estimated)\u001b[0m | cache_read=85824","timestamp":"2026-07-27T02:08:33.939Z"}

data: {"data":"[02:08:33] 🌊 [STREAM] NVIDIA | z-ai/glm-5.2 | 20083ms | complete","timestamp":"2026-07-27T02:08:33.949Z"}

data: {"data":"[INFO] [SKILLS_INJECTION] skills.injection.skipped {\"apiKeyId\":\"env-key\",\"reason\":\"no_enabled_skills\"}","timestamp":"2026-07-27T02:08:34.650Z"}

data: {"data":"{\"level\":30,\"time\":\"2026-07-27T02:08:34.608Z\",\"service\":\"omniroute\",\"module\":\"sse\",\"tag\":\"HTTP\",\"method\":\"POST\",\"path\":\"/v1/messages | nvidia/z-ai/glm-5.2 | 100 msgs | 40 tools\",\"msg\":\"📥 POST /v1/messages | nvidia/z-ai/glm-5.2 | 100 msgs | 40 tools\"}","timestamp":"2026-07-27T02:08:34.664Z"}

data: {"data":"{\"level\":30,\"time\":\"2026-07-27T02:08:34.616Z\",\"service\":\"omniroute\",\"module\":\"sse\",\"tag\":\"ROUTING\",\"msg\":\"Provider: nvidia, Model: z-ai/glm-5.2\"}","timestamp":"2026-07-27T02:08:34.665Z"}

data: {"data":"{\"level\":30,\"time\":\"2026-07-27T02:08:34.619Z\",\"service\":\"omniroute\",\"module\":\"sse\",\"tag\":\"AUTH\",\"msg\":\"session_key=input:sha256:eebcc... has no available affinity target\"}","timestamp":"2026-07-27T02:08:34.665Z"}

data: {"data":"{\"level\":30,\"time\":\"2026-07-27T02:08:34.620Z\",\"service\":\"omniroute\",\"module\":\"sse\",\"tag\":\"AUTH\",\"msg\":\"Using nvidia account: 9cda5fc2...\"}","timestamp":"2026-07-27T02:08:34.665Z"}

data: {"data":"🧹 [RATE-LIMIT] Evicting idle limiter: nvidia:d65f33e2-26b4-4096-bb40-214be567a5f8 (inactive for 605s)","timestamp":"2026-07-27T02:08:34.752Z"}

data: {"data":"[ProxyEgress] nvidia/9cda5fc2 in=113.20.2.214 out=44.196.116.2 proxy=direct status=success","timestamp":"2026-07-27T02:08:35.720Z"}

data: {"data":"time=2026-07-27T02:08:35.735Z level=INFO msg=\"compaction complete\" level=1 txid.min=0000000000000253 txid.max=000000000000025b size=52438","timestamp":"2026-07-27T02:08:35.735Z"}

data: {"data":"🧹 [RATE-LIMIT] Evicting idle limiter: nvidia:ccaad834-d081-4ec4-8e8d-713afc7d722f (inactive for 602s)","timestamp":"2026-07-27T02:09:04.753Z"}

data: {"data":"time=2026-07-27T02:09:05.064Z level=INFO msg=\"compaction complete\" level=1 txid.min=000000000000025c txid.max=000000000000025d size=38429","timestamp":"2026-07-27T02:09:05.064Z"}

data: {"data":"[02:09:09] 📊 \u001b[32m[USAGE] NVIDIA | in=86950 | out=634 | account=9cda5fc2...\u001b[0m \u001b[33m(estimated)\u001b[0m | cache_read=84352","timestamp":"2026-07-27T02:09:09.378Z"}

data: {"data":"[02:09:09] 🌊 [STREAM] NVIDIA | z-ai/glm-5.2 | 34729ms | complete","timestamp":"2026-07-27T02:09:09.383Z"}

data: {"data":"[INFO] [SKILLS_INJECTION] skills.injection.skipped {\"apiKeyId\":\"env-key\",\"reason\":\"no_enabled_skills\"}","timestamp":"2026-07-27T02:09:10.085Z"}

data: {"data":"{\"level\":30,\"time\":\"2026-07-27T02:09:10.028Z\",\"service\":\"omniroute\",\"module\":\"sse\",\"tag\":\"HTTP\",\"method\":\"POST\",\"path\":\"/v1/messages | nvidia/z-ai/glm-5.2 | 102 msgs | 40 tools\",\"msg\":\"📥 POST /v1/messages | nvidia/z-ai/glm-5.2 | 102 msgs | 40 tools\"}","timestamp":"2026-07-27T02:09:10.106Z"}

data: {"data":"{\"level\":30,\"time\":\"2026-07-27T02:09:10.035Z\",\"service\":\"omniroute\",\"module\":\"sse\",\"tag\":\"ROUTING\",\"msg\":\"Provider: nvidia, Model: z-ai/glm-5.2\"}","timestamp":"2026-07-27T02:09:10.106Z"}

data: {"data":"{\"level\":30,\"time\":\"2026-07-27T02:09:10.038Z\",\"service\":\"omniroute\",\"module\":\"sse\",\"tag\":\"AUTH\",\"msg\":\"session_key=input:sha256:eebcc... has no available affinity target\"}","timestamp":"2026-07-27T02:09:10.106Z"}

data: {"data":"{\"level\":30,\"time\":\"2026-07-27T02:09:10.038Z\",\"service\":\"omniroute\",\"module\":\"sse\",\"tag\":\"AUTH\",\"msg\":\"Using nvidia account: d1717878...\"}","timestamp":"2026-07-27T02:09:10.106Z"}

data: {"data":"[ProxyEgress] nvidia/d1717878 in=113.20.2.214 out=44.196.116.2 proxy=direct status=success","timestamp":"2026-07-27T02:09:13.784Z"}

data: {"data":"time=2026-07-27T02:09:35.348Z level=INFO msg=\"compaction complete\" level=1 txid.min=000000000000025e txid.max=0000000000000261 size=392190","timestamp":"2026-07-27T02:09:35.348Z"}

data: {"data":"[02:09:47] 📊 \u001b[32m[USAGE] NVIDIA | in=87623 | out=975 | account=d1717878...\u001b[0m \u001b[33m(estimated)\u001b[0m | cache_read=1536","timestamp":"2026-07-27T02:09:47.463Z"}

data: {"data":"[02:09:47] 🌊 [STREAM] NVIDIA | z-ai/glm-5.2 | 37377ms | complete","timestamp":"2026-07-27T02:09:47.468Z"}

data: {"data":"[INFO] [SKILLS_INJECTION] skills.injection.skipped {\"apiKeyId\":\"env-key\",\"reason\":\"no_enabled_skills\"}","timestamp":"2026-07-27T02:09:48.331Z"}

data: {"data":"{\"level\":30,\"time\":\"2026-07-27T02:09:48.279Z\",\"service\":\"omniroute\",\"module\":\"sse\",\"tag\":\"HTTP\",\"method\":\"POST\",\"path\":\"/v1/messages | nvidia/z-ai/glm-5.2 | 104 msgs | 40 tools\",\"msg\":\"📥 POST /v1/messages | nvidia/z-ai/glm-5.2 | 104 msgs | 40 tools\"}","timestamp":"2026-07-27T02:09:48.346Z"}

data: {"data":"{\"level\":30,\"time\":\"2026-07-27T02:09:48.285Z\",\"service\":\"omniroute\",\"module\":\"sse\",\"tag\":\"ROUTING\",\"msg\":\"Provider: nvidia, Model: z-ai/glm-5.2\"}","timestamp":"2026-07-27T02:09:48.346Z"}

data: {"data":"{\"level\":30,\"time\":\"2026-07-27T02:09:48.289Z\",\"service\":\"omniroute\",\"module\":\"sse\",\"tag\":\"AUTH\",\"msg\":\"session_key=input:sha256:eebcc... has no available affinity target\"}","timestamp":"2026-07-27T02:09:48.346Z"}

data: {"data":"{\"level\":30,\"time\":\"2026-07-27T02:09:48.290Z\",\"service\":\"omniroute\",\"module\":\"sse\",\"tag\":\"AUTH\",\"msg\":\"Using nvidia account: a0c72227...\"}","timestamp":"2026-07-27T02:09:48.346Z"}

data: {"data":"[ProxyEgress] nvidia/a0c72227 in=113.20.2.214 out=44.196.116.2 proxy=direct status=success","timestamp":"2026-07-27T02:09:49.048Z"}

data: {"data":"[02:09:49] 📊 \u001b[32m[USAGE] NVIDIA | in=88641 | out=45 | account=a0c72227...\u001b[0m \u001b[33m(estimated)\u001b[0m | cache_read=88576","timestamp":"2026-07-27T02:09:49.933Z"}

data: {"data":"[02:09:49] 🌊 [STREAM] NVIDIA | z-ai/glm-5.2 | 1603ms | complete","timestamp":"2026-07-27T02:09:49.938Z"}

data: {"data":"[INFO] [SKILLS_INJECTION] skills.injection.skipped {\"apiKeyId\":\"env-key\",\"reason\":\"no_enabled_skills\"}","timestamp":"2026-07-27T02:09:50.486Z"}

data: {"data":"{\"level\":30,\"time\":\"2026-07-27T02:09:50.441Z\",\"service\":\"omniroute\",\"module\":\"sse\",\"tag\":\"HTTP\",\"method\":\"POST\",\"path\":\"/v1/messages | nvidia/z-ai/glm-5.2 | 106 msgs | 40 tools\",\"msg\":\"📥 POST /v1/messages | nvidia/z-ai/glm-5.2 | 106 msgs | 40 tools\"}","timestamp":"2026-07-27T02:09:50.526Z"}

data: {"data":"{\"level\":30,\"time\":\"2026-07-27T02:09:50.447Z\",\"service\":\"omniroute\",\"module\":\"sse\",\"tag\":\"ROUTING\",\"msg\":\"Provider: nvidia, Model: z-ai/glm-5.2\"}","timestamp":"2026-07-27T02:09:50.527Z"}

data: {"data":"{\"level\":30,\"time\":\"2026-07-27T02:09:50.453Z\",\"service\":\"omniroute\",\"module\":\"sse\",\"tag\":\"AUTH\",\"msg\":\"session_key=input:sha256:eebcc... has no available affinity target\"}","timestamp":"2026-07-27T02:09:50.527Z"}

data: {"data":"{\"level\":30,\"time\":\"2026-07-27T02:09:50.454Z\",\"service\":\"omniroute\",\"module\":\"sse\",\"tag\":\"AUTH\",\"msg\":\"Using nvidia account: 38a09429...\"}","timestamp":"2026-07-27T02:09:50.527Z"}

data: {"data":"[ProxyEgress] nvidia/38a09429 in=113.20.2.214 out=44.196.116.2 proxy=direct status=success","timestamp":"2026-07-27T02:09:56.149Z"}

data: {"data":"time=2026-07-27T02:09:56.824Z level=INFO msg=\"l0 retention enforced\" db=storage.sqlite deleted_count=2 max_l1_txid=0000000000000261","timestamp":"2026-07-27T02:09:56.825Z"}

data: {"data":"time=2026-07-27T02:10:05.045Z level=INFO msg=\"compaction complete\" level=1 txid.min=0000000000000262 txid.max=0000000000000266 size=36412","timestamp":"2026-07-27T02:10:05.046Z"}

data: {"data":"time=2026-07-27T02:10:07.209Z level=INFO msg=\"compaction complete\" level=2 txid.min=0000000000000251 txid.max=0000000000000261 size=392190","timestamp":"2026-07-27T02:10:07.209Z"}

data: {"data":"time=2026-07-27T02:10:35.417Z level=INFO msg=\"compaction complete\" level=1 txid.min=0000000000000267 txid.max=0000000000000267 size=10897","timestamp":"2026-07-27T02:10:35.418Z"}

data: {"data":"[02:12:04] 📊 \u001b[32m[USAGE] NVIDIA | in=90387 | out=2620 | account=38a09429...\u001b[0m \u001b[33m(estimated)\u001b[0m | cache_read=1536","timestamp":"2026-07-27T02:12:04.145Z"}

data: {"data":"[02:12:04] 🌊 [STREAM] NVIDIA | z-ai/glm-5.2 | 133660ms | complete","timestamp":"2026-07-27T02:12:04.150Z"}

data: {"data":"[INFO] [SKILLS_INJECTION] skills.injection.skipped {\"apiKeyId\":\"env-key\",\"reason\":\"no_enabled_skills\"}","timestamp":"2026-07-27T02:12:05.040Z"}

data: {"data":"{\"level\":30,\"time\":\"2026-07-27T02:12:04.980Z\",\"service\":\"omniroute\",\"module\":\"sse\",\"tag\":\"HTTP\",\"method\":\"POST\",\"path\":\"/v1/messages | nvidia/z-ai/glm-5.2 | 108 msgs | 40 tools\",\"msg\":\"📥 POST /v1/messages | nvidia/z-ai/glm-5.2 | 108 msgs | 40 tools\"}","timestamp":"2026-07-27T02:12:05.056Z"}

data: {"data":"{\"level\":30,\"time\":\"2026-07-27T02:12:04.988Z\",\"service\":\"omniroute\",\"module\":\"sse\",\"tag\":\"ROUTING\",\"msg\":\"Provider: nvidia, Model: z-ai/glm-5.2\"}","timestamp":"2026-07-27T02:12:05.056Z"}

data: {"data":"{\"level\":30,\"time\":\"2026-07-27T02:12:04.991Z\",\"service\":\"omniroute\",\"module\":\"sse\",\"tag\":\"AUTH\",\"msg\":\"session_key=input:sha256:eebcc... has no available affinity target\"}","timestamp":"2026-07-27T02:12:05.056Z"}

data: {"data":"{\"level\":30,\"time\":\"2026-07-27T02:12:04.992Z\",\"service\":\"omniroute\",\"module\":\"sse\",\"tag\":\"AUTH\",\"msg\":\"Using nvidia account: 9865dfaa...\"}","timestamp":"2026-07-27T02:12:05.056Z"}

data: {"data":"[ProxyEgress] nvidia/9865dfaa in=113.20.2.214 out=44.196.116.2 proxy=direct status=success","timestamp":"2026-07-27T02:12:10.540Z"}

data: {"data":"[02:12:21] 📊 \u001b[32m[USAGE] NVIDIA | in=93050 | out=171 | account=9865dfaa...\u001b[0m \u001b[33m(estimated)\u001b[0m | cache_read=384","timestamp":"2026-07-27T02:12:21.589Z"}

data: {"data":"[02:12:21] 🌊 [STREAM] NVIDIA | z-ai/glm-5.2 | 16553ms | complete","timestamp":"2026-07-27T02:12:21.598Z"}

data: {"data":"[INFO] [SKILLS_INJECTION] skills.injection.skipped {\"apiKeyId\":\"env-key\",\"reason\":\"no_enabled_skills\"}","timestamp":"2026-07-27T02:12:22.356Z"}

data: {"data":"{\"level\":30,\"time\":\"2026-07-27T02:12:22.305Z\",\"service\":\"omniroute\",\"module\":\"sse\",\"tag\":\"HTTP\",\"method\":\"POST\",\"path\":\"/v1/messages | nvidia/z-ai/glm-5.2 | 111 msgs | 40 tools\",\"msg\":\"📥 POST /v1/messages | nvidia/z-ai/glm-5.2 | 111 msgs | 40 tools\"}","timestamp":"2026-07-27T02:12:22.376Z"}

data: {"data":"{\"level\":30,\"time\":\"2026-07-27T02:12:22.312Z\",\"service\":\"omniroute\",\"module\":\"sse\",\"tag\":\"ROUTING\",\"msg\":\"Provider: nvidia, Model: z-ai/glm-5.2\"}","timestamp":"2026-07-27T02:12:22.376Z"}

data: {"data":"{\"level\":30,\"time\":\"2026-07-27T02:12:22.316Z\",\"service\":\"omniroute\",\"module\":\"sse\",\"tag\":\"AUTH\",\"msg\":\"session_key=input:sha256:eebcc... has no available affinity target\"}","timestamp":"2026-07-27T02:12:22.376Z"}

data: {"data":"{\"level\":30,\"time\":\"2026-07-27T02:12:22.317Z\",\"service\":\"omniroute\",\"module\":\"sse\",\"tag\":\"AUTH\",\"msg\":\"Using nvidia account: 3f77f218...\"}","timestamp":"2026-07-27T02:12:22.376Z"}

data: {"data":"[ProxyEgress] nvidia/3f77f218 in=113.20.2.214 out=44.196.116.2 proxy=direct status=success","timestamp":"2026-07-27T02:12:26.533Z"}

data: {"data":"[02:12:30] 📊 \u001b[32m[USAGE] NVIDIA | in=93425 | out=195 | account=3f77f218...\u001b[0m \u001b[33m(estimated)\u001b[0m | cache_read=704","timestamp":"2026-07-27T02:12:30.303Z"}

data: {"data":"[02:12:30] 🌊 [STREAM] NVIDIA | z-ai/glm-5.2 | 7954ms | complete","timestamp":"2026-07-27T02:12:30.314Z"}

data: {"data":"(node:816) MaxListenersExceededWarning: Possible EventEmitter memory leak detected. 11 connect listeners added to [Socket]. MaxListeners is 10. Use emitter.setMaxListeners() to increase limit","timestamp":"2026-07-27T02:12:30.909Z"}

data: {"data":"[INFO] [SKILLS_INJECTION] skills.injection.skipped {\"apiKeyId\":\"env-key\",\"reason\":\"no_enabled_skills\"}","timestamp":"2026-07-27T02:12:31.148Z"}

data: {"data":"{\"level\":30,\"time\":\"2026-07-27T02:12:31.100Z\",\"service\":\"omniroute\",\"module\":\"sse\",\"tag\":\"HTTP\",\"method\":\"POST\",\"path\":\"/v1/messages | nvidia/z-ai/glm-5.2 | 113 msgs | 40 tools\",\"msg\":\"📥 POST /v1/messages | nvidia/z-ai/glm-5.2 | 113 msgs | 40 tools\"}","timestamp":"2026-07-27T02:12:31.171Z"}

data: {"data":"{\"level\":30,\"time\":\"2026-07-27T02:12:31.108Z\",\"service\":\"omniroute\",\"module\":\"sse\",\"tag\":\"ROUTING\",\"msg\":\"Provider: nvidia, Model: z-ai/glm-5.2\"}","timestamp":"2026-07-27T02:12:31.171Z"}

data: {"data":"{\"level\":30,\"time\":\"2026-07-27T02:12:31.111Z\",\"service\":\"omniroute\",\"module\":\"sse\",\"tag\":\"AUTH\",\"msg\":\"session_key=input:sha256:eebcc... has no available affinity target\"}","timestamp":"2026-07-27T02:12:31.171Z"}

data: {"data":"{\"level\":30,\"time\":\"2026-07-27T02:12:31.112Z\",\"service\":\"omniroute\",\"module\":\"sse\",\"tag\":\"AUTH\",\"msg\":\"Using nvidia account: a68545c0...\"}","timestamp":"2026-07-27T02:12:31.171Z"}

data: {"data":"time=2026-07-27T02:12:32.455Z level=INFO msg=\"compaction complete\" level=1 txid.min=0000000000000268 txid.max=000000000000026d size=394268","timestamp":"2026-07-27T02:12:32.455Z"}

data: {"data":"[ProxyEgress] nvidia/a68545c0 in=113.20.2.214 out=44.196.116.2 proxy=direct status=success","timestamp":"2026-07-27T02:12:33.996Z"}

data: {"data":"🧹 [RATE-LIMIT] Evicting idle limiter: nvidia:def58a55-cab9-4048-a69b-4fa1ae9d557a (inactive for 617s)","timestamp":"2026-07-27T02:12:34.754Z"}

data: {"data":"time=2026-07-27T02:13:05.777Z level=INFO msg=\"l0 retention enforced\" db=storage.sqlite deleted_count=2 max_l1_txid=0000000000000271","timestamp":"2026-07-27T02:13:05.777Z"}

data: {"data":"time=2026-07-27T02:13:05.777Z level=INFO msg=\"compaction complete\" level=1 txid.min=000000000000026e txid.max=0000000000000271 size=38234","timestamp":"2026-07-27T02:13:05.777Z"}

data: {"data":"[02:13:10] 📊 \u001b[32m[USAGE] NVIDIA | in=94220 | out=881 | account=a68545c0...\u001b[0m \u001b[33m(estimated)\u001b[0m | cache_read=92992","timestamp":"2026-07-27T02:13:10.071Z"}

data: {"data":"[02:13:10] 🌊 [STREAM] NVIDIA | z-ai/glm-5.2 | 38924ms | complete","timestamp":"2026-07-27T02:13:10.076Z"}

data: {"data":"[INFO] [SKILLS_INJECTION] skills.injection.skipped {\"apiKeyId\":\"env-key\",\"reason\":\"no_enabled_skills\"}","timestamp":"2026-07-27T02:13:23.282Z"}

data: {"data":"{\"level\":30,\"time\":\"2026-07-27T02:13:23.208Z\",\"service\":\"omniroute\",\"module\":\"sse\",\"tag\":\"HTTP\",\"method\":\"POST\",\"path\":\"/v1/messages | nvidia/z-ai/glm-5.2 | 116 msgs | 40 tools\",\"msg\":\"📥 POST /v1/messages | nvidia/z-ai/glm-5.2 | 116 msgs | 40 tools\"}","timestamp":"2026-07-27T02:13:23.314Z"}

data: {"data":"{\"level\":30,\"time\":\"2026-07-27T02:13:23.220Z\",\"service\":\"omniroute\",\"module\":\"sse\",\"tag\":\"ROUTING\",\"msg\":\"Provider: nvidia, Model: z-ai/glm-5.2\"}","timestamp":"2026-07-27T02:13:23.314Z"}

data: {"data":"{\"level\":30,\"time\":\"2026-07-27T02:13:23.225Z\",\"service\":\"omniroute\",\"module\":\"sse\",\"tag\":\"AUTH\",\"msg\":\"session_key=input:sha256:eebcc... has no available affinity target\"}","timestamp":"2026-07-27T02:13:23.314Z"}

data: {"data":"{\"level\":30,\"time\":\"2026-07-27T02:13:23.226Z\",\"service\":\"omniroute\",\"module\":\"sse\",\"tag\":\"AUTH\",\"msg\":\"Using nvidia account: dd511141...\"}","timestamp":"2026-07-27T02:13:23.314Z"}

data: {"data":"[02:13:32] 📊 \u001b[32m[USAGE] NVIDIA | in=95360 | out=103 | account=dd511141...\u001b[0m \u001b[33m(estimated)\u001b[0m | cache_read=384","timestamp":"2026-07-27T02:13:32.220Z"}

data: {"data":"[02:13:32] 🌊 [STREAM] NVIDIA | z-ai/glm-5.2 | 8937ms | complete","timestamp":"2026-07-27T02:13:32.225Z"}

data: {"data":"[INFO] [SKILLS_INJECTION] skills.injection.skipped {\"apiKeyId\":\"env-key\",\"reason\":\"no_enabled_skills\"}","timestamp":"2026-07-27T02:13:32.865Z"}

data: {"data":"{\"level\":30,\"time\":\"2026-07-27T02:13:32.817Z\",\"service\":\"omniroute\",\"module\":\"sse\",\"tag\":\"HTTP\",\"method\":\"POST\",\"path\":\"/v1/messages | nvidia/z-ai/glm-5.2 | 118 msgs | 40 tools\",\"msg\":\"📥 POST /v1/messages | nvidia/z-ai/glm-5.2 | 118 msgs | 40 tools\"}","timestamp":"2026-07-27T02:13:32.880Z"}

data: {"data":"{\"level\":30,\"time\":\"2026-07-27T02:13:32.825Z\",\"service\":\"omniroute\",\"module\":\"sse\",\"tag\":\"ROUTING\",\"msg\":\"Provider: nvidia, Model: z-ai/glm-5.2\"}","timestamp":"2026-07-27T02:13:32.880Z"}

data: {"data":"{\"level\":30,\"time\":\"2026-07-27T02:13:32.830Z\",\"service\":\"omniroute\",\"module\":\"sse\",\"tag\":\"AUTH\",\"msg\":\"session_key=input:sha256:eebcc... has no available affinity target\"}","timestamp":"2026-07-27T02:13:32.880Z"}

data: {"data":"{\"level\":30,\"time\":\"2026-07-27T02:13:32.831Z\",\"service\":\"omniroute\",\"module\":\"sse\",\"tag\":\"AUTH\",\"msg\":\"Using nvidia account: 2bcea68b...\"}","timestamp":"2026-07-27T02:13:32.880Z"}

data: {"data":"[ProxyEgress] nvidia/2bcea68b in=113.20.2.214 out=44.196.116.2 proxy=direct status=success","timestamp":"2026-07-27T02:13:34.243Z"}

data: {"data":"[02:13:34] 📊 \u001b[32m[USAGE] NVIDIA | in=95813 | out=34 | account=2bcea68b...\u001b[0m | cache_read=95424","timestamp":"2026-07-27T02:13:34.245Z"}

data: {"data":"[02:13:34] 🌊 [STREAM] NVIDIA | z-ai/glm-5.2 | 1383ms | complete","timestamp":"2026-07-27T02:13:34.252Z"}

data: {"data":"[INFO] [SKILLS_INJECTION] skills.injection.skipped {\"apiKeyId\":\"env-key\",\"reason\":\"no_enabled_skills\"}","timestamp":"2026-07-27T02:13:35.074Z"}

data: {"data":"{\"level\":30,\"time\":\"2026-07-27T02:13:35.026Z\",\"service\":\"omniroute\",\"module\":\"sse\",\"tag\":\"HTTP\",\"method\":\"POST\",\"path\":\"/v1/messages | nvidia/z-ai/glm-5.2 | 120 msgs | 40 tools\",\"msg\":\"📥 POST /v1/messages | nvidia/z-ai/glm-5.2 | 120 msgs | 40 tools\"}","timestamp":"2026-07-27T02:13:35.116Z"}

data: {"data":"{\"level\":30,\"time\":\"2026-07-27T02:13:35.033Z\",\"service\":\"omniroute\",\"module\":\"sse\",\"tag\":\"ROUTING\",\"msg\":\"Provider: nvidia, Model: z-ai/glm-5.2\"}","timestamp":"2026-07-27T02:13:35.116Z"}

data: {"data":"{\"level\":30,\"time\":\"2026-07-27T02:13:35.036Z\",\"service\":\"omniroute\",\"module\":\"sse\",\"tag\":\"AUTH\",\"msg\":\"session_key=input:sha256:eebcc... has no available affinity target\"}","timestamp":"2026-07-27T02:13:35.116Z"}

data: {"data":"{\"level\":30,\"time\":\"2026-07-27T02:13:35.037Z\",\"service\":\"omniroute\",\"module\":\"sse\",\"tag\":\"AUTH\",\"msg\":\"Using nvidia account: 1830e4f7...\"}","timestamp":"2026-07-27T02:13:35.116Z"}

data: {"data":"time=2026-07-27T02:13:37.097Z level=INFO msg=\"l0 retention enforced\" db=storage.sqlite deleted_count=9 max_l1_txid=0000000000000275","timestamp":"2026-07-27T02:13:37.099Z"}

data: {"data":"time=2026-07-27T02:13:37.097Z level=INFO msg=\"compaction complete\" level=1 txid.min=0000000000000272 txid.max=0000000000000275 size=395624","timestamp":"2026-07-27T02:13:37.099Z"}

data: {"data":"[ProxyEgress] nvidia/1830e4f7 in=113.20.2.214 out=44.196.116.2 proxy=direct status=success","timestamp":"2026-07-27T02:13:39.350Z"}

data: {"data":"[02:13:51] 📊 \u001b[32m[USAGE] NVIDIA | in=95981 | out=378 | account=1830e4f7...\u001b[0m \u001b[33m(estimated)\u001b[0m | cache_read=384","timestamp":"2026-07-27T02:13:51.106Z"}

data: {"data":"[02:13:51] 🌊 [STREAM] NVIDIA | z-ai/glm-5.2 | 16035ms | complete","timestamp":"2026-07-27T02:13:51.113Z"}

data: {"data":"[INFO] [SKILLS_INJECTION] skills.injection.skipped {\"apiKeyId\":\"env-key\",\"reason\":\"no_enabled_skills\"}","timestamp":"2026-07-27T02:13:51.748Z"}

data: {"data":"{\"level\":30,\"time\":\"2026-07-27T02:13:51.700Z\",\"service\":\"omniroute\",\"module\":\"sse\",\"tag\":\"HTTP\",\"method\":\"POST\",\"path\":\"/v1/messages | nvidia/z-ai/glm-5.2 | 122 msgs | 40 tools\",\"msg\":\"📥 POST /v1/messages | nvidia/z-ai/glm-5.2 | 122 msgs | 40 tools\"}","timestamp":"2026-07-27T02:13:51.763Z"}

data: {"data":"{\"level\":30,\"time\":\"2026-07-27T02:13:51.709Z\",\"service\":\"omniroute\",\"module\":\"sse\",\"tag\":\"ROUTING\",\"msg\":\"Provider: nvidia, Model: z-ai/glm-5.2\"}","timestamp":"2026-07-27T02:13:51.763Z"}

data: {"data":"{\"level\":30,\"time\":\"2026-07-27T02:13:51.712Z\",\"service\":\"omniroute\",\"module\":\"sse\",\"tag\":\"AUTH\",\"msg\":\"session_key=input:sha256:eebcc... has no available affinity target\"}","timestamp":"2026-07-27T02:13:51.763Z"}

data: {"data":"{\"level\":30,\"time\":\"2026-07-27T02:13:51.713Z\",\"service\":\"omniroute\",\"module\":\"sse\",\"tag\":\"AUTH\",\"msg\":\"Using nvidia account: 58f42365...\"}","timestamp":"2026-07-27T02:13:51.763Z"}

data: {"data":"[ProxyEgress] nvidia/58f42365 in=113.20.2.214 out=44.196.116.2 proxy=direct status=success","timestamp":"2026-07-27T02:13:57.997Z"}

data: {"data":"time=2026-07-27T02:14:07.336Z level=INFO msg=\"l0 retention enforced\" db=storage.sqlite deleted_count=2 max_l1_txid=000000000000027a","timestamp":"2026-07-27T02:14:07.336Z"}

data: {"data":"time=2026-07-27T02:14:07.336Z level=INFO msg=\"compaction complete\" level=1 txid.min=0000000000000276 txid.max=000000000000027a size=47898","timestamp":"2026-07-27T02:14:07.336Z"}

data: {"data":"[02:14:20] 📊 \u001b[32m[USAGE] NVIDIA | in=96649 | out=408 | account=58f42365...\u001b[0m \u001b[33m(estimated)\u001b[0m | cache_read=93568","timestamp":"2026-07-27T02:14:20.941Z"}

data: {"data":"[02:14:20] 🌊 [STREAM] NVIDIA | z-ai/glm-5.2 | 29196ms | complete","timestamp":"2026-07-27T02:14:20.948Z"}

data: {"data":"[INFO] [SKILLS_INJECTION] skills.injection.skipped {\"apiKeyId\":\"env-key\",\"reason\":\"no_enabled_skills\"}","timestamp":"2026-07-27T02:14:21.784Z"}

data: {"data":"{\"level\":30,\"time\":\"2026-07-27T02:14:21.733Z\",\"service\":\"omniroute\",\"module\":\"sse\",\"tag\":\"HTTP\",\"method\":\"POST\",\"path\":\"/v1/messages | nvidia/z-ai/glm-5.2 | 125 msgs | 40 tools\",\"msg\":\"📥 POST /v1/messages | nvidia/z-ai/glm-5.2 | 125 msgs | 40 tools\"}","timestamp":"2026-07-27T02:14:21.810Z"}

data: {"data":"{\"level\":30,\"time\":\"2026-07-27T02:14:21.742Z\",\"service\":\"omniroute\",\"module\":\"sse\",\"tag\":\"ROUTING\",\"msg\":\"Provider: nvidia, Model: z-ai/glm-5.2\"}","timestamp":"2026-07-27T02:14:21.810Z"}

data: {"data":"{\"level\":30,\"time\":\"2026-07-27T02:14:21.745Z\",\"service\":\"omniroute\",\"module\":\"sse\",\"tag\":\"AUTH\",\"msg\":\"session_key=input:sha256:eebcc... has no available affinity target\"}","timestamp":"2026-07-27T02:14:21.810Z"}

data: {"data":"{\"level\":30,\"time\":\"2026-07-27T02:14:21.746Z\",\"service\":\"omniroute\",\"module\":\"sse\",\"tag\":\"AUTH\",\"msg\":\"Using nvidia account: 09665ab2...\"}","timestamp":"2026-07-27T02:14:21.810Z"}

data: {"data":"[ProxyEgress] nvidia/09665ab2 in=113.20.2.214 out=44.196.116.2 proxy=direct status=success","timestamp":"2026-07-27T02:14:22.858Z"}

data: {"data":"time=2026-07-27T02:14:37.355Z level=INFO msg=\"l0 retention enforced\" db=storage.sqlite deleted_count=4 max_l1_txid=000000000000027e","timestamp":"2026-07-27T02:14:37.355Z"}

data: {"data":"time=2026-07-27T02:14:37.355Z level=INFO msg=\"compaction complete\" level=1 txid.min=000000000000027b txid.max=000000000000027e size=399287","timestamp":"2026-07-27T02:14:37.355Z"}

data: {"data":"[02:14:39] 📊 \u001b[32m[USAGE] NVIDIA | in=97344 | out=670 | account=09665ab2...\u001b[0m \u001b[33m(estimated)\u001b[0m | cache_read=97024","timestamp":"2026-07-27T02:14:39.232Z"}

data: {"data":"[02:14:39] 🌊 [STREAM] NVIDIA | z-ai/glm-5.2 | 17450ms | complete","timestamp":"2026-07-27T02:14:39.239Z"}

data: {"data":"[INFO] [SKILLS_INJECTION] skills.injection.skipped {\"apiKeyId\":\"env-key\",\"reason\":\"no_enabled_skills\"}","timestamp":"2026-07-27T02:14:40.090Z"}

data: {"data":"{\"level\":30,\"time\":\"2026-07-27T02:14:40.041Z\",\"service\":\"omniroute\",\"module\":\"sse\",\"tag\":\"HTTP\",\"method\":\"POST\",\"path\":\"/v1/messages | nvidia/z-ai/glm-5.2 | 127 msgs | 40 tools\",\"msg\":\"📥 POST /v1/messages | nvidia/z-ai/glm-5.2 | 127 msgs | 40 tools\"}","timestamp":"2026-07-27T02:14:40.112Z"}

data: {"data":"{\"level\":30,\"time\":\"2026-07-27T02:14:40.048Z\",\"service\":\"omniroute\",\"module\":\"sse\",\"tag\":\"ROUTING\",\"msg\":\"Provider: nvidia, Model: z-ai/glm-5.2\"}","timestamp":"2026-07-27T02:14:40.112Z"}

data: {"data":"{\"level\":30,\"time\":\"2026-07-27T02:14:40.051Z\",\"service\":\"omniroute\",\"module\":\"sse\",\"tag\":\"AUTH\",\"msg\":\"session_key=input:sha256:eebcc... has no available affinity target\"}","timestamp":"2026-07-27T02:14:40.112Z"}

data: {"data":"{\"level\":30,\"time\":\"2026-07-27T02:14:40.053Z\",\"service\":\"omniroute\",\"module\":\"sse\",\"tag\":\"AUTH\",\"msg\":\"Using nvidia account: 2d9ef15f...\"}","timestamp":"2026-07-27T02:14:40.112Z"}

data: {"data":"[ProxyEgress] nvidia/2d9ef15f in=113.20.2.214 out=44.196.116.2 proxy=direct status=success","timestamp":"2026-07-27T02:14:41.964Z"}

data: {"data":"time=2026-07-27T02:14:56.545Z level=INFO msg=\"l0 retention enforced\" db=storage.sqlite deleted_count=2 max_l1_txid=000000000000027e","timestamp":"2026-07-27T02:14:56.545Z"}

data: {"data":"time=2026-07-27T02:15:07.728Z level=INFO msg=\"l0 retention enforced\" db=storage.sqlite deleted_count=3 max_l1_txid=0000000000000282","timestamp":"2026-07-27T02:15:07.728Z"}

data: {"data":"time=2026-07-27T02:15:07.728Z level=INFO msg=\"compaction complete\" level=1 txid.min=000000000000027f txid.max=0000000000000282 size=43891","timestamp":"2026-07-27T02:15:07.728Z"}

data: {"data":"time=2026-07-27T02:15:09.124Z level=INFO msg=\"compaction complete\" level=2 txid.min=0000000000000262 txid.max=000000000000027e size=399287","timestamp":"2026-07-27T02:15:09.124Z"}

data: {"data":"[02:15:30] 📊 \u001b[32m[USAGE] NVIDIA | in=98786 | out=1058 | account=2d9ef15f...\u001b[0m \u001b[33m(estimated)\u001b[0m | cache_read=96320","timestamp":"2026-07-27T02:15:30.369Z"}

data: {"data":"[02:15:30] 🌊 [STREAM] NVIDIA | z-ai/glm-5.2 | 50280ms | complete","timestamp":"2026-07-27T02:15:30.375Z"}

data: {"data":"time=2026-07-27T02:15:37.361Z level=INFO msg=\"l0 retention enforced\" db=storage.sqlite deleted_count=1 max_l1_txid=0000000000000284","timestamp":"2026-07-27T02:15:37.361Z"}

data: {"data":"time=2026-07-27T02:15:37.361Z level=INFO msg=\"compaction complete\" level=1 txid.min=0000000000000283 txid.max=0000000000000284 size=400560","timestamp":"2026-07-27T02:15:37.361Z"}

data: {"data":"🧹 [RATE-LIMIT] Evicting idle limiter: nvidia:2d039916-88d8-495f-b886-bd5dc25ce047 (inactive for 605s)","timestamp":"2026-07-27T02:18:04.754Z"}

data: {"data":"🧹 [RATE-LIMIT] Evicting idle limiter: nvidia:d6a27df9-fb28-429e-9c1d-dbe475f7ea4d (inactive for 629s)","timestamp":"2026-07-27T02:18:34.755Z"}

data: {"data":"🧹 [RATE-LIMIT] Evicting idle limiter: nvidia:7d5d42c4-bb15-43da-a1b5-a4a2b52871c2 (inactive for 623s)","timestamp":"2026-07-27T02:18:34.755Z"}

data: {"data":"🧹 [RATE-LIMIT] Evicting idle limiter: nvidia:f2b0933a-888d-4a49-ab58-6012fcfb9314 (inactive for 619s)","timestamp":"2026-07-27T02:18:34.755Z"}

data: {"data":"🧹 [RATE-LIMIT] Evicting idle limiter: nvidia:9cda5fc2-7ae2-426a-a38c-35b9aa4856af (inactive for 629s)","timestamp":"2026-07-27T02:19:04.755Z"}

data: {"data":"🧹 [RATE-LIMIT] Evicting idle limiter: nvidia:d1717878-cbd3-4392-b5af-5add1c10d751 (inactive for 621s)","timestamp":"2026-07-27T02:19:34.756Z"}

data: {"data":"time=2026-07-27T02:19:58.155Z level=INFO msg=\"l0 retention enforced\" db=storage.sqlite deleted_count=26 max_l1_txid=0000000000000284","timestamp":"2026-07-27T02:19:58.156Z"}

data: {"data":"🧹 [RATE-LIMIT] Evicting idle limiter: nvidia:a0c72227-ba89-4b89-bae4-cff099d02562 (inactive for 616s)","timestamp":"2026-07-27T02:20:04.756Z"}

data: {"data":"🧹 [RATE-LIMIT] Evicting idle limiter: nvidia:38a09429-95ad-4b2f-940b-ed886fad7d7a (inactive for 609s)","timestamp":"2026-07-27T02:20:04.756Z"}

data: {"data":"time=2026-07-27T02:20:08.098Z level=INFO msg=\"compaction complete\" level=2 txid.min=000000000000027f txid.max=0000000000000284 size=400560","timestamp":"2026-07-27T02:20:08.099Z"}

data: {"data":"🧹 [RATE-LIMIT] Evicting idle limiter: nvidia:9865dfaa-3680-4a2c-a952-16cf94dddd04 (inactive for 624s)","timestamp":"2026-07-27T02:22:34.756Z"}

data: {"data":"🧹 [RATE-LIMIT] Evicting idle limiter: nvidia:3f77f218-ee98-443b-b2de-e0cdb8761144 (inactive for 608s)","timestamp":"2026-07-27T02:22:34.756Z"}

data: {"data":"🧹 [RATE-LIMIT] Evicting idle limiter: nvidia:a68545c0-554a-43c9-9ad4-e09885e762e7 (inactive for 601s)","timestamp":"2026-07-27T02:22:34.756Z"}

data: {"data":"🧹 [RATE-LIMIT] Evicting idle limiter: nvidia:dd511141-af6e-4944-8af4-c0397507c799 (inactive for 606s)","timestamp":"2026-07-27T02:23:34.757Z"}

data: {"data":"🧹 [RATE-LIMIT] Evicting idle limiter: nvidia:2bcea68b-9f7a-4673-b1f0-80a66320fc88 (inactive for 601s)","timestamp":"2026-07-27T02:23:34.757Z"}

data: {"data":"🧹 [RATE-LIMIT] Evicting idle limiter: nvidia:1830e4f7-dd8f-4c11-9d65-c0acdced6494 (inactive for 625s)","timestamp":"2026-07-27T02:24:04.756Z"}

data: {"data":"🧹 [RATE-LIMIT] Evicting idle limiter: nvidia:58f42365-24ac-4844-b08b-af609b1057d1 (inactive for 607s)","timestamp":"2026-07-27T02:24:04.756Z"}

data: {"data":"🧹 [RATE-LIMIT] Evicting idle limiter: nvidia:09665ab2-ccd5-473b-9674-14967d3741b7 (inactive for 612s)","timestamp":"2026-07-27T02:24:34.756Z"}

data: {"data":"time=2026-07-27T02:24:56.828Z level=INFO msg=\"l0 retention enforced\" db=storage.sqlite deleted_count=2 max_l1_txid=0000000000000284","timestamp":"2026-07-27T02:24:56.828Z"}

data: {"data":"🧹 [RATE-LIMIT] Evicting idle limiter: nvidia:2d9ef15f-bc96-49d8-b476-56b2ad65c431 (inactive for 623s)","timestamp":"2026-07-27T02:25:04.756Z"}

data: {"data":"[INFO] [SKILLS_INJECTION] skills.injection.skipped {\"apiKeyId\":\"env-key\",\"reason\":\"no_enabled_skills\"}","timestamp":"2026-07-27T02:35:55.576Z"}

data: {"data":"{\"level\":30,\"time\":\"2026-07-27T02:35:55.521Z\",\"service\":\"omniroute\",\"module\":\"sse\",\"tag\":\"HTTP\",\"method\":\"POST\",\"path\":\"/v1/messages | nvidia/z-ai/glm-5.2 | 130 msgs | 40 tools\",\"msg\":\"📥 POST /v1/messages | nvidia/z-ai/glm-5.2 | 130 msgs | 40 tools\"}","timestamp":"2026-07-27T02:35:55.598Z"}

data: {"data":"{\"level\":30,\"time\":\"2026-07-27T02:35:55.528Z\",\"service\":\"omniroute\",\"module\":\"sse\",\"tag\":\"ROUTING\",\"msg\":\"Provider: nvidia, Model: z-ai/glm-5.2\"}","timestamp":"2026-07-27T02:35:55.599Z"}

data: {"data":"{\"level\":30,\"time\":\"2026-07-27T02:35:55.532Z\",\"service\":\"omniroute\",\"module\":\"sse\",\"tag\":\"AUTH\",\"msg\":\"session_key=input:sha256:eebcc... has no available affinity target\"}","timestamp":"2026-07-27T02:35:55.599Z"}

data: {"data":"{\"level\":30,\"time\":\"2026-07-27T02:35:55.533Z\",\"service\":\"omniroute\",\"module\":\"sse\",\"tag\":\"AUTH\",\"msg\":\"Using nvidia account: 53f96ffa...\"}","timestamp":"2026-07-27T02:35:55.599Z"}

data: {"data":"time=2026-07-27T02:36:03.827Z level=INFO msg=\"l0 retention enforced\" db=storage.sqlite deleted_count=1 max_l1_txid=0000000000000286","timestamp":"2026-07-27T02:36:03.827Z"}

data: {"data":"time=2026-07-27T02:36:03.827Z level=INFO msg=\"compaction complete\" level=1 txid.min=0000000000000285 txid.max=0000000000000286 size=400556","timestamp":"2026-07-27T02:36:03.827Z"}

data: {"data":"[02:36:07] 📊 \u001b[32m[USAGE] NVIDIA | in=99891 | out=97 | account=53f96ffa...\u001b[0m \u001b[33m(estimated)\u001b[0m | cache_read=384","timestamp":"2026-07-27T02:36:07.510Z"}

data: {"data":"[02:36:07] 🌊 [STREAM] NVIDIA | z-ai/glm-5.2 | 11938ms | complete","timestamp":"2026-07-27T02:36:07.518Z"}

data: {"data":"[INFO] [SKILLS_INJECTION] skills.injection.skipped {\"apiKeyId\":\"env-key\",\"reason\":\"no_enabled_skills\"}","timestamp":"2026-07-27T02:36:11.481Z"}

data: {"data":"{\"level\":30,\"time\":\"2026-07-27T02:36:11.424Z\",\"service\":\"omniroute\",\"module\":\"sse\",\"tag\":\"HTTP\",\"method\":\"POST\",\"path\":\"/v1/messages | nvidia/z-ai/glm-5.2 | 132 msgs | 40 tools\",\"msg\":\"📥 POST /v1/messages | nvidia/z-ai/glm-5.2 | 132 msgs | 40 tools\"}","timestamp":"2026-07-27T02:36:11.507Z"}

data: {"data":"{\"level\":30,\"time\":\"2026-07-27T02:36:11.431Z\",\"service\":\"omniroute\",\"module\":\"sse\",\"tag\":\"ROUTING\",\"msg\":\"Provider: nvidia, Model: z-ai/glm-5.2\"}","timestamp":"2026-07-27T02:36:11.507Z"}

data: {"data":"{\"level\":30,\"time\":\"2026-07-27T02:36:11.435Z\",\"service\":\"omniroute\",\"module\":\"sse\",\"tag\":\"AUTH\",\"msg\":\"session_key=input:sha256:eebcc... has no available affinity target\"}","timestamp":"2026-07-27T02:36:11.507Z"}

data: {"data":"{\"level\":30,\"time\":\"2026-07-27T02:36:11.436Z\",\"service\":\"omniroute\",\"module\":\"sse\",\"tag\":\"AUTH\",\"msg\":\"Using nvidia account: deb0258d...\"}","timestamp":"2026-07-27T02:36:11.507Z"}

data: {"data":"[ProxyEgress] nvidia/deb0258d in=113.20.2.214 out=44.196.116.2 proxy=direct status=success","timestamp":"2026-07-27T02:36:16.262Z"}

data: {"data":"[02:36:21] 📊 \u001b[32m[USAGE] NVIDIA | in=100639 | out=227 | account=deb0258d...\u001b[0m \u001b[33m(estimated)\u001b[0m | cache_read=384","timestamp":"2026-07-27T02:36:21.121Z"}

data: {"data":"[02:36:21] 🌊 [STREAM] NVIDIA | z-ai/glm-5.2 | 9641ms | complete","timestamp":"2026-07-27T02:36:21.128Z"}

data: {"data":"[INFO] [SKILLS_INJECTION] skills.injection.skipped {\"apiKeyId\":\"env-key\",\"reason\":\"no_enabled_skills\"}","timestamp":"2026-07-27T02:36:22.500Z"}

data: {"data":"{\"level\":30,\"time\":\"2026-07-27T02:36:22.449Z\",\"service\":\"omniroute\",\"module\":\"sse\",\"tag\":\"HTTP\",\"method\":\"POST\",\"path\":\"/v1/messages | nvidia/z-ai/glm-5.2 | 134 msgs | 40 tools\",\"msg\":\"📥 POST /v1/messages | nvidia/z-ai/glm-5.2 | 134 msgs | 40 tools\"}","timestamp":"2026-07-27T02:36:22.521Z"}

data: {"data":"{\"level\":30,\"time\":\"2026-07-27T02:36:22.457Z\",\"service\":\"omniroute\",\"module\":\"sse\",\"tag\":\"ROUTING\",\"msg\":\"Provider: nvidia, Model: z-ai/glm-5.2\"}","timestamp":"2026-07-27T02:36:22.521Z"}

data: {"data":"{\"level\":30,\"time\":\"2026-07-27T02:36:22.463Z\",\"service\":\"omniroute\",\"module\":\"sse\",\"tag\":\"AUTH\",\"msg\":\"session_key=input:sha256:eebcc... has no available affinity target\"}","timestamp":"2026-07-27T02:36:22.521Z"}

data: {"data":"{\"level\":30,\"time\":\"2026-07-27T02:36:22.463Z\",\"service\":\"omniroute\",\"module\":\"sse\",\"tag\":\"AUTH\",\"msg\":\"Using nvidia account: 3317f8d3...\"}","timestamp":"2026-07-27T02:36:22.521Z"}

data: {"data":"[ProxyEgress] nvidia/3317f8d3 in=113.20.2.214 out=44.196.116.2 proxy=direct status=success","timestamp":"2026-07-27T02:36:34.125Z"}

data: {"data":"[02:36:34] 📊 \u001b[32m[USAGE] NVIDIA | in=100907 | out=98 | account=3317f8d3...\u001b[0m | cache_read=384","timestamp":"2026-07-27T02:36:34.128Z"}

data: {"data":"[02:36:34] 🌊 [STREAM] NVIDIA | z-ai/glm-5.2 | 11630ms | complete","timestamp":"2026-07-27T02:36:34.137Z"}

data: {"data":"time=2026-07-27T02:36:35.958Z level=INFO msg=\"compaction complete\" level=1 txid.min=0000000000000287 txid.max=000000000000028c size=41517","timestamp":"2026-07-27T02:36:35.958Z"}

data: {"data":"time=2026-07-27T02:37:04.995Z level=INFO msg=\"compaction complete\" level=1 txid.min=000000000000028d txid.max=000000000000028d size=34819","timestamp":"2026-07-27T02:37:04.996Z"}

data: {"data":"time=2026-07-27T02:40:02.561Z level=INFO msg=\"compaction complete\" level=1 txid.min=000000000000028e txid.max=000000000000028f size=402352","timestamp":"2026-07-27T02:40:02.561Z"}

data: {"data":"time=2026-07-27T02:40:04.099Z level=INFO msg=\"compaction complete\" level=2 txid.min=0000000000000285 txid.max=000000000000028d size=402352","timestamp":"2026-07-27T02:40:04.102Z"}

data: {"data":"[INFO] [SKILLS_INJECTION] skills.injection.skipped {\"apiKeyId\":\"env-key\",\"reason\":\"no_enabled_skills\"}","timestamp":"2026-07-27T02:44:53.402Z"}

data: {"data":"{\"level\":30,\"time\":\"2026-07-27T02:44:53.349Z\",\"service\":\"omniroute\",\"module\":\"sse\",\"tag\":\"HTTP\",\"method\":\"POST\",\"path\":\"/v1/messages | nvidia/z-ai/glm-5.2 | 136 msgs | 40 tools\",\"msg\":\"📥 POST /v1/messages | nvidia/z-ai/glm-5.2 | 136 msgs | 40 tools\"}","timestamp":"2026-07-27T02:44:53.425Z"}

data: {"data":"{\"level\":30,\"time\":\"2026-07-27T02:44:53.356Z\",\"service\":\"omniroute\",\"module\":\"sse\",\"tag\":\"ROUTING\",\"msg\":\"Provider: nvidia, Model: z-ai/glm-5.2\"}","timestamp":"2026-07-27T02:44:53.425Z"}

data: {"data":"{\"level\":30,\"time\":\"2026-07-27T02:44:53.360Z\",\"service\":\"omniroute\",\"module\":\"sse\",\"tag\":\"AUTH\",\"msg\":\"session_key=input:sha256:eebcc... has no available affinity target\"}","timestamp":"2026-07-27T02:44:53.425Z"}

data: {"data":"{\"level\":30,\"time\":\"2026-07-27T02:44:53.360Z\",\"service\":\"omniroute\",\"module\":\"sse\",\"tag\":\"AUTH\",\"msg\":\"Using nvidia account: c5116293...\"}","timestamp":"2026-07-27T02:44:53.425Z"}

data: {"data":"time=2026-07-27T02:44:57.396Z level=INFO msg=\"l0 retention enforced\" db=storage.sqlite deleted_count=11 max_l1_txid=000000000000028f","timestamp":"2026-07-27T02:44:57.396Z"}

data: {"data":"time=2026-07-27T02:45:02.848Z level=INFO msg=\"compaction complete\" level=1 txid.min=0000000000000290 txid.max=0000000000000291 size=402352","timestamp":"2026-07-27T02:45:02.848Z"}

data: {"data":"time=2026-07-27T02:45:06.229Z level=INFO msg=\"compaction complete\" level=2 txid.min=000000000000028e txid.max=0000000000000291 size=402352","timestamp":"2026-07-27T02:45:06.229Z"}

data: {"data":"[02:45:14] 📊 \u001b[32m[USAGE] NVIDIA | in=101083 | out=669 | account=c5116293...\u001b[0m \u001b[33m(estimated)\u001b[0m | cache_read=1536","timestamp":"2026-07-27T02:45:14.070Z"}

data: {"data":"[02:45:14] 🌊 [STREAM] NVIDIA | z-ai/glm-5.2 | 20668ms | complete","timestamp":"2026-07-27T02:45:14.075Z"}

data: {"data":"time=2026-07-27T02:45:34.993Z level=INFO msg=\"compaction complete\" level=1 txid.min=0000000000000292 txid.max=0000000000000293 size=35236","timestamp":"2026-07-27T02:45:34.994Z"}

data: {"data":"[INFO] [SKILLS_INJECTION] skills.injection.skipped {\"apiKeyId\":\"env-key\",\"reason\":\"no_enabled_skills\"}","timestamp":"2026-07-27T02:45:37.655Z"}

data: {"data":"{\"level\":30,\"time\":\"2026-07-27T02:45:37.605Z\",\"service\":\"omniroute\",\"module\":\"sse\",\"tag\":\"HTTP\",\"method\":\"POST\",\"path\":\"/v1/messages | nvidia/z-ai/glm-5.2 | 139 msgs | 40 tools\",\"msg\":\"📥 POST /v1/messages | nvidia/z-ai/glm-5.2 | 139 msgs | 40 tools\"}","timestamp":"2026-07-27T02:45:37.671Z"}

data: {"data":"{\"level\":30,\"time\":\"2026-07-27T02:45:37.615Z\",\"service\":\"omniroute\",\"module\":\"sse\",\"tag\":\"ROUTING\",\"msg\":\"Provider: nvidia, Model: z-ai/glm-5.2\"}","timestamp":"2026-07-27T02:45:37.671Z"}

data: {"data":"{\"level\":30,\"time\":\"2026-07-27T02:45:37.618Z\",\"service\":\"omniroute\",\"module\":\"sse\",\"tag\":\"AUTH\",\"msg\":\"session_key=input:sha256:eebcc... has no available affinity target\"}","timestamp":"2026-07-27T02:45:37.671Z"}

data: {"data":"{\"level\":30,\"time\":\"2026-07-27T02:45:37.618Z\",\"service\":\"omniroute\",\"module\":\"sse\",\"tag\":\"AUTH\",\"msg\":\"Using nvidia account: cb888a54...\"}","timestamp":"2026-07-27T02:45:37.671Z"}

data: {"data":"[ProviderLimitsSync] Cycle complete: 0/0 synced in 3ms","timestamp":"2026-07-27T02:45:40.254Z"}

data: {"data":"[ProxyEgress] nvidia/cb888a54 in=113.20.2.214 out=44.196.116.2 proxy=direct status=success","timestamp":"2026-07-27T02:45:42.760Z"}

data: {"data":"[02:45:48] 📊 \u001b[32m[USAGE] NVIDIA | in=101942 | out=87 | account=cb888a54...\u001b[0m \u001b[33m(estimated)\u001b[0m | cache_read=704","timestamp":"2026-07-27T02:45:48.832Z"}

data: {"data":"[02:45:48] 🌊 [STREAM] NVIDIA | z-ai/glm-5.2 | 11177ms | complete","timestamp":"2026-07-27T02:45:48.837Z"}

data: {"data":"[INFO] [SKILLS_INJECTION] skills.injection.skipped {\"apiKeyId\":\"env-key\",\"reason\":\"no_enabled_skills\"}","timestamp":"2026-07-27T02:45:50.498Z"}

data: {"data":"{\"level\":30,\"time\":\"2026-07-27T02:45:50.448Z\",\"service\":\"omniroute\",\"module\":\"sse\",\"tag\":\"HTTP\",\"method\":\"POST\",\"path\":\"/v1/messages | nvidia/z-ai/glm-5.2 | 141 msgs | 40 tools\",\"msg\":\"📥 POST /v1/messages | nvidia/z-ai/glm-5.2 | 141 msgs | 40 tools\"}","timestamp":"2026-07-27T02:45:50.528Z"}

data: {"data":"{\"level\":30,\"time\":\"2026-07-27T02:45:50.455Z\",\"service\":\"omniroute\",\"module\":\"sse\",\"tag\":\"ROUTING\",\"msg\":\"Provider: nvidia, Model: z-ai/glm-5.2\"}","timestamp":"2026-07-27T02:45:50.529Z"}

data: {"data":"{\"level\":30,\"time\":\"2026-07-27T02:45:50.458Z\",\"service\":\"omniroute\",\"module\":\"sse\",\"tag\":\"AUTH\",\"msg\":\"session_key=input:sha256:eebcc... has no available affinity target\"}","timestamp":"2026-07-27T02:45:50.529Z"}

data: {"data":"{\"level\":30,\"time\":\"2026-07-27T02:45:50.458Z\",\"service\":\"omniroute\",\"module\":\"sse\",\"tag\":\"AUTH\",\"msg\":\"Using nvidia account: d65f33e2...\"}","timestamp":"2026-07-27T02:45:50.529Z"}

data: {"data":"[ProxyEgress] nvidia/d65f33e2 in=113.20.2.214 out=44.196.116.2 proxy=direct status=success","timestamp":"2026-07-27T02:45:55.092Z"}

data: {"data":"[02:45:55] 📊 \u001b[32m[USAGE] NVIDIA | in=102053 | out=37 | account=d65f33e2...\u001b[0m \u001b[33m(estimated)\u001b[0m | cache_read=1536","timestamp":"2026-07-27T02:45:55.425Z"}

data: {"data":"[02:45:55] 🌊 [STREAM] NVIDIA | z-ai/glm-5.2 | 4921ms | complete","timestamp":"2026-07-27T02:45:55.430Z"}

data: {"data":"[INFO] [SKILLS_INJECTION] skills.injection.skipped {\"apiKeyId\":\"env-key\",\"reason\":\"no_enabled_skills\"}","timestamp":"2026-07-27T02:45:56.864Z"}

data: {"data":"{\"level\":30,\"time\":\"2026-07-27T02:45:56.817Z\",\"service\":\"omniroute\",\"module\":\"sse\",\"tag\":\"HTTP\",\"method\":\"POST\",\"path\":\"/v1/messages | nvidia/z-ai/glm-5.2 | 143 msgs | 40 tools\",\"msg\":\"📥 POST /v1/messages | nvidia/z-ai/glm-5.2 | 143 msgs | 40 tools\"}","timestamp":"2026-07-27T02:45:56.887Z"}

data: {"data":"{\"level\":30,\"time\":\"2026-07-27T02:45:56.826Z\",\"service\":\"omniroute\",\"module\":\"sse\",\"tag\":\"ROUTING\",\"msg\":\"Provider: nvidia, Model: z-ai/glm-5.2\"}","timestamp":"2026-07-27T02:45:56.887Z"}

data: {"data":"{\"level\":30,\"time\":\"2026-07-27T02:45:56.830Z\",\"service\":\"omniroute\",\"module\":\"sse\",\"tag\":\"AUTH\",\"msg\":\"session_key=input:sha256:eebcc... has no available affinity target\"}","timestamp":"2026-07-27T02:45:56.887Z"}

data: {"data":"{\"level\":30,\"time\":\"2026-07-27T02:45:56.830Z\",\"service\":\"omniroute\",\"module\":\"sse\",\"tag\":\"AUTH\",\"msg\":\"Using nvidia account: ccaad834...\"}","timestamp":"2026-07-27T02:45:56.887Z"}

data: {"data":"[ProxyEgress] nvidia/ccaad834 in=113.20.2.214 out=44.196.116.2 proxy=direct status=success","timestamp":"2026-07-27T02:46:01.631Z"}

data: {"data":"🧹 [RATE-LIMIT] Evicting idle limiter: nvidia:53f96ffa-5bb1-424c-925f-86c1b44688ec (inactive for 602s)","timestamp":"2026-07-27T02:46:04.783Z"}

data: {"data":"time=2026-07-27T02:46:05.325Z level=INFO msg=\"compaction complete\" level=1 txid.min=0000000000000294 txid.max=000000000000029a size=406448","timestamp":"2026-07-27T02:46:05.325Z"}

data: {"data":"[02:46:28] 📊 \u001b[32m[USAGE] NVIDIA | in=102100 | out=416 | account=ccaad834...\u001b[0m \u001b[33m(estimated)\u001b[0m | cache_read=384","timestamp":"2026-07-27T02:46:28.581Z"}

data: {"data":"[02:46:28] 🌊 [STREAM] NVIDIA | z-ai/glm-5.2 | 31719ms | complete","timestamp":"2026-07-27T02:46:28.587Z"}

data: {"data":"🧹 [RATE-LIMIT] Evicting idle limiter: nvidia:deb0258d-ecce-4c26-ad39-542c44736a0a (inactive for 619s)","timestamp":"2026-07-27T02:46:34.783Z"}

data: {"data":"🧹 [RATE-LIMIT] Evicting idle limiter: nvidia:3317f8d3-ffa6-4e41-a8ad-7eeaf91a3f93 (inactive for 601s)","timestamp":"2026-07-27T02:46:34.783Z"}

data: {"data":"time=2026-07-27T02:46:35.059Z level=INFO msg=\"compaction complete\" level=1 txid.min=000000000000029b txid.max=000000000000029d size=37844","timestamp":"2026-07-27T02:46:35.059Z"}

data: {"data":"[INFO] [SKILLS_INJECTION] skills.injection.skipped {\"apiKeyId\":\"env-key\",\"reason\":\"no_enabled_skills\"}","timestamp":"2026-07-27T02:47:18.548Z"}

data: {"data":"{\"level\":30,\"time\":\"2026-07-27T02:47:18.482Z\",\"service\":\"omniroute\",\"module\":\"sse\",\"tag\":\"HTTP\",\"method\":\"POST\",\"path\":\"/v1/messages | nvidia/z-ai/glm-5.2 | 145 msgs | 40 tools\",\"msg\":\"📥 POST /v1/messages | nvidia/z-ai/glm-5.2 | 145 msgs | 40 tools\"}","timestamp":"2026-07-27T02:47:18.570Z"}

data: {"data":"{\"level\":30,\"time\":\"2026-07-27T02:47:18.490Z\",\"service\":\"omniroute\",\"module\":\"sse\",\"tag\":\"ROUTING\",\"msg\":\"Provider: nvidia, Model: z-ai/glm-5.2\"}","timestamp":"2026-07-27T02:47:18.570Z"}

data: {"data":"{\"level\":30,\"time\":\"2026-07-27T02:47:18.500Z\",\"service\":\"omniroute\",\"module\":\"sse\",\"tag\":\"AUTH\",\"msg\":\"session_key=input:sha256:eebcc... has no available affinity target\"}","timestamp":"2026-07-27T02:47:18.570Z"}

data: {"data":"{\"level\":30,\"time\":\"2026-07-27T02:47:18.503Z\",\"service\":\"omniroute\",\"module\":\"sse\",\"tag\":\"AUTH\",\"msg\":\"Using nvidia account: def58a55...\"}","timestamp":"2026-07-27T02:47:18.570Z"}

data: {"data":"[ProxyEgress] nvidia/def58a55 in=113.20.2.214 out=44.196.116.2 proxy=direct status=success","timestamp":"2026-07-27T02:47:25.977Z"}

data: {"data":"[02:47:28] 📊 \u001b[32m[USAGE] NVIDIA | in=102583 | out=195 | account=def58a55...\u001b[0m \u001b[33m(estimated)\u001b[0m | cache_read=102464","timestamp":"2026-07-27T02:47:28.723Z"}

data: {"data":"[02:47:28] 🌊 [STREAM] NVIDIA | z-ai/glm-5.2 | 10176ms | complete","timestamp":"2026-07-27T02:47:28.728Z"}

data: {"data":"[INFO] [SKILLS_INJECTION] skills.injection.skipped {\"apiKeyId\":\"env-key\",\"reason\":\"no_enabled_skills\"}","timestamp":"2026-07-27T02:47:32.533Z"}

data: {"data":"{\"level\":30,\"time\":\"2026-07-27T02:47:32.466Z\",\"service\":\"omniroute\",\"module\":\"sse\",\"tag\":\"HTTP\",\"method\":\"POST\",\"path\":\"/v1/messages | nvidia/z-ai/glm-5.2 | 147 msgs | 40 tools\",\"msg\":\"📥 POST /v1/messages | nvidia/z-ai/glm-5.2 | 147 msgs | 40 tools\"}","timestamp":"2026-07-27T02:47:32.556Z"}

data: {"data":"{\"level\":30,\"time\":\"2026-07-27T02:47:32.474Z\",\"service\":\"omniroute\",\"module\":\"sse\",\"tag\":\"ROUTING\",\"msg\":\"Provider: nvidia, Model: z-ai/glm-5.2\"}","timestamp":"2026-07-27T02:47:32.556Z"}

data: {"data":"{\"level\":30,\"time\":\"2026-07-27T02:47:32.477Z\",\"service\":\"omniroute\",\"module\":\"sse\",\"tag\":\"AUTH\",\"msg\":\"session_key=input:sha256:eebcc... has no available affinity target\"}","timestamp":"2026-07-27T02:47:32.556Z"}

data: {"data":"{\"level\":30,\"time\":\"2026-07-27T02:47:32.478Z\",\"service\":\"omniroute\",\"module\":\"sse\",\"tag\":\"AUTH\",\"msg\":\"Using nvidia account: 2d039916...\"}","timestamp":"2026-07-27T02:47:32.556Z"}

data: {"data":"time=2026-07-27T02:47:32.893Z level=INFO msg=\"compaction complete\" level=1 txid.min=000000000000029e txid.max=00000000000002a0 size=407278","timestamp":"2026-07-27T02:47:32.894Z"}

data: {"data":"[ProxyEgress] nvidia/2d039916 in=113.20.2.214 out=44.196.116.2 proxy=direct status=success","timestamp":"2026-07-27T02:47:33.639Z"}

data: {"data":"[02:47:55] 📊 \u001b[32m[USAGE] NVIDIA | in=102867 | out=675 | account=2d039916...\u001b[0m \u001b[33m(estimated)\u001b[0m | cache_read=102720","timestamp":"2026-07-27T02:47:55.847Z"}

data: {"data":"[02:47:55] 🌊 [STREAM] NVIDIA | z-ai/glm-5.2 | 23314ms | complete","timestamp":"2026-07-27T02:47:55.854Z"}

data: {"data":"time=2026-07-27T02:48:04.830Z level=INFO msg=\"compaction complete\" level=1 txid.min=00000000000002a1 txid.max=00000000000002a5 size=46938","timestamp":"2026-07-27T02:48:04.830Z"}

data: {"data":"[INFO] [SKILLS_INJECTION] skills.injection.skipped {\"apiKeyId\":\"env-key\",\"reason\":\"no_enabled_skills\"}","timestamp":"2026-07-27T02:48:13.753Z"}

data: {"data":"{\"level\":30,\"time\":\"2026-07-27T02:48:13.678Z\",\"service\":\"omniroute\",\"module\":\"sse\",\"tag\":\"HTTP\",\"method\":\"POST\",\"path\":\"/v1/messages | nvidia/z-ai/glm-5.2 | 149 msgs | 40 tools\",\"msg\":\"📥 POST /v1/messages | nvidia/z-ai/glm-5.2 | 149 msgs | 40 tools\"}","timestamp":"2026-07-27T02:48:13.772Z"}

data: {"data":"{\"level\":30,\"time\":\"2026-07-27T02:48:13.688Z\",\"service\":\"omniroute\",\"module\":\"sse\",\"tag\":\"ROUTING\",\"msg\":\"Provider: nvidia, Model: z-ai/glm-5.2\"}","timestamp":"2026-07-27T02:48:13.772Z"}

data: {"data":"{\"level\":30,\"time\":\"2026-07-27T02:48:13.697Z\",\"service\":\"omniroute\",\"module\":\"sse\",\"tag\":\"AUTH\",\"msg\":\"session_key=input:sha256:eebcc... has no available affinity target\"}","timestamp":"2026-07-27T02:48:13.772Z"}

data: {"data":"{\"level\":30,\"time\":\"2026-07-27T02:48:13.698Z\",\"service\":\"omniroute\",\"module\":\"sse\",\"tag\":\"AUTH\",\"msg\":\"Using nvidia account: d6a27df9...\"}","timestamp":"2026-07-27T02:48:13.772Z"}

data: {"data":"[ProxyEgress] nvidia/d6a27df9 in=113.20.2.214 out=44.196.116.2 proxy=direct status=success","timestamp":"2026-07-27T02:48:18.429Z"}

data: {"data":"[02:48:26] 📊 \u001b[32m[USAGE] NVIDIA | in=103595 | out=228 | account=d6a27df9...\u001b[0m \u001b[33m(estimated)\u001b[0m | cache_read=384","timestamp":"2026-07-27T02:48:26.858Z"}

data: {"data":"[02:48:26] 🌊 [STREAM] NVIDIA | z-ai/glm-5.2 | 13105ms | complete","timestamp":"2026-07-27T02:48:26.863Z"}

data: {"data":"[INFO] [SKILLS_INJECTION] skills.injection.skipped {\"apiKeyId\":\"env-key\",\"reason\":\"no_enabled_skills\"}","timestamp":"2026-07-27T02:48:28.240Z"}

data: {"data":"{\"level\":30,\"time\":\"2026-07-27T02:48:28.179Z\",\"service\":\"omniroute\",\"module\":\"sse\",\"tag\":\"HTTP\",\"method\":\"POST\",\"path\":\"/v1/messages | nvidia/z-ai/glm-5.2 | 151 msgs | 40 tools\",\"msg\":\"📥 POST /v1/messages | nvidia/z-ai/glm-5.2 | 151 msgs | 40 tools\"}","timestamp":"2026-07-27T02:48:28.256Z"}

data: {"data":"{\"level\":30,\"time\":\"2026-07-27T02:48:28.186Z\",\"service\":\"omniroute\",\"module\":\"sse\",\"tag\":\"ROUTING\",\"msg\":\"Provider: nvidia, Model: z-ai/glm-5.2\"}","timestamp":"2026-07-27T02:48:28.256Z"}

data: {"data":"{\"level\":30,\"time\":\"2026-07-27T02:48:28.188Z\",\"service\":\"omniroute\",\"module\":\"sse\",\"tag\":\"AUTH\",\"msg\":\"session_key=input:sha256:eebcc... has no available affinity target\"}","timestamp":"2026-07-27T02:48:28.256Z"}

data: {"data":"{\"level\":30,\"time\":\"2026-07-27T02:48:28.189Z\",\"service\":\"omniroute\",\"module\":\"sse\",\"tag\":\"AUTH\",\"msg\":\"Using nvidia account: 7d5d42c4...\"}","timestamp":"2026-07-27T02:48:28.256Z"}

data: {"data":"[ProxyEgress] nvidia/7d5d42c4 in=113.20.2.214 out=44.196.116.2 proxy=direct status=success","timestamp":"2026-07-27T02:48:28.896Z"}

data: {"data":"[02:48:32] 📊 \u001b[32m[USAGE] NVIDIA | in=103885 | out=270 | account=7d5d42c4...\u001b[0m \u001b[33m(estimated)\u001b[0m | cache_read=103488","timestamp":"2026-07-27T02:48:32.338Z"}

data: {"data":"[02:48:32] 🌊 [STREAM] NVIDIA | z-ai/glm-5.2 | 4103ms | complete","timestamp":"2026-07-27T02:48:32.348Z"}

data: {"data":"[INFO] [SKILLS_INJECTION] skills.injection.skipped {\"apiKeyId\":\"env-key\",\"reason\":\"no_enabled_skills\"}","timestamp":"2026-07-27T02:48:34.371Z"}

data: {"data":"{\"level\":30,\"time\":\"2026-07-27T02:48:34.321Z\",\"service\":\"omniroute\",\"module\":\"sse\",\"tag\":\"HTTP\",\"method\":\"POST\",\"path\":\"/v1/messages | nvidia/z-ai/glm-5.2 | 153 msgs | 40 tools\",\"msg\":\"📥 POST /v1/messages | nvidia/z-ai/glm-5.2 | 153 msgs | 40 tools\"}","timestamp":"2026-07-27T02:48:34.388Z"}

data: {"data":"{\"level\":30,\"time\":\"2026-07-27T02:48:34.329Z\",\"service\":\"omniroute\",\"module\":\"sse\",\"tag\":\"ROUTING\",\"msg\":\"Provider: nvidia, Model: z-ai/glm-5.2\"}","timestamp":"2026-07-27T02:48:34.388Z"}

data: {"data":"{\"level\":30,\"time\":\"2026-07-27T02:48:34.331Z\",\"service\":\"omniroute\",\"module\":\"sse\",\"tag\":\"AUTH\",\"msg\":\"session_key=input:sha256:eebcc... has no available affinity target\"}","timestamp":"2026-07-27T02:48:34.388Z"}

data: {"data":"{\"level\":30,\"time\":\"2026-07-27T02:48:34.332Z\",\"service\":\"omniroute\",\"module\":\"sse\",\"tag\":\"AUTH\",\"msg\":\"Using nvidia account: f2b0933a...\"}","timestamp":"2026-07-27T02:48:34.388Z"}

data: {"data":"time=2026-07-27T02:48:34.994Z level=INFO msg=\"compaction complete\" level=1 txid.min=00000000000002a6 txid.max=00000000000002a8 size=408716","timestamp":"2026-07-27T02:48:34.995Z"}

data: {"data":"[ProxyEgress] nvidia/f2b0933a in=113.20.2.214 out=44.196.116.2 proxy=direct status=success","timestamp":"2026-07-27T02:48:37.130Z"}

data: {"data":"[02:48:45] 📊 \u001b[32m[USAGE] NVIDIA | in=104303 | out=361 | account=f2b0933a...\u001b[0m \u001b[33m(estimated)\u001b[0m | cache_read=103808","timestamp":"2026-07-27T02:48:45.644Z"}

data: {"data":"[02:48:45] 🌊 [STREAM] NVIDIA | z-ai/glm-5.2 | 11275ms | complete","timestamp":"2026-07-27T02:48:45.651Z"}

data: {"data":"[INFO] [SKILLS_INJECTION] skills.injection.skipped {\"apiKeyId\":\"env-key\",\"reason\":\"no_enabled_skills\"}","timestamp":"2026-07-27T02:48:47.635Z"}

data: {"data":"{\"level\":30,\"time\":\"2026-07-27T02:48:47.578Z\",\"service\":\"omniroute\",\"module\":\"sse\",\"tag\":\"HTTP\",\"method\":\"POST\",\"path\":\"/v1/messages | nvidia/z-ai/glm-5.2 | 156 msgs | 40 tools\",\"msg\":\"📥 POST /v1/messages | nvidia/z-ai/glm-5.2 | 156 msgs | 40 tools\"}","timestamp":"2026-07-27T02:48:47.652Z"}

data: {"data":"{\"level\":30,\"time\":\"2026-07-27T02:48:47.585Z\",\"service\":\"omniroute\",\"module\":\"sse\",\"tag\":\"ROUTING\",\"msg\":\"Provider: nvidia, Model: z-ai/glm-5.2\"}","timestamp":"2026-07-27T02:48:47.652Z"}

data: {"data":"{\"level\":30,\"time\":\"2026-07-27T02:48:47.588Z\",\"service\":\"omniroute\",\"module\":\"sse\",\"tag\":\"AUTH\",\"msg\":\"session_key=input:sha256:eebcc... has no available affinity target\"}","timestamp":"2026-07-27T02:48:47.652Z"}

data: {"data":"{\"level\":30,\"time\":\"2026-07-27T02:48:47.589Z\",\"service\":\"omniroute\",\"module\":\"sse\",\"tag\":\"AUTH\",\"msg\":\"Using nvidia account: 9cda5fc2...\"}","timestamp":"2026-07-27T02:48:47.652Z"}

data: {"data":"[ProxyEgress] nvidia/9cda5fc2 in=113.20.2.214 out=44.196.116.2 proxy=direct status=success","timestamp":"2026-07-27T02:48:49.404Z"}

data: {"data":"[02:49:04] 📊 \u001b[32m[USAGE] NVIDIA | in=104837 | out=657 | account=9cda5fc2...\u001b[0m \u001b[33m(estimated)\u001b[0m | cache_read=104640","timestamp":"2026-07-27T02:49:04.952Z"}

data: {"data":"[02:49:04] 🌊 [STREAM] NVIDIA | z-ai/glm-5.2 | 17319ms | complete","timestamp":"2026-07-27T02:49:04.958Z"}

data: {"data":"time=2026-07-27T02:49:05.037Z level=INFO msg=\"compaction complete\" level=1 txid.min=00000000000002a9 txid.max=00000000000002b1 size=55784","timestamp":"2026-07-27T02:49:05.037Z"}

data: {"data":"time=2026-07-27T02:49:34.894Z level=INFO msg=\"compaction complete\" level=1 txid.min=00000000000002b2 txid.max=00000000000002b2 size=27098","timestamp":"2026-07-27T02:49:34.895Z"}

data: {"data":"time=2026-07-27T02:49:56.431Z level=INFO msg=\"l0 retention enforced\" db=storage.sqlite deleted_count=1 max_l1_txid=00000000000002b2","timestamp":"2026-07-27T02:49:56.431Z"}

data: {"data":"time=2026-07-27T02:50:05.662Z level=INFO msg=\"l0 retention enforced\" db=storage.sqlite deleted_count=1 max_l1_txid=00000000000002b4","timestamp":"2026-07-27T02:50:05.662Z"}

data: {"data":"time=2026-07-27T02:50:05.662Z level=INFO msg=\"compaction complete\" level=1 txid.min=00000000000002b3 txid.max=00000000000002b4 size=412961","timestamp":"2026-07-27T02:50:05.662Z"}

data: {"data":"time=2026-07-27T02:50:08.318Z level=INFO msg=\"compaction complete\" level=2 txid.min=0000000000000292 txid.max=00000000000002b2 size=412961","timestamp":"2026-07-27T02:50:08.318Z"}

data: {"data":"[INFO] [SKILLS_INJECTION] skills.injection.skipped {\"apiKeyId\":\"env-key\",\"reason\":\"no_enabled_skills\"}","timestamp":"2026-07-27T02:50:12.489Z"}

data: {"data":"{\"level\":30,\"time\":\"2026-07-27T02:50:12.410Z\",\"service\":\"omniroute\",\"module\":\"sse\",\"tag\":\"HTTP\",\"method\":\"POST\",\"path\":\"/v1/messages | nvidia/z-ai/glm-5.2 | 159 msgs | 40 tools\",\"msg\":\"📥 POST /v1/messages | nvidia/z-ai/glm-5.2 | 159 msgs | 40 tools\"}","timestamp":"2026-07-27T02:50:12.525Z"}

data: {"data":"{\"level\":30,\"time\":\"2026-07-27T02:50:12.422Z\",\"service\":\"omniroute\",\"module\":\"sse\",\"tag\":\"ROUTING\",\"msg\":\"Provider: nvidia, Model: z-ai/glm-5.2\"}","timestamp":"2026-07-27T02:50:12.525Z"}

data: {"data":"{\"level\":30,\"time\":\"2026-07-27T02:50:12.427Z\",\"service\":\"omniroute\",\"module\":\"sse\",\"tag\":\"AUTH\",\"msg\":\"session_key=input:sha256:eebcc... has no available affinity target\"}","timestamp":"2026-07-27T02:50:12.525Z"}

data: {"data":"{\"level\":30,\"time\":\"2026-07-27T02:50:12.428Z\",\"service\":\"omniroute\",\"module\":\"sse\",\"tag\":\"AUTH\",\"msg\":\"Using nvidia account: d1717878...\"}","timestamp":"2026-07-27T02:50:12.525Z"}

data: {"data":"time=2026-07-27T02:50:36.656Z level=INFO msg=\"l0 retention enforced\" db=storage.sqlite deleted_count=2 max_l1_txid=00000000000002b6","timestamp":"2026-07-27T02:50:36.656Z"}

data: {"data":"time=2026-07-27T02:50:36.656Z level=INFO msg=\"compaction complete\" level=1 txid.min=00000000000002b5 txid.max=00000000000002b6 size=13969","timestamp":"2026-07-27T02:50:36.656Z"}

data: {"data":"[02:50:52] 📊 \u001b[32m[USAGE] NVIDIA | in=111610 | out=1855 | account=d1717878...\u001b[0m \u001b[33m(estimated)\u001b[0m | cache_read=576","timestamp":"2026-07-27T02:50:52.431Z"}

data: {"data":"[02:50:52] 🌊 [STREAM] NVIDIA | z-ai/glm-5.2 | 39942ms | complete","timestamp":"2026-07-27T02:50:52.440Z"}

data: {"data":"time=2026-07-27T02:51:07.399Z level=INFO msg=\"l0 retention enforced\" db=storage.sqlite deleted_count=7 max_l1_txid=00000000000002b8","timestamp":"2026-07-27T02:51:07.399Z"}

data: {"data":"time=2026-07-27T02:51:07.399Z level=INFO msg=\"compaction complete\" level=1 txid.min=00000000000002b7 txid.max=00000000000002b8 size=413547","timestamp":"2026-07-27T02:51:07.399Z"}

data: {"data":"[INFO] [SKILLS_INJECTION] skills.injection.skipped {\"apiKeyId\":\"env-key\",\"reason\":\"no_enabled_skills\"}","timestamp":"2026-07-27T02:53:59.948Z"}

data: {"data":"{\"level\":30,\"time\":\"2026-07-27T02:53:59.874Z\",\"service\":\"omniroute\",\"module\":\"sse\",\"tag\":\"HTTP\",\"method\":\"POST\",\"path\":\"/v1/messages | nvidia/z-ai/glm-5.2 | 161 msgs | 40 tools\",\"msg\":\"📥 POST /v1/messages | nvidia/z-ai/glm-5.2 | 161 msgs | 40 tools\"}","timestamp":"2026-07-27T02:53:59.977Z"}

data: {"data":"{\"level\":30,\"time\":\"2026-07-27T02:53:59.881Z\",\"service\":\"omniroute\",\"module\":\"sse\",\"tag\":\"ROUTING\",\"msg\":\"Provider: nvidia, Model: z-ai/glm-5.2\"}","timestamp":"2026-07-27T02:53:59.977Z"}

data: {"data":"{\"level\":30,\"time\":\"2026-07-27T02:53:59.885Z\",\"service\":\"omniroute\",\"module\":\"sse\",\"tag\":\"AUTH\",\"msg\":\"session_key=input:sha256:eebcc... has no available affinity target\"}","timestamp":"2026-07-27T02:53:59.977Z"}

data: {"data":"{\"level\":30,\"time\":\"2026-07-27T02:53:59.885Z\",\"service\":\"omniroute\",\"module\":\"sse\",\"tag\":\"AUTH\",\"msg\":\"Using nvidia account: a0c72227...\"}","timestamp":"2026-07-27T02:53:59.977Z"}

data: {"data":"{\"ts\":1785120846867,\"level\":\"error\",\"component\":\"gate\",\"stage\":\"upstream_proxy\",\"requestId\":\"e8fa02dd15cf48e1\",\"method\":\"POST\",\"path\":\"/v1/messages\",\"upstream_path\":null,\"upstream_target\":\"127.0.0.1:20128\",\"elapsedMs\":10759,\"httpStatus\":null,\"errorCode\":\"ECONNRESET\",\"abortSource\":\"client_close\",\"socketPhase\":null,\"destroyInitiator\":\"client\",\"msg\":\"client_disconnected_proxy_aborted\"}","timestamp":"2026-07-27T02:54:06.868Z"}

data: {"data":"[02:54:06] 🌊 [STREAM] NVIDIA | z-ai/glm-5.2 | 6913ms | disconnect: request_signal_aborted","timestamp":"2026-07-27T02:54:06.869Z"}

data: {"data":"[02:54:06] 🌊 [STREAM] NVIDIA | z-ai/glm-5.2 | 6920ms | client_disconnect (post-abort)","timestamp":"2026-07-27T02:54:06.876Z"}

data: {"data":"[ProxyEgress] nvidia/a0c72227 in=113.20.2.214 out=44.196.116.2 proxy=direct status=error","timestamp":"2026-07-27T02:54:06.881Z"}

data: {"data":"{\"ts\":1785120856443,\"level\":\"error\",\"component\":\"gate\",\"stage\":\"upstream_proxy\",\"requestId\":\"da91cb2a639f5cbc\",\"method\":\"POST\",\"path\":\"/v1/messages\",\"upstream_path\":null,\"upstream_target\":\"127.0.0.1:20128\",\"elapsedMs\":1586,\"httpStatus\":null,\"errorCode\":\"ECONNRESET\",\"abortSource\":\"client_close\",\"socketPhase\":null,\"destroyInitiator\":\"client\",\"msg\":\"client_disconnected_proxy_aborted\"}","timestamp":"2026-07-27T02:54:16.443Z"}

data: {"data":"Error: aborted","timestamp":"2026-07-27T02:54:16.454Z"}

data: {"data":"    at ignore-listed frames {","timestamp":"2026-07-27T02:54:16.454Z"}

data: {"data":"  code: 'ECONNRESET'","timestamp":"2026-07-27T02:54:16.454Z"}

data: {"data":"}","timestamp":"2026-07-27T02:54:16.454Z"}

data: {"data":"[INFO] [SKILLS_INJECTION] skills.injection.skipped {\"apiKeyId\":\"env-key\",\"reason\":\"no_enabled_skills\"}","timestamp":"2026-07-27T02:54:20.505Z"}

data: {"data":"{\"level\":30,\"time\":\"2026-07-27T02:54:20.442Z\",\"service\":\"omniroute\",\"module\":\"sse\",\"tag\":\"HTTP\",\"method\":\"POST\",\"path\":\"/v1/messages | nvidia/z-ai/glm-5.2 | 161 msgs | 40 tools\",\"msg\":\"📥 POST /v1/messages | nvidia/z-ai/glm-5.2 | 161 msgs | 40 tools\"}","timestamp":"2026-07-27T02:54:20.525Z"}

data: {"data":"{\"level\":30,\"time\":\"2026-07-27T02:54:20.451Z\",\"service\":\"omniroute\",\"module\":\"sse\",\"tag\":\"ROUTING\",\"msg\":\"Provider: nvidia, Model: z-ai/glm-5.2\"}","timestamp":"2026-07-27T02:54:20.525Z"}

data: {"data":"{\"level\":30,\"time\":\"2026-07-27T02:54:20.455Z\",\"service\":\"omniroute\",\"module\":\"sse\",\"tag\":\"AUTH\",\"msg\":\"session_key=input:sha256:eebcc... has no available affinity target\"}","timestamp":"2026-07-27T02:54:20.525Z"}

data: {"data":"{\"level\":30,\"time\":\"2026-07-27T02:54:20.455Z\",\"service\":\"omniroute\",\"module\":\"sse\",\"tag\":\"AUTH\",\"msg\":\"Using nvidia account: 38a09429...\"}","timestamp":"2026-07-27T02:54:20.525Z"}

data: {"data":"[ProxyEgress] nvidia/38a09429 in=113.20.2.214 out=44.196.116.2 proxy=direct status=success","timestamp":"2026-07-27T02:54:26.031Z"}

data: {"data":"[02:54:27] 📊 \u001b[32m[USAGE] NVIDIA | in=113525 | out=82 | account=38a09429...\u001b[0m \u001b[33m(estimated)\u001b[0m | cache_read=384","timestamp":"2026-07-27T02:54:27.355Z"}

data: {"data":"[02:54:27] 🌊 [STREAM] NVIDIA | z-ai/glm-5.2 | 6851ms | complete","timestamp":"2026-07-27T02:54:27.362Z"}

data: {"data":"time=2026-07-27T02:54:35.112Z level=INFO msg=\"l0 retention enforced\" db=storage.sqlite deleted_count=24 max_l1_txid=00000000000002bd","timestamp":"2026-07-27T02:54:35.112Z"}

data: {"data":"time=2026-07-27T02:54:35.112Z level=INFO msg=\"compaction complete\" level=1 txid.min=00000000000002b9 txid.max=00000000000002bd size=414199","timestamp":"2026-07-27T02:54:35.112Z"}

data: {"data":"time=2026-07-27T02:54:56.620Z level=INFO msg=\"l0 retention enforced\" db=storage.sqlite deleted_count=2 max_l1_txid=00000000000002bd","timestamp":"2026-07-27T02:54:56.620Z"}

data: {"data":"🧹 [RATE-LIMIT] Evicting idle limiter: nvidia:c5116293-3a1e-420b-890b-ddff9ee0db57 (inactive for 607s)","timestamp":"2026-07-27T02:55:04.792Z"}

data: {"data":"time=2026-07-27T02:55:07.343Z level=INFO msg=\"compaction complete\" level=1 txid.min=00000000000002be txid.max=00000000000002bf size=28518","timestamp":"2026-07-27T02:55:07.343Z"}

data: {"data":"time=2026-07-27T02:55:09.791Z level=INFO msg=\"compaction complete\" level=2 txid.min=00000000000002b3 txid.max=00000000000002bd size=414199","timestamp":"2026-07-27T02:55:09.791Z"}

data: {"data":"🧹 [RATE-LIMIT] Evicting idle limiter: nvidia:cb888a54-217d-4ad6-b191-1cc5d06841e0 (inactive for 622s)","timestamp":"2026-07-27T02:56:04.794Z"}

data: {"data":"🧹 [RATE-LIMIT] Evicting idle limiter: nvidia:d65f33e2-26b4-4096-bb40-214be567a5f8 (inactive for 610s)","timestamp":"2026-07-27T02:56:04.794Z"}

data: {"data":"🧹 [RATE-LIMIT] Evicting idle limiter: nvidia:ccaad834-d081-4ec4-8e8d-713afc7d722f (inactive for 603s)","timestamp":"2026-07-27T02:56:04.794Z"}

data: {"data":"[INFO] [SKILLS_INJECTION] skills.injection.skipped {\"apiKeyId\":\"env-key\",\"reason\":\"no_enabled_skills\"}","timestamp":"2026-07-27T02:56:54.627Z"}

data: {"data":"{\"level\":30,\"time\":\"2026-07-27T02:56:54.546Z\",\"service\":\"omniroute\",\"module\":\"sse\",\"tag\":\"HTTP\",\"method\":\"POST\",\"path\":\"/v1/messages | nvidia/z-ai/glm-5.2 | 162 msgs | 40 tools\",\"msg\":\"📥 POST /v1/messages | nvidia/z-ai/glm-5.2 | 162 msgs | 40 tools\"}","timestamp":"2026-07-27T02:56:54.651Z"}

data: {"data":"{\"level\":30,\"time\":\"2026-07-27T02:56:54.555Z\",\"service\":\"omniroute\",\"module\":\"sse\",\"tag\":\"ROUTING\",\"msg\":\"Provider: nvidia, Model: z-ai/glm-5.2\"}","timestamp":"2026-07-27T02:56:54.651Z"}

data: {"data":"{\"level\":30,\"time\":\"2026-07-27T02:56:54.560Z\",\"service\":\"omniroute\",\"module\":\"sse\",\"tag\":\"AUTH\",\"msg\":\"session_key=input:sha256:eebcc... has no available affinity target\"}","timestamp":"2026-07-27T02:56:54.651Z"}

data: {"data":"{\"level\":30,\"time\":\"2026-07-27T02:56:54.561Z\",\"service\":\"omniroute\",\"module\":\"sse\",\"tag\":\"AUTH\",\"msg\":\"Using nvidia account: 9865dfaa...\"}","timestamp":"2026-07-27T02:56:54.651Z"}

data: {"data":"time=2026-07-27T02:57:03.869Z level=INFO msg=\"l0 retention enforced\" db=storage.sqlite deleted_count=4 max_l1_txid=00000000000002c1","timestamp":"2026-07-27T02:57:03.869Z"}

data: {"data":"time=2026-07-27T02:57:03.869Z level=INFO msg=\"compaction complete\" level=1 txid.min=00000000000002c0 txid.max=00000000000002c1 size=414630","timestamp":"2026-07-27T02:57:03.869Z"}

data: {"data":"[02:57:06] 📊 \u001b[32m[USAGE] NVIDIA | in=113518 | out=168 | account=9865dfaa...\u001b[0m \u001b[33m(estimated)\u001b[0m | cache_read=384","timestamp":"2026-07-27T02:57:06.924Z"}

data: {"data":"[02:57:06] 🌊 [STREAM] NVIDIA | z-ai/glm-5.2 | 12298ms | complete","timestamp":"2026-07-27T02:57:06.930Z"}

data: {"data":"[INFO] [SKILLS_INJECTION] skills.injection.skipped {\"apiKeyId\":\"env-key\",\"reason\":\"no_enabled_skills\"}","timestamp":"2026-07-27T02:57:08.504Z"}

data: {"data":"{\"level\":30,\"time\":\"2026-07-27T02:57:08.442Z\",\"service\":\"omniroute\",\"module\":\"sse\",\"tag\":\"HTTP\",\"method\":\"POST\",\"path\":\"/v1/messages | nvidia/z-ai/glm-5.2 | 164 msgs | 40 tools\",\"msg\":\"📥 POST /v1/messages | nvidia/z-ai/glm-5.2 | 164 msgs | 40 tools\"}","timestamp":"2026-07-27T02:57:08.530Z"}

data: {"data":"{\"level\":30,\"time\":\"2026-07-27T02:57:08.449Z\",\"service\":\"omniroute\",\"module\":\"sse\",\"tag\":\"ROUTING\",\"msg\":\"Provider: nvidia, Model: z-ai/glm-5.2\"}","timestamp":"2026-07-27T02:57:08.530Z"}

data: {"data":"{\"level\":30,\"time\":\"2026-07-27T02:57:08.453Z\",\"service\":\"omniroute\",\"module\":\"sse\",\"tag\":\"AUTH\",\"msg\":\"session_key=input:sha256:eebcc... has no available affinity target\"}","timestamp":"2026-07-27T02:57:08.530Z"}

data: {"data":"{\"level\":30,\"time\":\"2026-07-27T02:57:08.453Z\",\"service\":\"omniroute\",\"module\":\"sse\",\"tag\":\"AUTH\",\"msg\":\"Using nvidia account: 3f77f218...\"}","timestamp":"2026-07-27T02:57:08.530Z"}

data: {"data":"[ProxyEgress] nvidia/3f77f218 in=113.20.2.214 out=44.196.116.2 proxy=direct status=success","timestamp":"2026-07-27T02:57:14.974Z"}

data: {"data":"[02:57:28] 📊 \u001b[32m[USAGE] NVIDIA | in=114594 | out=575 | account=3f77f218...\u001b[0m \u001b[33m(estimated)\u001b[0m | cache_read=1536","timestamp":"2026-07-27T02:57:28.229Z"}

data: {"data":"[02:57:28] 🌊 [STREAM] NVIDIA | z-ai/glm-5.2 | 19726ms | complete","timestamp":"2026-07-27T02:57:28.235Z"}

data: {"data":"🧹 [RATE-LIMIT] Evicting idle limiter: nvidia:def58a55-cab9-4048-a69b-4fa1ae9d557a (inactive for 609s)","timestamp":"2026-07-27T02:57:34.801Z"}

data: {"data":"🧹 [RATE-LIMIT] Evicting idle limiter: nvidia:2d039916-88d8-495f-b886-bd5dc25ce047 (inactive for 601s)","timestamp":"2026-07-27T02:57:34.802Z"}

data: {"data":"time=2026-07-27T02:57:36.064Z level=INFO msg=\"compaction complete\" level=1 txid.min=00000000000002c2 txid.max=00000000000002c6 size=45573","timestamp":"2026-07-27T02:57:36.064Z"}

data: {"data":"[INFO] [SKILLS_INJECTION] skills.injection.skipped {\"apiKeyId\":\"env-key\",\"reason\":\"no_enabled_skills\"}","timestamp":"2026-07-27T02:58:26.927Z"}

data: {"data":"{\"level\":30,\"time\":\"2026-07-27T02:58:26.864Z\",\"service\":\"omniroute\",\"module\":\"sse\",\"tag\":\"HTTP\",\"method\":\"POST\",\"path\":\"/v1/messages | nvidia/z-ai/glm-5.2 | 167 msgs | 40 tools\",\"msg\":\"📥 POST /v1/messages | nvidia/z-ai/glm-5.2 | 167 msgs | 40 tools\"}","timestamp":"2026-07-27T02:58:26.944Z"}

data: {"data":"{\"level\":30,\"time\":\"2026-07-27T02:58:26.872Z\",\"service\":\"omniroute\",\"module\":\"sse\",\"tag\":\"ROUTING\",\"msg\":\"Provider: nvidia, Model: z-ai/glm-5.2\"}","timestamp":"2026-07-27T02:58:26.944Z"}

data: {"data":"{\"level\":30,\"time\":\"2026-07-27T02:58:26.875Z\",\"service\":\"omniroute\",\"module\":\"sse\",\"tag\":\"AUTH\",\"msg\":\"session_key=input:sha256:eebcc... has no available affinity target\"}","timestamp":"2026-07-27T02:58:26.944Z"}

data: {"data":"{\"level\":30,\"time\":\"2026-07-27T02:58:26.876Z\",\"service\":\"omniroute\",\"module\":\"sse\",\"tag\":\"AUTH\",\"msg\":\"Using nvidia account: a68545c0...\"}","timestamp":"2026-07-27T02:58:26.944Z"}

data: {"data":"[ProxyEgress] nvidia/a68545c0 in=113.20.2.214 out=44.196.116.2 proxy=direct status=success","timestamp":"2026-07-27T02:58:31.655Z"}

data: {"data":"time=2026-07-27T02:58:33.090Z level=INFO msg=\"compaction complete\" level=1 txid.min=00000000000002c7 txid.max=00000000000002c7 size=2791","timestamp":"2026-07-27T02:58:33.092Z"}

data: {"data":"🧹 [RATE-LIMIT] Evicting idle limiter: nvidia:d6a27df9-fb28-429e-9c1d-dbe475f7ea4d (inactive for 616s)","timestamp":"2026-07-27T02:58:34.801Z"}

data: {"data":"🧹 [RATE-LIMIT] Evicting idle limiter: nvidia:7d5d42c4-bb15-43da-a1b5-a4a2b52871c2 (inactive for 606s)","timestamp":"2026-07-27T02:58:34.801Z"}

data: {"data":"[02:58:49] 📊 \u001b[32m[USAGE] NVIDIA | in=116039 | out=426 | account=a68545c0...\u001b[0m \u001b[33m(estimated)\u001b[0m | cache_read=113664","timestamp":"2026-07-27T02:58:49.963Z"}

data: {"data":"[02:58:49] 🌊 [STREAM] NVIDIA | z-ai/glm-5.2 | 23037ms | complete","timestamp":"2026-07-27T02:58:49.969Z"}

data: {"data":"[INFO] [SKILLS_INJECTION] skills.injection.skipped {\"apiKeyId\":\"env-key\",\"reason\":\"no_enabled_skills\"}","timestamp":"2026-07-27T02:58:51.018Z"}

data: {"data":"{\"level\":30,\"time\":\"2026-07-27T02:58:50.960Z\",\"service\":\"omniroute\",\"module\":\"sse\",\"tag\":\"HTTP\",\"method\":\"POST\",\"path\":\"/v1/messages | nvidia/z-ai/glm-5.2 | 169 msgs | 40 tools\",\"msg\":\"📥 POST /v1/messages | nvidia/z-ai/glm-5.2 | 169 msgs | 40 tools\"}","timestamp":"2026-07-27T02:58:51.037Z"}

data: {"data":"{\"level\":30,\"time\":\"2026-07-27T02:58:50.968Z\",\"service\":\"omniroute\",\"module\":\"sse\",\"tag\":\"ROUTING\",\"msg\":\"Provider: nvidia, Model: z-ai/glm-5.2\"}","timestamp":"2026-07-27T02:58:51.037Z"}

data: {"data":"{\"level\":30,\"time\":\"2026-07-27T02:58:50.971Z\",\"service\":\"omniroute\",\"module\":\"sse\",\"tag\":\"AUTH\",\"msg\":\"session_key=input:sha256:eebcc... has no available affinity target\"}","timestamp":"2026-07-27T02:58:51.037Z"}

data: {"data":"{\"level\":30,\"time\":\"2026-07-27T02:58:50.971Z\",\"service\":\"omniroute\",\"module\":\"sse\",\"tag\":\"AUTH\",\"msg\":\"Using nvidia account: dd511141...\"}","timestamp":"2026-07-27T02:58:51.037Z"}

data: {"data":"[ProxyEgress] nvidia/dd511141 in=113.20.2.214 out=44.196.116.2 proxy=direct status=success","timestamp":"2026-07-27T02:58:56.633Z"}

data: {"data":"🧹 [RATE-LIMIT] Evicting idle limiter: nvidia:f2b0933a-888d-4a49-ab58-6012fcfb9314 (inactive for 628s)","timestamp":"2026-07-27T02:59:04.801Z"}

data: {"data":"🧹 [RATE-LIMIT] Evicting idle limiter: nvidia:9cda5fc2-7ae2-426a-a38c-35b9aa4856af (inactive for 615s)","timestamp":"2026-07-27T02:59:04.801Z"}

data: {"data":"time=2026-07-27T02:59:06.399Z level=INFO msg=\"l0 retention enforced\" db=storage.sqlite deleted_count=2 max_l1_txid=00000000000002cb","timestamp":"2026-07-27T02:59:06.399Z"}

data: {"data":"time=2026-07-27T02:59:06.399Z level=INFO msg=\"compaction complete\" level=1 txid.min=00000000000002c8 txid.max=00000000000002cb size=416439","timestamp":"2026-07-27T02:59:06.399Z"}

data: {"data":"[02:59:22] 📊 \u001b[32m[USAGE] NVIDIA | in=117265 | out=386 | account=dd511141...\u001b[0m \u001b[33m(estimated)\u001b[0m | cache_read=1536","timestamp":"2026-07-27T02:59:22.271Z"}

data: {"data":"[02:59:22] 🌊 [STREAM] NVIDIA | z-ai/glm-5.2 | 31252ms | complete","timestamp":"2026-07-27T02:59:22.276Z"}

data: {"data":"[INFO] [SKILLS_INJECTION] skills.injection.skipped {\"apiKeyId\":\"env-key\",\"reason\":\"no_enabled_skills\"}","timestamp":"2026-07-27T02:59:23.345Z"}

data: {"data":"{\"level\":30,\"time\":\"2026-07-27T02:59:23.275Z\",\"service\":\"omniroute\",\"module\":\"sse\",\"tag\":\"HTTP\",\"method\":\"POST\",\"path\":\"/v1/messages | nvidia/z-ai/glm-5.2 | 171 msgs | 40 tools\",\"msg\":\"📥 POST /v1/messages | nvidia/z-ai/glm-5.2 | 171 msgs | 40 tools\"}","timestamp":"2026-07-27T02:59:23.363Z"}

data: {"data":"{\"level\":30,\"time\":\"2026-07-27T02:59:23.285Z\",\"service\":\"omniroute\",\"module\":\"sse\",\"tag\":\"ROUTING\",\"msg\":\"Provider: nvidia, Model: z-ai/glm-5.2\"}","timestamp":"2026-07-27T02:59:23.363Z"}

data: {"data":"{\"level\":30,\"time\":\"2026-07-27T02:59:23.290Z\",\"service\":\"omniroute\",\"module\":\"sse\",\"tag\":\"AUTH\",\"msg\":\"session_key=input:sha256:eebcc... has no available affinity target\"}","timestamp":"2026-07-27T02:59:23.363Z"}

data: {"data":"{\"level\":30,\"time\":\"2026-07-27T02:59:23.291Z\",\"service\":\"omniroute\",\"module\":\"sse\",\"tag\":\"AUTH\",\"msg\":\"Using nvidia account: 2bcea68b...\"}","timestamp":"2026-07-27T02:59:23.363Z"}

data: {"data":"[ProxyEgress] nvidia/2bcea68b in=113.20.2.214 out=44.196.116.2 proxy=direct status=success","timestamp":"2026-07-27T02:59:24.867Z"}

data: {"data":"[02:59:26] 📊 \u001b[32m[USAGE] NVIDIA | in=117694 | out=89 | account=2bcea68b...\u001b[0m \u001b[33m(estimated)\u001b[0m | cache_read=116416","timestamp":"2026-07-27T02:59:26.101Z"}

data: {"data":"[02:59:26] 🌊 [STREAM] NVIDIA | z-ai/glm-5.2 | 2756ms | complete","timestamp":"2026-07-27T02:59:26.107Z"}

data: {"data":"[INFO] [SKILLS_INJECTION] skills.injection.skipped {\"apiKeyId\":\"env-key\",\"reason\":\"no_enabled_skills\"}","timestamp":"2026-07-27T02:59:27.314Z"}

data: {"data":"{\"level\":30,\"time\":\"2026-07-27T02:59:27.253Z\",\"service\":\"omniroute\",\"module\":\"sse\",\"tag\":\"HTTP\",\"method\":\"POST\",\"path\":\"/v1/messages | nvidia/z-ai/glm-5.2 | 174 msgs | 40 tools\",\"msg\":\"📥 POST /v1/messages | nvidia/z-ai/glm-5.2 | 174 msgs | 40 tools\"}","timestamp":"2026-07-27T02:59:27.349Z"}

data: {"data":"{\"level\":30,\"time\":\"2026-07-27T02:59:27.261Z\",\"service\":\"omniroute\",\"module\":\"sse\",\"tag\":\"ROUTING\",\"msg\":\"Provider: nvidia, Model: z-ai/glm-5.2\"}","timestamp":"2026-07-27T02:59:27.349Z"}

data: {"data":"{\"level\":30,\"time\":\"2026-07-27T02:59:27.264Z\",\"service\":\"omniroute\",\"module\":\"sse\",\"tag\":\"AUTH\",\"msg\":\"session_key=input:sha256:eebcc... has no available affinity target\"}","timestamp":"2026-07-27T02:59:27.349Z"}

data: {"data":"{\"level\":30,\"time\":\"2026-07-27T02:59:27.265Z\",\"service\":\"omniroute\",\"module\":\"sse\",\"tag\":\"AUTH\",\"msg\":\"Using nvidia account: 1830e4f7...\"}","timestamp":"2026-07-27T02:59:27.349Z"}

data: {"data":"[ProxyEgress] nvidia/1830e4f7 in=113.20.2.214 out=44.196.116.2 proxy=direct status=success","timestamp":"2026-07-27T02:59:29.625Z"}

data: {"data":"[02:59:33] 📊 \u001b[32m[USAGE] NVIDIA | in=119319 | out=244 | account=1830e4f7...\u001b[0m \u001b[33m(estimated)\u001b[0m | cache_read=117632","timestamp":"2026-07-27T02:59:33.298Z"}

data: {"data":"[02:59:33] 🌊 [STREAM] NVIDIA | z-ai/glm-5.2 | 5991ms | complete","timestamp":"2026-07-27T02:59:33.309Z"}

data: {"data":"[INFO] [SKILLS_INJECTION] skills.injection.skipped {\"apiKeyId\":\"env-key\",\"reason\":\"no_enabled_skills\"}","timestamp":"2026-07-27T02:59:34.382Z"}

data: {"data":"{\"level\":30,\"time\":\"2026-07-27T02:59:34.331Z\",\"service\":\"omniroute\",\"module\":\"sse\",\"tag\":\"HTTP\",\"method\":\"POST\",\"path\":\"/v1/messages | nvidia/z-ai/glm-5.2 | 176 msgs | 40 tools\",\"msg\":\"📥 POST /v1/messages | nvidia/z-ai/glm-5.2 | 176 msgs | 40 tools\"}","timestamp":"2026-07-27T02:59:34.403Z"}

data: {"data":"{\"level\":30,\"time\":\"2026-07-27T02:59:34.344Z\",\"service\":\"omniroute\",\"module\":\"sse\",\"tag\":\"ROUTING\",\"msg\":\"Provider: nvidia, Model: z-ai/glm-5.2\"}","timestamp":"2026-07-27T02:59:34.403Z"}

data: {"data":"{\"level\":30,\"time\":\"2026-07-27T02:59:34.347Z\",\"service\":\"omniroute\",\"module\":\"sse\",\"tag\":\"AUTH\",\"msg\":\"session_key=input:sha256:eebcc... has no available affinity target\"}","timestamp":"2026-07-27T02:59:34.403Z"}

data: {"data":"{\"level\":30,\"time\":\"2026-07-27T02:59:34.347Z\",\"service\":\"omniroute\",\"module\":\"sse\",\"tag\":\"AUTH\",\"msg\":\"Using nvidia account: 58f42365...\"}","timestamp":"2026-07-27T02:59:34.403Z"}

data: {"data":"[ProxyEgress] nvidia/58f42365 in=113.20.2.214 out=44.196.116.2 proxy=direct status=success","timestamp":"2026-07-27T02:59:35.210Z"}

data: {"data":"time=2026-07-27T02:59:36.868Z level=INFO msg=\"l0 retention enforced\" db=storage.sqlite deleted_count=3 max_l1_txid=00000000000002cf","timestamp":"2026-07-27T02:59:36.868Z"}

data: {"data":"time=2026-07-27T02:59:36.868Z level=INFO msg=\"compaction complete\" level=1 txid.min=00000000000002cc txid.max=00000000000002cf size=49018","timestamp":"2026-07-27T02:59:36.868Z"}

data: {"data":"time=2026-07-27T02:59:56.510Z level=INFO msg=\"l0 retention enforced\" db=storage.sqlite deleted_count=2 max_l1_txid=00000000000002cf","timestamp":"2026-07-27T02:59:56.510Z"}

data: {"data":"time=2026-07-27T03:00:04.579Z level=INFO msg=\"snapshot complete\" txid=00000000000002d7 size=418747","timestamp":"2026-07-27T03:00:04.579Z"}

data: {"data":"time=2026-07-27T03:00:05.942Z level=INFO msg=\"compaction complete\" level=1 txid.min=00000000000002d0 txid.max=00000000000002d7 size=418747","timestamp":"2026-07-27T03:00:05.942Z"}

data: {"data":"time=2026-07-27T03:00:08.982Z level=INFO msg=\"compaction complete\" level=2 txid.min=00000000000002be txid.max=00000000000002cf size=417532","timestamp":"2026-07-27T03:00:08.982Z"}

data: {"data":"time=2026-07-27T03:00:12.799Z level=INFO msg=\"compaction complete\" level=3 txid.min=0000000000000239 txid.max=00000000000002bd size=414199","timestamp":"2026-07-27T03:00:12.799Z"}

data: {"data":"[03:00:18] 📊 \u001b[32m[USAGE] NVIDIA | in=119606 | out=1481 | account=58f42365...\u001b[0m \u001b[33m(estimated)\u001b[0m | cache_read=119552","timestamp":"2026-07-27T03:00:18.115Z"}

data: {"data":"[03:00:18] 🌊 [STREAM] NVIDIA | z-ai/glm-5.2 | 43736ms | complete","timestamp":"2026-07-27T03:00:18.123Z"}

data: {"data":"[INFO] [SKILLS_INJECTION] skills.injection.skipped {\"apiKeyId\":\"env-key\",\"reason\":\"no_enabled_skills\"}","timestamp":"2026-07-27T03:00:18.950Z"}

data: {"data":"{\"level\":30,\"time\":\"2026-07-27T03:00:18.883Z\",\"service\":\"omniroute\",\"module\":\"sse\",\"tag\":\"HTTP\",\"method\":\"POST\",\"path\":\"/v1/messages | nvidia/z-ai/glm-5.2 | 178 msgs | 40 tools\",\"msg\":\"📥 POST /v1/messages | nvidia/z-ai/glm-5.2 | 178 msgs | 40 tools\"}","timestamp":"2026-07-27T03:00:18.974Z"}

data: {"data":"{\"level\":30,\"time\":\"2026-07-27T03:00:18.899Z\",\"service\":\"omniroute\",\"module\":\"sse\",\"tag\":\"ROUTING\",\"msg\":\"Provider: nvidia, Model: z-ai/glm-5.2\"}","timestamp":"2026-07-27T03:00:18.975Z"}

data: {"data":"{\"level\":30,\"time\":\"2026-07-27T03:00:18.903Z\",\"service\":\"omniroute\",\"module\":\"sse\",\"tag\":\"AUTH\",\"msg\":\"session_key=input:sha256:eebcc... has no available affinity target\"}","timestamp":"2026-07-27T03:00:18.975Z"}

data: {"data":"{\"level\":30,\"time\":\"2026-07-27T03:00:18.904Z\",\"service\":\"omniroute\",\"module\":\"sse\",\"tag\":\"AUTH\",\"msg\":\"Using nvidia account: 09665ab2...\"}","timestamp":"2026-07-27T03:00:18.975Z"}

data: {"data":"[ProxyEgress] nvidia/09665ab2 in=113.20.2.214 out=44.196.116.2 proxy=direct status=success","timestamp":"2026-07-27T03:00:20.241Z"}

data: {"data":"[03:00:20] 📊 \u001b[32m[USAGE] NVIDIA | in=121127 | out=74 | account=09665ab2...\u001b[0m \u001b[33m(estimated)\u001b[0m | cache_read=117696","timestamp":"2026-07-27T03:00:20.938Z"}

data: {"data":"[03:00:20] 🌊 [STREAM] NVIDIA | z-ai/glm-5.2 | 1989ms | complete","timestamp":"2026-07-27T03:00:20.944Z"}

data: {"data":"[INFO] [SKILLS_INJECTION] skills.injection.skipped {\"apiKeyId\":\"env-key\",\"reason\":\"no_enabled_skills\"}","timestamp":"2026-07-27T03:00:21.665Z"}

data: {"data":"{\"level\":30,\"time\":\"2026-07-27T03:00:21.590Z\",\"service\":\"omniroute\",\"module\":\"sse\",\"tag\":\"HTTP\",\"method\":\"POST\",\"path\":\"/v1/messages | nvidia/z-ai/glm-5.2 | 180 msgs | 40 tools\",\"msg\":\"📥 POST /v1/messages | nvidia/z-ai/glm-5.2 | 180 msgs | 40 tools\"}","timestamp":"2026-07-27T03:00:21.715Z"}

data: {"data":"{\"level\":30,\"time\":\"2026-07-27T03:00:21.602Z\",\"service\":\"omniroute\",\"module\":\"sse\",\"tag\":\"ROUTING\",\"msg\":\"Provider: nvidia, Model: z-ai/glm-5.2\"}","timestamp":"2026-07-27T03:00:21.715Z"}

data: {"data":"{\"level\":30,\"time\":\"2026-07-27T03:00:21.607Z\",\"service\":\"omniroute\",\"module\":\"sse\",\"tag\":\"AUTH\",\"msg\":\"session_key=input:sha256:eebcc... has no available affinity target\"}","timestamp":"2026-07-27T03:00:21.715Z"}

data: {"data":"{\"level\":30,\"time\":\"2026-07-27T03:00:21.608Z\",\"service\":\"omniroute\",\"module\":\"sse\",\"tag\":\"AUTH\",\"msg\":\"Using nvidia account: 2d9ef15f...\"}","timestamp":"2026-07-27T03:00:21.715Z"}

data: {"data":"[ProxyEgress] nvidia/2d9ef15f in=113.20.2.214 out=44.196.116.2 proxy=direct status=success","timestamp":"2026-07-27T03:00:24.018Z"}

data: {"data":"🧹 [RATE-LIMIT] Evicting idle limiter: nvidia:d1717878-cbd3-4392-b5af-5add1c10d751 (inactive for 617s)","timestamp":"2026-07-27T03:00:34.801Z"}

data: {"data":"time=2026-07-27T03:00:34.807Z level=INFO msg=\"compaction complete\" level=1 txid.min=00000000000002d8 txid.max=00000000000002dc size=52902","timestamp":"2026-07-27T03:00:34.808Z"}

data: {"data":"[03:00:42] 📊 \u001b[32m[USAGE] NVIDIA | in=122177 | out=955 | account=2d9ef15f...\u001b[0m \u001b[33m(estimated)\u001b[0m | cache_read=121152","timestamp":"2026-07-27T03:00:42.325Z"}

data: {"data":"[03:00:42] 🌊 [STREAM] NVIDIA | z-ai/glm-5.2 | 20664ms | complete","timestamp":"2026-07-27T03:00:42.335Z"}

data: {"data":"[INFO] [SKILLS_INJECTION] skills.injection.skipped {\"apiKeyId\":\"env-key\",\"reason\":\"no_enabled_skills\"}","timestamp":"2026-07-27T03:00:43.077Z"}

data: {"data":"{\"level\":30,\"time\":\"2026-07-27T03:00:43.025Z\",\"service\":\"omniroute\",\"module\":\"sse\",\"tag\":\"HTTP\",\"method\":\"POST\",\"path\":\"/v1/messages | nvidia/z-ai/glm-5.2 | 182 msgs | 40 tools\",\"msg\":\"📥 POST /v1/messages | nvidia/z-ai/glm-5.2 | 182 msgs | 40 tools\"}","timestamp":"2026-07-27T03:00:43.099Z"}

data: {"data":"{\"level\":30,\"time\":\"2026-07-27T03:00:43.033Z\",\"service\":\"omniroute\",\"module\":\"sse\",\"tag\":\"ROUTING\",\"msg\":\"Provider: nvidia, Model: z-ai/glm-5.2\"}","timestamp":"2026-07-27T03:00:43.099Z"}

data: {"data":"{\"level\":30,\"time\":\"2026-07-27T03:00:43.036Z\",\"service\":\"omniroute\",\"module\":\"sse\",\"tag\":\"AUTH\",\"msg\":\"session_key=input:sha256:eebcc... has no available affinity target\"}","timestamp":"2026-07-27T03:00:43.099Z"}

data: {"data":"{\"level\":30,\"time\":\"2026-07-27T03:00:43.037Z\",\"service\":\"omniroute\",\"module\":\"sse\",\"tag\":\"AUTH\",\"msg\":\"Using nvidia account: 53f96ffa...\"}","timestamp":"2026-07-27T03:00:43.099Z"}

data: {"data":"[ProxyEgress] nvidia/53f96ffa in=113.20.2.214 out=44.196.116.2 proxy=direct status=success","timestamp":"2026-07-27T03:00:44.216Z"}

data: {"data":"[03:00:50] 📊 \u001b[32m[USAGE] NVIDIA | in=123175 | out=138 | account=53f96ffa...\u001b[0m \u001b[33m(estimated)\u001b[0m | cache_read=123072","timestamp":"2026-07-27T03:00:50.908Z"}

data: {"data":"[03:00:50] 🌊 [STREAM] NVIDIA | z-ai/glm-5.2 | 7834ms | complete","timestamp":"2026-07-27T03:00:50.917Z"}

data: {"data":"[INFO] [SKILLS_INJECTION] skills.injection.skipped {\"apiKeyId\":\"env-key\",\"reason\":\"no_enabled_skills\"}","timestamp":"2026-07-27T03:00:51.635Z"}

data: {"data":"{\"level\":30,\"time\":\"2026-07-27T03:00:51.564Z\",\"service\":\"omniroute\",\"module\":\"sse\",\"tag\":\"HTTP\",\"method\":\"POST\",\"path\":\"/v1/messages | nvidia/z-ai/glm-5.2 | 185 msgs | 40 tools\",\"msg\":\"📥 POST /v1/messages | nvidia/z-ai/glm-5.2 | 185 msgs | 40 tools\"}","timestamp":"2026-07-27T03:00:51.658Z"}

data: {"data":"{\"level\":30,\"time\":\"2026-07-27T03:00:51.572Z\",\"service\":\"omniroute\",\"module\":\"sse\",\"tag\":\"ROUTING\",\"msg\":\"Provider: nvidia, Model: z-ai/glm-5.2\"}","timestamp":"2026-07-27T03:00:51.658Z"}

data: {"data":"{\"level\":30,\"time\":\"2026-07-27T03:00:51.580Z\",\"service\":\"omniroute\",\"module\":\"sse\",\"tag\":\"AUTH\",\"msg\":\"session_key=input:sha256:eebcc... has no available affinity target\"}","timestamp":"2026-07-27T03:00:51.658Z"}

data: {"data":"{\"level\":30,\"time\":\"2026-07-27T03:00:51.581Z\",\"service\":\"omniroute\",\"module\":\"sse\",\"tag\":\"AUTH\",\"msg\":\"Using nvidia account: deb0258d...\"}","timestamp":"2026-07-27T03:00:51.658Z"}

data: {"data":"[ProxyEgress] nvidia/deb0258d in=113.20.2.214 out=44.196.116.2 proxy=direct status=success","timestamp":"2026-07-27T03:00:52.603Z"}

data: {"data":"time=2026-07-27T03:01:04.569Z level=INFO msg=\"compaction complete\" level=1 txid.min=00000000000002dd txid.max=00000000000002e2 size=421295","timestamp":"2026-07-27T03:01:04.569Z"}

data: {"data":"[03:01:13] 📊 \u001b[32m[USAGE] NVIDIA | in=124630 | out=722 | account=deb0258d...\u001b[0m \u001b[33m(estimated)\u001b[0m | cache_read=123264","timestamp":"2026-07-27T03:01:13.035Z"}

data: {"data":"[03:01:13] 🌊 [STREAM] NVIDIA | z-ai/glm-5.2 | 21399ms | complete","timestamp":"2026-07-27T03:01:13.040Z"}

data: {"data":"[INFO] [SKILLS_INJECTION] skills.injection.skipped {\"apiKeyId\":\"env-key\",\"reason\":\"no_enabled_skills\"}","timestamp":"2026-07-27T03:01:18.503Z"}

data: {"data":"{\"level\":30,\"time\":\"2026-07-27T03:01:18.434Z\",\"service\":\"omniroute\",\"module\":\"sse\",\"tag\":\"HTTP\",\"method\":\"POST\",\"path\":\"/v1/messages | nvidia/z-ai/glm-5.2 | 187 msgs | 40 tools\",\"msg\":\"📥 POST /v1/messages | nvidia/z-ai/glm-5.2 | 187 msgs | 40 tools\"}","timestamp":"2026-07-27T03:01:18.526Z"}

data: {"data":"{\"level\":30,\"time\":\"2026-07-27T03:01:18.443Z\",\"service\":\"omniroute\",\"module\":\"sse\",\"tag\":\"ROUTING\",\"msg\":\"Provider: nvidia, Model: z-ai/glm-5.2\"}","timestamp":"2026-07-27T03:01:18.526Z"}

data: {"data":"{\"level\":30,\"time\":\"2026-07-27T03:01:18.447Z\",\"service\":\"omniroute\",\"module\":\"sse\",\"tag\":\"AUTH\",\"msg\":\"session_key=input:sha256:eebcc... has no available affinity target\"}","timestamp":"2026-07-27T03:01:18.526Z"}

data: {"data":"{\"level\":30,\"time\":\"2026-07-27T03:01:18.447Z\",\"service\":\"omniroute\",\"module\":\"sse\",\"tag\":\"AUTH\",\"msg\":\"Using nvidia account: 3317f8d3...\"}","timestamp":"2026-07-27T03:01:18.526Z"}

data: {"data":"[ProxyEgress] nvidia/3317f8d3 in=113.20.2.214 out=44.196.116.2 proxy=direct status=success","timestamp":"2026-07-27T03:01:24.645Z"}

data: {"data":"[03:01:30] 📊 \u001b[32m[USAGE] NVIDIA | in=125432 | out=104 | account=3317f8d3...\u001b[0m \u001b[33m(estimated)\u001b[0m | cache_read=704","timestamp":"2026-07-27T03:01:30.593Z"}

data: {"data":"[03:01:30] 🌊 [STREAM] NVIDIA | z-ai/glm-5.2 | 12094ms | complete","timestamp":"2026-07-27T03:01:30.599Z"}

data: {"data":"[INFO] [SKILLS_INJECTION] skills.injection.skipped {\"apiKeyId\":\"env-key\",\"reason\":\"no_enabled_skills\"}","timestamp":"2026-07-27T03:01:31.457Z"}

data: {"data":"{\"level\":30,\"time\":\"2026-07-27T03:01:31.388Z\",\"service\":\"omniroute\",\"module\":\"sse\",\"tag\":\"HTTP\",\"method\":\"POST\",\"path\":\"/v1/messages | nvidia/z-ai/glm-5.2 | 189 msgs | 40 tools\",\"msg\":\"📥 POST /v1/messages | nvidia/z-ai/glm-5.2 | 189 msgs | 40 tools\"}","timestamp":"2026-07-27T03:01:31.477Z"}

data: {"data":"{\"level\":30,\"time\":\"2026-07-27T03:01:31.402Z\",\"service\":\"omniroute\",\"module\":\"sse\",\"tag\":\"ROUTING\",\"msg\":\"Provider: nvidia, Model: z-ai/glm-5.2\"}","timestamp":"2026-07-27T03:01:31.477Z"}

data: {"data":"{\"level\":30,\"time\":\"2026-07-27T03:01:31.408Z\",\"service\":\"omniroute\",\"module\":\"sse\",\"tag\":\"AUTH\",\"msg\":\"session_key=input:sha256:eebcc... has no available affinity target\"}","timestamp":"2026-07-27T03:01:31.477Z"}

data: {"data":"{\"level\":30,\"time\":\"2026-07-27T03:01:31.409Z\",\"service\":\"omniroute\",\"module\":\"sse\",\"tag\":\"AUTH\",\"msg\":\"Using nvidia account: c5116293...\"}","timestamp":"2026-07-27T03:01:31.477Z"}

data: {"data":"time=2026-07-27T03:01:34.935Z level=INFO msg=\"compaction complete\" level=1 txid.min=00000000000002e3 txid.max=00000000000002e5 size=41987","timestamp":"2026-07-27T03:01:34.935Z"}

data: {"data":"[ProxyEgress] nvidia/c5116293 in=113.20.2.214 out=44.196.116.2 proxy=direct status=success","timestamp":"2026-07-27T03:01:38.533Z"}

data: {"data":"[03:01:59] 📊 \u001b[32m[USAGE] NVIDIA | in=125619 | out=540 | account=c5116293...\u001b[0m \u001b[33m(estimated)\u001b[0m | cache_read=384","timestamp":"2026-07-27T03:01:59.230Z"}

data: {"data":"[03:01:59] 🌊 [STREAM] NVIDIA | z-ai/glm-5.2 | 27774ms | complete","timestamp":"2026-07-27T03:01:59.236Z"}

data: {"data":"time=2026-07-27T03:02:34.410Z level=INFO msg=\"l0 retention enforced\" db=storage.sqlite deleted_count=7 max_l1_txid=00000000000002ea","timestamp":"2026-07-27T03:02:34.410Z"}

data: {"data":"time=2026-07-27T03:02:34.410Z level=INFO msg=\"compaction complete\" level=1 txid.min=00000000000002e6 txid.max=00000000000002ea size=422845","timestamp":"2026-07-27T03:02:34.410Z"}

data: {"data":"[INFO] [SKILLS_INJECTION] skills.injection.skipped {\"apiKeyId\":\"env-key\",\"reason\":\"no_enabled_skills\"}","timestamp":"2026-07-27T03:02:45.050Z"}

data: {"data":"{\"level\":30,\"time\":\"2026-07-27T03:02:44.986Z\",\"service\":\"omniroute\",\"module\":\"sse\",\"tag\":\"HTTP\",\"method\":\"POST\",\"path\":\"/v1/messages | nvidia/z-ai/glm-5.2 | 191 msgs | 40 tools\",\"msg\":\"📥 POST /v1/messages | nvidia/z-ai/glm-5.2 | 191 msgs | 40 tools\"}","timestamp":"2026-07-27T03:02:45.069Z"}

data: {"data":"{\"level\":30,\"time\":\"2026-07-27T03:02:44.997Z\",\"service\":\"omniroute\",\"module\":\"sse\",\"tag\":\"ROUTING\",\"msg\":\"Provider: nvidia, Model: z-ai/glm-5.2\"}","timestamp":"2026-07-27T03:02:45.070Z"}

data: {"data":"{\"level\":30,\"time\":\"2026-07-27T03:02:45.001Z\",\"service\":\"omniroute\",\"module\":\"sse\",\"tag\":\"AUTH\",\"msg\":\"session_key=input:sha256:eebcc... has no available affinity target\"}","timestamp":"2026-07-27T03:02:45.070Z"}

data: {"data":"{\"level\":30,\"time\":\"2026-07-27T03:02:45.002Z\",\"service\":\"omniroute\",\"module\":\"sse\",\"tag\":\"AUTH\",\"msg\":\"Using nvidia account: cb888a54...\"}","timestamp":"2026-07-27T03:02:45.070Z"}

data: {"data":"[03:02:51] 📊 \u001b[32m[USAGE] NVIDIA | in=126224 | out=139 | account=cb888a54...\u001b[0m \u001b[33m(estimated)\u001b[0m | cache_read=125504","timestamp":"2026-07-27T03:02:51.469Z"}

data: {"data":"[03:02:51] 🌊 [STREAM] NVIDIA | z-ai/glm-5.2 | 6420ms | complete","timestamp":"2026-07-27T03:02:51.475Z"}

data: {"data":"[INFO] [SKILLS_INJECTION] skills.injection.skipped {\"apiKeyId\":\"env-key\",\"reason\":\"no_enabled_skills\"}","timestamp":"2026-07-27T03:02:53.503Z"}

data: {"data":"{\"level\":30,\"time\":\"2026-07-27T03:02:53.438Z\",\"service\":\"omniroute\",\"module\":\"sse\",\"tag\":\"HTTP\",\"method\":\"POST\",\"path\":\"/v1/messages | nvidia/z-ai/glm-5.2 | 193 msgs | 40 tools\",\"msg\":\"📥 POST /v1/messages | nvidia/z-ai/glm-5.2 | 193 msgs | 40 tools\"}","timestamp":"2026-07-27T03:02:53.523Z"}

data: {"data":"{\"level\":30,\"time\":\"2026-07-27T03:02:53.446Z\",\"service\":\"omniroute\",\"module\":\"sse\",\"tag\":\"ROUTING\",\"msg\":\"Provider: nvidia, Model: z-ai/glm-5.2\"}","timestamp":"2026-07-27T03:02:53.523Z"}

data: {"data":"{\"level\":30,\"time\":\"2026-07-27T03:02:53.449Z\",\"service\":\"omniroute\",\"module\":\"sse\",\"tag\":\"AUTH\",\"msg\":\"session_key=input:sha256:eebcc... has no available affinity target\"}","timestamp":"2026-07-27T03:02:53.523Z"}

data: {"data":"{\"level\":30,\"time\":\"2026-07-27T03:02:53.449Z\",\"service\":\"omniroute\",\"module\":\"sse\",\"tag\":\"AUTH\",\"msg\":\"Using nvidia account: d65f33e2...\"}","timestamp":"2026-07-27T03:02:53.523Z"}

data: {"data":"[ProxyEgress] nvidia/d65f33e2 in=113.20.2.214 out=44.196.116.2 proxy=direct status=success","timestamp":"2026-07-27T03:02:54.939Z"}

data: {"data":"[03:03:02] 📊 \u001b[32m[USAGE] NVIDIA | in=126434 | out=457 | account=d65f33e2...\u001b[0m \u001b[33m(estimated)\u001b[0m | cache_read=126336","timestamp":"2026-07-27T03:03:02.470Z"}

data: {"data":"[03:03:02] 🌊 [STREAM] NVIDIA | z-ai/glm-5.2 | 8971ms | complete","timestamp":"2026-07-27T03:03:02.479Z"}

data: {"data":"time=2026-07-27T03:03:06.407Z level=INFO msg=\"compaction complete\" level=1 txid.min=00000000000002eb txid.max=00000000000002ef size=52847","timestamp":"2026-07-27T03:03:06.407Z"}

data: {"data":"time=2026-07-27T03:03:36.035Z level=INFO msg=\"l0 retention enforced\" db=storage.sqlite deleted_count=2 max_l1_txid=00000000000002f1","timestamp":"2026-07-27T03:03:36.035Z"}

data: {"data":"time=2026-07-27T03:03:36.035Z level=INFO msg=\"compaction complete\" level=1 txid.min=00000000000002f0 txid.max=00000000000002f1 size=425070","timestamp":"2026-07-27T03:03:36.035Z"}

data: {"data":"🧹 [RATE-LIMIT] Evicting idle limiter: nvidia:a0c72227-ba89-4b89-bae4-cff099d02562 (inactive for 605s)","timestamp":"2026-07-27T03:04:04.803Z"}

data: {"data":"🧹 [RATE-LIMIT] Evicting idle limiter: nvidia:38a09429-95ad-4b2f-940b-ed886fad7d7a (inactive for 609s)","timestamp":"2026-07-27T03:04:34.803Z"}

data: {"data":"time=2026-07-27T03:04:57.438Z level=INFO msg=\"l0 retention enforced\" db=storage.sqlite deleted_count=15 max_l1_txid=00000000000002f1","timestamp":"2026-07-27T03:04:57.438Z"}

data: {"data":"time=2026-07-27T03:05:02.716Z level=INFO msg=\"compaction complete\" level=1 txid.min=00000000000002f2 txid.max=00000000000002f3 size=425070","timestamp":"2026-07-27T03:05:02.716Z"}

data: {"data":"time=2026-07-27T03:05:11.188Z level=INFO msg=\"compaction complete\" level=2 txid.min=00000000000002d0 txid.max=00000000000002f3 size=425070","timestamp":"2026-07-27T03:05:11.188Z"}

data: {"data":"[INFO] [SKILLS_INJECTION] skills.injection.skipped {\"apiKeyId\":\"env-key\",\"reason\":\"no_enabled_skills\"}","timestamp":"2026-07-27T03:06:24.755Z"}

data: {"data":"{\"level\":30,\"time\":\"2026-07-27T03:06:24.681Z\",\"service\":\"omniroute\",\"module\":\"sse\",\"tag\":\"HTTP\",\"method\":\"POST\",\"path\":\"/v1/messages | nvidia/z-ai/glm-5.2 | 195 msgs | 40 tools\",\"msg\":\"📥 POST /v1/messages | nvidia/z-ai/glm-5.2 | 195 msgs | 40 tools\"}","timestamp":"2026-07-27T03:06:24.777Z"}

data: {"data":"{\"level\":30,\"time\":\"2026-07-27T03:06:24.694Z\",\"service\":\"omniroute\",\"module\":\"sse\",\"tag\":\"ROUTING\",\"msg\":\"Provider: nvidia, Model: z-ai/glm-5.2\"}","timestamp":"2026-07-27T03:06:24.777Z"}

data: {"data":"{\"level\":30,\"time\":\"2026-07-27T03:06:24.700Z\",\"service\":\"omniroute\",\"module\":\"sse\",\"tag\":\"AUTH\",\"msg\":\"session_key=input:sha256:eebcc... has no available affinity target\"}","timestamp":"2026-07-27T03:06:24.777Z"}

data: {"data":"{\"level\":30,\"time\":\"2026-07-27T03:06:24.702Z\",\"service\":\"omniroute\",\"module\":\"sse\",\"tag\":\"AUTH\",\"msg\":\"Using nvidia account: ccaad834...\"}","timestamp":"2026-07-27T03:06:24.777Z"}

data: {"data":"{\"ts\":1785121585286,\"level\":\"error\",\"component\":\"gate\",\"stage\":\"upstream_proxy\",\"requestId\":\"4d7a78aa42a03b20\",\"method\":\"POST\",\"path\":\"/v1/messages\",\"upstream_path\":null,\"upstream_target\":\"127.0.0.1:20128\",\"elapsedMs\":4518,\"httpStatus\":null,\"errorCode\":\"ECONNRESET\",\"abortSource\":\"client_close\",\"socketPhase\":null,\"destroyInitiator\":\"client\",\"msg\":\"client_disconnected_proxy_aborted\"}","timestamp":"2026-07-27T03:06:25.286Z"}

data: {"data":"[03:06:25] 🌊 [STREAM] NVIDIA | z-ai/glm-5.2 | 528ms | disconnect: request_signal_aborted","timestamp":"2026-07-27T03:06:25.287Z"}

data: {"data":"[03:06:25] 🌊 [STREAM] NVIDIA | z-ai/glm-5.2 | 535ms | client_disconnect (post-abort)","timestamp":"2026-07-27T03:06:25.294Z"}

data: {"data":"[ProxyEgress] nvidia/ccaad834 in=113.20.2.214 out=44.196.116.2 proxy=direct status=error","timestamp":"2026-07-27T03:06:25.301Z"}

data: {"data":"[INFO] [SKILLS_INJECTION] skills.injection.skipped {\"apiKeyId\":\"env-key\",\"reason\":\"no_enabled_skills\"}","timestamp":"2026-07-27T03:06:32.732Z"}

data: {"data":"{\"level\":30,\"time\":\"2026-07-27T03:06:32.663Z\",\"service\":\"omniroute\",\"module\":\"sse\",\"tag\":\"HTTP\",\"method\":\"POST\",\"path\":\"/v1/messages | nvidia/z-ai/glm-5.2 | 195 msgs | 40 tools\",\"msg\":\"📥 POST /v1/messages | nvidia/z-ai/glm-5.2 | 195 msgs | 40 tools\"}","timestamp":"2026-07-27T03:06:32.754Z"}

data: {"data":"{\"level\":30,\"time\":\"2026-07-27T03:06:32.672Z\",\"service\":\"omniroute\",\"module\":\"sse\",\"tag\":\"ROUTING\",\"msg\":\"Provider: nvidia, Model: z-ai/glm-5.2\"}","timestamp":"2026-07-27T03:06:32.754Z"}

data: {"data":"{\"level\":30,\"time\":\"2026-07-27T03:06:32.675Z\",\"service\":\"omniroute\",\"module\":\"sse\",\"tag\":\"AUTH\",\"msg\":\"session_key=input:sha256:eebcc... has no available affinity target\"}","timestamp":"2026-07-27T03:06:32.754Z"}

data: {"data":"{\"level\":30,\"time\":\"2026-07-27T03:06:32.676Z\",\"service\":\"omniroute\",\"module\":\"sse\",\"tag\":\"AUTH\",\"msg\":\"Using nvidia account: def58a55...\"}","timestamp":"2026-07-27T03:06:32.754Z"}

data: {"data":"time=2026-07-27T03:06:35.314Z level=INFO msg=\"l0 retention enforced\" db=storage.sqlite deleted_count=14 max_l1_txid=00000000000002f6","timestamp":"2026-07-27T03:06:35.314Z"}

data: {"data":"time=2026-07-27T03:06:35.314Z level=INFO msg=\"compaction complete\" level=1 txid.min=00000000000002f4 txid.max=00000000000002f6 size=425553","timestamp":"2026-07-27T03:06:35.314Z"}

data: {"data":"{\"ts\":1785121597360,\"level\":\"error\",\"component\":\"gate\",\"stage\":\"upstream_proxy\",\"requestId\":\"3f6fa2d7ca383a55\",\"method\":\"POST\",\"path\":\"/v1/messages\",\"upstream_path\":null,\"upstream_target\":\"127.0.0.1:20128\",\"elapsedMs\":6522,\"httpStatus\":null,\"errorCode\":\"ECONNRESET\",\"abortSource\":\"client_close\",\"socketPhase\":null,\"destroyInitiator\":\"client\",\"msg\":\"client_disconnected_proxy_aborted\"}","timestamp":"2026-07-27T03:06:37.360Z"}

data: {"data":"[03:06:37] 🌊 [STREAM] NVIDIA | z-ai/glm-5.2 | 4625ms | disconnect: request_signal_aborted","timestamp":"2026-07-27T03:06:37.361Z"}

data: {"data":"[03:06:37] 🌊 [STREAM] NVIDIA | z-ai/glm-5.2 | 4630ms | client_disconnect (post-abort)","timestamp":"2026-07-27T03:06:37.366Z"}

data: {"data":"[ProxyEgress] nvidia/def58a55 in=113.20.2.214 out=44.196.116.2 proxy=direct status=error","timestamp":"2026-07-27T03:06:37.370Z"}

data: {"data":"[INFO] [SKILLS_INJECTION] skills.injection.skipped {\"apiKeyId\":\"env-key\",\"reason\":\"no_enabled_skills\"}","timestamp":"2026-07-27T03:06:47.365Z"}

data: {"data":"{\"level\":30,\"time\":\"2026-07-27T03:06:47.297Z\",\"service\":\"omniroute\",\"module\":\"sse\",\"tag\":\"HTTP\",\"method\":\"POST\",\"path\":\"/v1/messages | nvidia/z-ai/glm-5.2 | 195 msgs | 40 tools\",\"msg\":\"📥 POST /v1/messages | nvidia/z-ai/glm-5.2 | 195 msgs | 40 tools\"}","timestamp":"2026-07-27T03:06:47.389Z"}

data: {"data":"{\"level\":30,\"time\":\"2026-07-27T03:06:47.309Z\",\"service\":\"omniroute\",\"module\":\"sse\",\"tag\":\"ROUTING\",\"msg\":\"Provider: nvidia, Model: z-ai/glm-5.2\"}","timestamp":"2026-07-27T03:06:47.389Z"}

data: {"data":"{\"level\":30,\"time\":\"2026-07-27T03:06:47.313Z\",\"service\":\"omniroute\",\"module\":\"sse\",\"tag\":\"AUTH\",\"msg\":\"session_key=input:sha256:eebcc... has no available affinity target\"}","timestamp":"2026-07-27T03:06:47.389Z"}

data: {"data":"{\"level\":30,\"time\":\"2026-07-27T03:06:47.314Z\",\"service\":\"omniroute\",\"module\":\"sse\",\"tag\":\"AUTH\",\"msg\":\"Using nvidia account: 2d039916...\"}","timestamp":"2026-07-27T03:06:47.389Z"}

data: {"data":"[ProxyEgress] nvidia/2d039916 in=113.20.2.214 out=44.196.116.2 proxy=direct status=success","timestamp":"2026-07-27T03:06:53.417Z"}

data: {"data":"[03:06:55] 📊 \u001b[32m[USAGE] NVIDIA | in=126956 | out=58 | account=2d039916...\u001b[0m \u001b[33m(estimated)\u001b[0m | cache_read=384","timestamp":"2026-07-27T03:06:55.266Z"}

data: {"data":"[03:06:55] 🌊 [STREAM] NVIDIA | z-ai/glm-5.2 | 7903ms | complete","timestamp":"2026-07-27T03:06:55.272Z"}

data: {"data":"🧹 [RATE-LIMIT] Evicting idle limiter: nvidia:9865dfaa-3680-4a2c-a952-16cf94dddd04 (inactive for 603s)","timestamp":"2026-07-27T03:07:04.806Z"}

data: {"data":"time=2026-07-27T03:07:08.656Z level=INFO msg=\"l0 retention enforced\" db=storage.sqlite deleted_count=5 max_l1_txid=00000000000002fb","timestamp":"2026-07-27T03:07:08.656Z"}

data: {"data":"time=2026-07-27T03:07:08.656Z level=INFO msg=\"compaction complete\" level=1 txid.min=00000000000002f7 txid.max=00000000000002fb size=55721","timestamp":"2026-07-27T03:07:08.656Z"}

data: {"data":"🧹 [RATE-LIMIT] Evicting idle limiter: nvidia:3f77f218-ee98-443b-b2de-e0cdb8761144 (inactive for 620s)","timestamp":"2026-07-27T03:07:34.805Z"}

data: {"data":"🧹 [RATE-LIMIT] Evicting idle limiter: nvidia:a68545c0-554a-43c9-9ad4-e09885e762e7 (inactive for 603s)","timestamp":"2026-07-27T03:08:34.806Z"}

data: {"data":"🧹 [RATE-LIMIT] Evicting idle limiter: nvidia:dd511141-af6e-4944-8af4-c0397507c799 (inactive for 608s)","timestamp":"2026-07-27T03:09:04.805Z"}

data: {"data":"🧹 [RATE-LIMIT] Evicting idle limiter: nvidia:2bcea68b-9f7a-4673-b1f0-80a66320fc88 (inactive for 610s)","timestamp":"2026-07-27T03:09:34.806Z"}

data: {"data":"🧹 [RATE-LIMIT] Evicting idle limiter: nvidia:1830e4f7-dd8f-4c11-9d65-c0acdced6494 (inactive for 605s)","timestamp":"2026-07-27T03:09:34.806Z"}

data: {"data":"[INFO] [SKILLS_INJECTION] skills.injection.skipped {\"apiKeyId\":\"env-key\",\"reason\":\"no_enabled_skills\"}","timestamp":"2026-07-27T03:09:47.597Z"}

data: {"data":"{\"level\":30,\"time\":\"2026-07-27T03:09:47.536Z\",\"service\":\"omniroute\",\"module\":\"sse\",\"tag\":\"HTTP\",\"method\":\"POST\",\"path\":\"/v1/messages | nvidia/z-ai/glm-5.2 | 196 msgs | 40 tools\",\"msg\":\"📥 POST /v1/messages | nvidia/z-ai/glm-5.2 | 196 msgs | 40 tools\"}","timestamp":"2026-07-27T03:09:47.620Z"}

data: {"data":"{\"level\":30,\"time\":\"2026-07-27T03:09:47.544Z\",\"service\":\"omniroute\",\"module\":\"sse\",\"tag\":\"ROUTING\",\"msg\":\"Provider: nvidia, Model: z-ai/glm-5.2\"}","timestamp":"2026-07-27T03:09:47.620Z"}

data: {"data":"{\"level\":30,\"time\":\"2026-07-27T03:09:47.547Z\",\"service\":\"omniroute\",\"module\":\"sse\",\"tag\":\"AUTH\",\"msg\":\"session_key=input:sha256:eebcc... has no available affinity target\"}","timestamp":"2026-07-27T03:09:47.620Z"}

data: {"data":"{\"level\":30,\"time\":\"2026-07-27T03:09:47.548Z\",\"service\":\"omniroute\",\"module\":\"sse\",\"tag\":\"AUTH\",\"msg\":\"Using nvidia account: d6a27df9...\"}","timestamp":"2026-07-27T03:09:47.620Z"}

data: {"data":"[03:09:57] 📊 \u001b[32m[USAGE] NVIDIA | in=127838 | out=136 | account=d6a27df9...\u001b[0m \u001b[33m(estimated)\u001b[0m | cache_read=384","timestamp":"2026-07-27T03:09:57.183Z"}

data: {"data":"[03:09:57] 🌊 [STREAM] NVIDIA | z-ai/glm-5.2 | 9586ms | complete","timestamp":"2026-07-27T03:09:57.189Z"}

data: {"data":"time=2026-07-27T03:09:57.310Z level=INFO msg=\"l0 retention enforced\" db=storage.sqlite deleted_count=9 max_l1_txid=00000000000002fb","timestamp":"2026-07-27T03:09:57.311Z"}

data: {"data":"[INFO] [SKILLS_INJECTION] skills.injection.skipped {\"apiKeyId\":\"env-key\",\"reason\":\"no_enabled_skills\"}","timestamp":"2026-07-27T03:09:59.103Z"}

data: {"data":"{\"level\":30,\"time\":\"2026-07-27T03:09:59.022Z\",\"service\":\"omniroute\",\"module\":\"sse\",\"tag\":\"HTTP\",\"method\":\"POST\",\"path\":\"/v1/messages | nvidia/z-ai/glm-5.2 | 199 msgs | 40 tools\",\"msg\":\"📥 POST /v1/messages | nvidia/z-ai/glm-5.2 | 199 msgs | 40 tools\"}","timestamp":"2026-07-27T03:09:59.134Z"}

data: {"data":"{\"level\":30,\"time\":\"2026-07-27T03:09:59.034Z\",\"service\":\"omniroute\",\"module\":\"sse\",\"tag\":\"ROUTING\",\"msg\":\"Provider: nvidia, Model: z-ai/glm-5.2\"}","timestamp":"2026-07-27T03:09:59.134Z"}

data: {"data":"{\"level\":30,\"time\":\"2026-07-27T03:09:59.039Z\",\"service\":\"omniroute\",\"module\":\"sse\",\"tag\":\"AUTH\",\"msg\":\"session_key=input:sha256:eebcc... has no available affinity target\"}","timestamp":"2026-07-27T03:09:59.134Z"}

data: {"data":"{\"level\":30,\"time\":\"2026-07-27T03:09:59.040Z\",\"service\":\"omniroute\",\"module\":\"sse\",\"tag\":\"AUTH\",\"msg\":\"Using nvidia account: 7d5d42c4...\"}","timestamp":"2026-07-27T03:09:59.134Z"}

data: {"data":"[ProxyEgress] nvidia/7d5d42c4 in=113.20.2.214 out=44.196.116.2 proxy=direct status=success","timestamp":"2026-07-27T03:10:01.159Z"}

data: {"data":"time=2026-07-27T03:10:02.917Z level=INFO msg=\"compaction complete\" level=1 txid.min=00000000000002fc txid.max=00000000000002ff size=427377","timestamp":"2026-07-27T03:10:02.918Z"}

data: {"data":"🧹 [RATE-LIMIT] Evicting idle limiter: nvidia:58f42365-24ac-4844-b08b-af609b1057d1 (inactive for 630s)","timestamp":"2026-07-27T03:10:04.807Z"}

data: {"data":"time=2026-07-27T03:10:09.681Z level=INFO msg=\"compaction complete\" level=2 txid.min=00000000000002f4 txid.max=00000000000002ff size=427377","timestamp":"2026-07-27T03:10:09.682Z"}

data: {"data":"[03:10:11] 📊 \u001b[32m[USAGE] NVIDIA | in=128406 | out=271 | account=7d5d42c4...\u001b[0m \u001b[33m(estimated)\u001b[0m | cache_read=127936","timestamp":"2026-07-27T03:10:11.648Z"}

data: {"data":"[03:10:11] 🌊 [STREAM] NVIDIA | z-ai/glm-5.2 | 12545ms | complete","timestamp":"2026-07-27T03:10:11.655Z"}

data: {"data":"[INFO] [SKILLS_INJECTION] skills.injection.skipped {\"apiKeyId\":\"env-key\",\"reason\":\"no_enabled_skills\"}","timestamp":"2026-07-27T03:10:13.317Z"}

data: {"data":"{\"level\":30,\"time\":\"2026-07-27T03:10:13.242Z\",\"service\":\"omniroute\",\"module\":\"sse\",\"tag\":\"HTTP\",\"method\":\"POST\",\"path\":\"/v1/messages | nvidia/z-ai/glm-5.2 | 201 msgs | 40 tools\",\"msg\":\"📥 POST /v1/messages | nvidia/z-ai/glm-5.2 | 201 msgs | 40 tools\"}","timestamp":"2026-07-27T03:10:13.347Z"}

data: {"data":"{\"level\":30,\"time\":\"2026-07-27T03:10:13.253Z\",\"service\":\"omniroute\",\"module\":\"sse\",\"tag\":\"ROUTING\",\"msg\":\"Provider: nvidia, Model: z-ai/glm-5.2\"}","timestamp":"2026-07-27T03:10:13.348Z"}

data: {"data":"{\"level\":30,\"time\":\"2026-07-27T03:10:13.257Z\",\"service\":\"omniroute\",\"module\":\"sse\",\"tag\":\"AUTH\",\"msg\":\"session_key=input:sha256:eebcc... has no available affinity target\"}","timestamp":"2026-07-27T03:10:13.348Z"}

data: {"data":"{\"level\":30,\"time\":\"2026-07-27T03:10:13.258Z\",\"service\":\"omniroute\",\"module\":\"sse\",\"tag\":\"AUTH\",\"msg\":\"Using nvidia account: f2b0933a...\"}","timestamp":"2026-07-27T03:10:13.348Z"}

data: {"data":"[ProxyEgress] nvidia/f2b0933a in=113.20.2.214 out=44.196.116.2 proxy=direct status=success","timestamp":"2026-07-27T03:10:20.374Z"}

data: {"data":"time=2026-07-27T03:10:34.633Z level=INFO msg=\"compaction complete\" level=1 txid.min=0000000000000300 txid.max=0000000000000305 size=53938","timestamp":"2026-07-27T03:10:34.633Z"}

data: {"data":"🧹 [RATE-LIMIT] Evicting idle limiter: nvidia:09665ab2-ccd5-473b-9674-14967d3741b7 (inactive for 615s)","timestamp":"2026-07-27T03:10:34.807Z"}

data: {"data":"🧹 [RATE-LIMIT] Evicting idle limiter: nvidia:2d9ef15f-bc96-49d8-b476-56b2ad65c431 (inactive for 611s)","timestamp":"2026-07-27T03:10:34.807Z"}

data: {"data":"[03:10:57] 📊 \u001b[32m[USAGE] NVIDIA | in=129739 | out=1092 | account=f2b0933a...\u001b[0m \u001b[33m(estimated)\u001b[0m | cache_read=128640","timestamp":"2026-07-27T03:10:57.465Z"}

data: {"data":"[03:10:57] 🌊 [STREAM] NVIDIA | z-ai/glm-5.2 | 44147ms | complete","timestamp":"2026-07-27T03:10:57.471Z"}

data: {"data":"[INFO] [SKILLS_INJECTION] skills.injection.skipped {\"apiKeyId\":\"env-key\",\"reason\":\"no_enabled_skills\"}","timestamp":"2026-07-27T03:10:58.815Z"}

data: {"data":"{\"level\":30,\"time\":\"2026-07-27T03:10:58.758Z\",\"service\":\"omniroute\",\"module\":\"sse\",\"tag\":\"HTTP\",\"method\":\"POST\",\"path\":\"/v1/messages | nvidia/z-ai/glm-5.2 | 203 msgs | 40 tools\",\"msg\":\"📥 POST /v1/messages | nvidia/z-ai/glm-5.2 | 203 msgs | 40 tools\"}","timestamp":"2026-07-27T03:10:58.836Z"}

data: {"data":"{\"level\":30,\"time\":\"2026-07-27T03:10:58.766Z\",\"service\":\"omniroute\",\"module\":\"sse\",\"tag\":\"ROUTING\",\"msg\":\"Provider: nvidia, Model: z-ai/glm-5.2\"}","timestamp":"2026-07-27T03:10:58.836Z"}

data: {"data":"{\"level\":30,\"time\":\"2026-07-27T03:10:58.772Z\",\"service\":\"omniroute\",\"module\":\"sse\",\"tag\":\"AUTH\",\"msg\":\"session_key=input:sha256:eebcc... has no available affinity target\"}","timestamp":"2026-07-27T03:10:58.836Z"}

data: {"data":"{\"level\":30,\"time\":\"2026-07-27T03:10:58.773Z\",\"service\":\"omniroute\",\"module\":\"sse\",\"tag\":\"AUTH\",\"msg\":\"Using nvidia account: 9cda5fc2...\"}","timestamp":"2026-07-27T03:10:58.836Z"}

data: {"data":"🧹 [RATE-LIMIT] Evicting idle limiter: nvidia:53f96ffa-5bb1-424c-925f-86c1b44688ec (inactive for 621s)","timestamp":"2026-07-27T03:11:04.813Z"}

data: {"data":"🧹 [RATE-LIMIT] Evicting idle limiter: nvidia:deb0258d-ecce-4c26-ad39-542c44736a0a (inactive for 612s)","timestamp":"2026-07-27T03:11:04.813Z"}

data: {"data":"time=2026-07-27T03:11:04.892Z level=INFO msg=\"compaction complete\" level=1 txid.min=0000000000000306 txid.max=0000000000000308 size=433062","timestamp":"2026-07-27T03:11:04.892Z"}

data: {"data":"[ProxyEgress] nvidia/9cda5fc2 in=113.20.2.214 out=44.196.116.2 proxy=direct status=success","timestamp":"2026-07-27T03:11:05.177Z"}

data: {"data":"[03:11:31] 📊 \u001b[32m[USAGE] NVIDIA | in=130874 | out=1171 | account=9cda5fc2...\u001b[0m \u001b[33m(estimated)\u001b[0m | cache_read=384","timestamp":"2026-07-27T03:11:31.620Z"}

data: {"data":"[03:11:31] 🌊 [STREAM] NVIDIA | z-ai/glm-5.2 | 32806ms | complete","timestamp":"2026-07-27T03:11:31.625Z"}

data: {"data":"[INFO] [SKILLS_INJECTION] skills.injection.skipped {\"apiKeyId\":\"env-key\",\"reason\":\"no_enabled_skills\"}","timestamp":"2026-07-27T03:11:32.964Z"}

data: {"data":"{\"level\":30,\"time\":\"2026-07-27T03:11:32.906Z\",\"service\":\"omniroute\",\"module\":\"sse\",\"tag\":\"HTTP\",\"method\":\"POST\",\"path\":\"/v1/messages | nvidia/z-ai/glm-5.2 | 205 msgs | 40 tools\",\"msg\":\"📥 POST /v1/messages | nvidia/z-ai/glm-5.2 | 205 msgs | 40 tools\"}","timestamp":"2026-07-27T03:11:32.986Z"}

data: {"data":"{\"level\":30,\"time\":\"2026-07-27T03:11:32.916Z\",\"service\":\"omniroute\",\"module\":\"sse\",\"tag\":\"ROUTING\",\"msg\":\"Provider: nvidia, Model: z-ai/glm-5.2\"}","timestamp":"2026-07-27T03:11:32.986Z"}

data: {"data":"{\"level\":30,\"time\":\"2026-07-27T03:11:32.920Z\",\"service\":\"omniroute\",\"module\":\"sse\",\"tag\":\"AUTH\",\"msg\":\"session_key=input:sha256:eebcc... has no available affinity target\"}","timestamp":"2026-07-27T03:11:32.986Z"}

data: {"data":"{\"level\":30,\"time\":\"2026-07-27T03:11:32.921Z\",\"service\":\"omniroute\",\"module\":\"sse\",\"tag\":\"AUTH\",\"msg\":\"Using nvidia account: d1717878...\"}","timestamp":"2026-07-27T03:11:32.986Z"}

data: {"data":"[ProxyEgress] nvidia/d1717878 in=113.20.2.214 out=44.196.116.2 proxy=direct status=success","timestamp":"2026-07-27T03:11:33.869Z"}

data: {"data":"🧹 [RATE-LIMIT] Evicting idle limiter: nvidia:3317f8d3-ffa6-4e41-a8ad-7eeaf91a3f93 (inactive for 610s)","timestamp":"2026-07-27T03:11:34.807Z"}

data: {"data":"[03:11:36] 📊 \u001b[32m[USAGE] NVIDIA | in=132088 | out=227 | account=d1717878...\u001b[0m \u001b[33m(estimated)\u001b[0m | cache_read=132032","timestamp":"2026-07-27T03:11:36.609Z"}

data: {"data":"[03:11:36] 🌊 [STREAM] NVIDIA | z-ai/glm-5.2 | 3645ms | complete","timestamp":"2026-07-27T03:11:36.617Z"}

data: {"data":"[INFO] [SKILLS_INJECTION] skills.injection.skipped {\"apiKeyId\":\"env-key\",\"reason\":\"no_enabled_skills\"}","timestamp":"2026-07-27T03:11:37.669Z"}

data: {"data":"{\"level\":30,\"time\":\"2026-07-27T03:11:37.605Z\",\"service\":\"omniroute\",\"module\":\"sse\",\"tag\":\"HTTP\",\"method\":\"POST\",\"path\":\"/v1/messages | nvidia/z-ai/glm-5.2 | 207 msgs | 40 tools\",\"msg\":\"📥 POST /v1/messages | nvidia/z-ai/glm-5.2 | 207 msgs | 40 tools\"}","timestamp":"2026-07-27T03:11:37.723Z"}

data: {"data":"{\"level\":30,\"time\":\"2026-07-27T03:11:37.617Z\",\"service\":\"omniroute\",\"module\":\"sse\",\"tag\":\"ROUTING\",\"msg\":\"Provider: nvidia, Model: z-ai/glm-5.2\"}","timestamp":"2026-07-27T03:11:37.723Z"}

data: {"data":"{\"level\":30,\"time\":\"2026-07-27T03:11:37.620Z\",\"service\":\"omniroute\",\"module\":\"sse\",\"tag\":\"AUTH\",\"msg\":\"session_key=input:sha256:eebcc... has no available affinity target\"}","timestamp":"2026-07-27T03:11:37.723Z"}

data: {"data":"{\"level\":30,\"time\":\"2026-07-27T03:11:37.621Z\",\"service\":\"omniroute\",\"module\":\"sse\",\"tag\":\"AUTH\",\"msg\":\"Using nvidia account: a0c72227...\"}","timestamp":"2026-07-27T03:11:37.723Z"}

data: {"data":"[ProxyEgress] nvidia/a0c72227 in=113.20.2.214 out=44.196.116.2 proxy=direct status=success","timestamp":"2026-07-27T03:11:39.204Z"}

data: {"data":"[03:11:40] 📊 \u001b[32m[USAGE] NVIDIA | in=132358 | out=158 | account=a0c72227...\u001b[0m \u001b[33m(estimated)\u001b[0m | cache_read=130816","timestamp":"2026-07-27T03:11:40.530Z"}

data: {"data":"[03:11:40] 🌊 [STREAM] NVIDIA | z-ai/glm-5.2 | 2861ms | complete","timestamp":"2026-07-27T03:11:40.535Z"}

data: {"data":"[INFO] [SKILLS_INJECTION] skills.injection.skipped {\"apiKeyId\":\"env-key\",\"reason\":\"no_enabled_skills\"}","timestamp":"2026-07-27T03:11:41.538Z"}

data: {"data":"{\"level\":30,\"time\":\"2026-07-27T03:11:41.466Z\",\"service\":\"omniroute\",\"module\":\"sse\",\"tag\":\"HTTP\",\"method\":\"POST\",\"path\":\"/v1/messages | nvidia/z-ai/glm-5.2 | 210 msgs | 40 tools\",\"msg\":\"📥 POST /v1/messages | nvidia/z-ai/glm-5.2 | 210 msgs | 40 tools\"}","timestamp":"2026-07-27T03:11:41.556Z"}

data: {"data":"{\"level\":30,\"time\":\"2026-07-27T03:11:41.474Z\",\"service\":\"omniroute\",\"module\":\"sse\",\"tag\":\"ROUTING\",\"msg\":\"Provider: nvidia, Model: z-ai/glm-5.2\"}","timestamp":"2026-07-27T03:11:41.557Z"}

data: {"data":"{\"level\":30,\"time\":\"2026-07-27T03:11:41.478Z\",\"service\":\"omniroute\",\"module\":\"sse\",\"tag\":\"AUTH\",\"msg\":\"session_key=input:sha256:eebcc... has no available affinity target\"}","timestamp":"2026-07-27T03:11:41.557Z"}

data: {"data":"{\"level\":30,\"time\":\"2026-07-27T03:11:41.478Z\",\"service\":\"omniroute\",\"module\":\"sse\",\"tag\":\"AUTH\",\"msg\":\"Using nvidia account: 38a09429...\"}","timestamp":"2026-07-27T03:11:41.557Z"}

data: {"data":"[ProxyEgress] nvidia/38a09429 in=113.20.2.214 out=44.196.116.2 proxy=direct status=success","timestamp":"2026-07-27T03:11:44.156Z"}

data: {"data":"time=2026-07-27T03:12:04.705Z level=INFO msg=\"l0 retention enforced\" db=storage.sqlite deleted_count=8 max_l1_txid=0000000000000312","timestamp":"2026-07-27T03:12:04.705Z"}

data: {"data":"time=2026-07-27T03:12:04.705Z level=INFO msg=\"compaction complete\" level=1 txid.min=0000000000000309 txid.max=0000000000000312 size=53089","timestamp":"2026-07-27T03:12:04.705Z"}

data: {"data":"🧹 [RATE-LIMIT] Evicting idle limiter: nvidia:c5116293-3a1e-420b-890b-ddff9ee0db57 (inactive for 626s)","timestamp":"2026-07-27T03:12:04.807Z"}

data: {"data":"[03:12:08] 📊 \u001b[32m[USAGE] NVIDIA | in=132687 | out=777 | account=38a09429...\u001b[0m \u001b[33m(estimated)\u001b[0m | cache_read=132288","timestamp":"2026-07-27T03:12:08.180Z"}

data: {"data":"[03:12:08] 🌊 [STREAM] NVIDIA | z-ai/glm-5.2 | 26643ms | complete","timestamp":"2026-07-27T03:12:08.185Z"}

data: {"data":"[INFO] [SKILLS_INJECTION] skills.injection.skipped {\"apiKeyId\":\"env-key\",\"reason\":\"no_enabled_skills\"}","timestamp":"2026-07-27T03:12:13.365Z"}

data: {"data":"{\"level\":30,\"time\":\"2026-07-27T03:12:13.307Z\",\"service\":\"omniroute\",\"module\":\"sse\",\"tag\":\"HTTP\",\"method\":\"POST\",\"path\":\"/v1/messages | nvidia/z-ai/glm-5.2 | 212 msgs | 40 tools\",\"msg\":\"📥 POST /v1/messages | nvidia/z-ai/glm-5.2 | 212 msgs | 40 tools\"}","timestamp":"2026-07-27T03:12:13.383Z"}

data: {"data":"{\"level\":30,\"time\":\"2026-07-27T03:12:13.320Z\",\"service\":\"omniroute\",\"module\":\"sse\",\"tag\":\"ROUTING\",\"msg\":\"Provider: nvidia, Model: z-ai/glm-5.2\"}","timestamp":"2026-07-27T03:12:13.383Z"}

data: {"data":"{\"level\":30,\"time\":\"2026-07-27T03:12:13.324Z\",\"service\":\"omniroute\",\"module\":\"sse\",\"tag\":\"AUTH\",\"msg\":\"session_key=input:sha256:eebcc... has no available affinity target\"}","timestamp":"2026-07-27T03:12:13.383Z"}

data: {"data":"{\"level\":30,\"time\":\"2026-07-27T03:12:13.325Z\",\"service\":\"omniroute\",\"module\":\"sse\",\"tag\":\"AUTH\",\"msg\":\"Using nvidia account: 9865dfaa...\"}","timestamp":"2026-07-27T03:12:13.383Z"}

data: {"data":"[ProxyEgress] nvidia/9865dfaa in=113.20.2.214 out=44.196.116.2 proxy=direct status=success","timestamp":"2026-07-27T03:12:19.849Z"}

data: {"data":"[03:12:29] 📊 \u001b[32m[USAGE] NVIDIA | in=133546 | out=117 | account=9865dfaa...\u001b[0m \u001b[33m(estimated)\u001b[0m | cache_read=1856","timestamp":"2026-07-27T03:12:29.354Z"}

data: {"data":"[03:12:29] 🌊 [STREAM] NVIDIA | z-ai/glm-5.2 | 15988ms | complete","timestamp":"2026-07-27T03:12:29.359Z"}

data: {"data":"[INFO] [SKILLS_INJECTION] skills.injection.skipped {\"apiKeyId\":\"env-key\",\"reason\":\"no_enabled_skills\"}","timestamp":"2026-07-27T03:12:30.226Z"}

data: {"data":"{\"level\":30,\"time\":\"2026-07-27T03:12:30.158Z\",\"service\":\"omniroute\",\"module\":\"sse\",\"tag\":\"HTTP\",\"method\":\"POST\",\"path\":\"/v1/messages | nvidia/z-ai/glm-5.2 | 214 msgs | 40 tools\",\"msg\":\"📥 POST /v1/messages | nvidia/z-ai/glm-5.2 | 214 msgs | 40 tools\"}","timestamp":"2026-07-27T03:12:30.244Z"}

data: {"data":"{\"level\":30,\"time\":\"2026-07-27T03:12:30.166Z\",\"service\":\"omniroute\",\"module\":\"sse\",\"tag\":\"ROUTING\",\"msg\":\"Provider: nvidia, Model: z-ai/glm-5.2\"}","timestamp":"2026-07-27T03:12:30.244Z"}

data: {"data":"{\"level\":30,\"time\":\"2026-07-27T03:12:30.169Z\",\"service\":\"omniroute\",\"module\":\"sse\",\"tag\":\"AUTH\",\"msg\":\"session_key=input:sha256:eebcc... has no available affinity target\"}","timestamp":"2026-07-27T03:12:30.244Z"}

data: {"data":"{\"level\":30,\"time\":\"2026-07-27T03:12:30.170Z\",\"service\":\"omniroute\",\"module\":\"sse\",\"tag\":\"AUTH\",\"msg\":\"Using nvidia account: 3f77f218...\"}","timestamp":"2026-07-27T03:12:30.244Z"}

data: {"data":"time=2026-07-27T03:12:36.720Z level=INFO msg=\"compaction complete\" level=1 txid.min=0000000000000313 txid.max=0000000000000316 size=436922","timestamp":"2026-07-27T03:12:36.720Z"}

data: {"data":"[ProxyEgress] nvidia/3f77f218 in=113.20.2.214 out=44.196.116.2 proxy=direct status=success","timestamp":"2026-07-27T03:12:44.348Z"}

data: {"data":"🧹 [RATE-LIMIT] Evicting idle limiter: nvidia:cb888a54-217d-4ad6-b191-1cc5d06841e0 (inactive for 619s)","timestamp":"2026-07-27T03:13:04.808Z"}

data: {"data":"🧹 [RATE-LIMIT] Evicting idle limiter: nvidia:d65f33e2-26b4-4096-bb40-214be567a5f8 (inactive for 610s)","timestamp":"2026-07-27T03:13:04.808Z"}

data: {"data":"time=2026-07-27T03:13:04.952Z level=INFO msg=\"compaction complete\" level=1 txid.min=0000000000000317 txid.max=0000000000000319 size=43730","timestamp":"2026-07-27T03:13:04.952Z"}

data: {"data":"[03:13:08] 📊 \u001b[32m[USAGE] NVIDIA | in=133743 | out=513 | account=3f77f218...\u001b[0m \u001b[33m(estimated)\u001b[0m | cache_read=192","timestamp":"2026-07-27T03:13:08.889Z"}

data: {"data":"[03:13:08] 🌊 [STREAM] NVIDIA | z-ai/glm-5.2 | 38667ms | complete","timestamp":"2026-07-27T03:13:08.898Z"}

data: {"data":"[INFO] [SKILLS_INJECTION] skills.injection.skipped {\"apiKeyId\":\"env-key\",\"reason\":\"no_enabled_skills\"}","timestamp":"2026-07-27T03:13:32.768Z"}

data: {"data":"{\"level\":30,\"time\":\"2026-07-27T03:13:32.704Z\",\"service\":\"omniroute\",\"module\":\"sse\",\"tag\":\"HTTP\",\"method\":\"POST\",\"path\":\"/v1/messages | nvidia/z-ai/glm-5.2 | 216 msgs | 40 tools\",\"msg\":\"📥 POST /v1/messages | nvidia/z-ai/glm-5.2 | 216 msgs | 40 tools\"}","timestamp":"2026-07-27T03:13:32.801Z"}

data: {"data":"{\"level\":30,\"time\":\"2026-07-27T03:13:32.717Z\",\"service\":\"omniroute\",\"module\":\"sse\",\"tag\":\"ROUTING\",\"msg\":\"Provider: nvidia, Model: z-ai/glm-5.2\"}","timestamp":"2026-07-27T03:13:32.801Z"}

data: {"data":"{\"level\":30,\"time\":\"2026-07-27T03:13:32.719Z\",\"service\":\"omniroute\",\"module\":\"sse\",\"tag\":\"AUTH\",\"msg\":\"session_key=input:sha256:eebcc... has no available affinity target\"}","timestamp":"2026-07-27T03:13:32.801Z"}

data: {"data":"{\"level\":30,\"time\":\"2026-07-27T03:13:32.720Z\",\"service\":\"omniroute\",\"module\":\"sse\",\"tag\":\"AUTH\",\"msg\":\"Using nvidia account: a68545c0...\"}","timestamp":"2026-07-27T03:13:32.801Z"}

data: {"data":"time=2026-07-27T03:13:34.784Z level=INFO msg=\"compaction complete\" level=1 txid.min=000000000000031a txid.max=000000000000031b size=438178","timestamp":"2026-07-27T03:13:34.784Z"}

data: {"data":"[ProxyEgress] nvidia/a68545c0 in=113.20.2.214 out=44.196.116.2 proxy=direct status=success","timestamp":"2026-07-27T03:13:39.969Z"}

data: {"data":"[03:13:41] 📊 \u001b[32m[USAGE] NVIDIA | in=134323 | out=145 | account=a68545c0...\u001b[0m \u001b[33m(estimated)\u001b[0m | cache_read=384","timestamp":"2026-07-27T03:13:41.905Z"}

data: {"data":"[03:13:41] 🌊 [STREAM] NVIDIA | z-ai/glm-5.2 | 9139ms | complete","timestamp":"2026-07-27T03:13:41.913Z"}

data: {"data":"[INFO] [SKILLS_INJECTION] skills.injection.skipped {\"apiKeyId\":\"env-key\",\"reason\":\"no_enabled_skills\"}","timestamp":"2026-07-27T03:13:43.974Z"}

data: {"data":"{\"level\":30,\"time\":\"2026-07-27T03:13:43.915Z\",\"service\":\"omniroute\",\"module\":\"sse\",\"tag\":\"HTTP\",\"method\":\"POST\",\"path\":\"/v1/messages | nvidia/z-ai/glm-5.2 | 216 msgs | 40 tools\",\"msg\":\"📥 POST /v1/messages | nvidia/z-ai/glm-5.2 | 216 msgs | 40 tools\"}","timestamp":"2026-07-27T03:13:44.001Z"}

data: {"data":"{\"level\":30,\"time\":\"2026-07-27T03:13:43.925Z\",\"service\":\"omniroute\",\"module\":\"sse\",\"tag\":\"ROUTING\",\"msg\":\"Provider: nvidia, Model: z-ai/glm-5.2\"}","timestamp":"2026-07-27T03:13:44.001Z"}

data: {"data":"{\"level\":30,\"time\":\"2026-07-27T03:13:43.928Z\",\"service\":\"omniroute\",\"module\":\"sse\",\"tag\":\"AUTH\",\"msg\":\"session_key=input:sha256:eebcc... has no available affinity target\"}","timestamp":"2026-07-27T03:13:44.001Z"}

data: {"data":"{\"level\":30,\"time\":\"2026-07-27T03:13:43.929Z\",\"service\":\"omniroute\",\"module\":\"sse\",\"tag\":\"AUTH\",\"msg\":\"Using nvidia account: dd511141...\"}","timestamp":"2026-07-27T03:13:44.001Z"}

data: {"data":"[ProxyEgress] nvidia/dd511141 in=113.20.2.214 out=44.196.116.2 proxy=direct status=success","timestamp":"2026-07-27T03:13:44.783Z"}

data: {"data":"time=2026-07-27T03:14:04.841Z level=INFO msg=\"compaction complete\" level=1 txid.min=000000000000031c txid.max=000000000000031f size=42649","timestamp":"2026-07-27T03:14:04.841Z"}

data: {"data":"time=2026-07-27T03:14:56.647Z level=INFO msg=\"l0 retention enforced\" db=storage.sqlite deleted_count=2 max_l1_txid=000000000000031f","timestamp":"2026-07-27T03:14:56.648Z"}

data: {"data":"time=2026-07-27T03:15:03.515Z level=INFO msg=\"l0 retention enforced\" db=storage.sqlite deleted_count=2 max_l1_txid=0000000000000321","timestamp":"2026-07-27T03:15:03.515Z"}

data: {"data":"time=2026-07-27T03:15:03.515Z level=INFO msg=\"compaction complete\" level=1 txid.min=0000000000000320 txid.max=0000000000000321 size=438881","timestamp":"2026-07-27T03:15:03.515Z"}

data: {"data":"time=2026-07-27T03:15:08.900Z level=INFO msg=\"compaction complete\" level=2 txid.min=0000000000000300 txid.max=0000000000000321 size=438881","timestamp":"2026-07-27T03:15:08.900Z"}

data: {"data":"🧹 [RATE-LIMIT] Evicting idle limiter: nvidia:ccaad834-d081-4ec4-8e8d-713afc7d722f (inactive for 610s)","timestamp":"2026-07-27T03:16:34.809Z"}

data: {"data":"🧹 [RATE-LIMIT] Evicting idle limiter: nvidia:def58a55-cab9-4048-a69b-4fa1ae9d557a (inactive for 602s)","timestamp":"2026-07-27T03:16:34.810Z"}

data: {"data":"🧹 [RATE-LIMIT] Evicting idle limiter: nvidia:2d039916-88d8-495f-b886-bd5dc25ce047 (inactive for 611s)","timestamp":"2026-07-27T03:17:04.810Z"}

data: {"data":"[03:19:40] 📊 \u001b[32m[USAGE] NVIDIA | in=135616 | out=10804 | account=dd511141...\u001b[0m \u001b[33m(estimated)\u001b[0m | cache_read=134272","timestamp":"2026-07-27T03:19:40.348Z"}

data: {"data":"[03:19:40] 🌊 [STREAM] NVIDIA | z-ai/glm-5.2 | 356375ms | complete","timestamp":"2026-07-27T03:19:40.354Z"}

data: {"data":"[INFO] [SKILLS_INJECTION] skills.injection.skipped {\"apiKeyId\":\"env-key\",\"reason\":\"no_enabled_skills\"}","timestamp":"2026-07-27T03:19:42.803Z"}

data: {"data":"{\"level\":30,\"time\":\"2026-07-27T03:19:42.768Z\",\"service\":\"omniroute\",\"module\":\"sse\",\"tag\":\"HTTP\",\"method\":\"POST\",\"path\":\"/v1/messages | nvidia/z-ai/glm-5.2 | 4 msgs | 40 tools\",\"msg\":\"📥 POST /v1/messages | nvidia/z-ai/glm-5.2 | 4 msgs | 40 tools\"}","timestamp":"2026-07-27T03:19:42.815Z"}

data: {"data":"{\"level\":30,\"time\":\"2026-07-27T03:19:42.771Z\",\"service\":\"omniroute\",\"module\":\"sse\",\"tag\":\"ROUTING\",\"msg\":\"Provider: nvidia, Model: z-ai/glm-5.2\"}","timestamp":"2026-07-27T03:19:42.816Z"}

data: {"data":"{\"level\":30,\"time\":\"2026-07-27T03:19:42.775Z\",\"service\":\"omniroute\",\"module\":\"sse\",\"tag\":\"AUTH\",\"msg\":\"session_key=input:sha256:eebcc... has no available affinity target\"}","timestamp":"2026-07-27T03:19:42.816Z"}

data: {"data":"{\"level\":30,\"time\":\"2026-07-27T03:19:42.775Z\",\"service\":\"omniroute\",\"module\":\"sse\",\"tag\":\"AUTH\",\"msg\":\"Using nvidia account: 2d9ef15f...\"}","timestamp":"2026-07-27T03:19:42.816Z"}

data: {"data":"[03:19:52] 📊 \u001b[32m[USAGE] NVIDIA | in=45275 | out=230 | account=2d9ef15f...\u001b[0m \u001b[33m(estimated)\u001b[0m | cache_read=1856","timestamp":"2026-07-27T03:19:52.395Z"}

data: {"data":"[03:19:52] 🌊 [STREAM] NVIDIA | z-ai/glm-5.2 | 9599ms | complete","timestamp":"2026-07-27T03:19:52.406Z"}

data: {"data":"time=2026-07-27T03:19:58.424Z level=INFO msg=\"l0 retention enforced\" db=storage.sqlite deleted_count=34 max_l1_txid=0000000000000321","timestamp":"2026-07-27T03:19:58.424Z"}

data: {"data":"time=2026-07-27T03:20:02.872Z level=INFO msg=\"compaction complete\" level=1 txid.min=0000000000000322 txid.max=0000000000000328 size=439818","timestamp":"2026-07-27T03:20:02.872Z"}

data: {"data":"🧹 [RATE-LIMIT] Evicting idle limiter: nvidia:d6a27df9-fb28-429e-9c1d-dbe475f7ea4d (inactive for 611s)","timestamp":"2026-07-27T03:20:04.813Z"}

data: {"data":"🧹 [RATE-LIMIT] Evicting idle limiter: nvidia:7d5d42c4-bb15-43da-a1b5-a4a2b52871c2 (inactive for 604s)","timestamp":"2026-07-27T03:20:04.813Z"}

data: {"data":"time=2026-07-27T03:20:07.971Z level=INFO msg=\"compaction complete\" level=2 txid.min=0000000000000322 txid.max=0000000000000328 size=439818","timestamp":"2026-07-27T03:20:07.971Z"}

data: {"data":"🧹 [RATE-LIMIT] Evicting idle limiter: nvidia:f2b0933a-888d-4a49-ab58-6012fcfb9314 (inactive for 614s)","timestamp":"2026-07-27T03:20:34.813Z"}

data: {"data":"🧹 [RATE-LIMIT] Evicting idle limiter: nvidia:9cda5fc2-7ae2-426a-a38c-35b9aa4856af (inactive for 630s)","timestamp":"2026-07-27T03:21:34.814Z"}

data: {"data":"🧹 [RATE-LIMIT] Evicting idle limiter: nvidia:d1717878-cbd3-4392-b5af-5add1c10d751 (inactive for 601s)","timestamp":"2026-07-27T03:21:34.814Z"}

data: {"data":"🧹 [RATE-LIMIT] Evicting idle limiter: nvidia:a0c72227-ba89-4b89-bae4-cff099d02562 (inactive for 626s)","timestamp":"2026-07-27T03:22:04.814Z"}

data: {"data":"🧹 [RATE-LIMIT] Evicting idle limiter: nvidia:38a09429-95ad-4b2f-940b-ed886fad7d7a (inactive for 621s)","timestamp":"2026-07-27T03:22:04.814Z"}

data: {"data":"🧹 [RATE-LIMIT] Evicting idle limiter: nvidia:9865dfaa-3680-4a2c-a952-16cf94dddd04 (inactive for 615s)","timestamp":"2026-07-27T03:22:34.815Z"}

data: {"data":"[INFO] [SKILLS_INJECTION] skills.injection.skipped {\"apiKeyId\":\"env-key\",\"reason\":\"no_enabled_skills\"}","timestamp":"2026-07-27T03:22:53.230Z"}

data: {"data":"{\"level\":30,\"time\":\"2026-07-27T03:22:53.194Z\",\"service\":\"omniroute\",\"module\":\"sse\",\"tag\":\"HTTP\",\"method\":\"POST\",\"path\":\"/v1/messages | nvidia/z-ai/glm-5.2 | 6 msgs | 40 tools\",\"msg\":\"📥 POST /v1/messages | nvidia/z-ai/glm-5.2 | 6 msgs | 40 tools\"}","timestamp":"2026-07-27T03:22:53.239Z"}

data: {"data":"{\"level\":30,\"time\":\"2026-07-27T03:22:53.200Z\",\"service\":\"omniroute\",\"module\":\"sse\",\"tag\":\"ROUTING\",\"msg\":\"Provider: nvidia, Model: z-ai/glm-5.2\"}","timestamp":"2026-07-27T03:22:53.239Z"}

data: {"data":"{\"level\":30,\"time\":\"2026-07-27T03:22:53.205Z\",\"service\":\"omniroute\",\"module\":\"sse\",\"tag\":\"AUTH\",\"msg\":\"session_key=input:sha256:eebcc... has no available affinity target\"}","timestamp":"2026-07-27T03:22:53.239Z"}

data: {"data":"{\"level\":30,\"time\":\"2026-07-27T03:22:53.205Z\",\"service\":\"omniroute\",\"module\":\"sse\",\"tag\":\"AUTH\",\"msg\":\"Using nvidia account: 53f96ffa...\"}","timestamp":"2026-07-27T03:22:53.239Z"}

data: {"data":"[ProxyEgress] nvidia/53f96ffa in=113.20.2.214 out=44.196.116.2 proxy=direct status=success","timestamp":"2026-07-27T03:23:00.339Z"}

data: {"data":"[03:23:01] 📊 \u001b[32m[USAGE] NVIDIA | in=45570 | out=79 | account=53f96ffa...\u001b[0m \u001b[33m(estimated)\u001b[0m | cache_read=384","timestamp":"2026-07-27T03:23:01.511Z"}

data: {"data":"[03:23:01] 🌊 [STREAM] NVIDIA | z-ai/glm-5.2 | 8286ms | complete","timestamp":"2026-07-27T03:23:01.519Z"}

data: {"data":"time=2026-07-27T03:23:02.839Z level=INFO msg=\"compaction complete\" level=1 txid.min=0000000000000329 txid.max=000000000000032a size=439819","timestamp":"2026-07-27T03:23:02.839Z"}

data: {"data":"🧹 [RATE-LIMIT] Evicting idle limiter: nvidia:3f77f218-ee98-443b-b2de-e0cdb8761144 (inactive for 620s)","timestamp":"2026-07-27T03:23:04.815Z"}

data: {"data":"time=2026-07-27T03:23:35.123Z level=INFO msg=\"compaction complete\" level=1 txid.min=000000000000032b txid.max=000000000000032c size=48595","timestamp":"2026-07-27T03:23:35.123Z"}

data: {"data":"🧹 [RATE-LIMIT] Evicting idle limiter: nvidia:a68545c0-554a-43c9-9ad4-e09885e762e7 (inactive for 625s)","timestamp":"2026-07-27T03:24:04.815Z"}

data: {"data":"🧹 [RATE-LIMIT] Evicting idle limiter: nvidia:dd511141-af6e-4944-8af4-c0397507c799 (inactive for 620s)","timestamp":"2026-07-27T03:24:04.815Z"}

data: {"data":"time=2026-07-27T03:24:56.872Z level=INFO msg=\"l0 retention enforced\" db=storage.sqlite deleted_count=5 max_l1_txid=000000000000032c","timestamp":"2026-07-27T03:24:56.872Z"}

data: {"data":"time=2026-07-27T03:25:03.587Z level=INFO msg=\"l0 retention enforced\" db=storage.sqlite deleted_count=2 max_l1_txid=000000000000032e","timestamp":"2026-07-27T03:25:03.587Z"}

data: {"data":"time=2026-07-27T03:25:03.587Z level=INFO msg=\"compaction complete\" level=1 txid.min=000000000000032d txid.max=000000000000032e size=441428","timestamp":"2026-07-27T03:25:03.587Z"}

data: {"data":"time=2026-07-27T03:25:05.384Z level=INFO msg=\"compaction complete\" level=2 txid.min=0000000000000329 txid.max=000000000000032e size=441428","timestamp":"2026-07-27T03:25:05.384Z"}

data: {"data":"time=2026-07-27T03:29:56.764Z level=INFO msg=\"l0 retention enforced\" db=storage.sqlite deleted_count=5 max_l1_txid=000000000000032e","timestamp":"2026-07-27T03:29:56.764Z"}

data: {"data":"🧹 [RATE-LIMIT] Evicting idle limiter: nvidia:2d9ef15f-bc96-49d8-b476-56b2ad65c431 (inactive for 620s)","timestamp":"2026-07-27T03:30:04.815Z"}

data: {"data":"🧹 [RATE-LIMIT] Evicting idle limiter: nvidia:53f96ffa-5bb1-424c-925f-86c1b44688ec (inactive for 604s)","timestamp":"2026-07-27T03:33:04.816Z"}

data: {"data":"[ProviderLimitsSync] Cycle complete: 0/0 synced in 5ms","timestamp":"2026-07-27T03:55:40.258Z"}

data: {"data":"time=2026-07-27T03:56:03.838Z level=INFO msg=\"l0 retention enforced\" db=storage.sqlite deleted_count=1 max_l1_txid=0000000000000330","timestamp":"2026-07-27T03:56:03.838Z"}

data: {"data":"time=2026-07-27T03:56:03.838Z level=INFO msg=\"compaction complete\" level=1 txid.min=000000000000032f txid.max=0000000000000330 size=441428","timestamp":"2026-07-27T03:56:03.839Z"}

data: {"data":"time=2026-07-27T04:00:02.943Z level=INFO msg=\"compaction complete\" level=2 txid.min=000000000000032f txid.max=0000000000000330 size=441428","timestamp":"2026-07-27T04:00:02.943Z"}

data: {"data":"time=2026-07-27T04:00:04.105Z level=INFO msg=\"snapshot complete\" txid=0000000000000330 size=441428","timestamp":"2026-07-27T04:00:04.105Z"}

data: {"data":"time=2026-07-27T04:00:11.967Z level=INFO msg=\"compaction complete\" level=3 txid.min=00000000000002be txid.max=0000000000000330 size=441428","timestamp":"2026-07-27T04:00:11.967Z"}

data: {"data":"time=2026-07-27T04:04:56.593Z level=INFO msg=\"l0 retention enforced\" db=storage.sqlite deleted_count=1 max_l1_txid=0000000000000330","timestamp":"2026-07-27T04:04:56.593Z"}

data: {"data":"time=2026-07-27T05:00:04.688Z level=INFO msg=\"snapshot complete\" txid=0000000000000330 size=441428","timestamp":"2026-07-27T05:00:04.688Z"}

data: {"data":"[INFO] [SKILLS_INJECTION] skills.injection.skipped {\"apiKeyId\":\"env-key\",\"reason\":\"no_enabled_skills\"}","timestamp":"2026-07-27T05:03:06.213Z"}

data: {"data":"{\"level\":30,\"time\":\"2026-07-27T05:03:06.171Z\",\"service\":\"omniroute\",\"module\":\"sse\",\"tag\":\"HTTP\",\"method\":\"POST\",\"path\":\"/v1/messages | nvidia/z-ai/glm-5.2 | 7 msgs | 40 tools\",\"msg\":\"📥 POST /v1/messages | nvidia/z-ai/glm-5.2 | 7 msgs | 40 tools\"}","timestamp":"2026-07-27T05:03:06.226Z"}

data: {"data":"{\"level\":30,\"time\":\"2026-07-27T05:03:06.177Z\",\"service\":\"omniroute\",\"module\":\"sse\",\"tag\":\"ROUTING\",\"msg\":\"Provider: nvidia, Model: z-ai/glm-5.2\"}","timestamp":"2026-07-27T05:03:06.226Z"}

data: {"data":"{\"level\":30,\"time\":\"2026-07-27T05:03:06.183Z\",\"service\":\"omniroute\",\"module\":\"sse\",\"tag\":\"AUTH\",\"msg\":\"session_key=input:sha256:eebcc... has no available affinity target\"}","timestamp":"2026-07-27T05:03:06.226Z"}

data: {"data":"{\"level\":30,\"time\":\"2026-07-27T05:03:06.183Z\",\"service\":\"omniroute\",\"module\":\"sse\",\"tag\":\"AUTH\",\"msg\":\"Using nvidia account: deb0258d...\"}","timestamp":"2026-07-27T05:03:06.226Z"}

data: {"data":"[05:03:13] 📊 \u001b[32m[USAGE] NVIDIA | in=47753 | out=75 | account=deb0258d...\u001b[0m \u001b[33m(estimated)\u001b[0m | cache_read=384","timestamp":"2026-07-27T05:03:13.428Z"}

data: {"data":"[05:03:13] 🌊 [STREAM] NVIDIA | z-ai/glm-5.2 | 7220ms | complete","timestamp":"2026-07-27T05:03:13.437Z"}

data: {"data":"[INFO] [SKILLS_INJECTION] skills.injection.skipped {\"apiKeyId\":\"env-key\",\"reason\":\"no_enabled_skills\"}","timestamp":"2026-07-27T05:03:14.238Z"}

data: {"data":"{\"level\":30,\"time\":\"2026-07-27T05:03:14.196Z\",\"service\":\"omniroute\",\"module\":\"sse\",\"tag\":\"HTTP\",\"method\":\"POST\",\"path\":\"/v1/messages | nvidia/z-ai/glm-5.2 | 9 msgs | 40 tools\",\"msg\":\"📥 POST /v1/messages | nvidia/z-ai/glm-5.2 | 9 msgs | 40 tools\"}","timestamp":"2026-07-27T05:03:14.250Z"}

data: {"data":"{\"level\":30,\"time\":\"2026-07-27T05:03:14.202Z\",\"service\":\"omniroute\",\"module\":\"sse\",\"tag\":\"ROUTING\",\"msg\":\"Provider: nvidia, Model: z-ai/glm-5.2\"}","timestamp":"2026-07-27T05:03:14.250Z"}

data: {"data":"{\"level\":30,\"time\":\"2026-07-27T05:03:14.205Z\",\"service\":\"omniroute\",\"module\":\"sse\",\"tag\":\"AUTH\",\"msg\":\"session_key=input:sha256:eebcc... has no available affinity target\"}","timestamp":"2026-07-27T05:03:14.250Z"}

data: {"data":"{\"level\":30,\"time\":\"2026-07-27T05:03:14.206Z\",\"service\":\"omniroute\",\"module\":\"sse\",\"tag\":\"AUTH\",\"msg\":\"Using nvidia account: 3317f8d3...\"}","timestamp":"2026-07-27T05:03:14.250Z"}

data: {"data":"[ProxyEgress] nvidia/3317f8d3 in=113.20.2.214 out=44.196.116.2 proxy=direct status=success","timestamp":"2026-07-27T05:03:18.305Z"}

data: {"data":"time=2026-07-27T05:03:33.916Z level=INFO msg=\"l0 retention enforced\" db=storage.sqlite deleted_count=1 max_l1_txid=0000000000000336","timestamp":"2026-07-27T05:03:33.917Z"}

data: {"data":"time=2026-07-27T05:03:33.917Z level=INFO msg=\"compaction complete\" level=1 txid.min=0000000000000331 txid.max=0000000000000336 size=442128","timestamp":"2026-07-27T05:03:33.917Z"}

data: {"data":"[05:03:38] 📊 \u001b[32m[USAGE] NVIDIA | in=48101 | out=311 | account=3317f8d3...\u001b[0m \u001b[33m(estimated)\u001b[0m | cache_read=576","timestamp":"2026-07-27T05:03:38.345Z"}

data: {"data":"[05:03:38] 🌊 [STREAM] NVIDIA | z-ai/glm-5.2 | 24112ms | complete","timestamp":"2026-07-27T05:03:38.354Z"}

data: {"data":"[INFO] [SKILLS_INJECTION] skills.injection.skipped {\"apiKeyId\":\"env-key\",\"reason\":\"no_enabled_skills\"}","timestamp":"2026-07-27T05:03:41.470Z"}

data: {"data":"{\"level\":30,\"time\":\"2026-07-27T05:03:41.427Z\",\"service\":\"omniroute\",\"module\":\"sse\",\"tag\":\"HTTP\",\"method\":\"POST\",\"path\":\"/v1/messages | nvidia/z-ai/glm-5.2 | 11 msgs | 40 tools\",\"msg\":\"📥 POST /v1/messages | nvidia/z-ai/glm-5.2 | 11 msgs | 40 tools\"}","timestamp":"2026-07-27T05:03:41.487Z"}

data: {"data":"{\"level\":30,\"time\":\"2026-07-27T05:03:41.434Z\",\"service\":\"omniroute\",\"module\":\"sse\",\"tag\":\"ROUTING\",\"msg\":\"Provider: nvidia, Model: z-ai/glm-5.2\"}","timestamp":"2026-07-27T05:03:41.487Z"}

data: {"data":"{\"level\":30,\"time\":\"2026-07-27T05:03:41.440Z\",\"service\":\"omniroute\",\"module\":\"sse\",\"tag\":\"AUTH\",\"msg\":\"session_key=input:sha256:eebcc... has no available affinity target\"}","timestamp":"2026-07-27T05:03:41.487Z"}

data: {"data":"{\"level\":30,\"time\":\"2026-07-27T05:03:41.441Z\",\"service\":\"omniroute\",\"module\":\"sse\",\"tag\":\"AUTH\",\"msg\":\"Using nvidia account: c5116293...\"}","timestamp":"2026-07-27T05:03:41.487Z"}

data: {"data":"[ProxyEgress] nvidia/c5116293 in=113.20.2.214 out=44.196.116.2 proxy=direct status=success","timestamp":"2026-07-27T05:03:43.533Z"}

data: {"data":"[05:03:45] 📊 \u001b[32m[USAGE] NVIDIA | in=48441 | out=152 | account=c5116293...\u001b[0m \u001b[33m(estimated)\u001b[0m | cache_read=704","timestamp":"2026-07-27T05:03:45.805Z"}

data: {"data":"[05:03:45] 🌊 [STREAM] NVIDIA | z-ai/glm-5.2 | 4338ms | complete","timestamp":"2026-07-27T05:03:45.819Z"}

data: {"data":"[INFO] [SKILLS_INJECTION] skills.injection.skipped {\"apiKeyId\":\"env-key\",\"reason\":\"no_enabled_skills\"}","timestamp":"2026-07-27T05:03:48.435Z"}

data: {"data":"{\"level\":30,\"time\":\"2026-07-27T05:03:48.395Z\",\"service\":\"omniroute\",\"module\":\"sse\",\"tag\":\"HTTP\",\"method\":\"POST\",\"path\":\"/v1/messages | nvidia/z-ai/glm-5.2 | 13 msgs | 40 tools\",\"msg\":\"📥 POST /v1/messages | nvidia/z-ai/glm-5.2 | 13 msgs | 40 tools\"}","timestamp":"2026-07-27T05:03:48.447Z"}

data: {"data":"{\"level\":30,\"time\":\"2026-07-27T05:03:48.403Z\",\"service\":\"omniroute\",\"module\":\"sse\",\"tag\":\"ROUTING\",\"msg\":\"Provider: nvidia, Model: z-ai/glm-5.2\"}","timestamp":"2026-07-27T05:03:48.447Z"}

data: {"data":"{\"level\":30,\"time\":\"2026-07-27T05:03:48.408Z\",\"service\":\"omniroute\",\"module\":\"sse\",\"tag\":\"AUTH\",\"msg\":\"session_key=input:sha256:eebcc... has no available affinity target\"}","timestamp":"2026-07-27T05:03:48.447Z"}

data: {"data":"{\"level\":30,\"time\":\"2026-07-27T05:03:48.409Z\",\"service\":\"omniroute\",\"module\":\"sse\",\"tag\":\"AUTH\",\"msg\":\"Using nvidia account: cb888a54...\"}","timestamp":"2026-07-27T05:03:48.447Z"}

data: {"data":"[ProxyEgress] nvidia/cb888a54 in=113.20.2.214 out=44.196.116.2 proxy=direct status=success","timestamp":"2026-07-27T05:03:49.849Z"}

data: {"data":"time=2026-07-27T05:04:06.148Z level=INFO msg=\"compaction complete\" level=1 txid.min=0000000000000337 txid.max=000000000000033c size=51252","timestamp":"2026-07-27T05:04:06.148Z"}

data: {"data":"time=2026-07-27T05:05:03.153Z level=INFO msg=\"compaction complete\" level=1 txid.min=000000000000033d txid.max=000000000000033e size=443218","timestamp":"2026-07-27T05:05:03.153Z"}

data: {"data":"time=2026-07-27T05:05:03.380Z level=INFO msg=\"compaction complete\" level=2 txid.min=0000000000000331 txid.max=000000000000033c size=443218","timestamp":"2026-07-27T05:05:03.380Z"}

data: {"data":"[05:05:37] 📊 \u001b[32m[USAGE] NVIDIA | in=48700 | out=986 | account=cb888a54...\u001b[0m \u001b[33m(estimated)\u001b[0m | cache_read=48576","timestamp":"2026-07-27T05:05:37.671Z"}

data: {"data":"[05:05:37] 🌊 [STREAM] NVIDIA | z-ai/glm-5.2 | 109240ms | complete","timestamp":"2026-07-27T05:05:37.679Z"}

data: {"data":"[ProviderLimitsSync] Cycle complete: 0/0 synced in 3ms","timestamp":"2026-07-27T05:05:40.256Z"}

data: {"data":"time=2026-07-27T05:06:02.960Z level=INFO msg=\"compaction complete\" level=1 txid.min=000000000000033f txid.max=0000000000000340 size=36556","timestamp":"2026-07-27T05:06:02.960Z"}

data: {"data":"[INFO] [SKILLS_INJECTION] skills.injection.skipped {\"apiKeyId\":\"env-key\",\"reason\":\"no_enabled_skills\"}","timestamp":"2026-07-27T05:07:23.533Z"}

data: {"data":"{\"level\":30,\"time\":\"2026-07-27T05:07:23.474Z\",\"service\":\"omniroute\",\"module\":\"sse\",\"tag\":\"HTTP\",\"method\":\"POST\",\"path\":\"/v1/messages | nvidia/z-ai/glm-5.2 | 16 msgs | 40 tools\",\"msg\":\"📥 POST /v1/messages | nvidia/z-ai/glm-5.2 | 16 msgs | 40 tools\"}","timestamp":"2026-07-27T05:07:23.546Z"}

data: {"data":"{\"level\":30,\"time\":\"2026-07-27T05:07:23.480Z\",\"service\":\"omniroute\",\"module\":\"sse\",\"tag\":\"ROUTING\",\"msg\":\"Provider: nvidia, Model: z-ai/glm-5.2\"}","timestamp":"2026-07-27T05:07:23.546Z"}

data: {"data":"{\"level\":30,\"time\":\"2026-07-27T05:07:23.485Z\",\"service\":\"omniroute\",\"module\":\"sse\",\"tag\":\"AUTH\",\"msg\":\"session_key=input:sha256:eebcc... has no available affinity target\"}","timestamp":"2026-07-27T05:07:23.546Z"}

data: {"data":"{\"level\":30,\"time\":\"2026-07-27T05:07:23.486Z\",\"service\":\"omniroute\",\"module\":\"sse\",\"tag\":\"AUTH\",\"msg\":\"Using nvidia account: d65f33e2...\"}","timestamp":"2026-07-27T05:07:23.546Z"}

data: {"data":"[INFO] [GAMIFICATION] events.level_up {\"apiKeyId\":\"env-key\",\"oldLevel\":1,\"newLevel\":2}","timestamp":"2026-07-27T05:07:25.633Z"}

data: {"data":"[ProxyEgress] nvidia/d65f33e2 in=113.20.2.214 out=44.196.116.2 proxy=direct status=success","timestamp":"2026-07-27T05:07:25.633Z"}

data: {"data":"[05:07:27] 📊 \u001b[32m[USAGE] NVIDIA | in=49874 | out=86 | account=d65f33e2...\u001b[0m \u001b[33m(estimated)\u001b[0m | cache_read=1536","timestamp":"2026-07-27T05:07:27.572Z"}

data: {"data":"[05:07:27] 🌊 [STREAM] NVIDIA | z-ai/glm-5.2 | 4040ms | complete","timestamp":"2026-07-27T05:07:27.577Z"}

data: {"data":"time=2026-07-27T05:07:32.800Z level=INFO msg=\"compaction complete\" level=1 txid.min=0000000000000341 txid.max=0000000000000343 size=443978","timestamp":"2026-07-27T05:07:32.800Z"}

data: {"data":"time=2026-07-27T05:08:05.245Z level=INFO msg=\"compaction complete\" level=1 txid.min=0000000000000344 txid.max=0000000000000344 size=29052","timestamp":"2026-07-27T05:08:05.245Z"}

data: {"data":"[INFO] [SKILLS_INJECTION] skills.injection.skipped {\"apiKeyId\":\"env-key\",\"reason\":\"no_enabled_skills\"}","timestamp":"2026-07-27T05:08:16.470Z"}

data: {"data":"{\"level\":30,\"time\":\"2026-07-27T05:08:16.434Z\",\"service\":\"omniroute\",\"module\":\"sse\",\"tag\":\"HTTP\",\"method\":\"POST\",\"path\":\"/v1/messages | nvidia/z-ai/glm-5.2 | 18 msgs | 40 tools\",\"msg\":\"📥 POST /v1/messages | nvidia/z-ai/glm-5.2 | 18 msgs | 40 tools\"}","timestamp":"2026-07-27T05:08:16.486Z"}

data: {"data":"{\"level\":30,\"time\":\"2026-07-27T05:08:16.439Z\",\"service\":\"omniroute\",\"module\":\"sse\",\"tag\":\"ROUTING\",\"msg\":\"Provider: nvidia, Model: z-ai/glm-5.2\"}","timestamp":"2026-07-27T05:08:16.486Z"}

data: {"data":"{\"level\":30,\"time\":\"2026-07-27T05:08:16.442Z\",\"service\":\"omniroute\",\"module\":\"sse\",\"tag\":\"AUTH\",\"msg\":\"session_key=input:sha256:eebcc... has no available affinity target\"}","timestamp":"2026-07-27T05:08:16.486Z"}

data: {"data":"{\"level\":30,\"time\":\"2026-07-27T05:08:16.443Z\",\"service\":\"omniroute\",\"module\":\"sse\",\"tag\":\"AUTH\",\"msg\":\"Using nvidia account: ccaad834...\"}","timestamp":"2026-07-27T05:08:16.486Z"}

data: {"data":"time=2026-07-27T05:08:36.524Z level=INFO msg=\"l0 retention enforced\" db=storage.sqlite deleted_count=6 max_l1_txid=0000000000000346","timestamp":"2026-07-27T05:08:36.524Z"}

data: {"data":"time=2026-07-27T05:08:36.524Z level=INFO msg=\"compaction complete\" level=1 txid.min=0000000000000345 txid.max=0000000000000346 size=16404","timestamp":"2026-07-27T05:08:36.524Z"}

data: {"data":"[05:08:51] 📊 \u001b[32m[USAGE] NVIDIA | in=50368 | out=592 | account=ccaad834...\u001b[0m \u001b[33m(estimated)\u001b[0m | cache_read=1536","timestamp":"2026-07-27T05:08:51.551Z"}

data: {"data":"[05:08:51] 🌊 [STREAM] NVIDIA | z-ai/glm-5.2 | 35083ms | complete","timestamp":"2026-07-27T05:08:51.559Z"}

data: {"data":"[INFO] [SKILLS_INJECTION] skills.injection.skipped {\"apiKeyId\":\"env-key\",\"reason\":\"no_enabled_skills\"}","timestamp":"2026-07-27T05:08:53.829Z"}

data: {"data":"{\"level\":30,\"time\":\"2026-07-27T05:08:53.787Z\",\"service\":\"omniroute\",\"module\":\"sse\",\"tag\":\"HTTP\",\"method\":\"POST\",\"path\":\"/v1/messages | nvidia/z-ai/glm-5.2 | 20 msgs | 40 tools\",\"msg\":\"📥 POST /v1/messages | nvidia/z-ai/glm-5.2 | 20 msgs | 40 tools\"}","timestamp":"2026-07-27T05:08:53.842Z"}

data: {"data":"{\"level\":30,\"time\":\"2026-07-27T05:08:53.792Z\",\"service\":\"omniroute\",\"module\":\"sse\",\"tag\":\"ROUTING\",\"msg\":\"Provider: nvidia, Model: z-ai/glm-5.2\"}","timestamp":"2026-07-27T05:08:53.842Z"}

data: {"data":"{\"level\":30,\"time\":\"2026-07-27T05:08:53.797Z\",\"service\":\"omniroute\",\"module\":\"sse\",\"tag\":\"AUTH\",\"msg\":\"session_key=input:sha256:eebcc... has no available affinity target\"}","timestamp":"2026-07-27T05:08:53.842Z"}

data: {"data":"{\"level\":30,\"time\":\"2026-07-27T05:08:53.798Z\",\"service\":\"omniroute\",\"module\":\"sse\",\"tag\":\"AUTH\",\"msg\":\"Using nvidia account: def58a55...\"}","timestamp":"2026-07-27T05:08:53.842Z"}

data: {"data":"[ProxyEgress] nvidia/def58a55 in=113.20.2.214 out=44.196.116.2 proxy=direct status=success","timestamp":"2026-07-27T05:08:55.890Z"}

data: {"data":"[05:09:06] 📊 \u001b[32m[USAGE] NVIDIA | in=51063 | out=443 | account=def58a55...\u001b[0m \u001b[33m(estimated)\u001b[0m | cache_read=1856","timestamp":"2026-07-27T05:09:06.187Z"}

data: {"data":"[05:09:06] 🌊 [STREAM] NVIDIA | z-ai/glm-5.2 | 12360ms | complete","timestamp":"2026-07-27T05:09:06.195Z"}

data: {"data":"time=2026-07-27T05:09:07.644Z level=INFO msg=\"l0 retention enforced\" db=storage.sqlite deleted_count=6 max_l1_txid=000000000000034a","timestamp":"2026-07-27T05:09:07.645Z"}

data: {"data":"time=2026-07-27T05:09:07.644Z level=INFO msg=\"compaction complete\" level=1 txid.min=0000000000000347 txid.max=000000000000034a size=445466","timestamp":"2026-07-27T05:09:07.645Z"}

data: {"data":"[INFO] [SKILLS_INJECTION] skills.injection.skipped {\"apiKeyId\":\"env-key\",\"reason\":\"no_enabled_skills\"}","timestamp":"2026-07-27T05:09:26.582Z"}

data: {"data":"{\"level\":30,\"time\":\"2026-07-27T05:09:26.535Z\",\"service\":\"omniroute\",\"module\":\"sse\",\"tag\":\"HTTP\",\"method\":\"POST\",\"path\":\"/v1/messages | nvidia/z-ai/glm-5.2 | 22 msgs | 40 tools\",\"msg\":\"📥 POST /v1/messages | nvidia/z-ai/glm-5.2 | 22 msgs | 40 tools\"}","timestamp":"2026-07-27T05:09:26.602Z"}

data: {"data":"{\"level\":30,\"time\":\"2026-07-27T05:09:26.541Z\",\"service\":\"omniroute\",\"module\":\"sse\",\"tag\":\"ROUTING\",\"msg\":\"Provider: nvidia, Model: z-ai/glm-5.2\"}","timestamp":"2026-07-27T05:09:26.604Z"}

data: {"data":"{\"level\":30,\"time\":\"2026-07-27T05:09:26.546Z\",\"service\":\"omniroute\",\"module\":\"sse\",\"tag\":\"AUTH\",\"msg\":\"session_key=input:sha256:eebcc... has no available affinity target\"}","timestamp":"2026-07-27T05:09:26.604Z"}

data: {"data":"{\"level\":30,\"time\":\"2026-07-27T05:09:26.547Z\",\"service\":\"omniroute\",\"module\":\"sse\",\"tag\":\"AUTH\",\"msg\":\"Using nvidia account: 2d039916...\"}","timestamp":"2026-07-27T05:09:26.604Z"}

data: {"data":"[ProxyEgress] nvidia/2d039916 in=113.20.2.214 out=44.196.116.2 proxy=direct status=success","timestamp":"2026-07-27T05:09:28.884Z"}

data: {"data":"[05:09:36] 📊 \u001b[32m[USAGE] NVIDIA | in=51694 | out=473 | account=2d039916...\u001b[0m \u001b[33m(estimated)\u001b[0m | cache_read=384","timestamp":"2026-07-27T05:09:36.136Z"}

data: {"data":"[05:09:36] 🌊 [STREAM] NVIDIA | z-ai/glm-5.2 | 9560ms | complete","timestamp":"2026-07-27T05:09:36.147Z"}

data: {"data":"time=2026-07-27T05:09:36.433Z level=INFO msg=\"compaction complete\" level=1 txid.min=000000000000034b txid.max=000000000000034d size=46493","timestamp":"2026-07-27T05:09:36.433Z"}

data: {"data":"[INFO] [SKILLS_INJECTION] skills.injection.skipped {\"apiKeyId\":\"env-key\",\"reason\":\"no_enabled_skills\"}","timestamp":"2026-07-27T05:09:37.070Z"}

data: {"data":"{\"level\":30,\"time\":\"2026-07-27T05:09:37.027Z\",\"service\":\"omniroute\",\"module\":\"sse\",\"tag\":\"HTTP\",\"method\":\"POST\",\"path\":\"/v1/messages | nvidia/z-ai/glm-5.2 | 24 msgs | 40 tools\",\"msg\":\"📥 POST /v1/messages | nvidia/z-ai/glm-5.2 | 24 msgs | 40 tools\"}","timestamp":"2026-07-27T05:09:37.093Z"}

data: {"data":"{\"level\":30,\"time\":\"2026-07-27T05:09:37.033Z\",\"service\":\"omniroute\",\"module\":\"sse\",\"tag\":\"ROUTING\",\"msg\":\"Provider: nvidia, Model: z-ai/glm-5.2\"}","timestamp":"2026-07-27T05:09:37.093Z"}

data: {"data":"{\"level\":30,\"time\":\"2026-07-27T05:09:37.039Z\",\"service\":\"omniroute\",\"module\":\"sse\",\"tag\":\"AUTH\",\"msg\":\"session_key=input:sha256:eebcc... has no available affinity target\"}","timestamp":"2026-07-27T05:09:37.094Z"}

data: {"data":"{\"level\":30,\"time\":\"2026-07-27T05:09:37.039Z\",\"service\":\"omniroute\",\"module\":\"sse\",\"tag\":\"AUTH\",\"msg\":\"Using nvidia account: d6a27df9...\"}","timestamp":"2026-07-27T05:09:37.094Z"}

data: {"data":"[ProxyEgress] nvidia/d6a27df9 in=113.20.2.214 out=44.196.116.2 proxy=direct status=success","timestamp":"2026-07-27T05:09:38.693Z"}

data: {"data":"[05:09:39] 📊 \u001b[32m[USAGE] NVIDIA | in=52192 | out=138 | account=d6a27df9...\u001b[0m \u001b[33m(estimated)\u001b[0m | cache_read=52160","timestamp":"2026-07-27T05:09:39.918Z"}

data: {"data":"[05:09:39] 🌊 [STREAM] NVIDIA | z-ai/glm-5.2 | 2848ms | complete","timestamp":"2026-07-27T05:09:39.924Z"}

data: {"data":"[INFO] [SKILLS_INJECTION] skills.injection.skipped {\"apiKeyId\":\"env-key\",\"reason\":\"no_enabled_skills\"}","timestamp":"2026-07-27T05:09:40.530Z"}

data: {"data":"{\"level\":30,\"time\":\"2026-07-27T05:09:40.481Z\",\"service\":\"omniroute\",\"module\":\"sse\",\"tag\":\"HTTP\",\"method\":\"POST\",\"path\":\"/v1/messages | nvidia/z-ai/glm-5.2 | 27 msgs | 40 tools\",\"msg\":\"📥 POST /v1/messages | nvidia/z-ai/glm-5.2 | 27 msgs | 40 tools\"}","timestamp":"2026-07-27T05:09:40.563Z"}

data: {"data":"{\"level\":30,\"time\":\"2026-07-27T05:09:40.486Z\",\"service\":\"omniroute\",\"module\":\"sse\",\"tag\":\"ROUTING\",\"msg\":\"Provider: nvidia, Model: z-ai/glm-5.2\"}","timestamp":"2026-07-27T05:09:40.563Z"}

data: {"data":"{\"level\":30,\"time\":\"2026-07-27T05:09:40.491Z\",\"service\":\"omniroute\",\"module\":\"sse\",\"tag\":\"AUTH\",\"msg\":\"session_key=input:sha256:eebcc... has no available affinity target\"}","timestamp":"2026-07-27T05:09:40.563Z"}

data: {"data":"{\"level\":30,\"time\":\"2026-07-27T05:09:40.492Z\",\"service\":\"omniroute\",\"module\":\"sse\",\"tag\":\"AUTH\",\"msg\":\"Using nvidia account: 7d5d42c4...\"}","timestamp":"2026-07-27T05:09:40.563Z"}

data: {"data":"[ProxyEgress] nvidia/7d5d42c4 in=113.20.2.214 out=44.196.116.2 proxy=direct status=success","timestamp":"2026-07-27T05:09:43.437Z"}

data: {"data":"[05:09:44] 📊 \u001b[32m[USAGE] NVIDIA | in=52630 | out=101 | account=7d5d42c4...\u001b[0m \u001b[33m(estimated)\u001b[0m | cache_read=52288","timestamp":"2026-07-27T05:09:44.417Z"}

data: {"data":"[05:09:44] 🌊 [STREAM] NVIDIA | z-ai/glm-5.2 | 3887ms | complete","timestamp":"2026-07-27T05:09:44.422Z"}

data: {"data":"[INFO] [SKILLS_INJECTION] skills.injection.skipped {\"apiKeyId\":\"env-key\",\"reason\":\"no_enabled_skills\"}","timestamp":"2026-07-27T05:09:44.931Z"}

data: {"data":"{\"level\":30,\"time\":\"2026-07-27T05:09:44.879Z\",\"service\":\"omniroute\",\"module\":\"sse\",\"tag\":\"HTTP\",\"method\":\"POST\",\"path\":\"/v1/messages | nvidia/z-ai/glm-5.2 | 29 msgs | 40 tools\",\"msg\":\"📥 POST /v1/messages | nvidia/z-ai/glm-5.2 | 29 msgs | 40 tools\"}","timestamp":"2026-07-27T05:09:44.943Z"}

data: {"data":"{\"level\":30,\"time\":\"2026-07-27T05:09:44.884Z\",\"service\":\"omniroute\",\"module\":\"sse\",\"tag\":\"ROUTING\",\"msg\":\"Provider: nvidia, Model: z-ai/glm-5.2\"}","timestamp":"2026-07-27T05:09:44.944Z"}

data: {"data":"{\"level\":30,\"time\":\"2026-07-27T05:09:44.887Z\",\"service\":\"omniroute\",\"module\":\"sse\",\"tag\":\"AUTH\",\"msg\":\"session_key=input:sha256:eebcc... has no available affinity target\"}","timestamp":"2026-07-27T05:09:44.944Z"}

data: {"data":"{\"level\":30,\"time\":\"2026-07-27T05:09:44.887Z\",\"service\":\"omniroute\",\"module\":\"sse\",\"tag\":\"AUTH\",\"msg\":\"Using nvidia account: f2b0933a...\"}","timestamp":"2026-07-27T05:09:44.944Z"}

data: {"data":"[ProxyEgress] nvidia/f2b0933a in=113.20.2.214 out=44.196.116.2 proxy=direct status=success","timestamp":"2026-07-27T05:09:47.368Z"}

data: {"data":"time=2026-07-27T05:09:56.835Z level=INFO msg=\"l0 retention enforced\" db=storage.sqlite deleted_count=2 max_l1_txid=000000000000034d","timestamp":"2026-07-27T05:09:56.835Z"}

data: {"data":"time=2026-07-27T05:10:05.516Z level=INFO msg=\"compaction complete\" level=1 txid.min=000000000000034e txid.max=0000000000000357 size=448886","timestamp":"2026-07-27T05:10:05.517Z"}

data: {"data":"time=2026-07-27T05:10:07.848Z level=INFO msg=\"compaction complete\" level=2 txid.min=000000000000033d txid.max=000000000000034d size=446070","timestamp":"2026-07-27T05:10:07.849Z"}

data: {"data":"[05:10:10] 📊 \u001b[32m[USAGE] NVIDIA | in=55984 | out=722 | account=f2b0933a...\u001b[0m \u001b[33m(estimated)\u001b[0m | cache_read=384","timestamp":"2026-07-27T05:10:10.241Z"}

data: {"data":"[05:10:10] 🌊 [STREAM] NVIDIA | z-ai/glm-5.2 | 25317ms | complete","timestamp":"2026-07-27T05:10:10.252Z"}

data: {"data":"[INFO] [SKILLS_INJECTION] skills.injection.skipped {\"apiKeyId\":\"env-key\",\"reason\":\"no_enabled_skills\"}","timestamp":"2026-07-27T05:10:10.801Z"}

data: {"data":"{\"level\":30,\"time\":\"2026-07-27T05:10:10.762Z\",\"service\":\"omniroute\",\"module\":\"sse\",\"tag\":\"HTTP\",\"method\":\"POST\",\"path\":\"/v1/messages | nvidia/z-ai/glm-5.2 | 31 msgs | 40 tools\",\"msg\":\"📥 POST /v1/messages | nvidia/z-ai/glm-5.2 | 31 msgs | 40 tools\"}","timestamp":"2026-07-27T05:10:10.822Z"}

data: {"data":"{\"level\":30,\"time\":\"2026-07-27T05:10:10.768Z\",\"service\":\"omniroute\",\"module\":\"sse\",\"tag\":\"ROUTING\",\"msg\":\"Provider: nvidia, Model: z-ai/glm-5.2\"}","timestamp":"2026-07-27T05:10:10.822Z"}

data: {"data":"{\"level\":30,\"time\":\"2026-07-27T05:10:10.771Z\",\"service\":\"omniroute\",\"module\":\"sse\",\"tag\":\"AUTH\",\"msg\":\"session_key=input:sha256:eebcc... has no available affinity target\"}","timestamp":"2026-07-27T05:10:10.822Z"}

data: {"data":"{\"level\":30,\"time\":\"2026-07-27T05:10:10.772Z\",\"service\":\"omniroute\",\"module\":\"sse\",\"tag\":\"AUTH\",\"msg\":\"Using nvidia account: 9cda5fc2...\"}","timestamp":"2026-07-27T05:10:10.822Z"}

data: {"data":"[ProxyEgress] nvidia/9cda5fc2 in=113.20.2.214 out=44.196.116.2 proxy=direct status=success","timestamp":"2026-07-27T05:10:17.770Z"}

data: {"data":"[05:10:20] 📊 \u001b[32m[USAGE] NVIDIA | in=56736 | out=237 | account=9cda5fc2...\u001b[0m \u001b[33m(estimated)\u001b[0m | cache_read=704","timestamp":"2026-07-27T05:10:20.810Z"}

data: {"data":"[05:10:20] 🌊 [STREAM] NVIDIA | z-ai/glm-5.2 | 10010ms | complete","timestamp":"2026-07-27T05:10:20.817Z"}

data: {"data":"time=2026-07-27T05:10:35.512Z level=INFO msg=\"compaction complete\" level=1 txid.min=0000000000000358 txid.max=000000000000035a size=48586","timestamp":"2026-07-27T05:10:35.512Z"}

data: {"data":"[INFO] [SKILLS_INJECTION] skills.injection.skipped {\"apiKeyId\":\"env-key\",\"reason\":\"no_enabled_skills\"}","timestamp":"2026-07-27T05:13:21.359Z"}

data: {"data":"{\"level\":30,\"time\":\"2026-07-27T05:13:21.308Z\",\"service\":\"omniroute\",\"module\":\"sse\",\"tag\":\"HTTP\",\"method\":\"POST\",\"path\":\"/v1/messages | nvidia/z-ai/glm-5.2 | 33 msgs | 40 tools\",\"msg\":\"📥 POST /v1/messages | nvidia/z-ai/glm-5.2 | 33 msgs | 40 tools\"}","timestamp":"2026-07-27T05:13:21.373Z"}

data: {"data":"{\"level\":30,\"time\":\"2026-07-27T05:13:21.313Z\",\"service\":\"omniroute\",\"module\":\"sse\",\"tag\":\"ROUTING\",\"msg\":\"Provider: nvidia, Model: z-ai/glm-5.2\"}","timestamp":"2026-07-27T05:13:21.373Z"}

data: {"data":"{\"level\":30,\"time\":\"2026-07-27T05:13:21.317Z\",\"service\":\"omniroute\",\"module\":\"sse\",\"tag\":\"AUTH\",\"msg\":\"session_key=input:sha256:eebcc... has no available affinity target\"}","timestamp":"2026-07-27T05:13:21.373Z"}

data: {"data":"{\"level\":30,\"time\":\"2026-07-27T05:13:21.318Z\",\"service\":\"omniroute\",\"module\":\"sse\",\"tag\":\"AUTH\",\"msg\":\"Using nvidia account: d1717878...\"}","timestamp":"2026-07-27T05:13:21.373Z"}

data: {"data":"[05:13:29] 📊 \u001b[32m[USAGE] NVIDIA | in=57038 | out=83 | account=d1717878...\u001b[0m \u001b[33m(estimated)\u001b[0m | cache_read=384","timestamp":"2026-07-27T05:13:29.380Z"}

data: {"data":"[05:13:29] 🌊 [STREAM] NVIDIA | z-ai/glm-5.2 | 8022ms | complete","timestamp":"2026-07-27T05:13:29.386Z"}

data: {"data":"time=2026-07-27T05:13:34.104Z level=INFO msg=\"l0 retention enforced\" db=storage.sqlite deleted_count=8 max_l1_txid=000000000000035d","timestamp":"2026-07-27T05:13:34.104Z"}

data: {"data":"time=2026-07-27T05:13:34.104Z level=INFO msg=\"compaction complete\" level=1 txid.min=000000000000035b txid.max=000000000000035d size=450077","timestamp":"2026-07-27T05:13:34.104Z"}

data: {"data":"🧹 [RATE-LIMIT] Evicting idle limiter: nvidia:deb0258d-ecce-4c26-ad39-542c44736a0a (inactive for 625s)","timestamp":"2026-07-27T05:13:34.964Z"}

data: {"data":"🧹 [RATE-LIMIT] Evicting idle limiter: nvidia:3317f8d3-ffa6-4e41-a8ad-7eeaf91a3f93 (inactive for 617s)","timestamp":"2026-07-27T05:13:34.964Z"}

data: {"data":"🧹 [RATE-LIMIT] Evicting idle limiter: nvidia:c5116293-3a1e-420b-890b-ddff9ee0db57 (inactive for 621s)","timestamp":"2026-07-27T05:14:04.964Z"}

data: {"data":"🧹 [RATE-LIMIT] Evicting idle limiter: nvidia:cb888a54-217d-4ad6-b191-1cc5d06841e0 (inactive for 615s)","timestamp":"2026-07-27T05:14:04.964Z"}

data: {"data":"time=2026-07-27T05:14:07.249Z level=INFO msg=\"l0 retention enforced\" db=storage.sqlite deleted_count=4 max_l1_txid=000000000000035e","timestamp":"2026-07-27T05:14:07.249Z"}

data: {"data":"time=2026-07-27T05:14:07.249Z level=INFO msg=\"compaction complete\" level=1 txid.min=000000000000035e txid.max=000000000000035e size=29528","timestamp":"2026-07-27T05:14:07.249Z"}

data: {"data":"time=2026-07-27T05:14:57.293Z level=INFO msg=\"l0 retention enforced\" db=storage.sqlite deleted_count=10 max_l1_txid=000000000000035e","timestamp":"2026-07-27T05:14:57.293Z"}

data: {"data":"time=2026-07-27T05:15:03.979Z level=INFO msg=\"l0 retention enforced\" db=storage.sqlite deleted_count=3 max_l1_txid=0000000000000360","timestamp":"2026-07-27T05:15:03.979Z"}

data: {"data":"time=2026-07-27T05:15:03.979Z level=INFO msg=\"compaction complete\" level=1 txid.min=000000000000035f txid.max=0000000000000360 size=450500","timestamp":"2026-07-27T05:15:03.979Z"}

data: {"data":"time=2026-07-27T05:15:09.386Z level=INFO msg=\"compaction complete\" level=2 txid.min=000000000000034e txid.max=0000000000000360 size=450500","timestamp":"2026-07-27T05:15:09.386Z"}

data: {"data":"🧹 [RATE-LIMIT] Evicting idle limiter: nvidia:d65f33e2-26b4-4096-bb40-214be567a5f8 (inactive for 609s)","timestamp":"2026-07-27T05:17:34.965Z"}

data: {"data":"🧹 [RATE-LIMIT] Evicting idle limiter: nvidia:ccaad834-d081-4ec4-8e8d-713afc7d722f (inactive for 616s)","timestamp":"2026-07-27T05:18:34.965Z"}

data: {"data":"🧹 [RATE-LIMIT] Evicting idle limiter: nvidia:def58a55-cab9-4048-a69b-4fa1ae9d557a (inactive for 609s)","timestamp":"2026-07-27T05:19:04.965Z"}

data: {"data":"🧹 [RATE-LIMIT] Evicting idle limiter: nvidia:2d039916-88d8-495f-b886-bd5dc25ce047 (inactive for 606s)","timestamp":"2026-07-27T05:19:34.965Z"}

data: {"data":"[INFO] [SKILLS_INJECTION] skills.injection.skipped {\"apiKeyId\":\"env-key\",\"reason\":\"no_enabled_skills\"}","timestamp":"2026-07-27T05:19:50.863Z"}

data: {"data":"{\"level\":30,\"time\":\"2026-07-27T05:19:50.829Z\",\"service\":\"omniroute\",\"module\":\"sse\",\"tag\":\"HTTP\",\"method\":\"POST\",\"path\":\"/v1/messages | nvidia/z-ai/glm-5.2 | 34 msgs | 40 tools\",\"msg\":\"📥 POST /v1/messages | nvidia/z-ai/glm-5.2 | 34 msgs | 40 tools\"}","timestamp":"2026-07-27T05:19:50.874Z"}

data: {"data":"{\"level\":30,\"time\":\"2026-07-27T05:19:50.834Z\",\"service\":\"omniroute\",\"module\":\"sse\",\"tag\":\"ROUTING\",\"msg\":\"Provider: nvidia, Model: z-ai/glm-5.2\"}","timestamp":"2026-07-27T05:19:50.874Z"}

data: {"data":"{\"level\":30,\"time\":\"2026-07-27T05:19:50.837Z\",\"service\":\"omniroute\",\"module\":\"sse\",\"tag\":\"AUTH\",\"msg\":\"session_key=input:sha256:eebcc... has no available affinity target\"}","timestamp":"2026-07-27T05:19:50.874Z"}

data: {"data":"{\"level\":30,\"time\":\"2026-07-27T05:19:50.838Z\",\"service\":\"omniroute\",\"module\":\"sse\",\"tag\":\"AUTH\",\"msg\":\"Using nvidia account: a0c72227...\"}","timestamp":"2026-07-27T05:19:50.874Z"}

data: {"data":"[05:19:57] 📊 \u001b[32m[USAGE] NVIDIA | in=57407 | out=271 | account=a0c72227...\u001b[0m \u001b[33m(estimated)\u001b[0m | cache_read=384","timestamp":"2026-07-27T05:19:57.364Z"}

data: {"data":"[05:19:57] 🌊 [STREAM] NVIDIA | z-ai/glm-5.2 | 6503ms | complete","timestamp":"2026-07-27T05:19:57.369Z"}

data: {"data":"time=2026-07-27T05:19:57.466Z level=INFO msg=\"l0 retention enforced\" db=storage.sqlite deleted_count=9 max_l1_txid=0000000000000360","timestamp":"2026-07-27T05:19:57.467Z"}

data: {"data":"[INFO] [SKILLS_INJECTION] skills.injection.skipped {\"apiKeyId\":\"env-key\",\"reason\":\"no_enabled_skills\"}","timestamp":"2026-07-27T05:19:57.893Z"}

data: {"data":"{\"level\":30,\"time\":\"2026-07-27T05:19:57.859Z\",\"service\":\"omniroute\",\"module\":\"sse\",\"tag\":\"HTTP\",\"method\":\"POST\",\"path\":\"/v1/messages | nvidia/z-ai/glm-5.2 | 36 msgs | 40 tools\",\"msg\":\"📥 POST /v1/messages | nvidia/z-ai/glm-5.2 | 36 msgs | 40 tools\"}","timestamp":"2026-07-27T05:19:57.914Z"}

data: {"data":"{\"level\":30,\"time\":\"2026-07-27T05:19:57.864Z\",\"service\":\"omniroute\",\"module\":\"sse\",\"tag\":\"ROUTING\",\"msg\":\"Provider: nvidia, Model: z-ai/glm-5.2\"}","timestamp":"2026-07-27T05:19:57.914Z"}

data: {"data":"{\"level\":30,\"time\":\"2026-07-27T05:19:57.869Z\",\"service\":\"omniroute\",\"module\":\"sse\",\"tag\":\"AUTH\",\"msg\":\"session_key=input:sha256:eebcc... has no available affinity target\"}","timestamp":"2026-07-27T05:19:57.914Z"}

data: {"data":"{\"level\":30,\"time\":\"2026-07-27T05:19:57.870Z\",\"service\":\"omniroute\",\"module\":\"sse\",\"tag\":\"AUTH\",\"msg\":\"Using nvidia account: 38a09429...\"}","timestamp":"2026-07-27T05:19:57.914Z"}

data: {"data":"[ProxyEgress] nvidia/38a09429 in=113.20.2.214 out=44.196.116.2 proxy=direct status=success","timestamp":"2026-07-27T05:20:00.537Z"}

data: {"data":"[05:20:01] 📊 \u001b[32m[USAGE] NVIDIA | in=57744 | out=77 | account=38a09429...\u001b[0m \u001b[33m(estimated)\u001b[0m | cache_read=576","timestamp":"2026-07-27T05:20:01.580Z"}

data: {"data":"[05:20:01] 🌊 [STREAM] NVIDIA | z-ai/glm-5.2 | 3687ms | complete","timestamp":"2026-07-27T05:20:01.586Z"}

data: {"data":"[INFO] [SKILLS_INJECTION] skills.injection.skipped {\"apiKeyId\":\"env-key\",\"reason\":\"no_enabled_skills\"}","timestamp":"2026-07-27T05:20:02.087Z"}

data: {"data":"{\"level\":30,\"time\":\"2026-07-27T05:20:02.055Z\",\"service\":\"omniroute\",\"module\":\"sse\",\"tag\":\"HTTP\",\"method\":\"POST\",\"path\":\"/v1/messages | nvidia/z-ai/glm-5.2 | 38 msgs | 40 tools\",\"msg\":\"📥 POST /v1/messages | nvidia/z-ai/glm-5.2 | 38 msgs | 40 tools\"}","timestamp":"2026-07-27T05:20:02.112Z"}

data: {"data":"{\"level\":30,\"time\":\"2026-07-27T05:20:02.059Z\",\"service\":\"omniroute\",\"module\":\"sse\",\"tag\":\"ROUTING\",\"msg\":\"Provider: nvidia, Model: z-ai/glm-5.2\"}","timestamp":"2026-07-27T05:20:02.112Z"}

data: {"data":"{\"level\":30,\"time\":\"2026-07-27T05:20:02.062Z\",\"service\":\"omniroute\",\"module\":\"sse\",\"tag\":\"AUTH\",\"msg\":\"session_key=input:sha256:eebcc... has no available affinity target\"}","timestamp":"2026-07-27T05:20:02.112Z"}

data: {"data":"{\"level\":30,\"time\":\"2026-07-27T05:20:02.065Z\",\"service\":\"omniroute\",\"module\":\"sse\",\"tag\":\"AUTH\",\"msg\":\"Using nvidia account: 9865dfaa...\"}","timestamp":"2026-07-27T05:20:02.112Z"}

data: {"data":"time=2026-07-27T05:20:02.977Z level=INFO msg=\"compaction complete\" level=1 txid.min=0000000000000361 txid.max=0000000000000364 size=450654","timestamp":"2026-07-27T05:20:02.977Z"}

data: {"data":"[ProxyEgress] nvidia/9865dfaa in=113.20.2.214 out=44.196.116.2 proxy=direct status=success","timestamp":"2026-07-27T05:20:04.545Z"}

data: {"data":"🧹 [RATE-LIMIT] Evicting idle limiter: nvidia:d6a27df9-fb28-429e-9c1d-dbe475f7ea4d (inactive for 626s)","timestamp":"2026-07-27T05:20:04.977Z"}

data: {"data":"🧹 [RATE-LIMIT] Evicting idle limiter: nvidia:7d5d42c4-bb15-43da-a1b5-a4a2b52871c2 (inactive for 622s)","timestamp":"2026-07-27T05:20:04.977Z"}

data: {"data":"🧹 [RATE-LIMIT] Evicting idle limiter: nvidia:f2b0933a-888d-4a49-ab58-6012fcfb9314 (inactive for 618s)","timestamp":"2026-07-27T05:20:04.977Z"}

data: {"data":"time=2026-07-27T05:20:06.604Z level=INFO msg=\"compaction complete\" level=2 txid.min=0000000000000361 txid.max=0000000000000364 size=450654","timestamp":"2026-07-27T05:20:06.604Z"}

data: {"data":"[05:20:11] 📊 \u001b[32m[USAGE] NVIDIA | in=58187 | out=299 | account=9865dfaa...\u001b[0m \u001b[33m(estimated)\u001b[0m | cache_read=1856","timestamp":"2026-07-27T05:20:11.123Z"}

data: {"data":"[05:20:11] 🌊 [STREAM] NVIDIA | z-ai/glm-5.2 | 9039ms | complete","timestamp":"2026-07-27T05:20:11.128Z"}

data: {"data":"[INFO] [SKILLS_INJECTION] skills.injection.skipped {\"apiKeyId\":\"env-key\",\"reason\":\"no_enabled_skills\"}","timestamp":"2026-07-27T05:20:12.948Z"}

data: {"data":"{\"level\":30,\"time\":\"2026-07-27T05:20:12.898Z\",\"service\":\"omniroute\",\"module\":\"sse\",\"tag\":\"HTTP\",\"method\":\"POST\",\"path\":\"/v1/messages | nvidia/z-ai/glm-5.2 | 40 msgs | 40 tools\",\"msg\":\"📥 POST /v1/messages | nvidia/z-ai/glm-5.2 | 40 msgs | 40 tools\"}","timestamp":"2026-07-27T05:20:12.961Z"}

data: {"data":"{\"level\":30,\"time\":\"2026-07-27T05:20:12.904Z\",\"service\":\"omniroute\",\"module\":\"sse\",\"tag\":\"ROUTING\",\"msg\":\"Provider: nvidia, Model: z-ai/glm-5.2\"}","timestamp":"2026-07-27T05:20:12.961Z"}

data: {"data":"{\"level\":30,\"time\":\"2026-07-27T05:20:12.909Z\",\"service\":\"omniroute\",\"module\":\"sse\",\"tag\":\"AUTH\",\"msg\":\"session_key=input:sha256:eebcc... has no available affinity target\"}","timestamp":"2026-07-27T05:20:12.961Z"}

data: {"data":"{\"level\":30,\"time\":\"2026-07-27T05:20:12.909Z\",\"service\":\"omniroute\",\"module\":\"sse\",\"tag\":\"AUTH\",\"msg\":\"Using nvidia account: 3f77f218...\"}","timestamp":"2026-07-27T05:20:12.961Z"}

data: {"data":"[ProxyEgress] nvidia/3f77f218 in=113.20.2.214 out=44.196.116.2 proxy=direct status=success","timestamp":"2026-07-27T05:20:15.930Z"}

data: {"data":"[05:20:33] 📊 \u001b[32m[USAGE] NVIDIA | in=58639 | out=451 | account=3f77f218...\u001b[0m \u001b[33m(estimated)\u001b[0m | cache_read=384","timestamp":"2026-07-27T05:20:33.137Z"}

data: {"data":"[05:20:33] 🌊 [STREAM] NVIDIA | z-ai/glm-5.2 | 20192ms | complete","timestamp":"2026-07-27T05:20:33.144Z"}

data: {"data":"[INFO] [SKILLS_INJECTION] skills.injection.skipped {\"apiKeyId\":\"env-key\",\"reason\":\"no_enabled_skills\"}","timestamp":"2026-07-27T05:20:34.521Z"}

data: {"data":"{\"level\":30,\"time\":\"2026-07-27T05:20:34.476Z\",\"service\":\"omniroute\",\"module\":\"sse\",\"tag\":\"HTTP\",\"method\":\"POST\",\"path\":\"/v1/messages | nvidia/z-ai/glm-5.2 | 42 msgs | 40 tools\",\"msg\":\"📥 POST /v1/messages | nvidia/z-ai/glm-5.2 | 42 msgs | 40 tools\"}","timestamp":"2026-07-27T05:20:34.535Z"}

data: {"data":"{\"level\":30,\"time\":\"2026-07-27T05:20:34.482Z\",\"service\":\"omniroute\",\"module\":\"sse\",\"tag\":\"ROUTING\",\"msg\":\"Provider: nvidia, Model: z-ai/glm-5.2\"}","timestamp":"2026-07-27T05:20:34.535Z"}

data: {"data":"{\"level\":30,\"time\":\"2026-07-27T05:20:34.485Z\",\"service\":\"omniroute\",\"module\":\"sse\",\"tag\":\"AUTH\",\"msg\":\"session_key=input:sha256:eebcc... has no available affinity target\"}","timestamp":"2026-07-27T05:20:34.535Z"}

data: {"data":"{\"level\":30,\"time\":\"2026-07-27T05:20:34.485Z\",\"service\":\"omniroute\",\"module\":\"sse\",\"tag\":\"AUTH\",\"msg\":\"Using nvidia account: a68545c0...\"}","timestamp":"2026-07-27T05:20:34.535Z"}

data: {"data":"🧹 [RATE-LIMIT] Evicting idle limiter: nvidia:9cda5fc2-7ae2-426a-a38c-35b9aa4856af (inactive for 617s)","timestamp":"2026-07-27T05:20:34.977Z"}

data: {"data":"time=2026-07-27T05:20:35.163Z level=INFO msg=\"compaction complete\" level=1 txid.min=0000000000000365 txid.max=000000000000036d size=60769","timestamp":"2026-07-27T05:20:35.163Z"}

data: {"data":"[ProxyEgress] nvidia/a68545c0 in=113.20.2.214 out=44.196.116.2 proxy=direct status=success","timestamp":"2026-07-27T05:20:37.727Z"}

data: {"data":"[05:20:49] 📊 \u001b[32m[USAGE] NVIDIA | in=61685 | out=408 | account=a68545c0...\u001b[0m \u001b[33m(estimated)\u001b[0m | cache_read=384","timestamp":"2026-07-27T05:20:49.448Z"}

data: {"data":"[05:20:49] 🌊 [STREAM] NVIDIA | z-ai/glm-5.2 | 14930ms | complete","timestamp":"2026-07-27T05:20:49.455Z"}

data: {"data":"[INFO] [SKILLS_INJECTION] skills.injection.skipped {\"apiKeyId\":\"env-key\",\"reason\":\"no_enabled_skills\"}","timestamp":"2026-07-27T05:20:50.126Z"}

data: {"data":"{\"level\":30,\"time\":\"2026-07-27T05:20:50.080Z\",\"service\":\"omniroute\",\"module\":\"sse\",\"tag\":\"HTTP\",\"method\":\"POST\",\"path\":\"/v1/messages | nvidia/z-ai/glm-5.2 | 44 msgs | 40 tools\",\"msg\":\"📥 POST /v1/messages | nvidia/z-ai/glm-5.2 | 44 msgs | 40 tools\"}","timestamp":"2026-07-27T05:20:50.144Z"}

data: {"data":"{\"level\":30,\"time\":\"2026-07-27T05:20:50.085Z\",\"service\":\"omniroute\",\"module\":\"sse\",\"tag\":\"ROUTING\",\"msg\":\"Provider: nvidia, Model: z-ai/glm-5.2\"}","timestamp":"2026-07-27T05:20:50.144Z"}

data: {"data":"{\"level\":30,\"time\":\"2026-07-27T05:20:50.089Z\",\"service\":\"omniroute\",\"module\":\"sse\",\"tag\":\"AUTH\",\"msg\":\"session_key=input:sha256:eebcc... has no available affinity target\"}","timestamp":"2026-07-27T05:20:50.144Z"}

data: {"data":"{\"level\":30,\"time\":\"2026-07-27T05:20:50.090Z\",\"service\":\"omniroute\",\"module\":\"sse\",\"tag\":\"AUTH\",\"msg\":\"Using nvidia account: dd511141...\"}","timestamp":"2026-07-27T05:20:50.144Z"}

data: {"data":"[ProxyEgress] nvidia/dd511141 in=113.20.2.214 out=44.196.116.2 proxy=direct status=success","timestamp":"2026-07-27T05:20:50.786Z"}

data: {"data":"time=2026-07-27T05:21:05.014Z level=INFO msg=\"compaction complete\" level=1 txid.min=000000000000036e txid.max=0000000000000372 size=54384","timestamp":"2026-07-27T05:21:05.014Z"}

data: {"data":"[05:21:10] 📊 \u001b[32m[USAGE] NVIDIA | in=62176 | out=361 | account=dd511141...\u001b[0m \u001b[33m(estimated)\u001b[0m | cache_read=61824","timestamp":"2026-07-27T05:21:10.196Z"}

data: {"data":"[05:21:10] 🌊 [STREAM] NVIDIA | z-ai/glm-5.2 | 20073ms | complete","timestamp":"2026-07-27T05:21:10.204Z"}

data: {"data":"[INFO] [SKILLS_INJECTION] skills.injection.skipped {\"apiKeyId\":\"env-key\",\"reason\":\"no_enabled_skills\"}","timestamp":"2026-07-27T05:21:10.927Z"}

data: {"data":"{\"level\":30,\"time\":\"2026-07-27T05:21:10.869Z\",\"service\":\"omniroute\",\"module\":\"sse\",\"tag\":\"HTTP\",\"method\":\"POST\",\"path\":\"/v1/messages | nvidia/z-ai/glm-5.2 | 47 msgs | 40 tools\",\"msg\":\"📥 POST /v1/messages | nvidia/z-ai/glm-5.2 | 47 msgs | 40 tools\"}","timestamp":"2026-07-27T05:21:10.938Z"}

data: {"data":"{\"level\":30,\"time\":\"2026-07-27T05:21:10.873Z\",\"service\":\"omniroute\",\"module\":\"sse\",\"tag\":\"ROUTING\",\"msg\":\"Provider: nvidia, Model: z-ai/glm-5.2\"}","timestamp":"2026-07-27T05:21:10.938Z"}

data: {"data":"{\"level\":30,\"time\":\"2026-07-27T05:21:10.887Z\",\"service\":\"omniroute\",\"module\":\"sse\",\"tag\":\"AUTH\",\"msg\":\"session_key=input:sha256:eebcc... has no available affinity target\"}","timestamp":"2026-07-27T05:21:10.938Z"}

data: {"data":"{\"level\":30,\"time\":\"2026-07-27T05:21:10.888Z\",\"service\":\"omniroute\",\"module\":\"sse\",\"tag\":\"AUTH\",\"msg\":\"Using nvidia account: 2bcea68b...\"}","timestamp":"2026-07-27T05:21:10.938Z"}

data: {"data":"[ProxyEgress] nvidia/2bcea68b in=113.20.2.214 out=44.196.116.2 proxy=direct status=success","timestamp":"2026-07-27T05:21:11.658Z"}

data: {"data":"[05:21:14] 📊 \u001b[32m[USAGE] NVIDIA | in=62791 | out=200 | account=2bcea68b...\u001b[0m \u001b[33m(estimated)\u001b[0m | cache_read=59072","timestamp":"2026-07-27T05:21:14.084Z"}

data: {"data":"[05:21:14] 🌊 [STREAM] NVIDIA | z-ai/glm-5.2 | 3159ms | complete","timestamp":"2026-07-27T05:21:14.089Z"}

data: {"data":"[INFO] [SKILLS_INJECTION] skills.injection.skipped {\"apiKeyId\":\"env-key\",\"reason\":\"no_enabled_skills\"}","timestamp":"2026-07-27T05:21:14.598Z"}

data: {"data":"{\"level\":30,\"time\":\"2026-07-27T05:21:14.558Z\",\"service\":\"omniroute\",\"module\":\"sse\",\"tag\":\"HTTP\",\"method\":\"POST\",\"path\":\"/v1/messages | nvidia/z-ai/glm-5.2 | 49 msgs | 40 tools\",\"msg\":\"📥 POST /v1/messages | nvidia/z-ai/glm-5.2 | 49 msgs | 40 tools\"}","timestamp":"2026-07-27T05:21:14.625Z"}

data: {"data":"{\"level\":30,\"time\":\"2026-07-27T05:21:14.563Z\",\"service\":\"omniroute\",\"module\":\"sse\",\"tag\":\"ROUTING\",\"msg\":\"Provider: nvidia, Model: z-ai/glm-5.2\"}","timestamp":"2026-07-27T05:21:14.625Z"}

data: {"data":"{\"level\":30,\"time\":\"2026-07-27T05:21:14.566Z\",\"service\":\"omniroute\",\"module\":\"sse\",\"tag\":\"AUTH\",\"msg\":\"session_key=input:sha256:eebcc... has no available affinity target\"}","timestamp":"2026-07-27T05:21:14.625Z"}

data: {"data":"{\"level\":30,\"time\":\"2026-07-27T05:21:14.566Z\",\"service\":\"omniroute\",\"module\":\"sse\",\"tag\":\"AUTH\",\"msg\":\"Using nvidia account: 1830e4f7...\"}","timestamp":"2026-07-27T05:21:14.625Z"}

data: {"data":"[ProxyEgress] nvidia/1830e4f7 in=113.20.2.214 out=44.196.116.2 proxy=direct status=success","timestamp":"2026-07-27T05:21:17.009Z"}

data: {"data":"[05:21:24] 📊 \u001b[32m[USAGE] NVIDIA | in=63015 | out=49 | account=1830e4f7...\u001b[0m \u001b[33m(estimated)\u001b[0m | cache_read=62528","timestamp":"2026-07-27T05:21:24.032Z"}

data: {"data":"[05:21:24] 🌊 [STREAM] NVIDIA | z-ai/glm-5.2 | 9437ms | complete","timestamp":"2026-07-27T05:21:24.039Z"}

data: {"data":"[INFO] [SKILLS_INJECTION] skills.injection.skipped {\"apiKeyId\":\"env-key\",\"reason\":\"no_enabled_skills\"}","timestamp":"2026-07-27T05:21:24.547Z"}

data: {"data":"{\"level\":30,\"time\":\"2026-07-27T05:21:24.508Z\",\"service\":\"omniroute\",\"module\":\"sse\",\"tag\":\"HTTP\",\"method\":\"POST\",\"path\":\"/v1/messages | nvidia/z-ai/glm-5.2 | 51 msgs | 40 tools\",\"msg\":\"📥 POST /v1/messages | nvidia/z-ai/glm-5.2 | 51 msgs | 40 tools\"}","timestamp":"2026-07-27T05:21:24.559Z"}

data: {"data":"{\"level\":30,\"time\":\"2026-07-27T05:21:24.514Z\",\"service\":\"omniroute\",\"module\":\"sse\",\"tag\":\"ROUTING\",\"msg\":\"Provider: nvidia, Model: z-ai/glm-5.2\"}","timestamp":"2026-07-27T05:21:24.559Z"}

data: {"data":"{\"level\":30,\"time\":\"2026-07-27T05:21:24.518Z\",\"service\":\"omniroute\",\"module\":\"sse\",\"tag\":\"AUTH\",\"msg\":\"session_key=input:sha256:eebcc... has no available affinity target\"}","timestamp":"2026-07-27T05:21:24.559Z"}

data: {"data":"{\"level\":30,\"time\":\"2026-07-27T05:21:24.519Z\",\"service\":\"omniroute\",\"module\":\"sse\",\"tag\":\"AUTH\",\"msg\":\"Using nvidia account: 58f42365...\"}","timestamp":"2026-07-27T05:21:24.559Z"}

data: {"data":"[ProxyEgress] nvidia/58f42365 in=113.20.2.214 out=44.196.116.2 proxy=direct status=success","timestamp":"2026-07-27T05:21:28.013Z"}

data: {"data":"time=2026-07-27T05:21:35.012Z level=INFO msg=\"compaction complete\" level=1 txid.min=0000000000000373 txid.max=0000000000000378 size=456038","timestamp":"2026-07-27T05:21:35.012Z"}

data: {"data":"[05:21:47] 📊 \u001b[32m[USAGE] NVIDIA | in=64009 | out=417 | account=58f42365...\u001b[0m \u001b[33m(estimated)\u001b[0m | cache_read=704","timestamp":"2026-07-27T05:21:47.920Z"}

data: {"data":"[05:21:47] 🌊 [STREAM] NVIDIA | z-ai/glm-5.2 | 23376ms | complete","timestamp":"2026-07-27T05:21:47.926Z"}

data: {"data":"[INFO] [SKILLS_INJECTION] skills.injection.skipped {\"apiKeyId\":\"env-key\",\"reason\":\"no_enabled_skills\"}","timestamp":"2026-07-27T05:21:48.547Z"}

data: {"data":"{\"level\":30,\"time\":\"2026-07-27T05:21:48.506Z\",\"service\":\"omniroute\",\"module\":\"sse\",\"tag\":\"HTTP\",\"method\":\"POST\",\"path\":\"/v1/messages | nvidia/z-ai/glm-5.2 | 53 msgs | 40 tools\",\"msg\":\"📥 POST /v1/messages | nvidia/z-ai/glm-5.2 | 53 msgs | 40 tools\"}","timestamp":"2026-07-27T05:21:48.564Z"}

data: {"data":"{\"level\":30,\"time\":\"2026-07-27T05:21:48.511Z\",\"service\":\"omniroute\",\"module\":\"sse\",\"tag\":\"ROUTING\",\"msg\":\"Provider: nvidia, Model: z-ai/glm-5.2\"}","timestamp":"2026-07-27T05:21:48.564Z"}

data: {"data":"{\"level\":30,\"time\":\"2026-07-27T05:21:48.514Z\",\"service\":\"omniroute\",\"module\":\"sse\",\"tag\":\"AUTH\",\"msg\":\"session_key=input:sha256:eebcc... has no available affinity target\"}","timestamp":"2026-07-27T05:21:48.564Z"}

data: {"data":"{\"level\":30,\"time\":\"2026-07-27T05:21:48.514Z\",\"service\":\"omniroute\",\"module\":\"sse\",\"tag\":\"AUTH\",\"msg\":\"Using nvidia account: 09665ab2...\"}","timestamp":"2026-07-27T05:21:48.564Z"}

data: {"data":"[ProxyEgress] nvidia/09665ab2 in=113.20.2.214 out=44.196.116.2 proxy=direct status=success","timestamp":"2026-07-27T05:21:50.393Z"}

data: {"data":"[05:21:55] 📊 \u001b[32m[USAGE] NVIDIA | in=64448 | out=546 | account=09665ab2...\u001b[0m \u001b[33m(estimated)\u001b[0m | cache_read=64384","timestamp":"2026-07-27T05:21:55.380Z"}

data: {"data":"[05:21:55] 🌊 [STREAM] NVIDIA | z-ai/glm-5.2 | 6832ms | complete","timestamp":"2026-07-27T05:21:55.386Z"}

data: {"data":"(node:816) MaxListenersExceededWarning: Possible EventEmitter memory leak detected. 11 connect listeners added to [Socket]. MaxListeners is 10. Use emitter.setMaxListeners() to increase limit","timestamp":"2026-07-27T05:21:56.436Z"}

data: {"data":"[INFO] [SKILLS_INJECTION] skills.injection.skipped {\"apiKeyId\":\"env-key\",\"reason\":\"no_enabled_skills\"}","timestamp":"2026-07-27T05:21:56.634Z"}

data: {"data":"{\"level\":30,\"time\":\"2026-07-27T05:21:56.587Z\",\"service\":\"omniroute\",\"module\":\"sse\",\"tag\":\"HTTP\",\"method\":\"POST\",\"path\":\"/v1/messages | nvidia/z-ai/glm-5.2 | 55 msgs | 40 tools\",\"msg\":\"📥 POST /v1/messages | nvidia/z-ai/glm-5.2 | 55 msgs | 40 tools\"}","timestamp":"2026-07-27T05:21:56.646Z"}

data: {"data":"{\"level\":30,\"time\":\"2026-07-27T05:21:56.593Z\",\"service\":\"omniroute\",\"module\":\"sse\",\"tag\":\"ROUTING\",\"msg\":\"Provider: nvidia, Model: z-ai/glm-5.2\"}","timestamp":"2026-07-27T05:21:56.646Z"}

data: {"data":"{\"level\":30,\"time\":\"2026-07-27T05:21:56.598Z\",\"service\":\"omniroute\",\"module\":\"sse\",\"tag\":\"AUTH\",\"msg\":\"session_key=input:sha256:eebcc... has no available affinity target\"}","timestamp":"2026-07-27T05:21:56.646Z"}

data: {"data":"{\"level\":30,\"time\":\"2026-07-27T05:21:56.598Z\",\"service\":\"omniroute\",\"module\":\"sse\",\"tag\":\"AUTH\",\"msg\":\"Using nvidia account: 2d9ef15f...\"}","timestamp":"2026-07-27T05:21:56.646Z"}

data: {"data":"[ProxyEgress] nvidia/2d9ef15f in=113.20.2.214 out=44.196.116.2 proxy=direct status=success","timestamp":"2026-07-27T05:21:59.700Z"}

data: {"data":"[05:22:00] 📊 \u001b[32m[USAGE] NVIDIA | in=65099 | out=125 | account=2d9ef15f...\u001b[0m \u001b[33m(estimated)\u001b[0m | cache_read=64448","timestamp":"2026-07-27T05:22:00.863Z"}

data: {"data":"[05:22:00] 🌊 [STREAM] NVIDIA | z-ai/glm-5.2 | 4231ms | complete","timestamp":"2026-07-27T05:22:00.868Z"}

data: {"data":"[INFO] [SKILLS_INJECTION] skills.injection.skipped {\"apiKeyId\":\"env-key\",\"reason\":\"no_enabled_skills\"}","timestamp":"2026-07-27T05:22:01.394Z"}

data: {"data":"{\"level\":30,\"time\":\"2026-07-27T05:22:01.356Z\",\"service\":\"omniroute\",\"module\":\"sse\",\"tag\":\"HTTP\",\"method\":\"POST\",\"path\":\"/v1/messages | nvidia/z-ai/glm-5.2 | 57 msgs | 40 tools\",\"msg\":\"📥 POST /v1/messages | nvidia/z-ai/glm-5.2 | 57 msgs | 40 tools\"}","timestamp":"2026-07-27T05:22:01.429Z"}

data: {"data":"{\"level\":30,\"time\":\"2026-07-27T05:22:01.361Z\",\"service\":\"omniroute\",\"module\":\"sse\",\"tag\":\"ROUTING\",\"msg\":\"Provider: nvidia, Model: z-ai/glm-5.2\"}","timestamp":"2026-07-27T05:22:01.429Z"}

data: {"data":"{\"level\":30,\"time\":\"2026-07-27T05:22:01.364Z\",\"service\":\"omniroute\",\"module\":\"sse\",\"tag\":\"AUTH\",\"msg\":\"session_key=input:sha256:eebcc... has no available affinity target\"}","timestamp":"2026-07-27T05:22:01.429Z"}

data: {"data":"{\"level\":30,\"time\":\"2026-07-27T05:22:01.365Z\",\"service\":\"omniroute\",\"module\":\"sse\",\"tag\":\"AUTH\",\"msg\":\"Using nvidia account: 53f96ffa...\"}","timestamp":"2026-07-27T05:22:01.429Z"}

data: {"data":"[ProxyEgress] nvidia/53f96ffa in=113.20.2.214 out=44.196.116.2 proxy=direct status=success","timestamp":"2026-07-27T05:22:03.530Z"}

data: {"data":"time=2026-07-27T05:22:04.968Z level=INFO msg=\"compaction complete\" level=1 txid.min=0000000000000379 txid.max=000000000000037c size=54624","timestamp":"2026-07-27T05:22:04.969Z"}

data: {"data":"[05:22:11] 📊 \u001b[32m[USAGE] NVIDIA | in=65241 | out=154 | account=53f96ffa...\u001b[0m \u001b[33m(estimated)\u001b[0m | cache_read=65152","timestamp":"2026-07-27T05:22:11.703Z"}

data: {"data":"[05:22:11] 🌊 [STREAM] NVIDIA | z-ai/glm-5.2 | 10312ms | complete","timestamp":"2026-07-27T05:22:11.710Z"}

data: {"data":"[INFO] [SKILLS_INJECTION] skills.injection.skipped {\"apiKeyId\":\"env-key\",\"reason\":\"no_enabled_skills\"}","timestamp":"2026-07-27T05:22:12.347Z"}

data: {"data":"{\"level\":30,\"time\":\"2026-07-27T05:22:12.306Z\",\"service\":\"omniroute\",\"module\":\"sse\",\"tag\":\"HTTP\",\"method\":\"POST\",\"path\":\"/v1/messages | nvidia/z-ai/glm-5.2 | 59 msgs | 40 tools\",\"msg\":\"📥 POST /v1/messages | nvidia/z-ai/glm-5.2 | 59 msgs | 40 tools\"}","timestamp":"2026-07-27T05:22:12.367Z"}

data: {"data":"{\"level\":30,\"time\":\"2026-07-27T05:22:12.312Z\",\"service\":\"omniroute\",\"module\":\"sse\",\"tag\":\"ROUTING\",\"msg\":\"Provider: nvidia, Model: z-ai/glm-5.2\"}","timestamp":"2026-07-27T05:22:12.367Z"}

data: {"data":"{\"level\":30,\"time\":\"2026-07-27T05:22:12.315Z\",\"service\":\"omniroute\",\"module\":\"sse\",\"tag\":\"AUTH\",\"msg\":\"session_key=input:sha256:eebcc... has no available affinity target\"}","timestamp":"2026-07-27T05:22:12.367Z"}

data: {"data":"{\"level\":30,\"time\":\"2026-07-27T05:22:12.316Z\",\"service\":\"omniroute\",\"module\":\"sse\",\"tag\":\"AUTH\",\"msg\":\"Using nvidia account: deb0258d...\"}","timestamp":"2026-07-27T05:22:12.367Z"}

data: {"data":"[ProxyEgress] nvidia/deb0258d in=113.20.2.214 out=44.196.116.2 proxy=direct status=success","timestamp":"2026-07-27T05:22:15.218Z"}

data: {"data":"time=2026-07-27T05:22:34.844Z level=INFO msg=\"compaction complete\" level=1 txid.min=000000000000037d txid.max=0000000000000384 size=458335","timestamp":"2026-07-27T05:22:34.844Z"}

data: {"data":"[05:22:43] 📊 \u001b[32m[USAGE] NVIDIA | in=65473 | out=632 | account=deb0258d...\u001b[0m \u001b[33m(estimated)\u001b[0m | cache_read=384","timestamp":"2026-07-27T05:22:43.116Z"}

data: {"data":"[05:22:43] 🌊 [STREAM] NVIDIA | z-ai/glm-5.2 | 30775ms | complete","timestamp":"2026-07-27T05:22:43.127Z"}

data: {"data":"time=2026-07-27T05:23:04.912Z level=INFO msg=\"compaction complete\" level=1 txid.min=0000000000000385 txid.max=0000000000000385 size=32778","timestamp":"2026-07-27T05:23:04.912Z"}

data: {"data":"🧹 [RATE-LIMIT] Evicting idle limiter: nvidia:d1717878-cbd3-4392-b5af-5add1c10d751 (inactive for 606s)","timestamp":"2026-07-27T05:23:34.979Z"}

data: {"data":"time=2026-07-27T05:24:56.862Z level=INFO msg=\"l0 retention enforced\" db=storage.sqlite deleted_count=3 max_l1_txid=0000000000000385","timestamp":"2026-07-27T05:24:56.862Z"}

data: {"data":"time=2026-07-27T05:25:03.616Z level=INFO msg=\"l0 retention enforced\" db=storage.sqlite deleted_count=1 max_l1_txid=0000000000000387","timestamp":"2026-07-27T05:25:03.616Z"}

data: {"data":"time=2026-07-27T05:25:03.616Z level=INFO msg=\"compaction complete\" level=1 txid.min=0000000000000386 txid.max=0000000000000387 size=458691","timestamp":"2026-07-27T05:25:03.616Z"}

data: {"data":"time=2026-07-27T05:25:07.763Z level=INFO msg=\"compaction complete\" level=2 txid.min=0000000000000365 txid.max=0000000000000387 size=458691","timestamp":"2026-07-27T05:25:07.763Z"}

data: {"data":"[INFO] [SKILLS_INJECTION] skills.injection.skipped {\"apiKeyId\":\"env-key\",\"reason\":\"no_enabled_skills\"}","timestamp":"2026-07-27T05:26:14.796Z"}

data: {"data":"{\"level\":30,\"time\":\"2026-07-27T05:26:14.750Z\",\"service\":\"omniroute\",\"module\":\"sse\",\"tag\":\"HTTP\",\"method\":\"POST\",\"path\":\"/v1/messages | nvidia/z-ai/glm-5.2 | 61 msgs | 40 tools\",\"msg\":\"📥 POST /v1/messages | nvidia/z-ai/glm-5.2 | 61 msgs | 40 tools\"}","timestamp":"2026-07-27T05:26:14.816Z"}

data: {"data":"{\"level\":30,\"time\":\"2026-07-27T05:26:14.755Z\",\"service\":\"omniroute\",\"module\":\"sse\",\"tag\":\"ROUTING\",\"msg\":\"Provider: nvidia, Model: z-ai/glm-5.2\"}","timestamp":"2026-07-27T05:26:14.816Z"}

data: {"data":"{\"level\":30,\"time\":\"2026-07-27T05:26:14.759Z\",\"service\":\"omniroute\",\"module\":\"sse\",\"tag\":\"AUTH\",\"msg\":\"session_key=input:sha256:eebcc... has no available affinity target\"}","timestamp":"2026-07-27T05:26:14.816Z"}

data: {"data":"{\"level\":30,\"time\":\"2026-07-27T05:26:14.759Z\",\"service\":\"omniroute\",\"module\":\"sse\",\"tag\":\"AUTH\",\"msg\":\"Using nvidia account: 3317f8d3...\"}","timestamp":"2026-07-27T05:26:14.816Z"}

data: {"data":"[05:26:20] 📊 \u001b[32m[USAGE] NVIDIA | in=66170 | out=96 | account=3317f8d3...\u001b[0m \u001b[33m(estimated)\u001b[0m | cache_read=384","timestamp":"2026-07-27T05:26:20.353Z"}

data: {"data":"[05:26:20] 🌊 [STREAM] NVIDIA | z-ai/glm-5.2 | 5555ms | complete","timestamp":"2026-07-27T05:26:20.359Z"}

data: {"data":"time=2026-07-27T05:26:35.531Z level=INFO msg=\"l0 retention enforced\" db=storage.sqlite deleted_count=20 max_l1_txid=000000000000038b","timestamp":"2026-07-27T05:26:35.531Z"}

data: {"data":"time=2026-07-27T05:26:35.531Z level=INFO msg=\"compaction complete\" level=1 txid.min=0000000000000388 txid.max=000000000000038b size=459907","timestamp":"2026-07-27T05:26:35.532Z"}

data: {"data":"[INFO] [SKILLS_INJECTION] skills.injection.skipped {\"apiKeyId\":\"env-key\",\"reason\":\"no_enabled_skills\"}","timestamp":"2026-07-27T05:29:37.692Z"}

data: {"data":"{\"level\":30,\"time\":\"2026-07-27T05:29:37.651Z\",\"service\":\"omniroute\",\"module\":\"sse\",\"tag\":\"HTTP\",\"method\":\"POST\",\"path\":\"/v1/messages | nvidia/z-ai/glm-5.2 | 62 msgs | 40 tools\",\"msg\":\"📥 POST /v1/messages | nvidia/z-ai/glm-5.2 | 62 msgs | 40 tools\"}","timestamp":"2026-07-27T05:29:37.707Z"}

data: {"data":"{\"level\":30,\"time\":\"2026-07-27T05:29:37.657Z\",\"service\":\"omniroute\",\"module\":\"sse\",\"tag\":\"ROUTING\",\"msg\":\"Provider: nvidia, Model: z-ai/glm-5.2\"}","timestamp":"2026-07-27T05:29:37.707Z"}

data: {"data":"{\"level\":30,\"time\":\"2026-07-27T05:29:37.660Z\",\"service\":\"omniroute\",\"module\":\"sse\",\"tag\":\"AUTH\",\"msg\":\"session_key=input:sha256:eebcc... has no available affinity target\"}","timestamp":"2026-07-27T05:29:37.707Z"}

data: {"data":"{\"level\":30,\"time\":\"2026-07-27T05:29:37.661Z\",\"service\":\"omniroute\",\"module\":\"sse\",\"tag\":\"AUTH\",\"msg\":\"Using nvidia account: c5116293...\"}","timestamp":"2026-07-27T05:29:37.707Z"}

data: {"data":"time=2026-07-27T05:29:57.436Z level=INFO msg=\"l0 retention enforced\" db=storage.sqlite deleted_count=15 max_l1_txid=000000000000038b","timestamp":"2026-07-27T05:29:57.436Z"}

data: {"data":"time=2026-07-27T05:30:03.114Z level=INFO msg=\"compaction complete\" level=1 txid.min=000000000000038c txid.max=000000000000038f size=460059","timestamp":"2026-07-27T05:30:03.114Z"}

data: {"data":"🧹 [RATE-LIMIT] Evicting idle limiter: nvidia:a0c72227-ba89-4b89-bae4-cff099d02562 (inactive for 612s)","timestamp":"2026-07-27T05:30:04.980Z"}

data: {"data":"🧹 [RATE-LIMIT] Evicting idle limiter: nvidia:38a09429-95ad-4b2f-940b-ed886fad7d7a (inactive for 604s)","timestamp":"2026-07-27T05:30:04.980Z"}

data: {"data":"🧹 [RATE-LIMIT] Evicting idle limiter: nvidia:9865dfaa-3680-4a2c-a952-16cf94dddd04 (inactive for 600s)","timestamp":"2026-07-27T05:30:04.980Z"}

data: {"data":"time=2026-07-27T05:30:08.426Z level=INFO msg=\"compaction complete\" level=2 txid.min=0000000000000388 txid.max=000000000000038f size=460059","timestamp":"2026-07-27T05:30:08.426Z"}

data: {"data":"[05:30:08] 📊 \u001b[32m[USAGE] NVIDIA | in=66409 | out=633 | account=c5116293...\u001b[0m \u001b[33m(estimated)\u001b[0m | cache_read=2112","timestamp":"2026-07-27T05:30:08.548Z"}

data: {"data":"[05:30:08] 🌊 [STREAM] NVIDIA | z-ai/glm-5.2 | 30860ms | complete","timestamp":"2026-07-27T05:30:08.556Z"}

data: {"data":"[INFO] [SKILLS_INJECTION] skills.injection.skipped {\"apiKeyId\":\"env-key\",\"reason\":\"no_enabled_skills\"}","timestamp":"2026-07-27T05:30:13.100Z"}

data: {"data":"{\"level\":30,\"time\":\"2026-07-27T05:30:13.054Z\",\"service\":\"omniroute\",\"module\":\"sse\",\"tag\":\"HTTP\",\"method\":\"POST\",\"path\":\"/v1/messages | nvidia/z-ai/glm-5.2 | 64 msgs | 40 tools\",\"msg\":\"📥 POST /v1/messages | nvidia/z-ai/glm-5.2 | 64 msgs | 40 tools\"}","timestamp":"2026-07-27T05:30:13.125Z"}

data: {"data":"{\"level\":30,\"time\":\"2026-07-27T05:30:13.059Z\",\"service\":\"omniroute\",\"module\":\"sse\",\"tag\":\"ROUTING\",\"msg\":\"Provider: nvidia, Model: z-ai/glm-5.2\"}","timestamp":"2026-07-27T05:30:13.125Z"}

data: {"data":"{\"level\":30,\"time\":\"2026-07-27T05:30:13.064Z\",\"service\":\"omniroute\",\"module\":\"sse\",\"tag\":\"AUTH\",\"msg\":\"session_key=input:sha256:eebcc... has no available affinity target\"}","timestamp":"2026-07-27T05:30:13.125Z"}

data: {"data":"{\"level\":30,\"time\":\"2026-07-27T05:30:13.064Z\",\"service\":\"omniroute\",\"module\":\"sse\",\"tag\":\"AUTH\",\"msg\":\"Using nvidia account: cb888a54...\"}","timestamp":"2026-07-27T05:30:13.125Z"}

data: {"data":"[05:30:22] 📊 \u001b[32m[USAGE] NVIDIA | in=67295 | out=197 | account=cb888a54...\u001b[0m \u001b[33m(estimated)\u001b[0m | cache_read=1536","timestamp":"2026-07-27T05:30:22.390Z"}

data: {"data":"[05:30:22] 🌊 [STREAM] NVIDIA | z-ai/glm-5.2 | 9290ms | complete","timestamp":"2026-07-27T05:30:22.397Z"}

data: {"data":"[INFO] [SKILLS_INJECTION] skills.injection.skipped {\"apiKeyId\":\"env-key\",\"reason\":\"no_enabled_skills\"}","timestamp":"2026-07-27T05:30:26.785Z"}

data: {"data":"{\"level\":30,\"time\":\"2026-07-27T05:30:26.745Z\",\"service\":\"omniroute\",\"module\":\"sse\",\"tag\":\"HTTP\",\"method\":\"POST\",\"path\":\"/v1/messages | nvidia/z-ai/glm-5.2 | 66 msgs | 40 tools\",\"msg\":\"📥 POST /v1/messages | nvidia/z-ai/glm-5.2 | 66 msgs | 40 tools\"}","timestamp":"2026-07-27T05:30:26.806Z"}

data: {"data":"{\"level\":30,\"time\":\"2026-07-27T05:30:26.750Z\",\"service\":\"omniroute\",\"module\":\"sse\",\"tag\":\"ROUTING\",\"msg\":\"Provider: nvidia, Model: z-ai/glm-5.2\"}","timestamp":"2026-07-27T05:30:26.806Z"}

data: {"data":"{\"level\":30,\"time\":\"2026-07-27T05:30:26.753Z\",\"service\":\"omniroute\",\"module\":\"sse\",\"tag\":\"AUTH\",\"msg\":\"session_key=input:sha256:eebcc... has no available affinity target\"}","timestamp":"2026-07-27T05:30:26.806Z"}

data: {"data":"{\"level\":30,\"time\":\"2026-07-27T05:30:26.754Z\",\"service\":\"omniroute\",\"module\":\"sse\",\"tag\":\"AUTH\",\"msg\":\"Using nvidia account: d65f33e2...\"}","timestamp":"2026-07-27T05:30:26.806Z"}

data: {"data":"🧹 [RATE-LIMIT] Evicting idle limiter: nvidia:3f77f218-ee98-443b-b2de-e0cdb8761144 (inactive for 619s)","timestamp":"2026-07-27T05:30:34.980Z"}

data: {"data":"time=2026-07-27T05:30:35.167Z level=INFO msg=\"compaction complete\" level=1 txid.min=0000000000000390 txid.max=0000000000000393 size=69860","timestamp":"2026-07-27T05:30:35.167Z"}

data: {"data":"[05:30:36] 📊 \u001b[32m[USAGE] NVIDIA | in=67770 | out=304 | account=d65f33e2...\u001b[0m \u001b[33m(estimated)\u001b[0m | cache_read=67008","timestamp":"2026-07-27T05:30:36.387Z"}

data: {"data":"[05:30:36] 🌊 [STREAM] NVIDIA | z-ai/glm-5.2 | 9613ms | complete","timestamp":"2026-07-27T05:30:36.401Z"}

data: {"data":"[INFO] [SKILLS_INJECTION] skills.injection.skipped {\"apiKeyId\":\"env-key\",\"reason\":\"no_enabled_skills\"}","timestamp":"2026-07-27T05:30:37.146Z"}

data: {"data":"{\"level\":30,\"time\":\"2026-07-27T05:30:37.092Z\",\"service\":\"omniroute\",\"module\":\"sse\",\"tag\":\"HTTP\",\"method\":\"POST\",\"path\":\"/v1/messages | nvidia/z-ai/glm-5.2 | 68 msgs | 40 tools\",\"msg\":\"📥 POST /v1/messages | nvidia/z-ai/glm-5.2 | 68 msgs | 40 tools\"}","timestamp":"2026-07-27T05:30:37.159Z"}

data: {"data":"{\"level\":30,\"time\":\"2026-07-27T05:30:37.099Z\",\"service\":\"omniroute\",\"module\":\"sse\",\"tag\":\"ROUTING\",\"msg\":\"Provider: nvidia, Model: z-ai/glm-5.2\"}","timestamp":"2026-07-27T05:30:37.159Z"}

data: {"data":"{\"level\":30,\"time\":\"2026-07-27T05:30:37.103Z\",\"service\":\"omniroute\",\"module\":\"sse\",\"tag\":\"AUTH\",\"msg\":\"session_key=input:sha256:eebcc... has no available affinity target\"}","timestamp":"2026-07-27T05:30:37.159Z"}

data: {"data":"{\"level\":30,\"time\":\"2026-07-27T05:30:37.104Z\",\"service\":\"omniroute\",\"module\":\"sse\",\"tag\":\"AUTH\",\"msg\":\"Using nvidia account: ccaad834...\"}","timestamp":"2026-07-27T05:30:37.159Z"}

data: {"data":"🧹 [RATE-LIMIT] Evicting idle limiter: nvidia:a68545c0-554a-43c9-9ad4-e09885e762e7 (inactive for 627s)","timestamp":"2026-07-27T05:31:04.980Z"}

data: {"data":"🧹 [RATE-LIMIT] Evicting idle limiter: nvidia:dd511141-af6e-4944-8af4-c0397507c799 (inactive for 614s)","timestamp":"2026-07-27T05:31:04.980Z"}

data: {"data":"time=2026-07-27T05:31:05.031Z level=INFO msg=\"compaction complete\" level=1 txid.min=0000000000000394 txid.max=0000000000000399 size=462695","timestamp":"2026-07-27T05:31:05.031Z"}

data: {"data":"[05:31:15] 📊 \u001b[32m[USAGE] NVIDIA | in=68830 | out=623 | account=ccaad834...\u001b[0m \u001b[33m(estimated)\u001b[0m | cache_read=704","timestamp":"2026-07-27T05:31:15.556Z"}

data: {"data":"[05:31:15] 🌊 [STREAM] NVIDIA | z-ai/glm-5.2 | 38416ms | complete","timestamp":"2026-07-27T05:31:15.565Z"}

data: {"data":"[INFO] [SKILLS_INJECTION] skills.injection.skipped {\"apiKeyId\":\"env-key\",\"reason\":\"no_enabled_skills\"}","timestamp":"2026-07-27T05:31:16.575Z"}

data: {"data":"{\"level\":30,\"time\":\"2026-07-27T05:31:16.531Z\",\"service\":\"omniroute\",\"module\":\"sse\",\"tag\":\"HTTP\",\"method\":\"POST\",\"path\":\"/v1/messages | nvidia/z-ai/glm-5.2 | 71 msgs | 40 tools\",\"msg\":\"📥 POST /v1/messages | nvidia/z-ai/glm-5.2 | 71 msgs | 40 tools\"}","timestamp":"2026-07-27T05:31:16.598Z"}

data: {"data":"{\"level\":30,\"time\":\"2026-07-27T05:31:16.537Z\",\"service\":\"omniroute\",\"module\":\"sse\",\"tag\":\"ROUTING\",\"msg\":\"Provider: nvidia, Model: z-ai/glm-5.2\"}","timestamp":"2026-07-27T05:31:16.598Z"}

data: {"data":"{\"level\":30,\"time\":\"2026-07-27T05:31:16.540Z\",\"service\":\"omniroute\",\"module\":\"sse\",\"tag\":\"AUTH\",\"msg\":\"session_key=input:sha256:eebcc... has no available affinity target\"}","timestamp":"2026-07-27T05:31:16.598Z"}

data: {"data":"{\"level\":30,\"time\":\"2026-07-27T05:31:16.540Z\",\"service\":\"omniroute\",\"module\":\"sse\",\"tag\":\"AUTH\",\"msg\":\"Using nvidia account: def58a55...\"}","timestamp":"2026-07-27T05:31:16.598Z"}

data: {"data":"🧹 [RATE-LIMIT] Evicting idle limiter: nvidia:2bcea68b-9f7a-4673-b1f0-80a66320fc88 (inactive for 623s)","timestamp":"2026-07-27T05:31:34.980Z"}

data: {"data":"🧹 [RATE-LIMIT] Evicting idle limiter: nvidia:1830e4f7-dd8f-4c11-9d65-c0acdced6494 (inactive for 618s)","timestamp":"2026-07-27T05:31:34.980Z"}

data: {"data":"🧹 [RATE-LIMIT] Evicting idle limiter: nvidia:58f42365-24ac-4844-b08b-af609b1057d1 (inactive for 607s)","timestamp":"2026-07-27T05:31:34.980Z"}

data: {"data":"time=2026-07-27T05:31:36.465Z level=INFO msg=\"l0 retention enforced\" db=storage.sqlite deleted_count=4 max_l1_txid=000000000000039c","timestamp":"2026-07-27T05:31:36.465Z"}

data: {"data":"time=2026-07-27T05:31:36.465Z level=INFO msg=\"compaction complete\" level=1 txid.min=000000000000039a txid.max=000000000000039c size=46948","timestamp":"2026-07-27T05:31:36.465Z"}

data: {"data":"[05:31:43] 📊 \u001b[32m[USAGE] NVIDIA | in=69870 | out=784 | account=def58a55...\u001b[0m \u001b[33m(estimated)\u001b[0m | cache_read=67456","timestamp":"2026-07-27T05:31:43.951Z"}

data: {"data":"[05:31:43] 🌊 [STREAM] NVIDIA | z-ai/glm-5.2 | 27379ms | complete","timestamp":"2026-07-27T05:31:43.960Z"}

data: {"data":"[INFO] [SKILLS_INJECTION] skills.injection.skipped {\"apiKeyId\":\"env-key\",\"reason\":\"no_enabled_skills\"}","timestamp":"2026-07-27T05:31:44.583Z"}

data: {"data":"{\"level\":30,\"time\":\"2026-07-27T05:31:44.544Z\",\"service\":\"omniroute\",\"module\":\"sse\",\"tag\":\"HTTP\",\"method\":\"POST\",\"path\":\"/v1/messages | nvidia/z-ai/glm-5.2 | 73 msgs | 40 tools\",\"msg\":\"📥 POST /v1/messages | nvidia/z-ai/glm-5.2 | 73 msgs | 40 tools\"}","timestamp":"2026-07-27T05:31:44.599Z"}

data: {"data":"{\"level\":30,\"time\":\"2026-07-27T05:31:44.549Z\",\"service\":\"omniroute\",\"module\":\"sse\",\"tag\":\"ROUTING\",\"msg\":\"Provider: nvidia, Model: z-ai/glm-5.2\"}","timestamp":"2026-07-27T05:31:44.602Z"}

data: {"data":"{\"level\":30,\"time\":\"2026-07-27T05:31:44.553Z\",\"service\":\"omniroute\",\"module\":\"sse\",\"tag\":\"AUTH\",\"msg\":\"session_key=input:sha256:eebcc... has no available affinity target\"}","timestamp":"2026-07-27T05:31:44.602Z"}

data: {"data":"{\"level\":30,\"time\":\"2026-07-27T05:31:44.553Z\",\"service\":\"omniroute\",\"module\":\"sse\",\"tag\":\"AUTH\",\"msg\":\"Using nvidia account: 2d039916...\"}","timestamp":"2026-07-27T05:31:44.602Z"}

data: {"data":"[05:31:55] 📊 \u001b[32m[USAGE] NVIDIA | in=70828 | out=432 | account=2d039916...\u001b[0m \u001b[33m(estimated)\u001b[0m | cache_read=1536","timestamp":"2026-07-27T05:31:55.155Z"}

data: {"data":"[05:31:55] 🌊 [STREAM] NVIDIA | z-ai/glm-5.2 | 10574ms | complete","timestamp":"2026-07-27T05:31:55.161Z"}

data: {"data":"[INFO] [SKILLS_INJECTION] skills.injection.skipped {\"apiKeyId\":\"env-key\",\"reason\":\"no_enabled_skills\"}","timestamp":"2026-07-27T05:31:55.787Z"}

data: {"data":"{\"level\":30,\"time\":\"2026-07-27T05:31:55.747Z\",\"service\":\"omniroute\",\"module\":\"sse\",\"tag\":\"HTTP\",\"method\":\"POST\",\"path\":\"/v1/messages | nvidia/z-ai/glm-5.2 | 75 msgs | 40 tools\",\"msg\":\"📥 POST /v1/messages | nvidia/z-ai/glm-5.2 | 75 msgs | 40 tools\"}","timestamp":"2026-07-27T05:31:55.810Z"}

data: {"data":"{\"level\":30,\"time\":\"2026-07-27T05:31:55.752Z\",\"service\":\"omniroute\",\"module\":\"sse\",\"tag\":\"ROUTING\",\"msg\":\"Provider: nvidia, Model: z-ai/glm-5.2\"}","timestamp":"2026-07-27T05:31:55.810Z"}

data: {"data":"{\"level\":30,\"time\":\"2026-07-27T05:31:55.755Z\",\"service\":\"omniroute\",\"module\":\"sse\",\"tag\":\"AUTH\",\"msg\":\"session_key=input:sha256:eebcc... has no available affinity target\"}","timestamp":"2026-07-27T05:31:55.810Z"}

data: {"data":"{\"level\":30,\"time\":\"2026-07-27T05:31:55.756Z\",\"service\":\"omniroute\",\"module\":\"sse\",\"tag\":\"AUTH\",\"msg\":\"Using nvidia account: d6a27df9...\"}","timestamp":"2026-07-27T05:31:55.810Z"}

data: {"data":"[ProxyEgress] nvidia/d6a27df9 in=113.20.2.214 out=44.196.116.2 proxy=direct status=success","timestamp":"2026-07-27T05:31:58.859Z"}

data: {"data":"🧹 [RATE-LIMIT] Evicting idle limiter: nvidia:09665ab2-ccd5-473b-9674-14967d3741b7 (inactive for 615s)","timestamp":"2026-07-27T05:32:04.980Z"}

data: {"data":"🧹 [RATE-LIMIT] Evicting idle limiter: nvidia:2d9ef15f-bc96-49d8-b476-56b2ad65c431 (inactive for 605s)","timestamp":"2026-07-27T05:32:04.980Z"}

data: {"data":"🧹 [RATE-LIMIT] Evicting idle limiter: nvidia:53f96ffa-5bb1-424c-925f-86c1b44688ec (inactive for 601s)","timestamp":"2026-07-27T05:32:04.980Z"}

data: {"data":"time=2026-07-27T05:32:06.394Z level=INFO msg=\"compaction complete\" level=1 txid.min=000000000000039d txid.max=00000000000003a0 size=464245","timestamp":"2026-07-27T05:32:06.394Z"}

data: {"data":"time=2026-07-27T05:32:34.954Z level=INFO msg=\"compaction complete\" level=1 txid.min=00000000000003a1 txid.max=00000000000003a1 size=20985","timestamp":"2026-07-27T05:32:34.954Z"}

data: {"data":"🧹 [RATE-LIMIT] Evicting idle limiter: nvidia:deb0258d-ecce-4c26-ad39-542c44736a0a (inactive for 620s)","timestamp":"2026-07-27T05:32:34.980Z"}

data: {"data":"[05:32:55] 📊 \u001b[32m[USAGE] NVIDIA | in=71351 | out=2022 | account=d6a27df9...\u001b[0m \u001b[33m(estimated)\u001b[0m | cache_read=384","timestamp":"2026-07-27T05:32:55.682Z"}

data: {"data":"[05:32:55] 🌊 [STREAM] NVIDIA | z-ai/glm-5.2 | 59899ms | complete","timestamp":"2026-07-27T05:32:55.690Z"}

data: {"data":"[INFO] [SKILLS_INJECTION] skills.injection.skipped {\"apiKeyId\":\"env-key\",\"reason\":\"no_enabled_skills\"}","timestamp":"2026-07-27T05:32:56.451Z"}

data: {"data":"{\"level\":30,\"time\":\"2026-07-27T05:32:56.401Z\",\"service\":\"omniroute\",\"module\":\"sse\",\"tag\":\"HTTP\",\"method\":\"POST\",\"path\":\"/v1/messages | nvidia/z-ai/glm-5.2 | 77 msgs | 40 tools\",\"msg\":\"📥 POST /v1/messages | nvidia/z-ai/glm-5.2 | 77 msgs | 40 tools\"}","timestamp":"2026-07-27T05:32:56.469Z"}

data: {"data":"{\"level\":30,\"time\":\"2026-07-27T05:32:56.411Z\",\"service\":\"omniroute\",\"module\":\"sse\",\"tag\":\"ROUTING\",\"msg\":\"Provider: nvidia, Model: z-ai/glm-5.2\"}","timestamp":"2026-07-27T05:32:56.469Z"}

data: {"data":"{\"level\":30,\"time\":\"2026-07-27T05:32:56.417Z\",\"service\":\"omniroute\",\"module\":\"sse\",\"tag\":\"AUTH\",\"msg\":\"session_key=input:sha256:eebcc... has no available affinity target\"}","timestamp":"2026-07-27T05:32:56.469Z"}

data: {"data":"{\"level\":30,\"time\":\"2026-07-27T05:32:56.418Z\",\"service\":\"omniroute\",\"module\":\"sse\",\"tag\":\"AUTH\",\"msg\":\"Using nvidia account: 7d5d42c4...\"}","timestamp":"2026-07-27T05:32:56.469Z"}

data: {"data":"[ProxyEgress] nvidia/7d5d42c4 in=113.20.2.214 out=44.196.116.2 proxy=direct status=success","timestamp":"2026-07-27T05:32:59.156Z"}

data: {"data":"time=2026-07-27T05:33:04.931Z level=INFO msg=\"compaction complete\" level=1 txid.min=00000000000003a2 txid.max=00000000000003a4 size=465948","timestamp":"2026-07-27T05:33:04.931Z"}

data: {"data":"[05:33:27] 📊 \u001b[32m[USAGE] NVIDIA | in=73432 | out=1045 | account=7d5d42c4...\u001b[0m \u001b[33m(estimated)\u001b[0m | cache_read=73280","timestamp":"2026-07-27T05:33:27.737Z"}

data: {"data":"[05:33:27] 🌊 [STREAM] NVIDIA | z-ai/glm-5.2 | 31288ms | complete","timestamp":"2026-07-27T05:33:27.743Z"}

data: {"data":"[INFO] [SKILLS_INJECTION] skills.injection.skipped {\"apiKeyId\":\"env-key\",\"reason\":\"no_enabled_skills\"}","timestamp":"2026-07-27T05:33:28.603Z"}

data: {"data":"{\"level\":30,\"time\":\"2026-07-27T05:33:28.551Z\",\"service\":\"omniroute\",\"module\":\"sse\",\"tag\":\"HTTP\",\"method\":\"POST\",\"path\":\"/v1/messages | nvidia/z-ai/glm-5.2 | 79 msgs | 40 tools\",\"msg\":\"📥 POST /v1/messages | nvidia/z-ai/glm-5.2 | 79 msgs | 40 tools\"}","timestamp":"2026-07-27T05:33:28.614Z"}

data: {"data":"{\"level\":30,\"time\":\"2026-07-27T05:33:28.556Z\",\"service\":\"omniroute\",\"module\":\"sse\",\"tag\":\"ROUTING\",\"msg\":\"Provider: nvidia, Model: z-ai/glm-5.2\"}","timestamp":"2026-07-27T05:33:28.614Z"}

data: {"data":"{\"level\":30,\"time\":\"2026-07-27T05:33:28.560Z\",\"service\":\"omniroute\",\"module\":\"sse\",\"tag\":\"AUTH\",\"msg\":\"session_key=input:sha256:eebcc... has no available affinity target\"}","timestamp":"2026-07-27T05:33:28.614Z"}

data: {"data":"{\"level\":30,\"time\":\"2026-07-27T05:33:28.561Z\",\"service\":\"omniroute\",\"module\":\"sse\",\"tag\":\"AUTH\",\"msg\":\"Using nvidia account: f2b0933a...\"}","timestamp":"2026-07-27T05:33:28.614Z"}

data: {"data":"[ProxyEgress] nvidia/f2b0933a in=113.20.2.214 out=44.196.116.2 proxy=direct status=success","timestamp":"2026-07-27T05:33:30.445Z"}

data: {"data":"[05:33:31] 📊 \u001b[32m[USAGE] NVIDIA | in=74518 | out=44 | account=f2b0933a...\u001b[0m \u001b[33m(estimated)\u001b[0m | cache_read=73408","timestamp":"2026-07-27T05:33:31.009Z"}

data: {"data":"[05:33:31] 🌊 [STREAM] NVIDIA | z-ai/glm-5.2 | 2412ms | complete","timestamp":"2026-07-27T05:33:31.015Z"}

data: {"data":"[INFO] [SKILLS_INJECTION] skills.injection.skipped {\"apiKeyId\":\"env-key\",\"reason\":\"no_enabled_skills\"}","timestamp":"2026-07-27T05:33:31.886Z"}

data: {"data":"{\"level\":30,\"time\":\"2026-07-27T05:33:31.847Z\",\"service\":\"omniroute\",\"module\":\"sse\",\"tag\":\"HTTP\",\"method\":\"POST\",\"path\":\"/v1/messages | nvidia/z-ai/glm-5.2 | 81 msgs | 40 tools\",\"msg\":\"📥 POST /v1/messages | nvidia/z-ai/glm-5.2 | 81 msgs | 40 tools\"}","timestamp":"2026-07-27T05:33:31.923Z"}

data: {"data":"{\"level\":30,\"time\":\"2026-07-27T05:33:31.853Z\",\"service\":\"omniroute\",\"module\":\"sse\",\"tag\":\"ROUTING\",\"msg\":\"Provider: nvidia, Model: z-ai/glm-5.2\"}","timestamp":"2026-07-27T05:33:31.923Z"}

data: {"data":"{\"level\":30,\"time\":\"2026-07-27T05:33:31.858Z\",\"service\":\"omniroute\",\"module\":\"sse\",\"tag\":\"AUTH\",\"msg\":\"session_key=input:sha256:eebcc... has no available affinity target\"}","timestamp":"2026-07-27T05:33:31.923Z"}

data: {"data":"{\"level\":30,\"time\":\"2026-07-27T05:33:31.858Z\",\"service\":\"omniroute\",\"module\":\"sse\",\"tag\":\"AUTH\",\"msg\":\"Using nvidia account: 9cda5fc2...\"}","timestamp":"2026-07-27T05:33:31.923Z"}

data: {"data":"time=2026-07-27T05:33:34.783Z level=INFO msg=\"compaction complete\" level=1 txid.min=00000000000003a5 txid.max=00000000000003a7 size=52992","timestamp":"2026-07-27T05:33:34.783Z"}

data: {"data":"[ProxyEgress] nvidia/9cda5fc2 in=113.20.2.214 out=44.196.116.2 proxy=direct status=success","timestamp":"2026-07-27T05:33:55.732Z"}

data: {"data":"[05:33:55] 📊 \u001b[32m[USAGE] NVIDIA | in=74936 | out=452 | account=9cda5fc2...\u001b[0m | cache_read=74560","timestamp":"2026-07-27T05:33:55.750Z"}

data: {"data":"[05:33:55] 🌊 [STREAM] NVIDIA | z-ai/glm-5.2 | 23861ms | complete","timestamp":"2026-07-27T05:33:55.756Z"}

data: {"data":"(node:816) MaxListenersExceededWarning: Possible EventEmitter memory leak detected. 11 connect listeners added to [Socket]. MaxListeners is 10. Use emitter.setMaxListeners() to increase limit","timestamp":"2026-07-27T05:33:56.130Z"}

data: {"data":"[INFO] [SKILLS_INJECTION] skills.injection.skipped {\"apiKeyId\":\"env-key\",\"reason\":\"no_enabled_skills\"}","timestamp":"2026-07-27T05:33:56.390Z"}

data: {"data":"{\"level\":30,\"time\":\"2026-07-27T05:33:56.340Z\",\"service\":\"omniroute\",\"module\":\"sse\",\"tag\":\"HTTP\",\"method\":\"POST\",\"path\":\"/v1/messages | nvidia/z-ai/glm-5.2 | 83 msgs | 40 tools\",\"msg\":\"📥 POST /v1/messages | nvidia/z-ai/glm-5.2 | 83 msgs | 40 tools\"}","timestamp":"2026-07-27T05:33:56.408Z"}

data: {"data":"{\"level\":30,\"time\":\"2026-07-27T05:33:56.346Z\",\"service\":\"omniroute\",\"module\":\"sse\",\"tag\":\"ROUTING\",\"msg\":\"Provider: nvidia, Model: z-ai/glm-5.2\"}","timestamp":"2026-07-27T05:33:56.408Z"}

data: {"data":"{\"level\":30,\"time\":\"2026-07-27T05:33:56.350Z\",\"service\":\"omniroute\",\"module\":\"sse\",\"tag\":\"AUTH\",\"msg\":\"session_key=input:sha256:eebcc... has no available affinity target\"}","timestamp":"2026-07-27T05:33:56.408Z"}

data: {"data":"{\"level\":30,\"time\":\"2026-07-27T05:33:56.351Z\",\"service\":\"omniroute\",\"module\":\"sse\",\"tag\":\"AUTH\",\"msg\":\"Using nvidia account: d1717878...\"}","timestamp":"2026-07-27T05:33:56.408Z"}

data: {"data":"[ProxyEgress] nvidia/d1717878 in=113.20.2.214 out=44.196.116.2 proxy=direct status=success","timestamp":"2026-07-27T05:33:59.187Z"}

data: {"data":"time=2026-07-27T05:34:04.700Z level=INFO msg=\"compaction complete\" level=1 txid.min=00000000000003a8 txid.max=00000000000003ad size=467563","timestamp":"2026-07-27T05:34:04.701Z"}

data: {"data":"time=2026-07-27T05:34:34.921Z level=INFO msg=\"compaction complete\" level=1 txid.min=00000000000003ae txid.max=00000000000003ae size=13389","timestamp":"2026-07-27T05:34:34.921Z"}

data: {"data":"time=2026-07-27T05:34:56.728Z level=INFO msg=\"l0 retention enforced\" db=storage.sqlite deleted_count=3 max_l1_txid=00000000000003ae","timestamp":"2026-07-27T05:34:56.728Z"}

data: {"data":"time=2026-07-27T05:35:05.721Z level=INFO msg=\"l0 retention enforced\" db=storage.sqlite deleted_count=1 max_l1_txid=00000000000003af","timestamp":"2026-07-27T05:35:05.721Z"}

data: {"data":"time=2026-07-27T05:35:05.721Z level=INFO msg=\"compaction complete\" level=1 txid.min=00000000000003af txid.max=00000000000003af size=419","timestamp":"2026-07-27T05:35:05.721Z"}

data: {"data":"time=2026-07-27T05:35:09.741Z level=INFO msg=\"compaction complete\" level=2 txid.min=0000000000000390 txid.max=00000000000003ae size=467709","timestamp":"2026-07-27T05:35:09.741Z"}

data: {"data":"[05:35:11] 📊 \u001b[32m[USAGE] NVIDIA | in=75887 | out=1666 | account=d1717878...\u001b[0m \u001b[33m(estimated)\u001b[0m | cache_read=75328","timestamp":"2026-07-27T05:35:11.726Z"}

data: {"data":"[05:35:11] 🌊 [STREAM] NVIDIA | z-ai/glm-5.2 | 75340ms | complete","timestamp":"2026-07-27T05:35:11.735Z"}

data: {"data":"time=2026-07-27T05:35:37.336Z level=INFO msg=\"l0 retention enforced\" db=storage.sqlite deleted_count=4 max_l1_txid=00000000000003b1","timestamp":"2026-07-27T05:35:37.336Z"}

data: {"data":"time=2026-07-27T05:35:37.336Z level=INFO msg=\"compaction complete\" level=1 txid.min=00000000000003b0 txid.max=00000000000003b1 size=470001","timestamp":"2026-07-27T05:35:37.336Z"}

data: {"data":"🧹 [RATE-LIMIT] Evicting idle limiter: nvidia:3317f8d3-ffa6-4e41-a8ad-7eeaf91a3f93 (inactive for 617s)","timestamp":"2026-07-27T05:36:34.980Z"}

data: {"data":"[INFO] [SKILLS_INJECTION] skills.injection.skipped {\"apiKeyId\":\"env-key\",\"reason\":\"no_enabled_skills\"}","timestamp":"2026-07-27T05:38:12.264Z"}

data: {"data":"{\"level\":30,\"time\":\"2026-07-27T05:38:12.204Z\",\"service\":\"omniroute\",\"module\":\"sse\",\"tag\":\"HTTP\",\"method\":\"POST\",\"path\":\"/v1/messages | nvidia/z-ai/glm-5.2 | 85 msgs | 40 tools\",\"msg\":\"📥 POST /v1/messages | nvidia/z-ai/glm-5.2 | 85 msgs | 40 tools\"}","timestamp":"2026-07-27T05:38:12.282Z"}

data: {"data":"{\"level\":30,\"time\":\"2026-07-27T05:38:12.210Z\",\"service\":\"omniroute\",\"module\":\"sse\",\"tag\":\"ROUTING\",\"msg\":\"Provider: nvidia, Model: z-ai/glm-5.2\"}","timestamp":"2026-07-27T05:38:12.283Z"}

data: {"data":"{\"level\":30,\"time\":\"2026-07-27T05:38:12.216Z\",\"service\":\"omniroute\",\"module\":\"sse\",\"tag\":\"AUTH\",\"msg\":\"session_key=input:sha256:eebcc... has no available affinity target\"}","timestamp":"2026-07-27T05:38:12.283Z"}

data: {"data":"{\"level\":30,\"time\":\"2026-07-27T05:38:12.217Z\",\"service\":\"omniroute\",\"module\":\"sse\",\"tag\":\"AUTH\",\"msg\":\"Using nvidia account: a0c72227...\"}","timestamp":"2026-07-27T05:38:12.283Z"}

data: {"data":"[05:38:16] 📊 \u001b[32m[USAGE] NVIDIA | in=77616 | out=65 | account=a0c72227...\u001b[0m \u001b[33m(estimated)\u001b[0m | cache_read=384","timestamp":"2026-07-27T05:38:16.844Z"}

data: {"data":"[05:38:16] 🌊 [STREAM] NVIDIA | z-ai/glm-5.2 | 4584ms | complete","timestamp":"2026-07-27T05:38:16.852Z"}

data: {"data":"time=2026-07-27T05:38:35.291Z level=INFO msg=\"l0 retention enforced\" db=storage.sqlite deleted_count=20 max_l1_txid=00000000000003b6","timestamp":"2026-07-27T05:38:35.292Z"}

data: {"data":"time=2026-07-27T05:38:35.292Z level=INFO msg=\"compaction complete\" level=1 txid.min=00000000000003b2 txid.max=00000000000003b6 size=470913","timestamp":"2026-07-27T05:38:35.292Z"}

data: {"data":"time=2026-07-27T05:39:57.419Z level=INFO msg=\"l0 retention enforced\" db=storage.sqlite deleted_count=8 max_l1_txid=00000000000003b6","timestamp":"2026-07-27T05:39:57.419Z"}

data: {"data":"time=2026-07-27T05:40:02.972Z level=INFO msg=\"compaction complete\" level=1 txid.min=00000000000003b7 txid.max=00000000000003b8 size=470913","timestamp":"2026-07-27T05:40:02.972Z"}

data: {"data":"🧹 [RATE-LIMIT] Evicting idle limiter: nvidia:c5116293-3a1e-420b-890b-ddff9ee0db57 (inactive for 624s)","timestamp":"2026-07-27T05:40:04.980Z"}

data: {"data":"time=2026-07-27T05:40:11.181Z level=INFO msg=\"compaction complete\" level=2 txid.min=00000000000003af txid.max=00000000000003b8 size=470913","timestamp":"2026-07-27T05:40:11.181Z"}

data: {"data":"🧹 [RATE-LIMIT] Evicting idle limiter: nvidia:cb888a54-217d-4ad6-b191-1cc5d06841e0 (inactive for 616s)","timestamp":"2026-07-27T05:40:34.980Z"}

data: {"data":"🧹 [RATE-LIMIT] Evicting idle limiter: nvidia:d65f33e2-26b4-4096-bb40-214be567a5f8 (inactive for 607s)","timestamp":"2026-07-27T05:40:34.980Z"}

data: {"data":"🧹 [RATE-LIMIT] Evicting idle limiter: nvidia:ccaad834-d081-4ec4-8e8d-713afc7d722f (inactive for 623s)","timestamp":"2026-07-27T05:41:04.980Z"}

data: {"data":"🧹 [RATE-LIMIT] Evicting idle limiter: nvidia:def58a55-cab9-4048-a69b-4fa1ae9d557a (inactive for 617s)","timestamp":"2026-07-27T05:41:34.980Z"}

data: {"data":"🧹 [RATE-LIMIT] Evicting idle limiter: nvidia:2d039916-88d8-495f-b886-bd5dc25ce047 (inactive for 617s)","timestamp":"2026-07-27T05:42:04.980Z"}

data: {"data":"🧹 [RATE-LIMIT] Evicting idle limiter: nvidia:d6a27df9-fb28-429e-9c1d-dbe475f7ea4d (inactive for 606s)","timestamp":"2026-07-27T05:42:04.980Z"}

data: {"data":"🧹 [RATE-LIMIT] Evicting idle limiter: nvidia:7d5d42c4-bb15-43da-a1b5-a4a2b52871c2 (inactive for 606s)","timestamp":"2026-07-27T05:43:04.982Z"}

data: {"data":"[INFO] [SKILLS_INJECTION] skills.injection.skipped {\"apiKeyId\":\"env-key\",\"reason\":\"no_enabled_skills\"}","timestamp":"2026-07-27T05:43:17.395Z"}

data: {"data":"{\"level\":30,\"time\":\"2026-07-27T05:43:17.336Z\",\"service\":\"omniroute\",\"module\":\"sse\",\"tag\":\"HTTP\",\"method\":\"POST\",\"path\":\"/v1/messages | nvidia/z-ai/glm-5.2 | 86 msgs | 40 tools\",\"msg\":\"📥 POST /v1/messages | nvidia/z-ai/glm-5.2 | 86 msgs | 40 tools\"}","timestamp":"2026-07-27T05:43:17.417Z"}

data: {"data":"{\"level\":30,\"time\":\"2026-07-27T05:43:17.349Z\",\"service\":\"omniroute\",\"module\":\"sse\",\"tag\":\"ROUTING\",\"msg\":\"Provider: nvidia, Model: z-ai/glm-5.2\"}","timestamp":"2026-07-27T05:43:17.417Z"}

data: {"data":"{\"level\":30,\"time\":\"2026-07-27T05:43:17.353Z\",\"service\":\"omniroute\",\"module\":\"sse\",\"tag\":\"AUTH\",\"msg\":\"session_key=input:sha256:eebcc... has no available affinity target\"}","timestamp":"2026-07-27T05:43:17.417Z"}

data: {"data":"{\"level\":30,\"time\":\"2026-07-27T05:43:17.355Z\",\"service\":\"omniroute\",\"module\":\"sse\",\"tag\":\"AUTH\",\"msg\":\"Using nvidia account: 38a09429...\"}","timestamp":"2026-07-27T05:43:17.417Z"}

data: {"data":"time=2026-07-27T05:43:34.562Z level=INFO msg=\"l0 retention enforced\" db=storage.sqlite deleted_count=7 max_l1_txid=00000000000003bb","timestamp":"2026-07-27T05:43:34.562Z"}

data: {"data":"time=2026-07-27T05:43:34.562Z level=INFO msg=\"compaction complete\" level=1 txid.min=00000000000003b9 txid.max=00000000000003bb size=471065","timestamp":"2026-07-27T05:43:34.562Z"}

data: {"data":"🧹 [RATE-LIMIT] Evicting idle limiter: nvidia:f2b0933a-888d-4a49-ab58-6012fcfb9314 (inactive for 605s)","timestamp":"2026-07-27T05:43:34.982Z"}

data: {"data":"🧹 [RATE-LIMIT] Evicting idle limiter: nvidia:9cda5fc2-7ae2-426a-a38c-35b9aa4856af (inactive for 609s)","timestamp":"2026-07-27T05:44:04.982Z"}

data: {"data":"🧹 [RATE-LIMIT] Evicting idle limiter: nvidia:d1717878-cbd3-4392-b5af-5add1c10d751 (inactive for 606s)","timestamp":"2026-07-27T05:44:04.982Z"}

data: {"data":"[05:44:50] 📊 \u001b[32m[USAGE] NVIDIA | in=125533 | out=1523 | account=38a09429...\u001b[0m \u001b[33m(estimated)\u001b[0m | cache_read=384","timestamp":"2026-07-27T05:44:50.868Z"}

data: {"data":"[05:44:50] 🌊 [STREAM] NVIDIA | z-ai/glm-5.2 | 93474ms | complete","timestamp":"2026-07-27T05:44:50.874Z"}

data: {"data":"[INFO] [SKILLS_INJECTION] skills.injection.skipped {\"apiKeyId\":\"env-key\",\"reason\":\"no_enabled_skills\"}","timestamp":"2026-07-27T05:44:55.362Z"}

data: {"data":"{\"level\":30,\"time\":\"2026-07-27T05:44:55.301Z\",\"service\":\"omniroute\",\"module\":\"sse\",\"tag\":\"HTTP\",\"method\":\"POST\",\"path\":\"/v1/messages | nvidia/z-ai/glm-5.2 | 86 msgs | 40 tools\",\"msg\":\"📥 POST /v1/messages | nvidia/z-ai/glm-5.2 | 86 msgs | 40 tools\"}","timestamp":"2026-07-27T05:44:55.380Z"}

data: {"data":"{\"level\":30,\"time\":\"2026-07-27T05:44:55.311Z\",\"service\":\"omniroute\",\"module\":\"sse\",\"tag\":\"ROUTING\",\"msg\":\"Provider: nvidia, Model: z-ai/glm-5.2\"}","timestamp":"2026-07-27T05:44:55.380Z"}

data: {"data":"{\"level\":30,\"time\":\"2026-07-27T05:44:55.315Z\",\"service\":\"omniroute\",\"module\":\"sse\",\"tag\":\"AUTH\",\"msg\":\"session_key=input:sha256:eebcc... has no available affinity target\"}","timestamp":"2026-07-27T05:44:55.380Z"}

data: {"data":"{\"level\":30,\"time\":\"2026-07-27T05:44:55.316Z\",\"service\":\"omniroute\",\"module\":\"sse\",\"tag\":\"AUTH\",\"msg\":\"Using nvidia account: 9865dfaa...\"}","timestamp":"2026-07-27T05:44:55.380Z"}

data: {"data":"time=2026-07-27T05:44:56.763Z level=INFO msg=\"l0 retention enforced\" db=storage.sqlite deleted_count=2 max_l1_txid=00000000000003bb","timestamp":"2026-07-27T05:44:56.763Z"}

data: {"data":"time=2026-07-27T05:45:02.922Z level=INFO msg=\"compaction complete\" level=1 txid.min=00000000000003bc txid.max=00000000000003be size=471480","timestamp":"2026-07-27T05:45:02.922Z"}

data: {"data":"[ProxyEgress] nvidia/9865dfaa in=113.20.2.214 out=44.196.116.2 proxy=direct status=success","timestamp":"2026-07-27T05:45:04.613Z"}

data: {"data":"time=2026-07-27T05:45:07.311Z level=INFO msg=\"compaction complete\" level=2 txid.min=00000000000003b9 txid.max=00000000000003be size=471480","timestamp":"2026-07-27T05:45:07.311Z"}

data: {"data":"time=2026-07-27T05:45:35.142Z level=INFO msg=\"compaction complete\" level=1 txid.min=00000000000003bf txid.max=00000000000003bf size=11644","timestamp":"2026-07-27T05:45:35.142Z"}

data: {"data":"🧹 [RATE-LIMIT] Evicting idle limiter: nvidia:a0c72227-ba89-4b89-bae4-cff099d02562 (inactive for 619s)","timestamp":"2026-07-27T05:48:34.983Z"}

data: {"data":"time=2026-07-27T05:49:57.042Z level=INFO msg=\"l0 retention enforced\" db=storage.sqlite deleted_count=5 max_l1_txid=00000000000003bf","timestamp":"2026-07-27T05:49:57.042Z"}

data: {"data":"time=2026-07-27T05:50:03.638Z level=INFO msg=\"l0 retention enforced\" db=storage.sqlite deleted_count=1 max_l1_txid=00000000000003c1","timestamp":"2026-07-27T05:50:03.638Z"}

data: {"data":"time=2026-07-27T05:50:03.638Z level=INFO msg=\"compaction complete\" level=1 txid.min=00000000000003c0 txid.max=00000000000003c1 size=471637","timestamp":"2026-07-27T05:50:03.638Z"}

data: {"data":"time=2026-07-27T05:50:05.935Z level=INFO msg=\"compaction complete\" level=2 txid.min=00000000000003bf txid.max=00000000000003c1 size=471637","timestamp":"2026-07-27T05:50:05.935Z"}

data: {"data":"[05:52:11] 📊 \u001b[32m[USAGE] NVIDIA | in=126826 | out=9942 | account=9865dfaa...\u001b[0m \u001b[33m(estimated)\u001b[0m | cache_read=384","timestamp":"2026-07-27T05:52:11.525Z"}

data: {"data":"[05:52:11] 🌊 [STREAM] NVIDIA | z-ai/glm-5.2 | 436167ms | complete","timestamp":"2026-07-27T05:52:11.533Z"}

data: {"data":"[INFO] [SKILLS_INJECTION] skills.injection.skipped {\"apiKeyId\":\"env-key\",\"reason\":\"no_enabled_skills\"}","timestamp":"2026-07-27T05:52:13.640Z"}

data: {"data":"{\"level\":30,\"time\":\"2026-07-27T05:52:13.586Z\",\"service\":\"omniroute\",\"module\":\"sse\",\"tag\":\"HTTP\",\"method\":\"POST\",\"path\":\"/v1/messages | nvidia/z-ai/glm-5.2 | 4 msgs | 40 tools\",\"msg\":\"📥 POST /v1/messages | nvidia/z-ai/glm-5.2 | 4 msgs | 40 tools\"}","timestamp":"2026-07-27T05:52:13.657Z"}

data: {"data":"{\"level\":30,\"time\":\"2026-07-27T05:52:13.593Z\",\"service\":\"omniroute\",\"module\":\"sse\",\"tag\":\"ROUTING\",\"msg\":\"Provider: nvidia, Model: z-ai/glm-5.2\"}","timestamp":"2026-07-27T05:52:13.657Z"}

data: {"data":"{\"level\":30,\"time\":\"2026-07-27T05:52:13.600Z\",\"service\":\"omniroute\",\"module\":\"sse\",\"tag\":\"AUTH\",\"msg\":\"session_key=input:sha256:eebcc... has no available affinity target\"}","timestamp":"2026-07-27T05:52:13.657Z"}

data: {"data":"{\"level\":30,\"time\":\"2026-07-27T05:52:13.601Z\",\"service\":\"omniroute\",\"module\":\"sse\",\"tag\":\"AUTH\",\"msg\":\"Using nvidia account: a68545c0...\"}","timestamp":"2026-07-27T05:52:13.657Z"}

data: {"data":"time=2026-07-27T05:52:34.019Z level=INFO msg=\"l0 retention enforced\" db=storage.sqlite deleted_count=1 max_l1_txid=00000000000003c6","timestamp":"2026-07-27T05:52:34.019Z"}

data: {"data":"time=2026-07-27T05:52:34.019Z level=INFO msg=\"compaction complete\" level=1 txid.min=00000000000003c2 txid.max=00000000000003c6 size=472234","timestamp":"2026-07-27T05:52:34.019Z"}

data: {"data":"[05:52:51] 📊 \u001b[32m[USAGE] NVIDIA | in=52195 | out=597 | account=a68545c0...\u001b[0m \u001b[33m(estimated)\u001b[0m | cache_read=1856","timestamp":"2026-07-27T05:52:51.523Z"}

data: {"data":"[05:52:51] 🌊 [STREAM] NVIDIA | z-ai/glm-5.2 | 37886ms | complete","timestamp":"2026-07-27T05:52:51.532Z"}

data: {"data":"time=2026-07-27T05:53:06.424Z level=INFO msg=\"compaction complete\" level=1 txid.min=00000000000003c7 txid.max=00000000000003c7 size=36490","timestamp":"2026-07-27T05:53:06.424Z"}

data: {"data":"[INFO] [SKILLS_INJECTION] skills.injection.skipped {\"apiKeyId\":\"env-key\",\"reason\":\"no_enabled_skills\"}","timestamp":"2026-07-27T05:53:24.846Z"}

data: {"data":"{\"level\":30,\"time\":\"2026-07-27T05:53:24.812Z\",\"service\":\"omniroute\",\"module\":\"sse\",\"tag\":\"HTTP\",\"method\":\"POST\",\"path\":\"/v1/messages | nvidia/z-ai/glm-5.2 | 7 msgs | 40 tools\",\"msg\":\"📥 POST /v1/messages | nvidia/z-ai/glm-5.2 | 7 msgs | 40 tools\"}","timestamp":"2026-07-27T05:53:24.856Z"}

data: {"data":"{\"level\":30,\"time\":\"2026-07-27T05:53:24.819Z\",\"service\":\"omniroute\",\"module\":\"sse\",\"tag\":\"ROUTING\",\"msg\":\"Provider: nvidia, Model: z-ai/glm-5.2\"}","timestamp":"2026-07-27T05:53:24.856Z"}

data: {"data":"{\"level\":30,\"time\":\"2026-07-27T05:53:24.822Z\",\"service\":\"omniroute\",\"module\":\"sse\",\"tag\":\"AUTH\",\"msg\":\"session_key=input:sha256:6a22f... has no available affinity target\"}","timestamp":"2026-07-27T05:53:24.856Z"}

data: {"data":"{\"level\":30,\"time\":\"2026-07-27T05:53:24.823Z\",\"service\":\"omniroute\",\"module\":\"sse\",\"tag\":\"AUTH\",\"msg\":\"Using nvidia account: dd511141...\"}","timestamp":"2026-07-27T05:53:24.856Z"}

data: {"data":"[ProxyEgress] nvidia/dd511141 in=113.20.2.214 out=44.196.116.2 proxy=direct status=success","timestamp":"2026-07-27T05:53:27.169Z"}

data: {"data":"[05:53:34] 📊 \u001b[32m[USAGE] NVIDIA | in=54506 | out=155 | account=dd511141...\u001b[0m \u001b[33m(estimated)\u001b[0m | cache_read=1856","timestamp":"2026-07-27T05:53:34.863Z"}

data: {"data":"[05:53:34] 🌊 [STREAM] NVIDIA | z-ai/glm-5.2 | 10022ms | complete","timestamp":"2026-07-27T05:53:34.872Z"}

data: {"data":"🧹 [RATE-LIMIT] Evicting idle limiter: nvidia:38a09429-95ad-4b2f-940b-ed886fad7d7a (inactive for 610s)","timestamp":"2026-07-27T05:53:34.982Z"}

data: {"data":"time=2026-07-27T05:53:35.495Z level=INFO msg=\"compaction complete\" level=1 txid.min=00000000000003c8 txid.max=00000000000003c9 size=475069","timestamp":"2026-07-27T05:53:35.495Z"}

data: {"data":"[INFO] [SKILLS_INJECTION] skills.injection.skipped {\"apiKeyId\":\"env-key\",\"reason\":\"no_enabled_skills\"}","timestamp":"2026-07-27T05:53:36.621Z"}

data: {"data":"{\"level\":30,\"time\":\"2026-07-27T05:53:36.579Z\",\"service\":\"omniroute\",\"module\":\"sse\",\"tag\":\"HTTP\",\"method\":\"POST\",\"path\":\"/v1/messages | nvidia/z-ai/glm-5.2 | 9 msgs | 40 tools\",\"msg\":\"📥 POST /v1/messages | nvidia/z-ai/glm-5.2 | 9 msgs | 40 tools\"}","timestamp":"2026-07-27T05:53:36.633Z"}

data: {"data":"{\"level\":30,\"time\":\"2026-07-27T05:53:36.584Z\",\"service\":\"omniroute\",\"module\":\"sse\",\"tag\":\"ROUTING\",\"msg\":\"Provider: nvidia, Model: z-ai/glm-5.2\"}","timestamp":"2026-07-27T05:53:36.633Z"}

data: {"data":"{\"level\":30,\"time\":\"2026-07-27T05:53:36.588Z\",\"service\":\"omniroute\",\"module\":\"sse\",\"tag\":\"AUTH\",\"msg\":\"session_key=input:sha256:6a22f... has no available affinity target\"}","timestamp":"2026-07-27T05:53:36.633Z"}

data: {"data":"{\"level\":30,\"time\":\"2026-07-27T05:53:36.588Z\",\"service\":\"omniroute\",\"module\":\"sse\",\"tag\":\"AUTH\",\"msg\":\"Using nvidia account: 2bcea68b...\"}","timestamp":"2026-07-27T05:53:36.633Z"}

data: {"data":"[ProxyEgress] nvidia/2bcea68b in=113.20.2.214 out=44.196.116.2 proxy=direct status=success","timestamp":"2026-07-27T05:53:39.184Z"}

data: {"data":"[05:53:41] 📊 \u001b[32m[USAGE] NVIDIA | in=56603 | out=112 | account=2bcea68b...\u001b[0m \u001b[33m(estimated)\u001b[0m | cache_read=54592","timestamp":"2026-07-27T05:53:41.581Z"}

data: {"data":"[05:53:41] 🌊 [STREAM] NVIDIA | z-ai/glm-5.2 | 4962ms | complete","timestamp":"2026-07-27T05:53:41.587Z"}

data: {"data":"[INFO] [SKILLS_INJECTION] skills.injection.skipped {\"apiKeyId\":\"env-key\",\"reason\":\"no_enabled_skills\"}","timestamp":"2026-07-27T05:53:43.749Z"}

data: {"data":"{\"level\":30,\"time\":\"2026-07-27T05:53:43.717Z\",\"service\":\"omniroute\",\"module\":\"sse\",\"tag\":\"HTTP\",\"method\":\"POST\",\"path\":\"/v1/messages | nvidia/z-ai/glm-5.2 | 11 msgs | 40 tools\",\"msg\":\"📥 POST /v1/messages | nvidia/z-ai/glm-5.2 | 11 msgs | 40 tools\"}","timestamp":"2026-07-27T05:53:43.761Z"}

data: {"data":"{\"level\":30,\"time\":\"2026-07-27T05:53:43.722Z\",\"service\":\"omniroute\",\"module\":\"sse\",\"tag\":\"ROUTING\",\"msg\":\"Provider: nvidia, Model: z-ai/glm-5.2\"}","timestamp":"2026-07-27T05:53:43.761Z"}

data: {"data":"{\"level\":30,\"time\":\"2026-07-27T05:53:43.725Z\",\"service\":\"omniroute\",\"module\":\"sse\",\"tag\":\"AUTH\",\"msg\":\"session_key=input:sha256:6a22f... has no available affinity target\"}","timestamp":"2026-07-27T05:53:43.761Z"}

data: {"data":"{\"level\":30,\"time\":\"2026-07-27T05:53:43.726Z\",\"service\":\"omniroute\",\"module\":\"sse\",\"tag\":\"AUTH\",\"msg\":\"Using nvidia account: 1830e4f7...\"}","timestamp":"2026-07-27T05:53:43.761Z"}

data: {"data":"[ProxyEgress] nvidia/1830e4f7 in=113.20.2.214 out=44.196.116.2 proxy=direct status=success","timestamp":"2026-07-27T05:53:46.823Z"}

data: {"data":"[05:54:00] 📊 \u001b[32m[USAGE] NVIDIA | in=57086 | out=580 | account=1830e4f7...\u001b[0m \u001b[33m(estimated)\u001b[0m | cache_read=384","timestamp":"2026-07-27T05:54:00.684Z"}

data: {"data":"[05:54:00] 🌊 [STREAM] NVIDIA | z-ai/glm-5.2 | 16936ms | complete","timestamp":"2026-07-27T05:54:00.689Z"}

data: {"data":"[INFO] [SKILLS_INJECTION] skills.injection.skipped {\"apiKeyId\":\"env-key\",\"reason\":\"no_enabled_skills\"}","timestamp":"2026-07-27T05:54:03.228Z"}

data: {"data":"{\"level\":30,\"time\":\"2026-07-27T05:54:03.184Z\",\"service\":\"omniroute\",\"module\":\"sse\",\"tag\":\"HTTP\",\"method\":\"POST\",\"path\":\"/v1/messages | nvidia/z-ai/glm-5.2 | 13 msgs | 40 tools\",\"msg\":\"📥 POST /v1/messages | nvidia/z-ai/glm-5.2 | 13 msgs | 40 tools\"}","timestamp":"2026-07-27T05:54:03.239Z"}

data: {"data":"{\"level\":30,\"time\":\"2026-07-27T05:54:03.188Z\",\"service\":\"omniroute\",\"module\":\"sse\",\"tag\":\"ROUTING\",\"msg\":\"Provider: nvidia, Model: z-ai/glm-5.2\"}","timestamp":"2026-07-27T05:54:03.239Z"}

data: {"data":"{\"level\":30,\"time\":\"2026-07-27T05:54:03.194Z\",\"service\":\"omniroute\",\"module\":\"sse\",\"tag\":\"AUTH\",\"msg\":\"session_key=input:sha256:6a22f... has no available affinity target\"}","timestamp":"2026-07-27T05:54:03.239Z"}

data: {"data":"{\"level\":30,\"time\":\"2026-07-27T05:54:03.195Z\",\"service\":\"omniroute\",\"module\":\"sse\",\"tag\":\"AUTH\",\"msg\":\"Using nvidia account: 58f42365...\"}","timestamp":"2026-07-27T05:54:03.239Z"}

data: {"data":"time=2026-07-27T05:54:05.417Z level=INFO msg=\"compaction complete\" level=1 txid.min=00000000000003ca txid.max=00000000000003d0 size=53659","timestamp":"2026-07-27T05:54:05.417Z"}

data: {"data":"[ProxyEgress] nvidia/58f42365 in=113.20.2.214 out=44.196.116.2 proxy=direct status=success","timestamp":"2026-07-27T05:54:05.425Z"}

data: {"data":"time=2026-07-27T05:54:35.311Z level=INFO msg=\"compaction complete\" level=1 txid.min=00000000000003d1 txid.max=00000000000003d3 size=47567","timestamp":"2026-07-27T05:54:35.311Z"}

data: {"data":"[05:54:45] 📊 \u001b[32m[USAGE] NVIDIA | in=57728 | out=1232 | account=58f42365...\u001b[0m \u001b[33m(estimated)\u001b[0m | cache_read=56704","timestamp":"2026-07-27T05:54:45.963Z"}

data: {"data":"[05:54:45] 🌊 [STREAM] NVIDIA | z-ai/glm-5.2 | 42738ms | complete","timestamp":"2026-07-27T05:54:45.971Z"}

data: {"data":"[INFO] [SKILLS_INJECTION] skills.injection.skipped {\"apiKeyId\":\"env-key\",\"reason\":\"no_enabled_skills\"}","timestamp":"2026-07-27T05:54:48.071Z"}

data: {"data":"{\"level\":30,\"time\":\"2026-07-27T05:54:48.036Z\",\"service\":\"omniroute\",\"module\":\"sse\",\"tag\":\"HTTP\",\"method\":\"POST\",\"path\":\"/v1/messages | nvidia/z-ai/glm-5.2 | 15 msgs | 40 tools\",\"msg\":\"📥 POST /v1/messages | nvidia/z-ai/glm-5.2 | 15 msgs | 40 tools\"}","timestamp":"2026-07-27T05:54:48.082Z"}

data: {"data":"{\"level\":30,\"time\":\"2026-07-27T05:54:48.041Z\",\"service\":\"omniroute\",\"module\":\"sse\",\"tag\":\"ROUTING\",\"msg\":\"Provider: nvidia, Model: z-ai/glm-5.2\"}","timestamp":"2026-07-27T05:54:48.082Z"}

data: {"data":"{\"level\":30,\"time\":\"2026-07-27T05:54:48.045Z\",\"service\":\"omniroute\",\"module\":\"sse\",\"tag\":\"AUTH\",\"msg\":\"session_key=input:sha256:6a22f... has no available affinity target\"}","timestamp":"2026-07-27T05:54:48.082Z"}

data: {"data":"{\"level\":30,\"time\":\"2026-07-27T05:54:48.046Z\",\"service\":\"omniroute\",\"module\":\"sse\",\"tag\":\"AUTH\",\"msg\":\"Using nvidia account: 09665ab2...\"}","timestamp":"2026-07-27T05:54:48.082Z"}

data: {"data":"[ProxyEgress] nvidia/09665ab2 in=113.20.2.214 out=44.196.116.2 proxy=direct status=success","timestamp":"2026-07-27T05:54:50.470Z"}

data: {"data":"[05:54:51] 📊 \u001b[32m[USAGE] NVIDIA | in=59022 | out=95 | account=09665ab2...\u001b[0m \u001b[33m(estimated)\u001b[0m | cache_read=1536","timestamp":"2026-07-27T05:54:51.649Z"}

data: {"data":"[05:54:51] 🌊 [STREAM] NVIDIA | z-ai/glm-5.2 | 3580ms | complete","timestamp":"2026-07-27T05:54:51.654Z"}

data: {"data":"[INFO] [SKILLS_INJECTION] skills.injection.skipped {\"apiKeyId\":\"env-key\",\"reason\":\"no_enabled_skills\"}","timestamp":"2026-07-27T05:54:53.545Z"}

data: {"data":"{\"level\":30,\"time\":\"2026-07-27T05:54:53.509Z\",\"service\":\"omniroute\",\"module\":\"sse\",\"tag\":\"HTTP\",\"method\":\"POST\",\"path\":\"/v1/messages | nvidia/z-ai/glm-5.2 | 18 msgs | 40 tools\",\"msg\":\"📥 POST /v1/messages | nvidia/z-ai/glm-5.2 | 18 msgs | 40 tools\"}","timestamp":"2026-07-27T05:54:53.555Z"}

data: {"data":"{\"level\":30,\"time\":\"2026-07-27T05:54:53.513Z\",\"service\":\"omniroute\",\"module\":\"sse\",\"tag\":\"ROUTING\",\"msg\":\"Provider: nvidia, Model: z-ai/glm-5.2\"}","timestamp":"2026-07-27T05:54:53.555Z"}

data: {"data":"{\"level\":30,\"time\":\"2026-07-27T05:54:53.517Z\",\"service\":\"omniroute\",\"module\":\"sse\",\"tag\":\"AUTH\",\"msg\":\"session_key=input:sha256:6a22f... has no available affinity target\"}","timestamp":"2026-07-27T05:54:53.555Z"}

data: {"data":"{\"level\":30,\"time\":\"2026-07-27T05:54:53.517Z\",\"service\":\"omniroute\",\"module\":\"sse\",\"tag\":\"AUTH\",\"msg\":\"Using nvidia account: 2d9ef15f...\"}","timestamp":"2026-07-27T05:54:53.555Z"}

data: {"data":"[ProxyEgress] nvidia/2d9ef15f in=113.20.2.214 out=44.196.116.2 proxy=direct status=success","timestamp":"2026-07-27T05:54:54.210Z"}

data: {"data":"time=2026-07-27T05:54:56.840Z level=INFO msg=\"l0 retention enforced\" db=storage.sqlite deleted_count=2 max_l1_txid=00000000000003d3","timestamp":"2026-07-27T05:54:56.840Z"}

data: {"data":"🧹 [RATE-LIMIT] Evicting idle limiter: nvidia:9865dfaa-3680-4a2c-a952-16cf94dddd04 (inactive for 600s)","timestamp":"2026-07-27T05:55:04.983Z"}

data: {"data":"time=2026-07-27T05:55:05.113Z level=INFO msg=\"compaction complete\" level=1 txid.min=00000000000003d4 txid.max=00000000000003da size=478111","timestamp":"2026-07-27T05:55:05.113Z"}

data: {"data":"time=2026-07-27T05:55:07.338Z level=INFO msg=\"compaction complete\" level=2 txid.min=00000000000003c2 txid.max=00000000000003d3 size=476952","timestamp":"2026-07-27T05:55:07.338Z"}

data: {"data":"[05:55:27] 📊 \u001b[32m[USAGE] NVIDIA | in=59707 | out=761 | account=2d9ef15f...\u001b[0m \u001b[33m(estimated)\u001b[0m | cache_read=58944","timestamp":"2026-07-27T05:55:27.929Z"}

data: {"data":"[05:55:27] 🌊 [STREAM] NVIDIA | z-ai/glm-5.2 | 34388ms | complete","timestamp":"2026-07-27T05:55:27.936Z"}

data: {"data":"[INFO] [SKILLS_INJECTION] skills.injection.skipped {\"apiKeyId\":\"env-key\",\"reason\":\"no_enabled_skills\"}","timestamp":"2026-07-27T05:55:29.817Z"}

data: {"data":"{\"level\":30,\"time\":\"2026-07-27T05:55:29.779Z\",\"service\":\"omniroute\",\"module\":\"sse\",\"tag\":\"HTTP\",\"method\":\"POST\",\"path\":\"/v1/messages | nvidia/z-ai/glm-5.2 | 20 msgs | 40 tools\",\"msg\":\"📥 POST /v1/messages | nvidia/z-ai/glm-5.2 | 20 msgs | 40 tools\"}","timestamp":"2026-07-27T05:55:29.828Z"}

data: {"data":"{\"level\":30,\"time\":\"2026-07-27T05:55:29.784Z\",\"service\":\"omniroute\",\"module\":\"sse\",\"tag\":\"ROUTING\",\"msg\":\"Provider: nvidia, Model: z-ai/glm-5.2\"}","timestamp":"2026-07-27T05:55:29.828Z"}

data: {"data":"{\"level\":30,\"time\":\"2026-07-27T05:55:29.788Z\",\"service\":\"omniroute\",\"module\":\"sse\",\"tag\":\"AUTH\",\"msg\":\"session_key=input:sha256:6a22f... has no available affinity target\"}","timestamp":"2026-07-27T05:55:29.828Z"}

data: {"data":"{\"level\":30,\"time\":\"2026-07-27T05:55:29.788Z\",\"service\":\"omniroute\",\"module\":\"sse\",\"tag\":\"AUTH\",\"msg\":\"Using nvidia account: 53f96ffa...\"}","timestamp":"2026-07-27T05:55:29.828Z"}

data: {"data":"[ProxyEgress] nvidia/53f96ffa in=113.20.2.214 out=44.196.116.2 proxy=direct status=success","timestamp":"2026-07-27T05:55:32.419Z"}

data: {"data":"[05:55:33] 📊 \u001b[32m[USAGE] NVIDIA | in=60530 | out=83 | account=53f96ffa...\u001b[0m \u001b[33m(estimated)\u001b[0m | cache_read=384","timestamp":"2026-07-27T05:55:33.104Z"}

data: {"data":"[05:55:33] 🌊 [STREAM] NVIDIA | z-ai/glm-5.2 | 3292ms | complete","timestamp":"2026-07-27T05:55:33.112Z"}

data: {"data":"time=2026-07-27T05:55:35.039Z level=INFO msg=\"compaction complete\" level=1 txid.min=00000000000003db txid.max=00000000000003dc size=55576","timestamp":"2026-07-27T05:55:35.039Z"}

data: {"data":"[INFO] [SKILLS_INJECTION] skills.injection.skipped {\"apiKeyId\":\"env-key\",\"reason\":\"no_enabled_skills\"}","timestamp":"2026-07-27T05:55:35.089Z"}

data: {"data":"{\"level\":30,\"time\":\"2026-07-27T05:55:35.057Z\",\"service\":\"omniroute\",\"module\":\"sse\",\"tag\":\"HTTP\",\"method\":\"POST\",\"path\":\"/v1/messages | nvidia/z-ai/glm-5.2 | 22 msgs | 40 tools\",\"msg\":\"📥 POST /v1/messages | nvidia/z-ai/glm-5.2 | 22 msgs | 40 tools\"}","timestamp":"2026-07-27T05:55:35.114Z"}

data: {"data":"{\"level\":30,\"time\":\"2026-07-27T05:55:35.061Z\",\"service\":\"omniroute\",\"module\":\"sse\",\"tag\":\"ROUTING\",\"msg\":\"Provider: nvidia, Model: z-ai/glm-5.2\"}","timestamp":"2026-07-27T05:55:35.114Z"}

data: {"data":"{\"level\":30,\"time\":\"2026-07-27T05:55:35.064Z\",\"service\":\"omniroute\",\"module\":\"sse\",\"tag\":\"AUTH\",\"msg\":\"session_key=input:sha256:6a22f... has no available affinity target\"}","timestamp":"2026-07-27T05:55:35.114Z"}

data: {"data":"{\"level\":30,\"time\":\"2026-07-27T05:55:35.065Z\",\"service\":\"omniroute\",\"module\":\"sse\",\"tag\":\"AUTH\",\"msg\":\"Using nvidia account: deb0258d...\"}","timestamp":"2026-07-27T05:55:35.114Z"}

data: {"data":"[ProxyEgress] nvidia/deb0258d in=113.20.2.214 out=44.196.116.2 proxy=direct status=success","timestamp":"2026-07-27T05:55:37.966Z"}

data: {"data":"time=2026-07-27T05:56:05.128Z level=INFO msg=\"compaction complete\" level=1 txid.min=00000000000003dd txid.max=00000000000003e0 size=58876","timestamp":"2026-07-27T05:56:05.128Z"}

data: {"data":"[05:56:10] 📊 \u001b[32m[USAGE] NVIDIA | in=61016 | out=607 | account=deb0258d...\u001b[0m \u001b[33m(estimated)\u001b[0m | cache_read=384","timestamp":"2026-07-27T05:56:10.959Z"}

data: {"data":"[05:56:10] 🌊 [STREAM] NVIDIA | z-ai/glm-5.2 | 35870ms | complete","timestamp":"2026-07-27T05:56:10.964Z"}

data: {"data":"[INFO] [SKILLS_INJECTION] skills.injection.skipped {\"apiKeyId\":\"env-key\",\"reason\":\"no_enabled_skills\"}","timestamp":"2026-07-27T05:56:12.988Z"}

data: {"data":"{\"level\":30,\"time\":\"2026-07-27T05:56:12.943Z\",\"service\":\"omniroute\",\"module\":\"sse\",\"tag\":\"HTTP\",\"method\":\"POST\",\"path\":\"/v1/messages | nvidia/z-ai/glm-5.2 | 24 msgs | 40 tools\",\"msg\":\"📥 POST /v1/messages | nvidia/z-ai/glm-5.2 | 24 msgs | 40 tools\"}","timestamp":"2026-07-27T05:56:13.007Z"}

data: {"data":"{\"level\":30,\"time\":\"2026-07-27T05:56:12.949Z\",\"service\":\"omniroute\",\"module\":\"sse\",\"tag\":\"ROUTING\",\"msg\":\"Provider: nvidia, Model: z-ai/glm-5.2\"}","timestamp":"2026-07-27T05:56:13.007Z"}

data: {"data":"{\"level\":30,\"time\":\"2026-07-27T05:56:12.953Z\",\"service\":\"omniroute\",\"module\":\"sse\",\"tag\":\"AUTH\",\"msg\":\"session_key=input:sha256:6a22f... has no available affinity target\"}","timestamp":"2026-07-27T05:56:13.007Z"}

data: {"data":"{\"level\":30,\"time\":\"2026-07-27T05:56:12.954Z\",\"service\":\"omniroute\",\"module\":\"sse\",\"tag\":\"AUTH\",\"msg\":\"Using nvidia account: 3317f8d3...\"}","timestamp":"2026-07-27T05:56:13.007Z"}

data: {"data":"[ProxyEgress] nvidia/3317f8d3 in=113.20.2.214 out=44.196.116.2 proxy=direct status=success","timestamp":"2026-07-27T05:56:13.684Z"}

data: {"data":"[05:56:16] 📊 \u001b[32m[USAGE] NVIDIA | in=61685 | out=84 | account=3317f8d3...\u001b[0m \u001b[33m(estimated)\u001b[0m | cache_read=60544","timestamp":"2026-07-27T05:56:16.889Z"}

data: {"data":"[05:56:16] 🌊 [STREAM] NVIDIA | z-ai/glm-5.2 | 3904ms | complete","timestamp":"2026-07-27T05:56:16.897Z"}

data: {"data":"[INFO] [SKILLS_INJECTION] skills.injection.skipped {\"apiKeyId\":\"env-key\",\"reason\":\"no_enabled_skills\"}","timestamp":"2026-07-27T05:56:18.665Z"}

data: {"data":"{\"level\":30,\"time\":\"2026-07-27T05:56:18.619Z\",\"service\":\"omniroute\",\"module\":\"sse\",\"tag\":\"HTTP\",\"method\":\"POST\",\"path\":\"/v1/messages | nvidia/z-ai/glm-5.2 | 26 msgs | 40 tools\",\"msg\":\"📥 POST /v1/messages | nvidia/z-ai/glm-5.2 | 26 msgs | 40 tools\"}","timestamp":"2026-07-27T05:56:18.685Z"}

data: {"data":"{\"level\":30,\"time\":\"2026-07-27T05:56:18.625Z\",\"service\":\"omniroute\",\"module\":\"sse\",\"tag\":\"ROUTING\",\"msg\":\"Provider: nvidia, Model: z-ai/glm-5.2\"}","timestamp":"2026-07-27T05:56:18.685Z"}

data: {"data":"{\"level\":30,\"time\":\"2026-07-27T05:56:18.629Z\",\"service\":\"omniroute\",\"module\":\"sse\",\"tag\":\"AUTH\",\"msg\":\"session_key=input:sha256:6a22f... has no available affinity target\"}","timestamp":"2026-07-27T05:56:18.685Z"}

data: {"data":"{\"level\":30,\"time\":\"2026-07-27T05:56:18.630Z\",\"service\":\"omniroute\",\"module\":\"sse\",\"tag\":\"AUTH\",\"msg\":\"Using nvidia account: c5116293...\"}","timestamp":"2026-07-27T05:56:18.685Z"}

data: {"data":"[ProxyEgress] nvidia/c5116293 in=113.20.2.214 out=44.196.116.2 proxy=direct status=success","timestamp":"2026-07-27T05:56:25.879Z"}

data: {"data":"[05:56:25] 📊 \u001b[32m[USAGE] NVIDIA | in=62293 | out=228 | account=c5116293...\u001b[0m | cache_read=384","timestamp":"2026-07-27T05:56:25.881Z"}

data: {"data":"[05:56:25] 🌊 [STREAM] NVIDIA | z-ai/glm-5.2 | 7213ms | complete","timestamp":"2026-07-27T05:56:25.885Z"}

data: {"data":"(node:816) MaxListenersExceededWarning: Possible EventEmitter memory leak detected. 11 connect listeners added to [Socket]. MaxListeners is 10. Use emitter.setMaxListeners() to increase limit","timestamp":"2026-07-27T05:56:26.659Z"}

data: {"data":"[INFO] [SKILLS_INJECTION] skills.injection.skipped {\"apiKeyId\":\"env-key\",\"reason\":\"no_enabled_skills\"}","timestamp":"2026-07-27T05:56:27.931Z"}

data: {"data":"{\"level\":30,\"time\":\"2026-07-27T05:56:27.887Z\",\"service\":\"omniroute\",\"module\":\"sse\",\"tag\":\"HTTP\",\"method\":\"POST\",\"path\":\"/v1/messages | nvidia/z-ai/glm-5.2 | 28 msgs | 40 tools\",\"msg\":\"📥 POST /v1/messages | nvidia/z-ai/glm-5.2 | 28 msgs | 40 tools\"}","timestamp":"2026-07-27T05:56:27.943Z"}

data: {"data":"{\"level\":30,\"time\":\"2026-07-27T05:56:27.893Z\",\"service\":\"omniroute\",\"module\":\"sse\",\"tag\":\"ROUTING\",\"msg\":\"Provider: nvidia, Model: z-ai/glm-5.2\"}","timestamp":"2026-07-27T05:56:27.943Z"}

data: {"data":"{\"level\":30,\"time\":\"2026-07-27T05:56:27.896Z\",\"service\":\"omniroute\",\"module\":\"sse\",\"tag\":\"AUTH\",\"msg\":\"session_key=input:sha256:6a22f... has no available affinity target\"}","timestamp":"2026-07-27T05:56:27.943Z"}

data: {"data":"{\"level\":30,\"time\":\"2026-07-27T05:56:27.897Z\",\"service\":\"omniroute\",\"module\":\"sse\",\"tag\":\"AUTH\",\"msg\":\"Using nvidia account: cb888a54...\"}","timestamp":"2026-07-27T05:56:27.943Z"}

data: {"data":"time=2026-07-27T05:56:35.247Z level=INFO msg=\"compaction complete\" level=1 txid.min=00000000000003e1 txid.max=00000000000003e5 size=482782","timestamp":"2026-07-27T05:56:35.248Z"}

data: {"data":"[ProxyEgress] nvidia/cb888a54 in=113.20.2.214 out=44.196.116.2 proxy=direct status=success","timestamp":"2026-07-27T05:56:47.624Z"}

data: {"data":"[05:56:47] 📊 \u001b[32m[USAGE] NVIDIA | in=62583 | out=127 | account=cb888a54...\u001b[0m | cache_read=192","timestamp":"2026-07-27T05:56:47.626Z"}

data: {"data":"[05:56:47] 🌊 [STREAM] NVIDIA | z-ai/glm-5.2 | 19697ms | complete","timestamp":"2026-07-27T05:56:47.631Z"}

data: {"data":"[INFO] [SKILLS_INJECTION] skills.injection.skipped {\"apiKeyId\":\"env-key\",\"reason\":\"no_enabled_skills\"}","timestamp":"2026-07-27T05:56:49.458Z"}

data: {"data":"{\"level\":30,\"time\":\"2026-07-27T05:56:49.422Z\",\"service\":\"omniroute\",\"module\":\"sse\",\"tag\":\"HTTP\",\"method\":\"POST\",\"path\":\"/v1/messages | nvidia/z-ai/glm-5.2 | 31 msgs | 40 tools\",\"msg\":\"📥 POST /v1/messages | nvidia/z-ai/glm-5.2 | 31 msgs | 40 tools\"}","timestamp":"2026-07-27T05:56:49.471Z"}

data: {"data":"{\"level\":30,\"time\":\"2026-07-27T05:56:49.427Z\",\"service\":\"omniroute\",\"module\":\"sse\",\"tag\":\"ROUTING\",\"msg\":\"Provider: nvidia, Model: z-ai/glm-5.2\"}","timestamp":"2026-07-27T05:56:49.471Z"}

data: {"data":"{\"level\":30,\"time\":\"2026-07-27T05:56:49.430Z\",\"service\":\"omniroute\",\"module\":\"sse\",\"tag\":\"AUTH\",\"msg\":\"session_key=input:sha256:6a22f... has no available affinity target\"}","timestamp":"2026-07-27T05:56:49.471Z"}

data: {"data":"{\"level\":30,\"time\":\"2026-07-27T05:56:49.430Z\",\"service\":\"omniroute\",\"module\":\"sse\",\"tag\":\"AUTH\",\"msg\":\"Using nvidia account: d65f33e2...\"}","timestamp":"2026-07-27T05:56:49.471Z"}

data: {"data":"[ProxyEgress] nvidia/d65f33e2 in=113.20.2.214 out=44.196.116.2 proxy=direct status=success","timestamp":"2026-07-27T05:56:52.329Z"}

data: {"data":"[05:56:53] 📊 \u001b[32m[USAGE] NVIDIA | in=62859 | out=77 | account=d65f33e2...\u001b[0m \u001b[33m(estimated)\u001b[0m | cache_read=192","timestamp":"2026-07-27T05:56:53.128Z"}

data: {"data":"[05:56:53] 🌊 [STREAM] NVIDIA | z-ai/glm-5.2 | 3671ms | complete","timestamp":"2026-07-27T05:56:53.133Z"}

data: {"data":"[INFO] [SKILLS_INJECTION] skills.injection.skipped {\"apiKeyId\":\"env-key\",\"reason\":\"no_enabled_skills\"}","timestamp":"2026-07-27T05:56:55.051Z"}

data: {"data":"{\"level\":30,\"time\":\"2026-07-27T05:56:55.008Z\",\"service\":\"omniroute\",\"module\":\"sse\",\"tag\":\"HTTP\",\"method\":\"POST\",\"path\":\"/v1/messages | nvidia/z-ai/glm-5.2 | 33 msgs | 40 tools\",\"msg\":\"📥 POST /v1/messages | nvidia/z-ai/glm-5.2 | 33 msgs | 40 tools\"}","timestamp":"2026-07-27T05:56:55.062Z"}

data: {"data":"{\"level\":30,\"time\":\"2026-07-27T05:56:55.016Z\",\"service\":\"omniroute\",\"module\":\"sse\",\"tag\":\"ROUTING\",\"msg\":\"Provider: nvidia, Model: z-ai/glm-5.2\"}","timestamp":"2026-07-27T05:56:55.062Z"}

data: {"data":"{\"level\":30,\"time\":\"2026-07-27T05:56:55.019Z\",\"service\":\"omniroute\",\"module\":\"sse\",\"tag\":\"AUTH\",\"msg\":\"session_key=input:sha256:6a22f... has no available affinity target\"}","timestamp":"2026-07-27T05:56:55.062Z"}

data: {"data":"{\"level\":30,\"time\":\"2026-07-27T05:56:55.020Z\",\"service\":\"omniroute\",\"module\":\"sse\",\"tag\":\"AUTH\",\"msg\":\"Using nvidia account: ccaad834...\"}","timestamp":"2026-07-27T05:56:55.062Z"}

data: {"data":"time=2026-07-27T05:57:05.021Z level=INFO msg=\"compaction complete\" level=1 txid.min=00000000000003e6 txid.max=00000000000003ec size=79813","timestamp":"2026-07-27T05:57:05.021Z"}

data: {"data":"[ProxyEgress] nvidia/ccaad834 in=113.20.2.214 out=44.196.116.2 proxy=direct status=success","timestamp":"2026-07-27T05:57:13.798Z"}

data: {"data":"[05:57:13] 📊 \u001b[32m[USAGE] NVIDIA | in=63076 | out=564 | account=ccaad834...\u001b[0m | cache_read=62848","timestamp":"2026-07-27T05:57:13.811Z"}

data: {"data":"[05:57:13] 🌊 [STREAM] NVIDIA | z-ai/glm-5.2 | 18763ms | complete","timestamp":"2026-07-27T05:57:13.817Z"}

data: {"data":"[INFO] [SKILLS_INJECTION] skills.injection.skipped {\"apiKeyId\":\"env-key\",\"reason\":\"no_enabled_skills\"}","timestamp":"2026-07-27T05:57:16.389Z"}

data: {"data":"{\"level\":30,\"time\":\"2026-07-27T05:57:16.348Z\",\"service\":\"omniroute\",\"module\":\"sse\",\"tag\":\"HTTP\",\"method\":\"POST\",\"path\":\"/v1/messages | nvidia/z-ai/glm-5.2 | 35 msgs | 40 tools\",\"msg\":\"📥 POST /v1/messages | nvidia/z-ai/glm-5.2 | 35 msgs | 40 tools\"}","timestamp":"2026-07-27T05:57:16.404Z"}

data: {"data":"{\"level\":30,\"time\":\"2026-07-27T05:57:16.353Z\",\"service\":\"omniroute\",\"module\":\"sse\",\"tag\":\"ROUTING\",\"msg\":\"Provider: nvidia, Model: z-ai/glm-5.2\"}","timestamp":"2026-07-27T05:57:16.404Z"}

data: {"data":"{\"level\":30,\"time\":\"2026-07-27T05:57:16.359Z\",\"service\":\"omniroute\",\"module\":\"sse\",\"tag\":\"AUTH\",\"msg\":\"session_key=input:sha256:6a22f... has no available affinity target\"}","timestamp":"2026-07-27T05:57:16.404Z"}

data: {"data":"{\"level\":30,\"time\":\"2026-07-27T05:57:16.360Z\",\"service\":\"omniroute\",\"module\":\"sse\",\"tag\":\"AUTH\",\"msg\":\"Using nvidia account: def58a55...\"}","timestamp":"2026-07-27T05:57:16.404Z"}

data: {"data":"[05:57:21] 📊 \u001b[32m[USAGE] NVIDIA | in=63702 | out=73 | account=def58a55...\u001b[0m \u001b[33m(estimated)\u001b[0m | cache_read=384","timestamp":"2026-07-27T05:57:21.308Z"}

data: {"data":"[05:57:21] 🌊 [STREAM] NVIDIA | z-ai/glm-5.2 | 4920ms | complete","timestamp":"2026-07-27T05:57:21.313Z"}

data: {"data":"[INFO] [SKILLS_INJECTION] skills.injection.skipped {\"apiKeyId\":\"env-key\",\"reason\":\"no_enabled_skills\"}","timestamp":"2026-07-27T05:57:23.244Z"}

data: {"data":"{\"level\":30,\"time\":\"2026-07-27T05:57:23.210Z\",\"service\":\"omniroute\",\"module\":\"sse\",\"tag\":\"HTTP\",\"method\":\"POST\",\"path\":\"/v1/messages | nvidia/z-ai/glm-5.2 | 37 msgs | 40 tools\",\"msg\":\"📥 POST /v1/messages | nvidia/z-ai/glm-5.2 | 37 msgs | 40 tools\"}","timestamp":"2026-07-27T05:57:23.256Z"}

data: {"data":"{\"level\":30,\"time\":\"2026-07-27T05:57:23.215Z\",\"service\":\"omniroute\",\"module\":\"sse\",\"tag\":\"ROUTING\",\"msg\":\"Provider: nvidia, Model: z-ai/glm-5.2\"}","timestamp":"2026-07-27T05:57:23.257Z"}

data: {"data":"{\"level\":30,\"time\":\"2026-07-27T05:57:23.219Z\",\"service\":\"omniroute\",\"module\":\"sse\",\"tag\":\"AUTH\",\"msg\":\"session_key=input:sha256:6a22f... has no available affinity target\"}","timestamp":"2026-07-27T05:57:23.257Z"}

data: {"data":"{\"level\":30,\"time\":\"2026-07-27T05:57:23.220Z\",\"service\":\"omniroute\",\"module\":\"sse\",\"tag\":\"AUTH\",\"msg\":\"Using nvidia account: 2d039916...\"}","timestamp":"2026-07-27T05:57:23.257Z"}

data: {"data":"[ProxyEgress] nvidia/2d039916 in=113.20.2.214 out=44.196.116.2 proxy=direct status=success","timestamp":"2026-07-27T05:57:23.940Z"}

data: {"data":"time=2026-07-27T05:57:36.522Z level=INFO msg=\"l0 retention enforced\" db=storage.sqlite deleted_count=5 max_l1_txid=00000000000003f2","timestamp":"2026-07-27T05:57:36.522Z"}

data: {"data":"time=2026-07-27T05:57:36.522Z level=INFO msg=\"compaction complete\" level=1 txid.min=00000000000003ed txid.max=00000000000003f2 size=492591","timestamp":"2026-07-27T05:57:36.522Z"}

data: {"data":"[05:57:49] 📊 \u001b[32m[USAGE] NVIDIA | in=67822 | out=1034 | account=2d039916...\u001b[0m \u001b[33m(estimated)\u001b[0m | cache_read=63616","timestamp":"2026-07-27T05:57:49.461Z"}

data: {"data":"[05:57:49] 🌊 [STREAM] NVIDIA | z-ai/glm-5.2 | 26219ms | complete","timestamp":"2026-07-27T05:57:49.467Z"}

data: {"data":"[INFO] [SKILLS_INJECTION] skills.injection.skipped {\"apiKeyId\":\"env-key\",\"reason\":\"no_enabled_skills\"}","timestamp":"2026-07-27T05:57:53.752Z"}

data: {"data":"{\"level\":30,\"time\":\"2026-07-27T05:57:53.708Z\",\"service\":\"omniroute\",\"module\":\"sse\",\"tag\":\"HTTP\",\"method\":\"POST\",\"path\":\"/v1/messages | nvidia/z-ai/glm-5.2 | 39 msgs | 40 tools\",\"msg\":\"📥 POST /v1/messages | nvidia/z-ai/glm-5.2 | 39 msgs | 40 tools\"}","timestamp":"2026-07-27T05:57:53.764Z"}

data: {"data":"{\"level\":30,\"time\":\"2026-07-27T05:57:53.716Z\",\"service\":\"omniroute\",\"module\":\"sse\",\"tag\":\"ROUTING\",\"msg\":\"Provider: nvidia, Model: z-ai/glm-5.2\"}","timestamp":"2026-07-27T05:57:53.764Z"}

data: {"data":"{\"level\":30,\"time\":\"2026-07-27T05:57:53.721Z\",\"service\":\"omniroute\",\"module\":\"sse\",\"tag\":\"AUTH\",\"msg\":\"session_key=input:sha256:6a22f... has no available affinity target\"}","timestamp":"2026-07-27T05:57:53.764Z"}

data: {"data":"{\"level\":30,\"time\":\"2026-07-27T05:57:53.721Z\",\"service\":\"omniroute\",\"module\":\"sse\",\"tag\":\"AUTH\",\"msg\":\"Using nvidia account: d6a27df9...\"}","timestamp":"2026-07-27T05:57:53.764Z"}

data: {"data":"[ProxyEgress] nvidia/d6a27df9 in=113.20.2.214 out=44.196.116.2 proxy=direct status=success","timestamp":"2026-07-27T05:57:57.391Z"}

data: {"data":"[05:57:58] 📊 \u001b[32m[USAGE] NVIDIA | in=68899 | out=70 | account=d6a27df9...\u001b[0m \u001b[33m(estimated)\u001b[0m | cache_read=68800","timestamp":"2026-07-27T05:57:58.180Z"}

data: {"data":"[05:57:58] 🌊 [STREAM] NVIDIA | z-ai/glm-5.2 | 4433ms | complete","timestamp":"2026-07-27T05:57:58.189Z"}

data: {"data":"[INFO] [SKILLS_INJECTION] skills.injection.skipped {\"apiKeyId\":\"env-key\",\"reason\":\"no_enabled_skills\"}","timestamp":"2026-07-27T05:58:04.339Z"}

data: {"data":"{\"level\":30,\"time\":\"2026-07-27T05:58:04.300Z\",\"service\":\"omniroute\",\"module\":\"sse\",\"tag\":\"HTTP\",\"method\":\"POST\",\"path\":\"/v1/messages | nvidia/z-ai/glm-5.2 | 41 msgs | 40 tools\",\"msg\":\"📥 POST /v1/messages | nvidia/z-ai/glm-5.2 | 41 msgs | 40 tools\"}","timestamp":"2026-07-27T05:58:04.352Z"}

data: {"data":"{\"level\":30,\"time\":\"2026-07-27T05:58:04.306Z\",\"service\":\"omniroute\",\"module\":\"sse\",\"tag\":\"ROUTING\",\"msg\":\"Provider: nvidia, Model: z-ai/glm-5.2\"}","timestamp":"2026-07-27T05:58:04.352Z"}

data: {"data":"{\"level\":30,\"time\":\"2026-07-27T05:58:04.309Z\",\"service\":\"omniroute\",\"module\":\"sse\",\"tag\":\"AUTH\",\"msg\":\"session_key=input:sha256:6a22f... has no available affinity target\"}","timestamp":"2026-07-27T05:58:04.352Z"}

data: {"data":"{\"level\":30,\"time\":\"2026-07-27T05:58:04.310Z\",\"service\":\"omniroute\",\"module\":\"sse\",\"tag\":\"AUTH\",\"msg\":\"Using nvidia account: 7d5d42c4...\"}","timestamp":"2026-07-27T05:58:04.352Z"}

data: {"data":"[ProxyEgress] nvidia/7d5d42c4 in=113.20.2.214 out=44.196.116.2 proxy=direct status=success","timestamp":"2026-07-27T05:58:06.363Z"}

data: {"data":"[05:58:07] 📊 \u001b[32m[USAGE] NVIDIA | in=69012 | out=70 | account=7d5d42c4...\u001b[0m \u001b[33m(estimated)\u001b[0m | cache_read=63744","timestamp":"2026-07-27T05:58:07.119Z"}

data: {"data":"[05:58:07] 🌊 [STREAM] NVIDIA | z-ai/glm-5.2 | 2782ms | complete","timestamp":"2026-07-27T05:58:07.125Z"}

data: {"data":"time=2026-07-27T05:58:08.028Z level=INFO msg=\"l0 retention enforced\" db=storage.sqlite deleted_count=1 max_l1_txid=00000000000003f6","timestamp":"2026-07-27T05:58:08.029Z"}

data: {"data":"time=2026-07-27T05:58:08.028Z level=INFO msg=\"compaction complete\" level=1 txid.min=00000000000003f3 txid.max=00000000000003f6 size=51181","timestamp":"2026-07-27T05:58:08.029Z"}

data: {"data":"[INFO] [SKILLS_INJECTION] skills.injection.skipped {\"apiKeyId\":\"env-key\",\"reason\":\"no_enabled_skills\"}","timestamp":"2026-07-27T05:58:10.636Z"}

data: {"data":"{\"level\":30,\"time\":\"2026-07-27T05:58:10.588Z\",\"service\":\"omniroute\",\"module\":\"sse\",\"tag\":\"HTTP\",\"method\":\"POST\",\"path\":\"/v1/messages | nvidia/z-ai/glm-5.2 | 44 msgs | 40 tools\",\"msg\":\"📥 POST /v1/messages | nvidia/z-ai/glm-5.2 | 44 msgs | 40 tools\"}","timestamp":"2026-07-27T05:58:10.650Z"}

data: {"data":"{\"level\":30,\"time\":\"2026-07-27T05:58:10.594Z\",\"service\":\"omniroute\",\"module\":\"sse\",\"tag\":\"ROUTING\",\"msg\":\"Provider: nvidia, Model: z-ai/glm-5.2\"}","timestamp":"2026-07-27T05:58:10.650Z"}

data: {"data":"{\"level\":30,\"time\":\"2026-07-27T05:58:10.600Z\",\"service\":\"omniroute\",\"module\":\"sse\",\"tag\":\"AUTH\",\"msg\":\"session_key=input:sha256:6a22f... has no available affinity target\"}","timestamp":"2026-07-27T05:58:10.650Z"}

data: {"data":"{\"level\":30,\"time\":\"2026-07-27T05:58:10.601Z\",\"service\":\"omniroute\",\"module\":\"sse\",\"tag\":\"AUTH\",\"msg\":\"Using nvidia account: f2b0933a...\"}","timestamp":"2026-07-27T05:58:10.650Z"}

data: {"data":"[ProxyEgress] nvidia/f2b0933a in=113.20.2.214 out=44.196.116.2 proxy=direct status=success","timestamp":"2026-07-27T05:58:11.919Z"}

data: {"data":"[05:58:12] 📊 \u001b[32m[USAGE] NVIDIA | in=69178 | out=95 | account=f2b0933a...\u001b[0m \u001b[33m(estimated)\u001b[0m | cache_read=68928","timestamp":"2026-07-27T05:58:12.832Z"}

data: {"data":"[05:58:12] 🌊 [STREAM] NVIDIA | z-ai/glm-5.2 | 2198ms | complete","timestamp":"2026-07-27T05:58:12.838Z"}

data: {"data":"[INFO] [SKILLS_INJECTION] skills.injection.skipped {\"apiKeyId\":\"env-key\",\"reason\":\"no_enabled_skills\"}","timestamp":"2026-07-27T05:58:15.514Z"}

data: {"data":"{\"level\":30,\"time\":\"2026-07-27T05:58:15.478Z\",\"service\":\"omniroute\",\"module\":\"sse\",\"tag\":\"HTTP\",\"method\":\"POST\",\"path\":\"/v1/messages | nvidia/z-ai/glm-5.2 | 46 msgs | 40 tools\",\"msg\":\"📥 POST /v1/messages | nvidia/z-ai/glm-5.2 | 46 msgs | 40 tools\"}","timestamp":"2026-07-27T05:58:15.542Z"}

data: {"data":"{\"level\":30,\"time\":\"2026-07-27T05:58:15.483Z\",\"service\":\"omniroute\",\"module\":\"sse\",\"tag\":\"ROUTING\",\"msg\":\"Provider: nvidia, Model: z-ai/glm-5.2\"}","timestamp":"2026-07-27T05:58:15.542Z"}

data: {"data":"{\"level\":30,\"time\":\"2026-07-27T05:58:15.486Z\",\"service\":\"omniroute\",\"module\":\"sse\",\"tag\":\"AUTH\",\"msg\":\"session_key=input:sha256:6a22f... has no available affinity target\"}","timestamp":"2026-07-27T05:58:15.542Z"}

data: {"data":"{\"level\":30,\"time\":\"2026-07-27T05:58:15.487Z\",\"service\":\"omniroute\",\"module\":\"sse\",\"tag\":\"AUTH\",\"msg\":\"Using nvidia account: 9cda5fc2...\"}","timestamp":"2026-07-27T05:58:15.542Z"}

data: {"data":"[ProxyEgress] nvidia/9cda5fc2 in=113.20.2.214 out=44.196.116.2 proxy=direct status=success","timestamp":"2026-07-27T05:58:18.460Z"}

data: {"data":"[05:58:18] 📊 \u001b[32m[USAGE] NVIDIA | in=69372 | out=76 | account=9cda5fc2...\u001b[0m | cache_read=69056","timestamp":"2026-07-27T05:58:18.485Z"}

data: {"data":"[05:58:18] 🌊 [STREAM] NVIDIA | z-ai/glm-5.2 | 2973ms | complete","timestamp":"2026-07-27T05:58:18.490Z"}

data: {"data":"[INFO] [SKILLS_INJECTION] skills.injection.skipped {\"apiKeyId\":\"env-key\",\"reason\":\"no_enabled_skills\"}","timestamp":"2026-07-27T05:58:21.122Z"}

data: {"data":"{\"level\":30,\"time\":\"2026-07-27T05:58:21.085Z\",\"service\":\"omniroute\",\"module\":\"sse\",\"tag\":\"HTTP\",\"method\":\"POST\",\"path\":\"/v1/messages | nvidia/z-ai/glm-5.2 | 48 msgs | 40 tools\",\"msg\":\"📥 POST /v1/messages | nvidia/z-ai/glm-5.2 | 48 msgs | 40 tools\"}","timestamp":"2026-07-27T05:58:21.142Z"}

data: {"data":"{\"level\":30,\"time\":\"2026-07-27T05:58:21.090Z\",\"service\":\"omniroute\",\"module\":\"sse\",\"tag\":\"ROUTING\",\"msg\":\"Provider: nvidia, Model: z-ai/glm-5.2\"}","timestamp":"2026-07-27T05:58:21.142Z"}

data: {"data":"{\"level\":30,\"time\":\"2026-07-27T05:58:21.093Z\",\"service\":\"omniroute\",\"module\":\"sse\",\"tag\":\"AUTH\",\"msg\":\"session_key=input:sha256:6a22f... has no available affinity target\"}","timestamp":"2026-07-27T05:58:21.142Z"}

data: {"data":"{\"level\":30,\"time\":\"2026-07-27T05:58:21.094Z\",\"service\":\"omniroute\",\"module\":\"sse\",\"tag\":\"AUTH\",\"msg\":\"Using nvidia account: d1717878...\"}","timestamp":"2026-07-27T05:58:21.142Z"}

data: {"data":"[ProxyEgress] nvidia/d1717878 in=113.20.2.214 out=44.196.116.2 proxy=direct status=success","timestamp":"2026-07-27T05:58:25.436Z"}

data: {"data":"time=2026-07-27T05:58:37.079Z level=INFO msg=\"l0 retention enforced\" db=storage.sqlite deleted_count=2 max_l1_txid=0000000000000401","timestamp":"2026-07-27T05:58:37.079Z"}

data: {"data":"time=2026-07-27T05:58:37.079Z level=INFO msg=\"compaction complete\" level=1 txid.min=00000000000003f7 txid.max=0000000000000401 size=495653","timestamp":"2026-07-27T05:58:37.079Z"}

data: {"data":"[05:58:37] 📊 \u001b[32m[USAGE] NVIDIA | in=69457 | out=88 | account=d1717878...\u001b[0m \u001b[33m(estimated)\u001b[0m | cache_read=384","timestamp":"2026-07-27T05:58:37.214Z"}

data: {"data":"[05:58:37] 🌊 [STREAM] NVIDIA | z-ai/glm-5.2 | 16094ms | complete","timestamp":"2026-07-27T05:58:37.221Z"}

data: {"data":"[INFO] [SKILLS_INJECTION] skills.injection.skipped {\"apiKeyId\":\"env-key\",\"reason\":\"no_enabled_skills\"}","timestamp":"2026-07-27T05:58:39.655Z"}

data: {"data":"{\"level\":30,\"time\":\"2026-07-27T05:58:39.608Z\",\"service\":\"omniroute\",\"module\":\"sse\",\"tag\":\"HTTP\",\"method\":\"POST\",\"path\":\"/v1/messages | nvidia/z-ai/glm-5.2 | 50 msgs | 40 tools\",\"msg\":\"📥 POST /v1/messages | nvidia/z-ai/glm-5.2 | 50 msgs | 40 tools\"}","timestamp":"2026-07-27T05:58:39.672Z"}

data: {"data":"{\"level\":30,\"time\":\"2026-07-27T05:58:39.614Z\",\"service\":\"omniroute\",\"module\":\"sse\",\"tag\":\"ROUTING\",\"msg\":\"Provider: nvidia, Model: z-ai/glm-5.2\"}","timestamp":"2026-07-27T05:58:39.672Z"}

data: {"data":"{\"level\":30,\"time\":\"2026-07-27T05:58:39.617Z\",\"service\":\"omniroute\",\"module\":\"sse\",\"tag\":\"AUTH\",\"msg\":\"session_key=input:sha256:6a22f... has no available affinity target\"}","timestamp":"2026-07-27T05:58:39.672Z"}

data: {"data":"{\"level\":30,\"time\":\"2026-07-27T05:58:39.618Z\",\"service\":\"omniroute\",\"module\":\"sse\",\"tag\":\"AUTH\",\"msg\":\"Using nvidia account: a0c72227...\"}","timestamp":"2026-07-27T05:58:39.672Z"}

data: {"data":"[ProxyEgress] nvidia/a0c72227 in=113.20.2.214 out=44.196.116.2 proxy=direct status=success","timestamp":"2026-07-27T05:58:42.800Z"}

data: {"data":"[05:58:52] 📊 \u001b[32m[USAGE] NVIDIA | in=69814 | out=182 | account=a0c72227...\u001b[0m \u001b[33m(estimated)\u001b[0m | cache_read=384","timestamp":"2026-07-27T05:58:52.032Z"}

data: {"data":"[05:58:52] 🌊 [STREAM] NVIDIA | z-ai/glm-5.2 | 12377ms | complete","timestamp":"2026-07-27T05:58:52.037Z"}

data: {"data":"[INFO] [SKILLS_INJECTION] skills.injection.skipped {\"apiKeyId\":\"env-key\",\"reason\":\"no_enabled_skills\"}","timestamp":"2026-07-27T05:58:54.655Z"}

data: {"data":"{\"level\":30,\"time\":\"2026-07-27T05:58:54.616Z\",\"service\":\"omniroute\",\"module\":\"sse\",\"tag\":\"HTTP\",\"method\":\"POST\",\"path\":\"/v1/messages | nvidia/z-ai/glm-5.2 | 52 msgs | 40 tools\",\"msg\":\"📥 POST /v1/messages | nvidia/z-ai/glm-5.2 | 52 msgs | 40 tools\"}","timestamp":"2026-07-27T05:58:54.667Z"}

data: {"data":"{\"level\":30,\"time\":\"2026-07-27T05:58:54.621Z\",\"service\":\"omniroute\",\"module\":\"sse\",\"tag\":\"ROUTING\",\"msg\":\"Provider: nvidia, Model: z-ai/glm-5.2\"}","timestamp":"2026-07-27T05:58:54.667Z"}

data: {"data":"{\"level\":30,\"time\":\"2026-07-27T05:58:54.624Z\",\"service\":\"omniroute\",\"module\":\"sse\",\"tag\":\"AUTH\",\"msg\":\"session_key=input:sha256:6a22f... has no available affinity target\"}","timestamp":"2026-07-27T05:58:54.667Z"}

data: {"data":"{\"level\":30,\"time\":\"2026-07-27T05:58:54.625Z\",\"service\":\"omniroute\",\"module\":\"sse\",\"tag\":\"AUTH\",\"msg\":\"Using nvidia account: 38a09429...\"}","timestamp":"2026-07-27T05:58:54.667Z"}

data: {"data":"[ProxyEgress] nvidia/38a09429 in=113.20.2.214 out=44.196.116.2 proxy=direct status=success","timestamp":"2026-07-27T05:58:58.264Z"}

data: {"data":"[05:58:59] 📊 \u001b[32m[USAGE] NVIDIA | in=70006 | out=73 | account=38a09429...\u001b[0m \u001b[33m(estimated)\u001b[0m | cache_read=69440","timestamp":"2026-07-27T05:58:59.018Z"}

data: {"data":"[05:58:59] 🌊 [STREAM] NVIDIA | z-ai/glm-5.2 | 4367ms | complete","timestamp":"2026-07-27T05:58:59.026Z"}

data: {"data":"[INFO] [SKILLS_INJECTION] skills.injection.skipped {\"apiKeyId\":\"env-key\",\"reason\":\"no_enabled_skills\"}","timestamp":"2026-07-27T05:59:01.949Z"}

data: {"data":"{\"level\":30,\"time\":\"2026-07-27T05:59:01.913Z\",\"service\":\"omniroute\",\"module\":\"sse\",\"tag\":\"HTTP\",\"method\":\"POST\",\"path\":\"/v1/messages | nvidia/z-ai/glm-5.2 | 54 msgs | 40 tools\",\"msg\":\"📥 POST /v1/messages | nvidia/z-ai/glm-5.2 | 54 msgs | 40 tools\"}","timestamp":"2026-07-27T05:59:01.967Z"}

data: {"data":"{\"level\":30,\"time\":\"2026-07-27T05:59:01.918Z\",\"service\":\"omniroute\",\"module\":\"sse\",\"tag\":\"ROUTING\",\"msg\":\"Provider: nvidia, Model: z-ai/glm-5.2\"}","timestamp":"2026-07-27T05:59:01.967Z"}

data: {"data":"{\"level\":30,\"time\":\"2026-07-27T05:59:01.921Z\",\"service\":\"omniroute\",\"module\":\"sse\",\"tag\":\"AUTH\",\"msg\":\"session_key=input:sha256:6a22f... has no available affinity target\"}","timestamp":"2026-07-27T05:59:01.967Z"}

data: {"data":"{\"level\":30,\"time\":\"2026-07-27T05:59:01.921Z\",\"service\":\"omniroute\",\"module\":\"sse\",\"tag\":\"AUTH\",\"msg\":\"Using nvidia account: 9865dfaa...\"}","timestamp":"2026-07-27T05:59:01.967Z"}

data: {"data":"[ProxyEgress] nvidia/9865dfaa in=113.20.2.214 out=44.196.116.2 proxy=direct status=success","timestamp":"2026-07-27T05:59:02.654Z"}

data: {"data":"[05:59:03] 📊 \u001b[32m[USAGE] NVIDIA | in=70105 | out=78 | account=9865dfaa...\u001b[0m \u001b[33m(estimated)\u001b[0m | cache_read=70016","timestamp":"2026-07-27T05:59:03.560Z"}

data: {"data":"[05:59:03] 🌊 [STREAM] NVIDIA | z-ai/glm-5.2 | 1612ms | complete","timestamp":"2026-07-27T05:59:03.565Z"}

data: {"data":"time=2026-07-27T05:59:07.063Z level=INFO msg=\"l0 retention enforced\" db=storage.sqlite deleted_count=7 max_l1_txid=0000000000000406","timestamp":"2026-07-27T05:59:07.063Z"}

data: {"data":"time=2026-07-27T05:59:07.063Z level=INFO msg=\"compaction complete\" level=1 txid.min=0000000000000402 txid.max=0000000000000406 size=55162","timestamp":"2026-07-27T05:59:07.063Z"}

data: {"data":"[INFO] [SKILLS_INJECTION] skills.injection.skipped {\"apiKeyId\":\"env-key\",\"reason\":\"no_enabled_skills\"}","timestamp":"2026-07-27T05:59:08.273Z"}

data: {"data":"{\"level\":30,\"time\":\"2026-07-27T05:59:08.241Z\",\"service\":\"omniroute\",\"module\":\"sse\",\"tag\":\"HTTP\",\"method\":\"POST\",\"path\":\"/v1/messages | nvidia/z-ai/glm-5.2 | 57 msgs | 40 tools\",\"msg\":\"📥 POST /v1/messages | nvidia/z-ai/glm-5.2 | 57 msgs | 40 tools\"}","timestamp":"2026-07-27T05:59:08.285Z"}

data: {"data":"{\"level\":30,\"time\":\"2026-07-27T05:59:08.246Z\",\"service\":\"omniroute\",\"module\":\"sse\",\"tag\":\"ROUTING\",\"msg\":\"Provider: nvidia, Model: z-ai/glm-5.2\"}","timestamp":"2026-07-27T05:59:08.285Z"}

data: {"data":"{\"level\":30,\"time\":\"2026-07-27T05:59:08.249Z\",\"service\":\"omniroute\",\"module\":\"sse\",\"tag\":\"AUTH\",\"msg\":\"session_key=input:sha256:6a22f... has no available affinity target\"}","timestamp":"2026-07-27T05:59:08.285Z"}

data: {"data":"{\"level\":30,\"time\":\"2026-07-27T05:59:08.250Z\",\"service\":\"omniroute\",\"module\":\"sse\",\"tag\":\"AUTH\",\"msg\":\"Using nvidia account: 3f77f218...\"}","timestamp":"2026-07-27T05:59:08.285Z"}

data: {"data":"[ProxyEgress] nvidia/3f77f218 in=113.20.2.214 out=44.196.116.2 proxy=direct status=success","timestamp":"2026-07-27T05:59:09.480Z"}

data: {"data":"[05:59:33] 📊 \u001b[32m[USAGE] NVIDIA | in=70318 | out=484 | account=3f77f218...\u001b[0m \u001b[33m(estimated)\u001b[0m | cache_read=69504","timestamp":"2026-07-27T05:59:33.551Z"}

data: {"data":"[05:59:33] 🌊 [STREAM] NVIDIA | z-ai/glm-5.2 | 25280ms | complete","timestamp":"2026-07-27T05:59:33.557Z"}

data: {"data":"time=2026-07-27T05:59:37.600Z level=INFO msg=\"l0 retention enforced\" db=storage.sqlite deleted_count=3 max_l1_txid=000000000000040c","timestamp":"2026-07-27T05:59:37.600Z"}

data: {"data":"time=2026-07-27T05:59:37.600Z level=INFO msg=\"compaction complete\" level=1 txid.min=0000000000000407 txid.max=000000000000040c size=61693","timestamp":"2026-07-27T05:59:37.600Z"}

data: {"data":"time=2026-07-27T05:59:56.651Z level=INFO msg=\"l0 retention enforced\" db=storage.sqlite deleted_count=3 max_l1_txid=000000000000040c","timestamp":"2026-07-27T05:59:56.651Z"}

data: {"data":"time=2026-07-27T06:00:05.234Z level=INFO msg=\"snapshot complete\" txid=000000000000040f size=498060","timestamp":"2026-07-27T06:00:05.234Z"}

data: {"data":"time=2026-07-27T06:00:07.798Z level=INFO msg=\"l0 retention enforced\" db=storage.sqlite deleted_count=4 max_l1_txid=000000000000040f","timestamp":"2026-07-27T06:00:07.798Z"}

data: {"data":"time=2026-07-27T06:00:07.798Z level=INFO msg=\"compaction complete\" level=1 txid.min=000000000000040d txid.max=000000000000040f size=498060","timestamp":"2026-07-27T06:00:07.798Z"}

data: {"data":"time=2026-07-27T06:00:07.924Z level=INFO msg=\"compaction complete\" level=3 txid.min=0000000000000331 txid.max=00000000000003d3 size=476952","timestamp":"2026-07-27T06:00:07.924Z"}

data: {"data":"time=2026-07-27T06:00:11.176Z level=INFO msg=\"compaction complete\" level=2 txid.min=00000000000003d4 txid.max=000000000000040c size=497720","timestamp":"2026-07-27T06:00:11.176Z"}

data: {"data":"[INFO] [SKILLS_INJECTION] skills.injection.skipped {\"apiKeyId\":\"env-key\",\"reason\":\"no_enabled_skills\"}","timestamp":"2026-07-27T06:01:00.028Z"}

data: {"data":"{\"level\":30,\"time\":\"2026-07-27T06:00:59.987Z\",\"service\":\"omniroute\",\"module\":\"sse\",\"tag\":\"HTTP\",\"method\":\"POST\",\"path\":\"/v1/messages | nvidia/z-ai/glm-5.2 | 59 msgs | 40 tools\",\"msg\":\"📥 POST /v1/messages | nvidia/z-ai/glm-5.2 | 59 msgs | 40 tools\"}","timestamp":"2026-07-27T06:01:00.040Z"}

data: {"data":"{\"level\":30,\"time\":\"2026-07-27T06:00:59.994Z\",\"service\":\"omniroute\",\"module\":\"sse\",\"tag\":\"ROUTING\",\"msg\":\"Provider: nvidia, Model: z-ai/glm-5.2\"}","timestamp":"2026-07-27T06:01:00.040Z"}

data: {"data":"{\"level\":30,\"time\":\"2026-07-27T06:01:00.000Z\",\"service\":\"omniroute\",\"module\":\"sse\",\"tag\":\"AUTH\",\"msg\":\"session_key=input:sha256:6a22f... has no available affinity target\"}","timestamp":"2026-07-27T06:01:00.040Z"}

data: {"data":"{\"level\":30,\"time\":\"2026-07-27T06:01:00.000Z\",\"service\":\"omniroute\",\"module\":\"sse\",\"tag\":\"AUTH\",\"msg\":\"Using nvidia account: a68545c0...\"}","timestamp":"2026-07-27T06:01:00.040Z"}

data: {"data":"[ProxyEgress] nvidia/a68545c0 in=113.20.2.214 out=44.196.116.2 proxy=direct status=success","timestamp":"2026-07-27T06:01:03.387Z"}

data: {"data":"[06:01:04] 📊 \u001b[32m[USAGE] NVIDIA | in=70903 | out=94 | account=a68545c0...\u001b[0m \u001b[33m(estimated)\u001b[0m | cache_read=704","timestamp":"2026-07-27T06:01:04.299Z"}

data: {"data":"[06:01:04] 🌊 [STREAM] NVIDIA | z-ai/glm-5.2 | 4274ms | complete","timestamp":"2026-07-27T06:01:04.306Z"}

data: {"data":"[INFO] [SKILLS_INJECTION] skills.injection.skipped {\"apiKeyId\":\"env-key\",\"reason\":\"no_enabled_skills\"}","timestamp":"2026-07-27T06:01:06.947Z"}

data: {"data":"{\"level\":30,\"time\":\"2026-07-27T06:01:06.911Z\",\"service\":\"omniroute\",\"module\":\"sse\",\"tag\":\"HTTP\",\"method\":\"POST\",\"path\":\"/v1/messages | nvidia/z-ai/glm-5.2 | 61 msgs | 40 tools\",\"msg\":\"📥 POST /v1/messages | nvidia/z-ai/glm-5.2 | 61 msgs | 40 tools\"}","timestamp":"2026-07-27T06:01:06.958Z"}

data: {"data":"{\"level\":30,\"time\":\"2026-07-27T06:01:06.917Z\",\"service\":\"omniroute\",\"module\":\"sse\",\"tag\":\"ROUTING\",\"msg\":\"Provider: nvidia, Model: z-ai/glm-5.2\"}","timestamp":"2026-07-27T06:01:06.959Z"}

data: {"data":"{\"level\":30,\"time\":\"2026-07-27T06:01:06.922Z\",\"service\":\"omniroute\",\"module\":\"sse\",\"tag\":\"AUTH\",\"msg\":\"session_key=input:sha256:6a22f... has no available affinity target\"}","timestamp":"2026-07-27T06:01:06.959Z"}

data: {"data":"{\"level\":30,\"time\":\"2026-07-27T06:01:06.922Z\",\"service\":\"omniroute\",\"module\":\"sse\",\"tag\":\"AUTH\",\"msg\":\"Using nvidia account: dd511141...\"}","timestamp":"2026-07-27T06:01:06.959Z"}

data: {"data":"[ProxyEgress] nvidia/dd511141 in=113.20.2.214 out=44.196.116.2 proxy=direct status=success","timestamp":"2026-07-27T06:01:11.338Z"}

data: {"data":"[06:01:12] 📊 \u001b[32m[USAGE] NVIDIA | in=71006 | out=86 | account=dd511141...\u001b[0m \u001b[33m(estimated)\u001b[0m | cache_read=384","timestamp":"2026-07-27T06:01:12.281Z"}

data: {"data":"[06:01:12] 🌊 [STREAM] NVIDIA | z-ai/glm-5.2 | 5341ms | complete","timestamp":"2026-07-27T06:01:12.292Z"}

data: {"data":"time=2026-07-27T06:01:34.514Z level=INFO msg=\"l0 retention enforced\" db=storage.sqlite deleted_count=11 max_l1_txid=0000000000000416","timestamp":"2026-07-27T06:01:34.514Z"}

data: {"data":"time=2026-07-27T06:01:34.514Z level=INFO msg=\"compaction complete\" level=1 txid.min=0000000000000410 txid.max=0000000000000416 size=499187","timestamp":"2026-07-27T06:01:34.514Z"}

data: {"data":"🧹 [RATE-LIMIT] Evicting idle limiter: nvidia:2bcea68b-9f7a-4673-b1f0-80a66320fc88 (inactive for 626s)","timestamp":"2026-07-27T06:04:04.986Z"}

data: {"data":"🧹 [RATE-LIMIT] Evicting idle limiter: nvidia:1830e4f7-dd8f-4c11-9d65-c0acdced6494 (inactive for 618s)","timestamp":"2026-07-27T06:04:04.986Z"}

data: {"data":"🧹 [RATE-LIMIT] Evicting idle limiter: nvidia:58f42365-24ac-4844-b08b-af609b1057d1 (inactive for 630s)","timestamp":"2026-07-27T06:04:34.986Z"}

data: {"data":"time=2026-07-27T06:04:59.331Z level=INFO msg=\"l0 retention enforced\" db=storage.sqlite deleted_count=42 max_l1_txid=0000000000000416","timestamp":"2026-07-27T06:04:59.331Z"}

data: {"data":"time=2026-07-27T06:05:02.742Z level=INFO msg=\"compaction complete\" level=1 txid.min=0000000000000417 txid.max=0000000000000418 size=499187","timestamp":"2026-07-27T06:05:02.742Z"}

data: {"data":"🧹 [RATE-LIMIT] Evicting idle limiter: nvidia:09665ab2-ccd5-473b-9674-14967d3741b7 (inactive for 615s)","timestamp":"2026-07-27T06:05:04.986Z"}

data: {"data":"🧹 [RATE-LIMIT] Evicting idle limiter: nvidia:2d9ef15f-bc96-49d8-b476-56b2ad65c431 (inactive for 611s)","timestamp":"2026-07-27T06:05:04.986Z"}

data: {"data":"time=2026-07-27T06:05:09.953Z level=INFO msg=\"compaction complete\" level=2 txid.min=000000000000040d txid.max=0000000000000418 size=499187","timestamp":"2026-07-27T06:05:09.953Z"}

data: {"data":"🧹 [RATE-LIMIT] Evicting idle limiter: nvidia:53f96ffa-5bb1-424c-925f-86c1b44688ec (inactive for 603s)","timestamp":"2026-07-27T06:05:34.986Z"}

data: {"data":"🧹 [RATE-LIMIT] Evicting idle limiter: nvidia:deb0258d-ecce-4c26-ad39-542c44736a0a (inactive for 627s)","timestamp":"2026-07-27T06:06:04.986Z"}

data: {"data":"🧹 [RATE-LIMIT] Evicting idle limiter: nvidia:3317f8d3-ffa6-4e41-a8ad-7eeaf91a3f93 (inactive for 621s)","timestamp":"2026-07-27T06:06:34.986Z"}

data: {"data":"🧹 [RATE-LIMIT] Evicting idle limiter: nvidia:c5116293-3a1e-420b-890b-ddff9ee0db57 (inactive for 609s)","timestamp":"2026-07-27T06:06:34.987Z"}

data: {"data":"🧹 [RATE-LIMIT] Evicting idle limiter: nvidia:cb888a54-217d-4ad6-b191-1cc5d06841e0 (inactive for 617s)","timestamp":"2026-07-27T06:07:04.987Z"}

data: {"data":"🧹 [RATE-LIMIT] Evicting idle limiter: nvidia:d65f33e2-26b4-4096-bb40-214be567a5f8 (inactive for 613s)","timestamp":"2026-07-27T06:07:04.987Z"}

data: {"data":"🧹 [RATE-LIMIT] Evicting idle limiter: nvidia:ccaad834-d081-4ec4-8e8d-713afc7d722f (inactive for 621s)","timestamp":"2026-07-27T06:07:34.987Z"}

data: {"data":"🧹 [RATE-LIMIT] Evicting idle limiter: nvidia:def58a55-cab9-4048-a69b-4fa1ae9d557a (inactive for 616s)","timestamp":"2026-07-27T06:07:34.987Z"}

data: {"data":"🧹 [RATE-LIMIT] Evicting idle limiter: nvidia:2d039916-88d8-495f-b886-bd5dc25ce047 (inactive for 611s)","timestamp":"2026-07-27T06:07:34.987Z"}

data: {"data":"🧹 [RATE-LIMIT] Evicting idle limiter: nvidia:d6a27df9-fb28-429e-9c1d-dbe475f7ea4d (inactive for 608s)","timestamp":"2026-07-27T06:08:04.987Z"}

data: {"data":"🧹 [RATE-LIMIT] Evicting idle limiter: nvidia:7d5d42c4-bb15-43da-a1b5-a4a2b52871c2 (inactive for 629s)","timestamp":"2026-07-27T06:08:34.987Z"}

data: {"data":"🧹 [RATE-LIMIT] Evicting idle limiter: nvidia:f2b0933a-888d-4a49-ab58-6012fcfb9314 (inactive for 623s)","timestamp":"2026-07-27T06:08:34.987Z"}

data: {"data":"🧹 [RATE-LIMIT] Evicting idle limiter: nvidia:9cda5fc2-7ae2-426a-a38c-35b9aa4856af (inactive for 617s)","timestamp":"2026-07-27T06:08:34.987Z"}

data: {"data":"🧹 [RATE-LIMIT] Evicting idle limiter: nvidia:d1717878-cbd3-4392-b5af-5add1c10d751 (inactive for 610s)","timestamp":"2026-07-27T06:08:34.987Z"}

data: {"data":"🧹 [RATE-LIMIT] Evicting idle limiter: nvidia:a0c72227-ba89-4b89-bae4-cff099d02562 (inactive for 622s)","timestamp":"2026-07-27T06:09:04.987Z"}

data: {"data":"🧹 [RATE-LIMIT] Evicting idle limiter: nvidia:38a09429-95ad-4b2f-940b-ed886fad7d7a (inactive for 607s)","timestamp":"2026-07-27T06:09:04.987Z"}

data: {"data":"🧹 [RATE-LIMIT] Evicting idle limiter: nvidia:9865dfaa-3680-4a2c-a952-16cf94dddd04 (inactive for 602s)","timestamp":"2026-07-27T06:09:04.987Z"}

data: {"data":"🧹 [RATE-LIMIT] Evicting idle limiter: nvidia:3f77f218-ee98-443b-b2de-e0cdb8761144 (inactive for 626s)","timestamp":"2026-07-27T06:09:34.987Z"}

data: {"data":"time=2026-07-27T06:09:57.474Z level=INFO msg=\"l0 retention enforced\" db=storage.sqlite deleted_count=8 max_l1_txid=0000000000000418","timestamp":"2026-07-27T06:09:57.474Z"}

data: {"data":"🧹 [RATE-LIMIT] Evicting idle limiter: nvidia:a68545c0-554a-43c9-9ad4-e09885e762e7 (inactive for 602s)","timestamp":"2026-07-27T06:11:04.988Z"}

data: {"data":"🧹 [RATE-LIMIT] Evicting idle limiter: nvidia:dd511141-af6e-4944-8af4-c0397507c799 (inactive for 624s)","timestamp":"2026-07-27T06:11:34.988Z"}

data: {"data":"[ProviderLimitsSync] Cycle complete: 0/0 synced in 4ms","timestamp":"2026-07-27T06:15:40.259Z"}

data: {"data":"time=2026-07-27T06:16:04.203Z level=INFO msg=\"l0 retention enforced\" db=storage.sqlite deleted_count=1 max_l1_txid=000000000000041a","timestamp":"2026-07-27T06:16:04.203Z"}

data: {"data":"time=2026-07-27T06:16:04.203Z level=INFO msg=\"compaction complete\" level=1 txid.min=0000000000000419 txid.max=000000000000041a size=499187","timestamp":"2026-07-27T06:16:04.203Z"}

data: {"data":"[INFO] [SKILLS_INJECTION] skills.injection.skipped {\"apiKeyId\":\"env-key\",\"reason\":\"no_enabled_skills\"}","timestamp":"2026-07-27T06:16:09.785Z"}

data: {"data":"{\"level\":30,\"time\":\"2026-07-27T06:16:09.739Z\",\"service\":\"omniroute\",\"module\":\"sse\",\"tag\":\"HTTP\",\"method\":\"POST\",\"path\":\"/v1/messages | nvidia/z-ai/glm-5.2 | 63 msgs | 40 tools\",\"msg\":\"📥 POST /v1/messages | nvidia/z-ai/glm-5.2 | 63 msgs | 40 tools\"}","timestamp":"2026-07-27T06:16:09.798Z"}

data: {"data":"{\"level\":30,\"time\":\"2026-07-27T06:16:09.745Z\",\"service\":\"omniroute\",\"module\":\"sse\",\"tag\":\"ROUTING\",\"msg\":\"Provider: nvidia, Model: z-ai/glm-5.2\"}","timestamp":"2026-07-27T06:16:09.798Z"}

data: {"data":"{\"level\":30,\"time\":\"2026-07-27T06:16:09.750Z\",\"service\":\"omniroute\",\"module\":\"sse\",\"tag\":\"AUTH\",\"msg\":\"session_key=input:sha256:6a22f... has no available affinity target\"}","timestamp":"2026-07-27T06:16:09.798Z"}

data: {"data":"{\"level\":30,\"time\":\"2026-07-27T06:16:09.750Z\",\"service\":\"omniroute\",\"module\":\"sse\",\"tag\":\"AUTH\",\"msg\":\"Using nvidia account: 2bcea68b...\"}","timestamp":"2026-07-27T06:16:09.798Z"}

data: {"data":"time=2026-07-27T06:16:36.480Z level=INFO msg=\"compaction complete\" level=1 txid.min=000000000000041b txid.max=000000000000041c size=14585","timestamp":"2026-07-27T06:16:36.481Z"}

data: {"data":"[06:16:59] 📊 \u001b[32m[USAGE] NVIDIA | in=71163 | out=831 | account=2bcea68b...\u001b[0m \u001b[33m(estimated)\u001b[0m | cache_read=1536","timestamp":"2026-07-27T06:16:59.952Z"}

data: {"data":"[06:16:59] 🌊 [STREAM] NVIDIA | z-ai/glm-5.2 | 50170ms | complete","timestamp":"2026-07-27T06:16:59.958Z"}

data: {"data":"time=2026-07-27T06:17:05.389Z level=INFO msg=\"compaction complete\" level=1 txid.min=000000000000041d txid.max=000000000000041d size=34001","timestamp":"2026-07-27T06:17:05.389Z"}

data: {"data":"time=2026-07-27T06:17:35.165Z level=INFO msg=\"compaction complete\" level=1 txid.min=000000000000041e txid.max=000000000000041e size=499736","timestamp":"2026-07-27T06:17:35.165Z"}

data: {"data":"[INFO] [SKILLS_INJECTION] skills.injection.skipped {\"apiKeyId\":\"env-key\",\"reason\":\"no_enabled_skills\"}","timestamp":"2026-07-27T06:19:30.431Z"}

data: {"data":"{\"level\":30,\"time\":\"2026-07-27T06:19:30.388Z\",\"service\":\"omniroute\",\"module\":\"sse\",\"tag\":\"HTTP\",\"method\":\"POST\",\"path\":\"/v1/messages | nvidia/z-ai/glm-5.2 | 65 msgs | 40 tools\",\"msg\":\"📥 POST /v1/messages | nvidia/z-ai/glm-5.2 | 65 msgs | 40 tools\"}","timestamp":"2026-07-27T06:19:30.445Z"}

data: {"data":"{\"level\":30,\"time\":\"2026-07-27T06:19:30.394Z\",\"service\":\"omniroute\",\"module\":\"sse\",\"tag\":\"ROUTING\",\"msg\":\"Provider: nvidia, Model: z-ai/glm-5.2\"}","timestamp":"2026-07-27T06:19:30.445Z"}

data: {"data":"{\"level\":30,\"time\":\"2026-07-27T06:19:30.398Z\",\"service\":\"omniroute\",\"module\":\"sse\",\"tag\":\"AUTH\",\"msg\":\"session_key=input:sha256:6a22f... has no available affinity target\"}","timestamp":"2026-07-27T06:19:30.445Z"}

data: {"data":"{\"level\":30,\"time\":\"2026-07-27T06:19:30.399Z\",\"service\":\"omniroute\",\"module\":\"sse\",\"tag\":\"AUTH\",\"msg\":\"Using nvidia account: 1830e4f7...\"}","timestamp":"2026-07-27T06:19:30.445Z"}

data: {"data":"time=2026-07-27T06:20:02.469Z level=INFO msg=\"compaction complete\" level=1 txid.min=000000000000041f txid.max=0000000000000422 size=499903","timestamp":"2026-07-27T06:20:02.469Z"}

data: {"data":"time=2026-07-27T06:20:04.748Z level=INFO msg=\"compaction complete\" level=2 txid.min=0000000000000419 txid.max=000000000000041e size=499736","timestamp":"2026-07-27T06:20:04.748Z"}

data: {"data":"[06:20:22] 📊 \u001b[32m[USAGE] NVIDIA | in=72100 | out=906 | account=1830e4f7...\u001b[0m \u001b[33m(estimated)\u001b[0m | cache_read=384","timestamp":"2026-07-27T06:20:22.430Z"}

data: {"data":"[06:20:22] 🌊 [STREAM] NVIDIA | z-ai/glm-5.2 | 52005ms | complete","timestamp":"2026-07-27T06:20:22.441Z"}

data: {"data":"[INFO] [SKILLS_INJECTION] skills.injection.skipped {\"apiKeyId\":\"env-key\",\"reason\":\"no_enabled_skills\"}","timestamp":"2026-07-27T06:20:30.738Z"}

data: {"data":"{\"level\":30,\"time\":\"2026-07-27T06:20:30.680Z\",\"service\":\"omniroute\",\"module\":\"sse\",\"tag\":\"HTTP\",\"method\":\"POST\",\"path\":\"/v1/messages | nvidia/z-ai/glm-5.2 | 68 msgs | 40 tools\",\"msg\":\"📥 POST /v1/messages | nvidia/z-ai/glm-5.2 | 68 msgs | 40 tools\"}","timestamp":"2026-07-27T06:20:30.758Z"}

data: {"data":"{\"level\":30,\"time\":\"2026-07-27T06:20:30.685Z\",\"service\":\"omniroute\",\"module\":\"sse\",\"tag\":\"ROUTING\",\"msg\":\"Provider: nvidia, Model: z-ai/glm-5.2\"}","timestamp":"2026-07-27T06:20:30.758Z"}

data: {"data":"{\"level\":30,\"time\":\"2026-07-27T06:20:30.689Z\",\"service\":\"omniroute\",\"module\":\"sse\",\"tag\":\"AUTH\",\"msg\":\"session_key=input:sha256:6a22f... has no available affinity target\"}","timestamp":"2026-07-27T06:20:30.758Z"}

data: {"data":"{\"level\":30,\"time\":\"2026-07-27T06:20:30.690Z\",\"service\":\"omniroute\",\"module\":\"sse\",\"tag\":\"AUTH\",\"msg\":\"Using nvidia account: 58f42365...\"}","timestamp":"2026-07-27T06:20:30.758Z"}

data: {"data":"time=2026-07-27T06:20:34.945Z level=INFO msg=\"compaction complete\" level=1 txid.min=0000000000000423 txid.max=0000000000000424 size=37998","timestamp":"2026-07-27T06:20:34.945Z"}

data: {"data":"[06:20:42] 📊 \u001b[32m[USAGE] NVIDIA | in=73218 | out=68 | account=58f42365...\u001b[0m \u001b[33m(estimated)\u001b[0m | cache_read=384","timestamp":"2026-07-27T06:20:42.662Z"}

data: {"data":"[06:20:42] 🌊 [STREAM] NVIDIA | z-ai/glm-5.2 | 11922ms | complete","timestamp":"2026-07-27T06:20:42.664Z"}

data: {"data":"[INFO] [SKILLS_INJECTION] skills.injection.skipped {\"apiKeyId\":\"env-key\",\"reason\":\"no_enabled_skills\"}","timestamp":"2026-07-27T06:20:43.200Z"}

data: {"data":"{\"level\":30,\"time\":\"2026-07-27T06:20:43.158Z\",\"service\":\"omniroute\",\"module\":\"sse\",\"tag\":\"HTTP\",\"method\":\"POST\",\"path\":\"/v1/messages | nvidia/z-ai/glm-5.2 | 70 msgs | 40 tools\",\"msg\":\"📥 POST /v1/messages | nvidia/z-ai/glm-5.2 | 70 msgs | 40 tools\"}","timestamp":"2026-07-27T06:20:43.218Z"}

data: {"data":"{\"level\":30,\"time\":\"2026-07-27T06:20:43.163Z\",\"service\":\"omniroute\",\"module\":\"sse\",\"tag\":\"ROUTING\",\"msg\":\"Provider: nvidia, Model: z-ai/glm-5.2\"}","timestamp":"2026-07-27T06:20:43.218Z"}

data: {"data":"{\"level\":30,\"time\":\"2026-07-27T06:20:43.167Z\",\"service\":\"omniroute\",\"module\":\"sse\",\"tag\":\"AUTH\",\"msg\":\"session_key=input:sha256:6a22f... has no available affinity target\"}","timestamp":"2026-07-27T06:20:43.218Z"}

data: {"data":"{\"level\":30,\"time\":\"2026-07-27T06:20:43.167Z\",\"service\":\"omniroute\",\"module\":\"sse\",\"tag\":\"AUTH\",\"msg\":\"Using nvidia account: 09665ab2...\"}","timestamp":"2026-07-27T06:20:43.218Z"}

data: {"data":"[06:20:47] 📊 \u001b[32m[USAGE] NVIDIA | in=73310 | out=66 | account=09665ab2...\u001b[0m \u001b[33m(estimated)\u001b[0m | cache_read=384","timestamp":"2026-07-27T06:20:47.108Z"}

data: {"data":"[06:20:47] 🌊 [STREAM] NVIDIA | z-ai/glm-5.2 | 3915ms | complete","timestamp":"2026-07-27T06:20:47.120Z"}

data: {"data":"[INFO] [SKILLS_INJECTION] skills.injection.skipped {\"apiKeyId\":\"env-key\",\"reason\":\"no_enabled_skills\"}","timestamp":"2026-07-27T06:20:47.669Z"}

data: {"data":"{\"level\":30,\"time\":\"2026-07-27T06:20:47.612Z\",\"service\":\"omniroute\",\"module\":\"sse\",\"tag\":\"HTTP\",\"method\":\"POST\",\"path\":\"/v1/messages | nvidia/z-ai/glm-5.2 | 72 msgs | 40 tools\",\"msg\":\"📥 POST /v1/messages | nvidia/z-ai/glm-5.2 | 72 msgs | 40 tools\"}","timestamp":"2026-07-27T06:20:47.710Z"}

data: {"data":"{\"level\":30,\"time\":\"2026-07-27T06:20:47.619Z\",\"service\":\"omniroute\",\"module\":\"sse\",\"tag\":\"ROUTING\",\"msg\":\"Provider: nvidia, Model: z-ai/glm-5.2\"}","timestamp":"2026-07-27T06:20:47.710Z"}

data: {"data":"{\"level\":30,\"time\":\"2026-07-27T06:20:47.623Z\",\"service\":\"omniroute\",\"module\":\"sse\",\"tag\":\"AUTH\",\"msg\":\"session_key=input:sha256:6a22f... has no available affinity target\"}","timestamp":"2026-07-27T06:20:47.710Z"}

data: {"data":"{\"level\":30,\"time\":\"2026-07-27T06:20:47.624Z\",\"service\":\"omniroute\",\"module\":\"sse\",\"tag\":\"AUTH\",\"msg\":\"Using nvidia account: 2d9ef15f...\"}","timestamp":"2026-07-27T06:20:47.710Z"}

data: {"data":"time=2026-07-27T06:21:06.047Z level=INFO msg=\"l0 retention enforced\" db=storage.sqlite deleted_count=2 max_l1_txid=000000000000042a","timestamp":"2026-07-27T06:21:06.047Z"}

data: {"data":"time=2026-07-27T06:21:06.047Z level=INFO msg=\"compaction complete\" level=1 txid.min=0000000000000425 txid.max=000000000000042a size=501645","timestamp":"2026-07-27T06:21:06.047Z"}

data: {"data":"[06:21:20] 📊 \u001b[32m[USAGE] NVIDIA | in=73519 | out=1009 | account=2d9ef15f...\u001b[0m \u001b[33m(estimated)\u001b[0m | cache_read=73280","timestamp":"2026-07-27T06:21:20.263Z"}

data: {"data":"[06:21:20] 🌊 [STREAM] NVIDIA | z-ai/glm-5.2 | 32595ms | complete","timestamp":"2026-07-27T06:21:20.268Z"}

data: {"data":"[INFO] [SKILLS_INJECTION] skills.injection.skipped {\"apiKeyId\":\"env-key\",\"reason\":\"no_enabled_skills\"}","timestamp":"2026-07-27T06:21:20.815Z"}

data: {"data":"{\"level\":30,\"time\":\"2026-07-27T06:21:20.769Z\",\"service\":\"omniroute\",\"module\":\"sse\",\"tag\":\"HTTP\",\"method\":\"POST\",\"path\":\"/v1/messages | nvidia/z-ai/glm-5.2 | 74 msgs | 40 tools\",\"msg\":\"📥 POST /v1/messages | nvidia/z-ai/glm-5.2 | 74 msgs | 40 tools\"}","timestamp":"2026-07-27T06:21:20.828Z"}

data: {"data":"{\"level\":30,\"time\":\"2026-07-27T06:21:20.775Z\",\"service\":\"omniroute\",\"module\":\"sse\",\"tag\":\"ROUTING\",\"msg\":\"Provider: nvidia, Model: z-ai/glm-5.2\"}","timestamp":"2026-07-27T06:21:20.828Z"}

data: {"data":"{\"level\":30,\"time\":\"2026-07-27T06:21:20.778Z\",\"service\":\"omniroute\",\"module\":\"sse\",\"tag\":\"AUTH\",\"msg\":\"session_key=input:sha256:6a22f... has no available affinity target\"}","timestamp":"2026-07-27T06:21:20.828Z"}

data: {"data":"{\"level\":30,\"time\":\"2026-07-27T06:21:20.778Z\",\"service\":\"omniroute\",\"module\":\"sse\",\"tag\":\"AUTH\",\"msg\":\"Using nvidia account: 53f96ffa...\"}","timestamp":"2026-07-27T06:21:20.828Z"}

data: {"data":"[06:21:33] 📊 \u001b[32m[USAGE] NVIDIA | in=74574 | out=228 | account=53f96ffa...\u001b[0m | cache_read=384","timestamp":"2026-07-27T06:21:33.953Z"}

data: {"data":"[06:21:33] 🌊 [STREAM] NVIDIA | z-ai/glm-5.2 | 13139ms | complete","timestamp":"2026-07-27T06:21:33.959Z"}

data: {"data":"[INFO] [SKILLS_INJECTION] skills.injection.skipped {\"apiKeyId\":\"env-key\",\"reason\":\"no_enabled_skills\"}","timestamp":"2026-07-27T06:21:34.504Z"}

data: {"data":"{\"level\":30,\"time\":\"2026-07-27T06:21:34.448Z\",\"service\":\"omniroute\",\"module\":\"sse\",\"tag\":\"HTTP\",\"method\":\"POST\",\"path\":\"/v1/messages | nvidia/z-ai/glm-5.2 | 76 msgs | 40 tools\",\"msg\":\"📥 POST /v1/messages | nvidia/z-ai/glm-5.2 | 76 msgs | 40 tools\"}","timestamp":"2026-07-27T06:21:34.521Z"}

data: {"data":"{\"level\":30,\"time\":\"2026-07-27T06:21:34.457Z\",\"service\":\"omniroute\",\"module\":\"sse\",\"tag\":\"ROUTING\",\"msg\":\"Provider: nvidia, Model: z-ai/glm-5.2\"}","timestamp":"2026-07-27T06:21:34.521Z"}

data: {"data":"{\"level\":30,\"time\":\"2026-07-27T06:21:34.462Z\",\"service\":\"omniroute\",\"module\":\"sse\",\"tag\":\"AUTH\",\"msg\":\"session_key=input:sha256:6a22f... has no available affinity target\"}","timestamp":"2026-07-27T06:21:34.521Z"}

data: {"data":"{\"level\":30,\"time\":\"2026-07-27T06:21:34.462Z\",\"service\":\"omniroute\",\"module\":\"sse\",\"tag\":\"AUTH\",\"msg\":\"Using nvidia account: deb0258d...\"}","timestamp":"2026-07-27T06:21:34.521Z"}

data: {"data":"time=2026-07-27T06:21:37.431Z level=INFO msg=\"l0 retention enforced\" db=storage.sqlite deleted_count=2 max_l1_txid=000000000000042b","timestamp":"2026-07-27T06:21:37.431Z"}

data: {"data":"time=2026-07-27T06:21:37.431Z level=INFO msg=\"compaction complete\" level=1 txid.min=000000000000042b txid.max=000000000000042b size=43426","timestamp":"2026-07-27T06:21:37.431Z"}

data: {"data":"[ProxyEgress] nvidia/deb0258d in=113.20.2.214 out=44.196.116.2 proxy=direct status=success","timestamp":"2026-07-27T06:21:40.189Z"}

data: {"data":"[06:21:46] 📊 \u001b[32m[USAGE] NVIDIA | in=74848 | out=67 | account=deb0258d...\u001b[0m \u001b[33m(estimated)\u001b[0m | cache_read=384","timestamp":"2026-07-27T06:21:46.733Z"}

data: {"data":"[06:21:46] 🌊 [STREAM] NVIDIA | z-ai/glm-5.2 | 12235ms | complete","timestamp":"2026-07-27T06:21:46.742Z"}

data: {"data":"[INFO] [SKILLS_INJECTION] skills.injection.skipped {\"apiKeyId\":\"env-key\",\"reason\":\"no_enabled_skills\"}","timestamp":"2026-07-27T06:21:47.444Z"}

data: {"data":"{\"level\":30,\"time\":\"2026-07-27T06:21:47.383Z\",\"service\":\"omniroute\",\"module\":\"sse\",\"tag\":\"HTTP\",\"method\":\"POST\",\"path\":\"/v1/messages | nvidia/z-ai/glm-5.2 | 78 msgs | 40 tools\",\"msg\":\"📥 POST /v1/messages | nvidia/z-ai/glm-5.2 | 78 msgs | 40 tools\"}","timestamp":"2026-07-27T06:21:47.463Z"}

data: {"data":"{\"level\":30,\"time\":\"2026-07-27T06:21:47.389Z\",\"service\":\"omniroute\",\"module\":\"sse\",\"tag\":\"ROUTING\",\"msg\":\"Provider: nvidia, Model: z-ai/glm-5.2\"}","timestamp":"2026-07-27T06:21:47.463Z"}

data: {"data":"{\"level\":30,\"time\":\"2026-07-27T06:21:47.395Z\",\"service\":\"omniroute\",\"module\":\"sse\",\"tag\":\"AUTH\",\"msg\":\"session_key=input:sha256:6a22f... has no available affinity target\"}","timestamp":"2026-07-27T06:21:47.463Z"}

data: {"data":"{\"level\":30,\"time\":\"2026-07-27T06:21:47.396Z\",\"service\":\"omniroute\",\"module\":\"sse\",\"tag\":\"AUTH\",\"msg\":\"Using nvidia account: 3317f8d3...\"}","timestamp":"2026-07-27T06:21:47.463Z"}

data: {"data":"[ProxyEgress] nvidia/3317f8d3 in=113.20.2.214 out=44.196.116.2 proxy=direct status=success","timestamp":"2026-07-27T06:21:48.215Z"}

data: {"data":"time=2026-07-27T06:22:07.371Z level=INFO msg=\"l0 retention enforced\" db=storage.sqlite deleted_count=2 max_l1_txid=0000000000000431","timestamp":"2026-07-27T06:22:07.371Z"}

data: {"data":"time=2026-07-27T06:22:07.371Z level=INFO msg=\"compaction complete\" level=1 txid.min=000000000000042c txid.max=0000000000000431 size=506584","timestamp":"2026-07-27T06:22:07.371Z"}

data: {"data":"[06:22:25] 📊 \u001b[32m[USAGE] NVIDIA | in=77804 | out=796 | account=3317f8d3...\u001b[0m \u001b[33m(estimated)\u001b[0m | cache_read=73344","timestamp":"2026-07-27T06:22:25.248Z"}

data: {"data":"[06:22:25] 🌊 [STREAM] NVIDIA | z-ai/glm-5.2 | 37805ms | complete","timestamp":"2026-07-27T06:22:25.255Z"}

data: {"data":"[INFO] [SKILLS_INJECTION] skills.injection.skipped {\"apiKeyId\":\"env-key\",\"reason\":\"no_enabled_skills\"}","timestamp":"2026-07-27T06:22:25.784Z"}

data: {"data":"{\"level\":30,\"time\":\"2026-07-27T06:22:25.738Z\",\"service\":\"omniroute\",\"module\":\"sse\",\"tag\":\"HTTP\",\"method\":\"POST\",\"path\":\"/v1/messages | nvidia/z-ai/glm-5.2 | 81 msgs | 40 tools\",\"msg\":\"📥 POST /v1/messages | nvidia/z-ai/glm-5.2 | 81 msgs | 40 tools\"}","timestamp":"2026-07-27T06:22:25.802Z"}

data: {"data":"{\"level\":30,\"time\":\"2026-07-27T06:22:25.746Z\",\"service\":\"omniroute\",\"module\":\"sse\",\"tag\":\"ROUTING\",\"msg\":\"Provider: nvidia, Model: z-ai/glm-5.2\"}","timestamp":"2026-07-27T06:22:25.802Z"}

data: {"data":"{\"level\":30,\"time\":\"2026-07-27T06:22:25.752Z\",\"service\":\"omniroute\",\"module\":\"sse\",\"tag\":\"AUTH\",\"msg\":\"session_key=input:sha256:6a22f... has no available affinity target\"}","timestamp":"2026-07-27T06:22:25.802Z"}

data: {"data":"{\"level\":30,\"time\":\"2026-07-27T06:22:25.753Z\",\"service\":\"omniroute\",\"module\":\"sse\",\"tag\":\"AUTH\",\"msg\":\"Using nvidia account: c5116293...\"}","timestamp":"2026-07-27T06:22:25.802Z"}

data: {"data":"[ProxyEgress] nvidia/c5116293 in=113.20.2.214 out=44.196.116.2 proxy=direct status=success","timestamp":"2026-07-27T06:22:29.330Z"}

data: {"data":"time=2026-07-27T06:22:36.213Z level=INFO msg=\"compaction complete\" level=1 txid.min=0000000000000432 txid.max=0000000000000433 size=49851","timestamp":"2026-07-27T06:22:36.213Z"}

data: {"data":"[06:23:14] 📊 \u001b[32m[USAGE] NVIDIA | in=78739 | out=909 | account=c5116293...\u001b[0m \u001b[33m(estimated)\u001b[0m | cache_read=704","timestamp":"2026-07-27T06:23:14.395Z"}

data: {"data":"[06:23:14] 🌊 [STREAM] NVIDIA | z-ai/glm-5.2 | 48613ms | complete","timestamp":"2026-07-27T06:23:14.401Z"}

data: {"data":"[INFO] [SKILLS_INJECTION] skills.injection.skipped {\"apiKeyId\":\"env-key\",\"reason\":\"no_enabled_skills\"}","timestamp":"2026-07-27T06:23:17.157Z"}

data: {"data":"{\"level\":30,\"time\":\"2026-07-27T06:23:17.106Z\",\"service\":\"omniroute\",\"module\":\"sse\",\"tag\":\"HTTP\",\"method\":\"POST\",\"path\":\"/v1/messages | nvidia/z-ai/glm-5.2 | 83 msgs | 40 tools\",\"msg\":\"📥 POST /v1/messages | nvidia/z-ai/glm-5.2 | 83 msgs | 40 tools\"}","timestamp":"2026-07-27T06:23:17.175Z"}

data: {"data":"{\"level\":30,\"time\":\"2026-07-27T06:23:17.113Z\",\"service\":\"omniroute\",\"module\":\"sse\",\"tag\":\"ROUTING\",\"msg\":\"Provider: nvidia, Model: z-ai/glm-5.2\"}","timestamp":"2026-07-27T06:23:17.175Z"}

data: {"data":"{\"level\":30,\"time\":\"2026-07-27T06:23:17.116Z\",\"service\":\"omniroute\",\"module\":\"sse\",\"tag\":\"AUTH\",\"msg\":\"session_key=input:sha256:6a22f... has no available affinity target\"}","timestamp":"2026-07-27T06:23:17.175Z"}

data: {"data":"{\"level\":30,\"time\":\"2026-07-27T06:23:17.117Z\",\"service\":\"omniroute\",\"module\":\"sse\",\"tag\":\"AUTH\",\"msg\":\"Using nvidia account: cb888a54...\"}","timestamp":"2026-07-27T06:23:17.175Z"}

data: {"data":"[ProxyEgress] nvidia/cb888a54 in=113.20.2.214 out=44.196.116.2 proxy=direct status=success","timestamp":"2026-07-27T06:23:20.607Z"}

data: {"data":"[06:23:21] 📊 \u001b[32m[USAGE] NVIDIA | in=79723 | out=83 | account=cb888a54...\u001b[0m \u001b[33m(estimated)\u001b[0m | cache_read=1536","timestamp":"2026-07-27T06:23:21.315Z"}

data: {"data":"[06:23:21] 🌊 [STREAM] NVIDIA | z-ai/glm-5.2 | 4159ms | complete","timestamp":"2026-07-27T06:23:21.321Z"}

data: {"data":"[INFO] [SKILLS_INJECTION] skills.injection.skipped {\"apiKeyId\":\"env-key\",\"reason\":\"no_enabled_skills\"}","timestamp":"2026-07-27T06:23:23.458Z"}

data: {"data":"{\"level\":30,\"time\":\"2026-07-27T06:23:23.402Z\",\"service\":\"omniroute\",\"module\":\"sse\",\"tag\":\"HTTP\",\"method\":\"POST\",\"path\":\"/v1/messages | nvidia/z-ai/glm-5.2 | 85 msgs | 40 tools\",\"msg\":\"📥 POST /v1/messages | nvidia/z-ai/glm-5.2 | 85 msgs | 40 tools\"}","timestamp":"2026-07-27T06:23:23.473Z"}

data: {"data":"{\"level\":30,\"time\":\"2026-07-27T06:23:23.409Z\",\"service\":\"omniroute\",\"module\":\"sse\",\"tag\":\"ROUTING\",\"msg\":\"Provider: nvidia, Model: z-ai/glm-5.2\"}","timestamp":"2026-07-27T06:23:23.473Z"}

data: {"data":"{\"level\":30,\"time\":\"2026-07-27T06:23:23.414Z\",\"service\":\"omniroute\",\"module\":\"sse\",\"tag\":\"AUTH\",\"msg\":\"session_key=input:sha256:6a22f... has no available affinity target\"}","timestamp":"2026-07-27T06:23:23.473Z"}

data: {"data":"{\"level\":30,\"time\":\"2026-07-27T06:23:23.415Z\",\"service\":\"omniroute\",\"module\":\"sse\",\"tag\":\"AUTH\",\"msg\":\"Using nvidia account: d65f33e2...\"}","timestamp":"2026-07-27T06:23:23.473Z"}

data: {"data":"[ProxyEgress] nvidia/d65f33e2 in=113.20.2.214 out=44.196.116.2 proxy=direct status=success","timestamp":"2026-07-27T06:23:28.781Z"}

data: {"data":"[06:23:52] 📊 \u001b[32m[USAGE] NVIDIA | in=79933 | out=443 | account=d65f33e2...\u001b[0m \u001b[33m(estimated)\u001b[0m | cache_read=384","timestamp":"2026-07-27T06:23:52.880Z"}

data: {"data":"[06:23:52] 🌊 [STREAM] NVIDIA | z-ai/glm-5.2 | 29424ms | complete","timestamp":"2026-07-27T06:23:52.886Z"}

data: {"data":"time=2026-07-27T06:24:03.130Z level=INFO msg=\"compaction complete\" level=1 txid.min=0000000000000434 txid.max=000000000000043b size=508578","timestamp":"2026-07-27T06:24:03.130Z"}

data: {"data":"time=2026-07-27T06:24:56.676Z level=INFO msg=\"l0 retention enforced\" db=storage.sqlite deleted_count=4 max_l1_txid=000000000000043b","timestamp":"2026-07-27T06:24:56.677Z"}

data: {"data":"time=2026-07-27T06:25:02.848Z level=INFO msg=\"compaction complete\" level=1 txid.min=000000000000043c txid.max=000000000000043d size=508578","timestamp":"2026-07-27T06:25:02.848Z"}

data: {"data":"time=2026-07-27T06:25:10.083Z level=INFO msg=\"compaction complete\" level=2 txid.min=000000000000041f txid.max=000000000000043d size=508578","timestamp":"2026-07-27T06:25:10.084Z"}

data: {"data":"🧹 [RATE-LIMIT] Evicting idle limiter: nvidia:2bcea68b-9f7a-4673-b1f0-80a66320fc88 (inactive for 622s)","timestamp":"2026-07-27T06:26:34.995Z"}

data: {"data":"🧹 [RATE-LIMIT] Evicting idle limiter: nvidia:1830e4f7-dd8f-4c11-9d65-c0acdced6494 (inactive for 601s)","timestamp":"2026-07-27T06:29:34.997Z"}

data: {"data":"time=2026-07-27T06:29:58.658Z level=INFO msg=\"l0 retention enforced\" db=storage.sqlite deleted_count=26 max_l1_txid=000000000000043d","timestamp":"2026-07-27T06:29:58.658Z"}

data: {"data":"🧹 [RATE-LIMIT] Evicting idle limiter: nvidia:58f42365-24ac-4844-b08b-af609b1057d1 (inactive for 623s)","timestamp":"2026-07-27T06:31:04.997Z"}

data: {"data":"🧹 [RATE-LIMIT] Evicting idle limiter: nvidia:09665ab2-ccd5-473b-9674-14967d3741b7 (inactive for 619s)","timestamp":"2026-07-27T06:31:04.997Z"}

data: {"data":"🧹 [RATE-LIMIT] Evicting idle limiter: nvidia:2d9ef15f-bc96-49d8-b476-56b2ad65c431 (inactive for 616s)","timestamp":"2026-07-27T06:31:04.997Z"}

data: {"data":"🧹 [RATE-LIMIT] Evicting idle limiter: nvidia:53f96ffa-5bb1-424c-925f-86c1b44688ec (inactive for 601s)","timestamp":"2026-07-27T06:31:34.997Z"}

data: {"data":"🧹 [RATE-LIMIT] Evicting idle limiter: nvidia:deb0258d-ecce-4c26-ad39-542c44736a0a (inactive for 625s)","timestamp":"2026-07-27T06:32:04.997Z"}

data: {"data":"🧹 [RATE-LIMIT] Evicting idle limiter: nvidia:3317f8d3-ffa6-4e41-a8ad-7eeaf91a3f93 (inactive for 617s)","timestamp":"2026-07-27T06:32:04.997Z"}

data: {"data":"🧹 [RATE-LIMIT] Evicting idle limiter: nvidia:c5116293-3a1e-420b-890b-ddff9ee0db57 (inactive for 606s)","timestamp":"2026-07-27T06:32:34.997Z"}

data: {"data":"🧹 [RATE-LIMIT] Evicting idle limiter: nvidia:cb888a54-217d-4ad6-b191-1cc5d06841e0 (inactive for 614s)","timestamp":"2026-07-27T06:33:34.997Z"}

data: {"data":"🧹 [RATE-LIMIT] Evicting idle limiter: nvidia:d65f33e2-26b4-4096-bb40-214be567a5f8 (inactive for 606s)","timestamp":"2026-07-27T06:33:34.997Z"}

data: {"data":"time=2026-07-27T07:00:05.018Z level=INFO msg=\"snapshot complete\" txid=000000000000043d size=508578","timestamp":"2026-07-27T07:00:05.018Z"}

data: {"data":"time=2026-07-27T07:00:11.167Z level=INFO msg=\"compaction complete\" level=3 txid.min=00000000000003d4 txid.max=000000000000043d size=508578","timestamp":"2026-07-27T07:00:11.167Z"}

data: {"data":"[ProviderLimitsSync] Cycle complete: 0/0 synced in 6ms","timestamp":"2026-07-27T07:25:40.266Z"}

data: {"data":"time=2026-07-27T07:26:03.699Z level=INFO msg=\"l0 retention enforced\" db=storage.sqlite deleted_count=1 max_l1_txid=000000000000043f","timestamp":"2026-07-27T07:26:03.699Z"}

data: {"data":"time=2026-07-27T07:26:03.699Z level=INFO msg=\"compaction complete\" level=1 txid.min=000000000000043e txid.max=000000000000043f size=508578","timestamp":"2026-07-27T07:26:03.699Z"}

data: {"data":"time=2026-07-27T07:30:03.270Z level=INFO msg=\"compaction complete\" level=2 txid.min=000000000000043e txid.max=000000000000043f size=508578","timestamp":"2026-07-27T07:30:03.270Z"}

data: {"data":"time=2026-07-27T07:34:56.711Z level=INFO msg=\"l0 retention enforced\" db=storage.sqlite deleted_count=1 max_l1_txid=000000000000043f","timestamp":"2026-07-27T07:34:56.711Z"}

data: {"data":"time=2026-07-27T08:00:04.715Z level=INFO msg=\"snapshot complete\" txid=000000000000043f size=508578","timestamp":"2026-07-27T08:00:04.715Z"}

data: {"data":"time=2026-07-27T08:00:06.482Z level=INFO msg=\"compaction complete\" level=3 txid.min=000000000000043e txid.max=000000000000043f size=508578","timestamp":"2026-07-27T08:00:06.482Z"}

data: {"data":"[ProviderLimitsSync] Cycle complete: 0/0 synced in 5ms","timestamp":"2026-07-27T08:35:40.264Z"}

data: {"data":"time=2026-07-27T08:36:03.977Z level=INFO msg=\"l0 retention enforced\" db=storage.sqlite deleted_count=1 max_l1_txid=0000000000000441","timestamp":"2026-07-27T08:36:03.977Z"}

data: {"data":"time=2026-07-27T08:36:03.977Z level=INFO msg=\"compaction complete\" level=1 txid.min=0000000000000440 txid.max=0000000000000441 size=508578","timestamp":"2026-07-27T08:36:03.977Z"}

data: {"data":"time=2026-07-27T08:40:03.776Z level=INFO msg=\"compaction complete\" level=2 txid.min=0000000000000440 txid.max=0000000000000441 size=508578","timestamp":"2026-07-27T08:40:03.777Z"}

data: {"data":"time=2026-07-27T08:44:56.866Z level=INFO msg=\"l0 retention enforced\" db=storage.sqlite deleted_count=1 max_l1_txid=0000000000000441","timestamp":"2026-07-27T08:44:56.867Z"}

data: {"data":"[INFO] [SKILLS_INJECTION] skills.injection.skipped {\"apiKeyId\":\"env-key\",\"reason\":\"no_enabled_skills\"}","timestamp":"2026-07-27T08:45:35.735Z"}

data: {"data":"{\"level\":30,\"time\":\"2026-07-27T08:45:35.656Z\",\"service\":\"omniroute\",\"module\":\"sse\",\"tag\":\"HTTP\",\"method\":\"POST\",\"path\":\"/v1/messages | nvidia/z-ai/glm-5.2 | 88 msgs | 40 tools\",\"msg\":\"📥 POST /v1/messages | nvidia/z-ai/glm-5.2 | 88 msgs | 40 tools\"}","timestamp":"2026-07-27T08:45:35.759Z"}

data: {"data":"{\"level\":30,\"time\":\"2026-07-27T08:45:35.667Z\",\"service\":\"omniroute\",\"module\":\"sse\",\"tag\":\"ROUTING\",\"msg\":\"Provider: nvidia, Model: z-ai/glm-5.2\"}","timestamp":"2026-07-27T08:45:35.759Z"}

data: {"data":"{\"level\":30,\"time\":\"2026-07-27T08:45:35.673Z\",\"service\":\"omniroute\",\"module\":\"sse\",\"tag\":\"AUTH\",\"msg\":\"session_key=input:sha256:12d27... has no available affinity target\"}","timestamp":"2026-07-27T08:45:35.759Z"}

data: {"data":"{\"level\":30,\"time\":\"2026-07-27T08:45:35.678Z\",\"service\":\"omniroute\",\"module\":\"sse\",\"tag\":\"AUTH\",\"msg\":\"Using nvidia account: ccaad834...\"}","timestamp":"2026-07-27T08:45:35.759Z"}

data: {"data":"[08:45:50] 📊 \u001b[32m[USAGE] NVIDIA | in=82131 | out=403 | account=ccaad834...\u001b[0m \u001b[33m(estimated)\u001b[0m | cache_read=1536","timestamp":"2026-07-27T08:45:50.385Z"}

data: {"data":"[08:45:50] 🌊 [STREAM] NVIDIA | z-ai/glm-5.2 | 14655ms | complete","timestamp":"2026-07-27T08:45:50.398Z"}

data: {"data":"[INFO] [SKILLS_INJECTION] skills.injection.skipped {\"apiKeyId\":\"env-key\",\"reason\":\"no_enabled_skills\"}","timestamp":"2026-07-27T08:45:52.234Z"}

data: {"data":"{\"level\":30,\"time\":\"2026-07-27T08:45:52.172Z\",\"service\":\"omniroute\",\"module\":\"sse\",\"tag\":\"HTTP\",\"method\":\"POST\",\"path\":\"/v1/messages | nvidia/z-ai/glm-5.2 | 90 msgs | 40 tools\",\"msg\":\"📥 POST /v1/messages | nvidia/z-ai/glm-5.2 | 90 msgs | 40 tools\"}","timestamp":"2026-07-27T08:45:52.259Z"}

data: {"data":"{\"level\":30,\"time\":\"2026-07-27T08:45:52.182Z\",\"service\":\"omniroute\",\"module\":\"sse\",\"tag\":\"ROUTING\",\"msg\":\"Provider: nvidia, Model: z-ai/glm-5.2\"}","timestamp":"2026-07-27T08:45:52.260Z"}

data: {"data":"{\"level\":30,\"time\":\"2026-07-27T08:45:52.187Z\",\"service\":\"omniroute\",\"module\":\"sse\",\"tag\":\"AUTH\",\"msg\":\"session_key=input:sha256:12d27... has no available affinity target\"}","timestamp":"2026-07-27T08:45:52.260Z"}

data: {"data":"{\"level\":30,\"time\":\"2026-07-27T08:45:52.188Z\",\"service\":\"omniroute\",\"module\":\"sse\",\"tag\":\"AUTH\",\"msg\":\"Using nvidia account: def58a55...\"}","timestamp":"2026-07-27T08:45:52.260Z"}

data: {"data":"[ProxyEgress] nvidia/def58a55 in=113.20.2.214 out=44.196.116.2 proxy=direct status=success","timestamp":"2026-07-27T08:45:57.493Z"}

data: {"data":"time=2026-07-27T08:46:03.625Z level=INFO msg=\"l0 retention enforced\" db=storage.sqlite deleted_count=1 max_l1_txid=0000000000000446","timestamp":"2026-07-27T08:46:03.625Z"}

data: {"data":"time=2026-07-27T08:46:03.625Z level=INFO msg=\"compaction complete\" level=1 txid.min=0000000000000442 txid.max=0000000000000446 size=512018","timestamp":"2026-07-27T08:46:03.625Z"}

data: {"data":"[08:46:09] 📊 \u001b[32m[USAGE] NVIDIA | in=82580 | out=197 | account=def58a55...\u001b[0m \u001b[33m(estimated)\u001b[0m | cache_read=576","timestamp":"2026-07-27T08:46:09.798Z"}

data: {"data":"[08:46:09] 🌊 [STREAM] NVIDIA | z-ai/glm-5.2 | 17564ms | complete","timestamp":"2026-07-27T08:46:09.804Z"}

data: {"data":"[INFO] [SKILLS_INJECTION] skills.injection.skipped {\"apiKeyId\":\"env-key\",\"reason\":\"no_enabled_skills\"}","timestamp":"2026-07-27T08:46:11.211Z"}

data: {"data":"{\"level\":30,\"time\":\"2026-07-27T08:46:11.158Z\",\"service\":\"omniroute\",\"module\":\"sse\",\"tag\":\"HTTP\",\"method\":\"POST\",\"path\":\"/v1/messages | nvidia/z-ai/glm-5.2 | 92 msgs | 40 tools\",\"msg\":\"📥 POST /v1/messages | nvidia/z-ai/glm-5.2 | 92 msgs | 40 tools\"}","timestamp":"2026-07-27T08:46:11.228Z"}

data: {"data":"{\"level\":30,\"time\":\"2026-07-27T08:46:11.164Z\",\"service\":\"omniroute\",\"module\":\"sse\",\"tag\":\"ROUTING\",\"msg\":\"Provider: nvidia, Model: z-ai/glm-5.2\"}","timestamp":"2026-07-27T08:46:11.228Z"}

data: {"data":"{\"level\":30,\"time\":\"2026-07-27T08:46:11.167Z\",\"service\":\"omniroute\",\"module\":\"sse\",\"tag\":\"AUTH\",\"msg\":\"session_key=input:sha256:12d27... has no available affinity target\"}","timestamp":"2026-07-27T08:46:11.228Z"}

data: {"data":"{\"level\":30,\"time\":\"2026-07-27T08:46:11.168Z\",\"service\":\"omniroute\",\"module\":\"sse\",\"tag\":\"AUTH\",\"msg\":\"Using nvidia account: 2d039916...\"}","timestamp":"2026-07-27T08:46:11.228Z"}

data: {"data":"[ProxyEgress] nvidia/2d039916 in=113.20.2.214 out=44.196.116.2 proxy=direct status=success","timestamp":"2026-07-27T08:46:16.602Z"}

data: {"data":"[08:46:20] 📊 \u001b[32m[USAGE] NVIDIA | in=82829 | out=325 | account=2d039916...\u001b[0m \u001b[33m(estimated)\u001b[0m | cache_read=1536","timestamp":"2026-07-27T08:46:20.574Z"}

data: {"data":"[08:46:20] 🌊 [STREAM] NVIDIA | z-ai/glm-5.2 | 9366ms | complete","timestamp":"2026-07-27T08:46:20.583Z"}

data: {"data":"time=2026-07-27T08:46:36.104Z level=INFO msg=\"compaction complete\" level=1 txid.min=0000000000000447 txid.max=000000000000044b size=78897","timestamp":"2026-07-27T08:46:36.104Z"}

data: {"data":"time=2026-07-27T08:50:02.731Z level=INFO msg=\"compaction complete\" level=1 txid.min=000000000000044c txid.max=000000000000044d size=513017","timestamp":"2026-07-27T08:50:02.731Z"}

data: {"data":"time=2026-07-27T08:50:03.886Z level=INFO msg=\"compaction complete\" level=2 txid.min=0000000000000442 txid.max=000000000000044b size=513017","timestamp":"2026-07-27T08:50:03.886Z"}

data: {"data":"time=2026-07-27T08:54:57.400Z level=INFO msg=\"l0 retention enforced\" db=storage.sqlite deleted_count=11 max_l1_txid=000000000000044d","timestamp":"2026-07-27T08:54:57.400Z"}

data: {"data":"time=2026-07-27T08:55:05.872Z level=INFO msg=\"compaction complete\" level=2 txid.min=000000000000044c txid.max=000000000000044d size=513017","timestamp":"2026-07-27T08:55:05.872Z"}

data: {"data":"🧹 [RATE-LIMIT] Evicting idle limiter: nvidia:ccaad834-d081-4ec4-8e8d-713afc7d722f (inactive for 626s)","timestamp":"2026-07-27T08:56:05.099Z"}

data: {"data":"🧹 [RATE-LIMIT] Evicting idle limiter: nvidia:def58a55-cab9-4048-a69b-4fa1ae9d557a (inactive for 608s)","timestamp":"2026-07-27T08:56:05.099Z"}

data: {"data":"🧹 [RATE-LIMIT] Evicting idle limiter: nvidia:2d039916-88d8-495f-b886-bd5dc25ce047 (inactive for 619s)","timestamp":"2026-07-27T08:56:35.099Z"}

data: {"data":"time=2026-07-27T09:00:05.101Z level=INFO msg=\"snapshot complete\" txid=000000000000044d size=513017","timestamp":"2026-07-27T09:00:05.101Z"}

data: {"data":"time=2026-07-27T09:00:06.533Z level=INFO msg=\"compaction complete\" level=3 txid.min=0000000000000440 txid.max=000000000000044d size=513017","timestamp":"2026-07-27T09:00:06.533Z"}

data: {"data":"[INFO] [SKILLS_INJECTION] skills.injection.skipped {\"apiKeyId\":\"env-key\",\"reason\":\"no_enabled_skills\"}","timestamp":"2026-07-27T09:26:44.952Z"}

data: {"data":"{\"level\":30,\"time\":\"2026-07-27T09:26:44.908Z\",\"service\":\"omniroute\",\"module\":\"sse\",\"tag\":\"HTTP\",\"method\":\"POST\",\"path\":\"/v1/messages | nvidia/z-ai/glm-5.2 | 2 msgs | 40 tools\",\"msg\":\"📥 POST /v1/messages | nvidia/z-ai/glm-5.2 | 2 msgs | 40 tools\"}","timestamp":"2026-07-27T09:26:44.967Z"}

data: {"data":"{\"level\":30,\"time\":\"2026-07-27T09:26:44.918Z\",\"service\":\"omniroute\",\"module\":\"sse\",\"tag\":\"ROUTING\",\"msg\":\"Provider: nvidia, Model: z-ai/glm-5.2\"}","timestamp":"2026-07-27T09:26:44.968Z"}

data: {"data":"{\"level\":30,\"time\":\"2026-07-27T09:26:44.926Z\",\"service\":\"omniroute\",\"module\":\"sse\",\"tag\":\"AUTH\",\"msg\":\"session_key=input:sha256:7c23a... has no available affinity target\"}","timestamp":"2026-07-27T09:26:44.968Z"}

data: {"data":"{\"level\":30,\"time\":\"2026-07-27T09:26:44.928Z\",\"service\":\"omniroute\",\"module\":\"sse\",\"tag\":\"AUTH\",\"msg\":\"Using nvidia account: d6a27df9...\"}","timestamp":"2026-07-27T09:26:44.968Z"}

data: {"data":"[INFO] [SKILLS_INJECTION] skills.injection.skipped {\"apiKeyId\":\"env-key\",\"reason\":\"no_enabled_skills\"}","timestamp":"2026-07-27T09:26:45.820Z"}

data: {"data":"{\"level\":30,\"time\":\"2026-07-27T09:26:45.808Z\",\"service\":\"omniroute\",\"module\":\"sse\",\"tag\":\"HTTP\",\"method\":\"POST\",\"path\":\"/v1/messages | nvidia/z-ai/glm-5.2 | 1 msgs\",\"msg\":\"📥 POST /v1/messages | nvidia/z-ai/glm-5.2 | 1 msgs\"}","timestamp":"2026-07-27T09:26:45.832Z"}

data: {"data":"{\"level\":30,\"time\":\"2026-07-27T09:26:45.809Z\",\"service\":\"omniroute\",\"module\":\"sse\",\"tag\":\"ROUTING\",\"msg\":\"Provider: nvidia, Model: z-ai/glm-5.2\"}","timestamp":"2026-07-27T09:26:45.832Z"}

data: {"data":"{\"level\":30,\"time\":\"2026-07-27T09:26:45.816Z\",\"service\":\"omniroute\",\"module\":\"sse\",\"tag\":\"AUTH\",\"msg\":\"session_key=input:sha256:55c0c... has no available affinity target\"}","timestamp":"2026-07-27T09:26:45.832Z"}

data: {"data":"{\"level\":30,\"time\":\"2026-07-27T09:26:45.819Z\",\"service\":\"omniroute\",\"module\":\"sse\",\"tag\":\"AUTH\",\"msg\":\"Using nvidia account: 7d5d42c4...\"}","timestamp":"2026-07-27T09:26:45.832Z"}

data: {"data":"[ProxyEgress] nvidia/7d5d42c4 in=113.20.2.214 out=44.196.116.2 proxy=direct status=success","timestamp":"2026-07-27T09:26:47.309Z"}

data: {"data":"[09:26:49] 📊 \u001b[32m[USAGE] NVIDIA | in=1321 | out=12 | account=7d5d42c4...\u001b[0m \u001b[33m(estimated)\u001b[0m","timestamp":"2026-07-27T09:26:49.509Z"}

data: {"data":"[09:26:49] 🌊 [STREAM] NVIDIA | z-ai/glm-5.2 | 3679ms | complete","timestamp":"2026-07-27T09:26:49.511Z"}

data: {"data":"[09:26:58] 📊 \u001b[32m[USAGE] NVIDIA | in=32851 | out=569 | account=d6a27df9...\u001b[0m \u001b[33m(estimated)\u001b[0m | cache_read=1536","timestamp":"2026-07-27T09:26:58.599Z"}

data: {"data":"[09:26:58] 🌊 [STREAM] NVIDIA | z-ai/glm-5.2 | 13651ms | complete","timestamp":"2026-07-27T09:26:58.607Z"}

data: {"data":"time=2026-07-27T09:27:03.545Z level=INFO msg=\"l0 retention enforced\" db=storage.sqlite deleted_count=1 max_l1_txid=0000000000000452","timestamp":"2026-07-27T09:27:03.545Z"}

data: {"data":"time=2026-07-27T09:27:03.545Z level=INFO msg=\"compaction complete\" level=1 txid.min=000000000000044e txid.max=0000000000000452 size=513883","timestamp":"2026-07-27T09:27:03.545Z"}

data: {"data":"time=2026-07-27T09:27:35.937Z level=INFO msg=\"compaction complete\" level=1 txid.min=0000000000000453 txid.max=0000000000000453 size=30637","timestamp":"2026-07-27T09:27:35.937Z"}

data: {"data":"time=2026-07-27T09:30:02.655Z level=INFO msg=\"compaction complete\" level=1 txid.min=0000000000000454 txid.max=0000000000000455 size=514217","timestamp":"2026-07-27T09:30:02.656Z"}

data: {"data":"time=2026-07-27T09:30:03.530Z level=INFO msg=\"compaction complete\" level=2 txid.min=000000000000044e txid.max=0000000000000453 size=514217","timestamp":"2026-07-27T09:30:03.530Z"}

data: {"data":"[INFO] [SKILLS_INJECTION] skills.injection.skipped {\"apiKeyId\":\"env-key\",\"reason\":\"no_enabled_skills\"}","timestamp":"2026-07-27T09:32:15.855Z"}

data: {"data":"{\"level\":30,\"time\":\"2026-07-27T09:32:15.821Z\",\"service\":\"omniroute\",\"module\":\"sse\",\"tag\":\"HTTP\",\"method\":\"POST\",\"path\":\"/v1/messages | nvidia/z-ai/glm-5.2 | 4 msgs | 40 tools\",\"msg\":\"📥 POST /v1/messages | nvidia/z-ai/glm-5.2 | 4 msgs | 40 tools\"}","timestamp":"2026-07-27T09:32:15.868Z"}

data: {"data":"{\"level\":30,\"time\":\"2026-07-27T09:32:15.825Z\",\"service\":\"omniroute\",\"module\":\"sse\",\"tag\":\"ROUTING\",\"msg\":\"Provider: nvidia, Model: z-ai/glm-5.2\"}","timestamp":"2026-07-27T09:32:15.868Z"}

data: {"data":"{\"level\":30,\"time\":\"2026-07-27T09:32:15.828Z\",\"service\":\"omniroute\",\"module\":\"sse\",\"tag\":\"AUTH\",\"msg\":\"session_key=input:sha256:7c23a... has no available affinity target\"}","timestamp":"2026-07-27T09:32:15.868Z"}

data: {"data":"{\"level\":30,\"time\":\"2026-07-27T09:32:15.829Z\",\"service\":\"omniroute\",\"module\":\"sse\",\"tag\":\"AUTH\",\"msg\":\"Using nvidia account: f2b0933a...\"}","timestamp":"2026-07-27T09:32:15.868Z"}

data: {"data":"[09:32:21] 📊 \u001b[32m[USAGE] NVIDIA | in=33566 | out=132 | account=f2b0933a...\u001b[0m \u001b[33m(estimated)\u001b[0m | cache_read=384","timestamp":"2026-07-27T09:32:21.660Z"}

data: {"data":"[09:32:21] 🌊 [STREAM] NVIDIA | z-ai/glm-5.2 | 5806ms | complete","timestamp":"2026-07-27T09:32:21.666Z"}

data: {"data":"[INFO] [SKILLS_INJECTION] skills.injection.skipped {\"apiKeyId\":\"env-key\",\"reason\":\"no_enabled_skills\"}","timestamp":"2026-07-27T09:32:26.711Z"}

data: {"data":"{\"level\":30,\"time\":\"2026-07-27T09:32:26.704Z\",\"service\":\"omniroute\",\"module\":\"sse\",\"tag\":\"HTTP\",\"method\":\"POST\",\"path\":\"/v1/messages | nvidia/z-ai/glm-5.2 | 1 msgs | 1 tools\",\"msg\":\"📥 POST /v1/messages | nvidia/z-ai/glm-5.2 | 1 msgs | 1 tools\"}","timestamp":"2026-07-27T09:32:26.714Z"}

data: {"data":"{\"level\":30,\"time\":\"2026-07-27T09:32:26.705Z\",\"service\":\"omniroute\",\"module\":\"sse\",\"tag\":\"ROUTING\",\"msg\":\"Provider: nvidia, Model: z-ai/glm-5.2\"}","timestamp":"2026-07-27T09:32:26.714Z"}

data: {"data":"{\"level\":30,\"time\":\"2026-07-27T09:32:26.709Z\",\"service\":\"omniroute\",\"module\":\"sse\",\"tag\":\"AUTH\",\"msg\":\"session_key=input:sha256:a828c... has no available affinity target\"}","timestamp":"2026-07-27T09:32:26.714Z"}

data: {"data":"{\"level\":30,\"time\":\"2026-07-27T09:32:26.710Z\",\"service\":\"omniroute\",\"module\":\"sse\",\"tag\":\"AUTH\",\"msg\":\"Using nvidia account: 9cda5fc2...\"}","timestamp":"2026-07-27T09:32:26.714Z"}

data: {"data":"[ProxyEgress] nvidia/9cda5fc2 in=113.20.2.214 out=44.196.116.2 proxy=direct status=success","timestamp":"2026-07-27T09:32:27.241Z"}

data: {"data":"[INFO] [SKILLS_INJECTION] skills.injection.skipped {\"apiKeyId\":\"env-key\",\"reason\":\"no_enabled_skills\"}","timestamp":"2026-07-27T09:32:27.296Z"}

data: {"data":"{\"level\":30,\"time\":\"2026-07-27T09:32:27.287Z\",\"service\":\"omniroute\",\"module\":\"sse\",\"tag\":\"HTTP\",\"method\":\"POST\",\"path\":\"/v1/messages | nvidia/z-ai/glm-5.2 | 1 msgs | 1 tools\",\"msg\":\"📥 POST /v1/messages | nvidia/z-ai/glm-5.2 | 1 msgs | 1 tools\"}","timestamp":"2026-07-27T09:32:27.299Z"}

data: {"data":"{\"level\":30,\"time\":\"2026-07-27T09:32:27.288Z\",\"service\":\"omniroute\",\"module\":\"sse\",\"tag\":\"ROUTING\",\"msg\":\"Provider: nvidia, Model: z-ai/glm-5.2\"}","timestamp":"2026-07-27T09:32:27.299Z"}

data: {"data":"{\"level\":30,\"time\":\"2026-07-27T09:32:27.294Z\",\"service\":\"omniroute\",\"module\":\"sse\",\"tag\":\"AUTH\",\"msg\":\"session_key=input:sha256:4f088... has no available affinity target\"}","timestamp":"2026-07-27T09:32:27.299Z"}

data: {"data":"{\"level\":30,\"time\":\"2026-07-27T09:32:27.295Z\",\"service\":\"omniroute\",\"module\":\"sse\",\"tag\":\"AUTH\",\"msg\":\"Using nvidia account: d1717878...\"}","timestamp":"2026-07-27T09:32:27.299Z"}

data: {"data":"[09:32:28] 📊 \u001b[32m[USAGE] NVIDIA | in=178 | out=47 | account=9cda5fc2...\u001b[0m \u001b[33m(estimated)\u001b[0m","timestamp":"2026-07-27T09:32:28.537Z"}

data: {"data":"[09:32:28] 🌊 [STREAM] NVIDIA | z-ai/glm-5.2 | 1824ms | complete","timestamp":"2026-07-27T09:32:28.539Z"}

data: {"data":"[ProxyEgress] nvidia/d1717878 in=113.20.2.214 out=44.196.116.2 proxy=direct status=success","timestamp":"2026-07-27T09:32:28.709Z"}

data: {"data":"time=2026-07-27T09:32:34.185Z level=INFO msg=\"l0 retention enforced\" db=storage.sqlite deleted_count=6 max_l1_txid=0000000000000459","timestamp":"2026-07-27T09:32:34.185Z"}

data: {"data":"time=2026-07-27T09:32:34.185Z level=INFO msg=\"compaction complete\" level=1 txid.min=0000000000000456 txid.max=0000000000000459 size=514719","timestamp":"2026-07-27T09:32:34.185Z"}

data: {"data":"[09:32:40] 📊 \u001b[32m[USAGE] NVIDIA | in=181 | out=50 | account=d1717878...\u001b[0m \u001b[33m(estimated)\u001b[0m","timestamp":"2026-07-27T09:32:40.694Z"}

data: {"data":"[09:32:40] 🌊 [STREAM] NVIDIA | z-ai/glm-5.2 | 13398ms | complete","timestamp":"2026-07-27T09:32:40.696Z"}

data: {"data":"[INFO] [SKILLS_INJECTION] skills.injection.skipped {\"apiKeyId\":\"env-key\",\"reason\":\"no_enabled_skills\"}","timestamp":"2026-07-27T09:32:41.816Z"}

data: {"data":"{\"level\":30,\"time\":\"2026-07-27T09:32:41.775Z\",\"service\":\"omniroute\",\"module\":\"sse\",\"tag\":\"HTTP\",\"method\":\"POST\",\"path\":\"/v1/messages | nvidia/z-ai/glm-5.2 | 6 msgs | 40 tools\",\"msg\":\"📥 POST /v1/messages | nvidia/z-ai/glm-5.2 | 6 msgs | 40 tools\"}","timestamp":"2026-07-27T09:32:41.829Z"}

data: {"data":"{\"level\":30,\"time\":\"2026-07-27T09:32:41.779Z\",\"service\":\"omniroute\",\"module\":\"sse\",\"tag\":\"ROUTING\",\"msg\":\"Provider: nvidia, Model: z-ai/glm-5.2\"}","timestamp":"2026-07-27T09:32:41.829Z"}

data: {"data":"{\"level\":30,\"time\":\"2026-07-27T09:32:41.784Z\",\"service\":\"omniroute\",\"module\":\"sse\",\"tag\":\"AUTH\",\"msg\":\"session_key=input:sha256:7c23a... has no available affinity target\"}","timestamp":"2026-07-27T09:32:41.829Z"}

data: {"data":"{\"level\":30,\"time\":\"2026-07-27T09:32:41.785Z\",\"service\":\"omniroute\",\"module\":\"sse\",\"tag\":\"AUTH\",\"msg\":\"Using nvidia account: a0c72227...\"}","timestamp":"2026-07-27T09:32:41.829Z"}

data: {"data":"[ProxyEgress] nvidia/a0c72227 in=113.20.2.214 out=44.196.116.2 proxy=direct status=success","timestamp":"2026-07-27T09:32:43.798Z"}

data: {"data":"[09:32:50] 📊 \u001b[32m[USAGE] NVIDIA | in=33838 | out=110 | account=a0c72227...\u001b[0m \u001b[33m(estimated)\u001b[0m | cache_read=384","timestamp":"2026-07-27T09:32:50.969Z"}

data: {"data":"[09:32:50] 🌊 [STREAM] NVIDIA | z-ai/glm-5.2 | 9156ms | complete","timestamp":"2026-07-27T09:32:50.977Z"}

data: {"data":"[INFO] [SKILLS_INJECTION] skills.injection.skipped {\"apiKeyId\":\"env-key\",\"reason\":\"no_enabled_skills\"}","timestamp":"2026-07-27T09:32:51.422Z"}

data: {"data":"{\"level\":30,\"time\":\"2026-07-27T09:32:51.415Z\",\"service\":\"omniroute\",\"module\":\"sse\",\"tag\":\"HTTP\",\"method\":\"POST\",\"path\":\"/v1/messages | nvidia/z-ai/glm-5.2 | 1 msgs | 1 tools\",\"msg\":\"📥 POST /v1/messages | nvidia/z-ai/glm-5.2 | 1 msgs | 1 tools\"}","timestamp":"2026-07-27T09:32:51.424Z"}

data: {"data":"{\"level\":30,\"time\":\"2026-07-27T09:32:51.416Z\",\"service\":\"omniroute\",\"module\":\"sse\",\"tag\":\"ROUTING\",\"msg\":\"Provider: nvidia, Model: z-ai/glm-5.2\"}","timestamp":"2026-07-27T09:32:51.424Z"}

data: {"data":"{\"level\":30,\"time\":\"2026-07-27T09:32:51.419Z\",\"service\":\"omniroute\",\"module\":\"sse\",\"tag\":\"AUTH\",\"msg\":\"session_key=input:sha256:a12b5... has no available affinity target\"}","timestamp":"2026-07-27T09:32:51.424Z"}

data: {"data":"{\"level\":30,\"time\":\"2026-07-27T09:32:51.421Z\",\"service\":\"omniroute\",\"module\":\"sse\",\"tag\":\"AUTH\",\"msg\":\"Using nvidia account: 38a09429...\"}","timestamp":"2026-07-27T09:32:51.424Z"}

data: {"data":"[ProxyEgress] nvidia/38a09429 in=113.20.2.214 out=44.196.116.2 proxy=direct status=success","timestamp":"2026-07-27T09:32:52.882Z"}

data: {"data":"[09:32:57] 📊 \u001b[32m[USAGE] NVIDIA | in=180 | out=46 | account=38a09429...\u001b[0m \u001b[33m(estimated)\u001b[0m","timestamp":"2026-07-27T09:32:57.598Z"}

data: {"data":"[09:32:57] 🌊 [STREAM] NVIDIA | z-ai/glm-5.2 | 6176ms | complete","timestamp":"2026-07-27T09:32:57.600Z"}

data: {"data":"[INFO] [SKILLS_INJECTION] skills.injection.skipped {\"apiKeyId\":\"env-key\",\"reason\":\"no_enabled_skills\"}","timestamp":"2026-07-27T09:32:58.760Z"}

data: {"data":"{\"level\":30,\"time\":\"2026-07-27T09:32:58.728Z\",\"service\":\"omniroute\",\"module\":\"sse\",\"tag\":\"HTTP\",\"method\":\"POST\",\"path\":\"/v1/messages | nvidia/z-ai/glm-5.2 | 8 msgs | 40 tools\",\"msg\":\"📥 POST /v1/messages | nvidia/z-ai/glm-5.2 | 8 msgs | 40 tools\"}","timestamp":"2026-07-27T09:32:58.772Z"}

data: {"data":"{\"level\":30,\"time\":\"2026-07-27T09:32:58.732Z\",\"service\":\"omniroute\",\"module\":\"sse\",\"tag\":\"ROUTING\",\"msg\":\"Provider: nvidia, Model: z-ai/glm-5.2\"}","timestamp":"2026-07-27T09:32:58.772Z"}

data: {"data":"{\"level\":30,\"time\":\"2026-07-27T09:32:58.735Z\",\"service\":\"omniroute\",\"module\":\"sse\",\"tag\":\"AUTH\",\"msg\":\"session_key=input:sha256:7c23a... has no available affinity target\"}","timestamp":"2026-07-27T09:32:58.772Z"}

data: {"data":"{\"level\":30,\"time\":\"2026-07-27T09:32:58.736Z\",\"service\":\"omniroute\",\"module\":\"sse\",\"tag\":\"AUTH\",\"msg\":\"Using nvidia account: 9865dfaa...\"}","timestamp":"2026-07-27T09:32:58.772Z"}

data: {"data":"[ProxyEgress] nvidia/9865dfaa in=113.20.2.214 out=44.196.116.2 proxy=direct status=success","timestamp":"2026-07-27T09:33:00.379Z"}

data: {"data":"time=2026-07-27T09:33:07.039Z level=INFO msg=\"compaction complete\" level=1 txid.min=000000000000045a txid.max=0000000000000461 size=77478","timestamp":"2026-07-27T09:33:07.039Z"}

data: {"data":"[09:33:14] 📊 \u001b[32m[USAGE] NVIDIA | in=34539 | out=151 | account=9865dfaa...\u001b[0m \u001b[33m(estimated)\u001b[0m | cache_read=1536","timestamp":"2026-07-27T09:33:14.646Z"}

data: {"data":"[09:33:14] 🌊 [STREAM] NVIDIA | z-ai/glm-5.2 | 15891ms | complete","timestamp":"2026-07-27T09:33:14.655Z"}

data: {"data":"[INFO] [SKILLS_INJECTION] skills.injection.skipped {\"apiKeyId\":\"env-key\",\"reason\":\"no_enabled_skills\"}","timestamp":"2026-07-27T09:33:16.057Z"}

data: {"data":"{\"level\":30,\"time\":\"2026-07-27T09:33:16.016Z\",\"service\":\"omniroute\",\"module\":\"sse\",\"tag\":\"HTTP\",\"method\":\"POST\",\"path\":\"/v1/messages | nvidia/z-ai/glm-5.2 | 11 msgs | 40 tools\",\"msg\":\"📥 POST /v1/messages | nvidia/z-ai/glm-5.2 | 11 msgs | 40 tools\"}","timestamp":"2026-07-27T09:33:16.072Z"}

data: {"data":"{\"level\":30,\"time\":\"2026-07-27T09:33:16.020Z\",\"service\":\"omniroute\",\"module\":\"sse\",\"tag\":\"ROUTING\",\"msg\":\"Provider: nvidia, Model: z-ai/glm-5.2\"}","timestamp":"2026-07-27T09:33:16.072Z"}

data: {"data":"{\"level\":30,\"time\":\"2026-07-27T09:33:16.025Z\",\"service\":\"omniroute\",\"module\":\"sse\",\"tag\":\"AUTH\",\"msg\":\"session_key=input:sha256:7c23a... has no available affinity target\"}","timestamp":"2026-07-27T09:33:16.072Z"}

data: {"data":"{\"level\":30,\"time\":\"2026-07-27T09:33:16.026Z\",\"service\":\"omniroute\",\"module\":\"sse\",\"tag\":\"AUTH\",\"msg\":\"Using nvidia account: 3f77f218...\"}","timestamp":"2026-07-27T09:33:16.072Z"}

data: {"data":"[ProxyEgress] nvidia/3f77f218 in=113.20.2.214 out=44.196.116.2 proxy=direct status=success","timestamp":"2026-07-27T09:33:17.822Z"}

data: {"data":"[09:33:19] 📊 \u001b[32m[USAGE] NVIDIA | in=38511 | out=160 | account=3f77f218...\u001b[0m \u001b[33m(estimated)\u001b[0m | cache_read=64","timestamp":"2026-07-27T09:33:19.871Z"}

data: {"data":"[09:33:19] 🌊 [STREAM] NVIDIA | z-ai/glm-5.2 | 3816ms | complete","timestamp":"2026-07-27T09:33:19.879Z"}

data: {"data":"[INFO] [SKILLS_INJECTION] skills.injection.skipped {\"apiKeyId\":\"env-key\",\"reason\":\"no_enabled_skills\"}","timestamp":"2026-07-27T09:33:20.145Z"}

data: {"data":"{\"level\":30,\"time\":\"2026-07-27T09:33:20.139Z\",\"service\":\"omniroute\",\"module\":\"sse\",\"tag\":\"HTTP\",\"method\":\"POST\",\"path\":\"/v1/messages | nvidia/z-ai/glm-5.2 | 1 msgs | 1 tools\",\"msg\":\"📥 POST /v1/messages | nvidia/z-ai/glm-5.2 | 1 msgs | 1 tools\"}","timestamp":"2026-07-27T09:33:20.148Z"}

data: {"data":"{\"level\":30,\"time\":\"2026-07-27T09:33:20.140Z\",\"service\":\"omniroute\",\"module\":\"sse\",\"tag\":\"ROUTING\",\"msg\":\"Provider: nvidia, Model: z-ai/glm-5.2\"}","timestamp":"2026-07-27T09:33:20.148Z"}

data: {"data":"{\"level\":30,\"time\":\"2026-07-27T09:33:20.143Z\",\"service\":\"omniroute\",\"module\":\"sse\",\"tag\":\"AUTH\",\"msg\":\"session_key=input:sha256:633ce... has no available affinity target\"}","timestamp":"2026-07-27T09:33:20.148Z"}

data: {"data":"{\"level\":30,\"time\":\"2026-07-27T09:33:20.144Z\",\"service\":\"omniroute\",\"module\":\"sse\",\"tag\":\"AUTH\",\"msg\":\"Using nvidia account: a68545c0...\"}","timestamp":"2026-07-27T09:33:20.148Z"}

data: {"data":"[ProxyEgress] nvidia/a68545c0 in=113.20.2.214 out=44.196.116.2 proxy=direct status=success","timestamp":"2026-07-27T09:33:21.516Z"}

data: {"data":"[09:33:25] 📊 \u001b[32m[USAGE] NVIDIA | in=185 | out=49 | account=a68545c0...\u001b[0m \u001b[33m(estimated)\u001b[0m","timestamp":"2026-07-27T09:33:25.220Z"}

data: {"data":"[09:33:25] 🌊 [STREAM] NVIDIA | z-ai/glm-5.2 | 5075ms | complete","timestamp":"2026-07-27T09:33:25.222Z"}

data: {"data":"[INFO] [SKILLS_INJECTION] skills.injection.skipped {\"apiKeyId\":\"env-key\",\"reason\":\"no_enabled_skills\"}","timestamp":"2026-07-27T09:33:26.059Z"}

data: {"data":"{\"level\":30,\"time\":\"2026-07-27T09:33:26.018Z\",\"service\":\"omniroute\",\"module\":\"sse\",\"tag\":\"HTTP\",\"method\":\"POST\",\"path\":\"/v1/messages | nvidia/z-ai/glm-5.2 | 13 msgs | 40 tools\",\"msg\":\"📥 POST /v1/messages | nvidia/z-ai/glm-5.2 | 13 msgs | 40 tools\"}","timestamp":"2026-07-27T09:33:26.077Z"}

data: {"data":"{\"level\":30,\"time\":\"2026-07-27T09:33:26.023Z\",\"service\":\"omniroute\",\"module\":\"sse\",\"tag\":\"ROUTING\",\"msg\":\"Provider: nvidia, Model: z-ai/glm-5.2\"}","timestamp":"2026-07-27T09:33:26.077Z"}

data: {"data":"{\"level\":30,\"time\":\"2026-07-27T09:33:26.030Z\",\"service\":\"omniroute\",\"module\":\"sse\",\"tag\":\"AUTH\",\"msg\":\"session_key=input:sha256:7c23a... has no available affinity target\"}","timestamp":"2026-07-27T09:33:26.077Z"}

data: {"data":"{\"level\":30,\"time\":\"2026-07-27T09:33:26.031Z\",\"service\":\"omniroute\",\"module\":\"sse\",\"tag\":\"AUTH\",\"msg\":\"Using nvidia account: dd511141...\"}","timestamp":"2026-07-27T09:33:26.077Z"}

data: {"data":"[ProxyEgress] nvidia/dd511141 in=113.20.2.214 out=44.196.116.2 proxy=direct status=success","timestamp":"2026-07-27T09:33:26.962Z"}

data: {"data":"time=2026-07-27T09:33:36.025Z level=INFO msg=\"compaction complete\" level=1 txid.min=0000000000000462 txid.max=000000000000046a size=518476","timestamp":"2026-07-27T09:33:36.025Z"}

data: {"data":"[09:33:43] 📊 \u001b[32m[USAGE] NVIDIA | in=41706 | out=415 | account=dd511141...\u001b[0m \u001b[33m(estimated)\u001b[0m | cache_read=34560","timestamp":"2026-07-27T09:33:43.648Z"}

data: {"data":"[09:33:43] 🌊 [STREAM] NVIDIA | z-ai/glm-5.2 | 17591ms | complete","timestamp":"2026-07-27T09:33:43.655Z"}

data: {"data":"time=2026-07-27T09:34:05.016Z level=INFO msg=\"compaction complete\" level=1 txid.min=000000000000046b txid.max=000000000000046e size=54339","timestamp":"2026-07-27T09:34:05.016Z"}

data: {"data":"time=2026-07-27T09:34:56.765Z level=INFO msg=\"l0 retention enforced\" db=storage.sqlite deleted_count=2 max_l1_txid=000000000000046e","timestamp":"2026-07-27T09:34:56.765Z"}

data: {"data":"time=2026-07-27T09:35:02.944Z level=INFO msg=\"compaction complete\" level=1 txid.min=000000000000046f txid.max=0000000000000470 size=519044","timestamp":"2026-07-27T09:35:02.944Z"}

data: {"data":"time=2026-07-27T09:35:07.700Z level=INFO msg=\"compaction complete\" level=2 txid.min=0000000000000454 txid.max=0000000000000470 size=519044","timestamp":"2026-07-27T09:35:07.700Z"}

data: {"data":"[INFO] [SKILLS_INJECTION] skills.injection.skipped {\"apiKeyId\":\"env-key\",\"reason\":\"no_enabled_skills\"}","timestamp":"2026-07-27T09:36:19.803Z"}

data: {"data":"{\"level\":30,\"time\":\"2026-07-27T09:36:19.752Z\",\"service\":\"omniroute\",\"module\":\"sse\",\"tag\":\"HTTP\",\"method\":\"POST\",\"path\":\"/v1/messages | nvidia/z-ai/glm-5.2 | 15 msgs | 40 tools\",\"msg\":\"📥 POST /v1/messages | nvidia/z-ai/glm-5.2 | 15 msgs | 40 tools\"}","timestamp":"2026-07-27T09:36:19.815Z"}

data: {"data":"{\"level\":30,\"time\":\"2026-07-27T09:36:19.756Z\",\"service\":\"omniroute\",\"module\":\"sse\",\"tag\":\"ROUTING\",\"msg\":\"Provider: nvidia, Model: z-ai/glm-5.2\"}","timestamp":"2026-07-27T09:36:19.815Z"}

data: {"data":"{\"level\":30,\"time\":\"2026-07-27T09:36:19.762Z\",\"service\":\"omniroute\",\"module\":\"sse\",\"tag\":\"AUTH\",\"msg\":\"session_key=input:sha256:7c23a... has no available affinity target\"}","timestamp":"2026-07-27T09:36:19.815Z"}

data: {"data":"{\"level\":30,\"time\":\"2026-07-27T09:36:19.762Z\",\"service\":\"omniroute\",\"module\":\"sse\",\"tag\":\"AUTH\",\"msg\":\"Using nvidia account: 2bcea68b...\"}","timestamp":"2026-07-27T09:36:19.815Z"}

data: {"data":"[ProxyEgress] nvidia/2bcea68b in=113.20.2.214 out=44.196.116.2 proxy=direct status=success","timestamp":"2026-07-27T09:36:21.594Z"}

data: {"data":"[09:36:23] 📊 \u001b[32m[USAGE] NVIDIA | in=42807 | out=132 | account=2bcea68b...\u001b[0m \u001b[33m(estimated)\u001b[0m | cache_read=192","timestamp":"2026-07-27T09:36:23.725Z"}

data: {"data":"[09:36:23] 🌊 [STREAM] NVIDIA | z-ai/glm-5.2 | 3928ms | complete","timestamp":"2026-07-27T09:36:23.732Z"}

data: {"data":"[INFO] [SKILLS_INJECTION] skills.injection.skipped {\"apiKeyId\":\"env-key\",\"reason\":\"no_enabled_skills\"}","timestamp":"2026-07-27T09:36:31.827Z"}

data: {"data":"{\"level\":30,\"time\":\"2026-07-27T09:36:31.785Z\",\"service\":\"omniroute\",\"module\":\"sse\",\"tag\":\"HTTP\",\"method\":\"POST\",\"path\":\"/v1/messages | nvidia/z-ai/glm-5.2 | 18 msgs | 40 tools\",\"msg\":\"📥 POST /v1/messages | nvidia/z-ai/glm-5.2 | 18 msgs | 40 tools\"}","timestamp":"2026-07-27T09:36:31.839Z"}

data: {"data":"{\"level\":30,\"time\":\"2026-07-27T09:36:31.790Z\",\"service\":\"omniroute\",\"module\":\"sse\",\"tag\":\"ROUTING\",\"msg\":\"Provider: nvidia, Model: z-ai/glm-5.2\"}","timestamp":"2026-07-27T09:36:31.839Z"}

data: {"data":"{\"level\":30,\"time\":\"2026-07-27T09:36:31.794Z\",\"service\":\"omniroute\",\"module\":\"sse\",\"tag\":\"AUTH\",\"msg\":\"session_key=input:sha256:7c23a... has no available affinity target\"}","timestamp":"2026-07-27T09:36:31.839Z"}

data: {"data":"{\"level\":30,\"time\":\"2026-07-27T09:36:31.795Z\",\"service\":\"omniroute\",\"module\":\"sse\",\"tag\":\"AUTH\",\"msg\":\"Using nvidia account: 1830e4f7...\"}","timestamp":"2026-07-27T09:36:31.839Z"}

data: {"data":"time=2026-07-27T09:36:33.594Z level=INFO msg=\"compaction complete\" level=1 txid.min=0000000000000471 txid.max=0000000000000474 size=519796","timestamp":"2026-07-27T09:36:33.594Z"}

data: {"data":"[ProxyEgress] nvidia/1830e4f7 in=113.20.2.214 out=44.196.116.2 proxy=direct status=success","timestamp":"2026-07-27T09:36:33.951Z"}

data: {"data":"[09:36:47] 📊 \u001b[32m[USAGE] NVIDIA | in=47830 | out=232 | account=1830e4f7...\u001b[0m \u001b[33m(estimated)\u001b[0m | cache_read=192","timestamp":"2026-07-27T09:36:47.130Z"}

data: {"data":"[09:36:47] 🌊 [STREAM] NVIDIA | z-ai/glm-5.2 | 15305ms | complete","timestamp":"2026-07-27T09:36:47.137Z"}

data: {"data":"[INFO] [SKILLS_INJECTION] skills.injection.skipped {\"apiKeyId\":\"env-key\",\"reason\":\"no_enabled_skills\"}","timestamp":"2026-07-27T09:36:48.215Z"}

data: {"data":"{\"level\":30,\"time\":\"2026-07-27T09:36:48.176Z\",\"service\":\"omniroute\",\"module\":\"sse\",\"tag\":\"HTTP\",\"method\":\"POST\",\"path\":\"/v1/messages | nvidia/z-ai/glm-5.2 | 20 msgs | 40 tools\",\"msg\":\"📥 POST /v1/messages | nvidia/z-ai/glm-5.2 | 20 msgs | 40 tools\"}","timestamp":"2026-07-27T09:36:48.231Z"}

data: {"data":"{\"level\":30,\"time\":\"2026-07-27T09:36:48.180Z\",\"service\":\"omniroute\",\"module\":\"sse\",\"tag\":\"ROUTING\",\"msg\":\"Provider: nvidia, Model: z-ai/glm-5.2\"}","timestamp":"2026-07-27T09:36:48.231Z"}

data: {"data":"{\"level\":30,\"time\":\"2026-07-27T09:36:48.183Z\",\"service\":\"omniroute\",\"module\":\"sse\",\"tag\":\"AUTH\",\"msg\":\"session_key=input:sha256:7c23a... has no available affinity target\"}","timestamp":"2026-07-27T09:36:48.231Z"}

data: {"data":"{\"level\":30,\"time\":\"2026-07-27T09:36:48.184Z\",\"service\":\"omniroute\",\"module\":\"sse\",\"tag\":\"AUTH\",\"msg\":\"Using nvidia account: 58f42365...\"}","timestamp":"2026-07-27T09:36:48.231Z"}

data: {"data":"[ProxyEgress] nvidia/58f42365 in=113.20.2.214 out=44.196.116.2 proxy=direct status=success","timestamp":"2026-07-27T09:36:50.374Z"}

data: {"data":"[09:36:57] 📊 \u001b[32m[USAGE] NVIDIA | in=48162 | out=256 | account=58f42365...\u001b[0m \u001b[33m(estimated)\u001b[0m | cache_read=192","timestamp":"2026-07-27T09:36:57.834Z"}

data: {"data":"[09:36:57] 🌊 [STREAM] NVIDIA | z-ai/glm-5.2 | 9620ms | complete","timestamp":"2026-07-27T09:36:57.840Z"}

data: {"data":"[INFO] [SKILLS_INJECTION] skills.injection.skipped {\"apiKeyId\":\"env-key\",\"reason\":\"no_enabled_skills\"}","timestamp":"2026-07-27T09:36:58.909Z"}

data: {"data":"{\"level\":30,\"time\":\"2026-07-27T09:36:58.866Z\",\"service\":\"omniroute\",\"module\":\"sse\",\"tag\":\"HTTP\",\"method\":\"POST\",\"path\":\"/v1/messages | nvidia/z-ai/glm-5.2 | 22 msgs | 40 tools\",\"msg\":\"📥 POST /v1/messages | nvidia/z-ai/glm-5.2 | 22 msgs | 40 tools\"}","timestamp":"2026-07-27T09:36:58.927Z"}

data: {"data":"{\"level\":30,\"time\":\"2026-07-27T09:36:58.871Z\",\"service\":\"omniroute\",\"module\":\"sse\",\"tag\":\"ROUTING\",\"msg\":\"Provider: nvidia, Model: z-ai/glm-5.2\"}","timestamp":"2026-07-27T09:36:58.927Z"}

data: {"data":"{\"level\":30,\"time\":\"2026-07-27T09:36:58.876Z\",\"service\":\"omniroute\",\"module\":\"sse\",\"tag\":\"AUTH\",\"msg\":\"session_key=input:sha256:7c23a... has no available affinity target\"}","timestamp":"2026-07-27T09:36:58.927Z"}

data: {"data":"{\"level\":30,\"time\":\"2026-07-27T09:36:58.876Z\",\"service\":\"omniroute\",\"module\":\"sse\",\"tag\":\"AUTH\",\"msg\":\"Using nvidia account: 09665ab2...\"}","timestamp":"2026-07-27T09:36:58.927Z"}

data: {"data":"[ProxyEgress] nvidia/09665ab2 in=113.20.2.214 out=44.196.116.2 proxy=direct status=success","timestamp":"2026-07-27T09:36:59.493Z"}

data: {"data":"[09:37:02] 📊 \u001b[32m[USAGE] NVIDIA | in=48478 | out=164 | account=09665ab2...\u001b[0m \u001b[33m(estimated)\u001b[0m | cache_read=48192","timestamp":"2026-07-27T09:37:02.105Z"}

data: {"data":"[09:37:02] 🌊 [STREAM] NVIDIA | z-ai/glm-5.2 | 3197ms | complete","timestamp":"2026-07-27T09:37:02.112Z"}

data: {"data":"[INFO] [SKILLS_INJECTION] skills.injection.skipped {\"apiKeyId\":\"env-key\",\"reason\":\"no_enabled_skills\"}","timestamp":"2026-07-27T09:37:03.007Z"}

data: {"data":"{\"level\":30,\"time\":\"2026-07-27T09:37:02.968Z\",\"service\":\"omniroute\",\"module\":\"sse\",\"tag\":\"HTTP\",\"method\":\"POST\",\"path\":\"/v1/messages | nvidia/z-ai/glm-5.2 | 24 msgs | 40 tools\",\"msg\":\"📥 POST /v1/messages | nvidia/z-ai/glm-5.2 | 24 msgs | 40 tools\"}","timestamp":"2026-07-27T09:37:03.037Z"}

data: {"data":"{\"level\":30,\"time\":\"2026-07-27T09:37:02.972Z\",\"service\":\"omniroute\",\"module\":\"sse\",\"tag\":\"ROUTING\",\"msg\":\"Provider: nvidia, Model: z-ai/glm-5.2\"}","timestamp":"2026-07-27T09:37:03.037Z"}

data: {"data":"{\"level\":30,\"time\":\"2026-07-27T09:37:02.975Z\",\"service\":\"omniroute\",\"module\":\"sse\",\"tag\":\"AUTH\",\"msg\":\"session_key=input:sha256:7c23a... has no available affinity target\"}","timestamp":"2026-07-27T09:37:03.037Z"}

data: {"data":"{\"level\":30,\"time\":\"2026-07-27T09:37:02.976Z\",\"service\":\"omniroute\",\"module\":\"sse\",\"tag\":\"AUTH\",\"msg\":\"Using nvidia account: 2d9ef15f...\"}","timestamp":"2026-07-27T09:37:03.037Z"}

data: {"data":"[ProxyEgress] nvidia/2d9ef15f in=113.20.2.214 out=44.196.116.2 proxy=direct status=success","timestamp":"2026-07-27T09:37:04.180Z"}

data: {"data":"🧹 [RATE-LIMIT] Evicting idle limiter: nvidia:d6a27df9-fb28-429e-9c1d-dbe475f7ea4d (inactive for 618s)","timestamp":"2026-07-27T09:37:05.115Z"}

data: {"data":"🧹 [RATE-LIMIT] Evicting idle limiter: nvidia:7d5d42c4-bb15-43da-a1b5-a4a2b52871c2 (inactive for 618s)","timestamp":"2026-07-27T09:37:05.116Z"}

data: {"data":"time=2026-07-27T09:37:06.141Z level=INFO msg=\"compaction complete\" level=1 txid.min=0000000000000475 txid.max=0000000000000479 size=75438","timestamp":"2026-07-27T09:37:06.141Z"}

data: {"data":"[09:37:27] 📊 \u001b[32m[USAGE] NVIDIA | in=48722 | out=1388 | account=2d9ef15f...\u001b[0m \u001b[33m(estimated)\u001b[0m | cache_read=48000","timestamp":"2026-07-27T09:37:27.628Z"}

data: {"data":"[09:37:27] 🌊 [STREAM] NVIDIA | z-ai/glm-5.2 | 24623ms | complete","timestamp":"2026-07-27T09:37:27.634Z"}

data: {"data":"time=2026-07-27T09:37:36.906Z level=INFO msg=\"l0 retention enforced\" db=storage.sqlite deleted_count=4 max_l1_txid=0000000000000480","timestamp":"2026-07-27T09:37:36.906Z"}

data: {"data":"time=2026-07-27T09:37:36.906Z level=INFO msg=\"compaction complete\" level=1 txid.min=000000000000047a txid.max=0000000000000480 size=521850","timestamp":"2026-07-27T09:37:36.906Z"}

data: {"data":"[INFO] [SKILLS_INJECTION] skills.injection.skipped {\"apiKeyId\":\"env-key\",\"reason\":\"no_enabled_skills\"}","timestamp":"2026-07-27T09:38:05.717Z"}

data: {"data":"{\"level\":30,\"time\":\"2026-07-27T09:38:05.675Z\",\"service\":\"omniroute\",\"module\":\"sse\",\"tag\":\"HTTP\",\"method\":\"POST\",\"path\":\"/v1/messages | nvidia/z-ai/glm-5.2 | 26 msgs | 40 tools\",\"msg\":\"📥 POST /v1/messages | nvidia/z-ai/glm-5.2 | 26 msgs | 40 tools\"}","timestamp":"2026-07-27T09:38:05.737Z"}

data: {"data":"{\"level\":30,\"time\":\"2026-07-27T09:38:05.680Z\",\"service\":\"omniroute\",\"module\":\"sse\",\"tag\":\"ROUTING\",\"msg\":\"Provider: nvidia, Model: z-ai/glm-5.2\"}","timestamp":"2026-07-27T09:38:05.737Z"}

data: {"data":"{\"level\":30,\"time\":\"2026-07-27T09:38:05.684Z\",\"service\":\"omniroute\",\"module\":\"sse\",\"tag\":\"AUTH\",\"msg\":\"session_key=input:sha256:7c23a... has no available affinity target\"}","timestamp":"2026-07-27T09:38:05.737Z"}

data: {"data":"{\"level\":30,\"time\":\"2026-07-27T09:38:05.686Z\",\"service\":\"omniroute\",\"module\":\"sse\",\"tag\":\"AUTH\",\"msg\":\"Using nvidia account: 53f96ffa...\"}","timestamp":"2026-07-27T09:38:05.737Z"}

data: {"data":"time=2026-07-27T09:38:34.639Z level=INFO msg=\"l0 retention enforced\" db=storage.sqlite deleted_count=16 max_l1_txid=0000000000000482","timestamp":"2026-07-27T09:38:34.639Z"}

data: {"data":"time=2026-07-27T09:38:34.639Z level=INFO msg=\"compaction complete\" level=1 txid.min=0000000000000481 txid.max=0000000000000482 size=20371","timestamp":"2026-07-27T09:38:34.639Z"}

data: {"data":"[09:39:19] 📊 \u001b[32m[USAGE] NVIDIA | in=50150 | out=1147 | account=53f96ffa...\u001b[0m \u001b[33m(estimated)\u001b[0m | cache_read=704","timestamp":"2026-07-27T09:39:19.890Z"}

data: {"data":"[09:39:19] 🌊 [STREAM] NVIDIA | z-ai/glm-5.2 | 74172ms | complete","timestamp":"2026-07-27T09:39:19.898Z"}

data: {"data":"[INFO] [SKILLS_INJECTION] skills.injection.skipped {\"apiKeyId\":\"env-key\",\"reason\":\"no_enabled_skills\"}","timestamp":"2026-07-27T09:39:20.395Z"}

data: {"data":"{\"level\":30,\"time\":\"2026-07-27T09:39:20.361Z\",\"service\":\"omniroute\",\"module\":\"sse\",\"tag\":\"HTTP\",\"method\":\"POST\",\"path\":\"/v1/messages | nvidia/z-ai/glm-5.2 | 28 msgs | 40 tools\",\"msg\":\"📥 POST /v1/messages | nvidia/z-ai/glm-5.2 | 28 msgs | 40 tools\"}","timestamp":"2026-07-27T09:39:20.409Z"}

data: {"data":"{\"level\":30,\"time\":\"2026-07-27T09:39:20.365Z\",\"service\":\"omniroute\",\"module\":\"sse\",\"tag\":\"ROUTING\",\"msg\":\"Provider: nvidia, Model: z-ai/glm-5.2\"}","timestamp":"2026-07-27T09:39:20.409Z"}

data: {"data":"{\"level\":30,\"time\":\"2026-07-27T09:39:20.369Z\",\"service\":\"omniroute\",\"module\":\"sse\",\"tag\":\"AUTH\",\"msg\":\"session_key=input:sha256:7c23a... has no available affinity target\"}","timestamp":"2026-07-27T09:39:20.409Z"}

data: {"data":"{\"level\":30,\"time\":\"2026-07-27T09:39:20.369Z\",\"service\":\"omniroute\",\"module\":\"sse\",\"tag\":\"AUTH\",\"msg\":\"Using nvidia account: deb0258d...\"}","timestamp":"2026-07-27T09:39:20.409Z"}

data: {"data":"time=2026-07-27T09:39:34.327Z level=INFO msg=\"l0 retention enforced\" db=storage.sqlite deleted_count=5 max_l1_txid=0000000000000484","timestamp":"2026-07-27T09:39:34.328Z"}

data: {"data":"time=2026-07-27T09:39:34.328Z level=INFO msg=\"compaction complete\" level=1 txid.min=0000000000000483 txid.max=0000000000000484 size=522338","timestamp":"2026-07-27T09:39:34.328Z"}

data: {"data":"time=2026-07-27T09:39:56.613Z level=INFO msg=\"l0 retention enforced\" db=storage.sqlite deleted_count=2 max_l1_txid=0000000000000484","timestamp":"2026-07-27T09:39:56.613Z"}

data: {"data":"time=2026-07-27T09:40:06.622Z level=INFO msg=\"compaction complete\" level=1 txid.min=0000000000000485 txid.max=0000000000000485 size=419","timestamp":"2026-07-27T09:40:06.622Z"}

data: {"data":"time=2026-07-27T09:40:09.710Z level=INFO msg=\"compaction complete\" level=2 txid.min=0000000000000471 txid.max=0000000000000484 size=522338","timestamp":"2026-07-27T09:40:09.710Z"}

data: {"data":"[ProxyEgress] nvidia/deb0258d in=113.20.2.214 out=44.196.116.2 proxy=direct status=success","timestamp":"2026-07-27T09:40:38.705Z"}

data: {"data":"[09:40:38] 📊 \u001b[32m[USAGE] NVIDIA | in=51335 | out=1122 | account=deb0258d...\u001b[0m | cache_read=51264","timestamp":"2026-07-27T09:40:38.710Z"}

data: {"data":"[09:40:38] 🌊 [STREAM] NVIDIA | z-ai/glm-5.2 | 78317ms | complete","timestamp":"2026-07-27T09:40:38.718Z"}

data: {"data":"[INFO] [SKILLS_INJECTION] skills.injection.skipped {\"apiKeyId\":\"env-key\",\"reason\":\"no_enabled_skills\"}","timestamp":"2026-07-27T09:40:39.270Z"}

data: {"data":"{\"level\":30,\"time\":\"2026-07-27T09:40:39.232Z\",\"service\":\"omniroute\",\"module\":\"sse\",\"tag\":\"HTTP\",\"method\":\"POST\",\"path\":\"/v1/messages | nvidia/z-ai/glm-5.2 | 30 msgs | 40 tools\",\"msg\":\"📥 POST /v1/messages | nvidia/z-ai/glm-5.2 | 30 msgs | 40 tools\"}","timestamp":"2026-07-27T09:40:39.283Z"}

data: {"data":"{\"level\":30,\"time\":\"2026-07-27T09:40:39.236Z\",\"service\":\"omniroute\",\"module\":\"sse\",\"tag\":\"ROUTING\",\"msg\":\"Provider: nvidia, Model: z-ai/glm-5.2\"}","timestamp":"2026-07-27T09:40:39.283Z"}

data: {"data":"{\"level\":30,\"time\":\"2026-07-27T09:40:39.240Z\",\"service\":\"omniroute\",\"module\":\"sse\",\"tag\":\"AUTH\",\"msg\":\"session_key=input:sha256:7c23a... has no available affinity target\"}","timestamp":"2026-07-27T09:40:39.283Z"}

data: {"data":"{\"level\":30,\"time\":\"2026-07-27T09:40:39.240Z\",\"service\":\"omniroute\",\"module\":\"sse\",\"tag\":\"AUTH\",\"msg\":\"Using nvidia account: 3317f8d3...\"}","timestamp":"2026-07-27T09:40:39.283Z"}

data: {"data":"time=2026-07-27T09:41:02.714Z level=INFO msg=\"compaction complete\" level=1 txid.min=0000000000000486 txid.max=0000000000000488 size=522878","timestamp":"2026-07-27T09:41:02.714Z"}

data: {"data":"[ProxyEgress] nvidia/3317f8d3 in=113.20.2.214 out=44.196.116.2 proxy=direct status=success","timestamp":"2026-07-27T09:41:12.935Z"}

data: {"data":"[09:41:12] 📊 \u001b[32m[USAGE] NVIDIA | in=52496 | out=786 | account=3317f8d3...\u001b[0m | cache_read=384","timestamp":"2026-07-27T09:41:12.951Z"}

data: {"data":"[09:41:12] 🌊 [STREAM] NVIDIA | z-ai/glm-5.2 | 33685ms | complete","timestamp":"2026-07-27T09:41:12.959Z"}

data: {"data":"[INFO] [SKILLS_INJECTION] skills.injection.skipped {\"apiKeyId\":\"env-key\",\"reason\":\"no_enabled_skills\"}","timestamp":"2026-07-27T09:41:13.660Z"}

data: {"data":"{\"level\":30,\"time\":\"2026-07-27T09:41:13.618Z\",\"service\":\"omniroute\",\"module\":\"sse\",\"tag\":\"HTTP\",\"method\":\"POST\",\"path\":\"/v1/messages | nvidia/z-ai/glm-5.2 | 32 msgs | 40 tools\",\"msg\":\"📥 POST /v1/messages | nvidia/z-ai/glm-5.2 | 32 msgs | 40 tools\"}","timestamp":"2026-07-27T09:41:13.674Z"}

data: {"data":"{\"level\":30,\"time\":\"2026-07-27T09:41:13.624Z\",\"service\":\"omniroute\",\"module\":\"sse\",\"tag\":\"ROUTING\",\"msg\":\"Provider: nvidia, Model: z-ai/glm-5.2\"}","timestamp":"2026-07-27T09:41:13.674Z"}

data: {"data":"{\"level\":30,\"time\":\"2026-07-27T09:41:13.628Z\",\"service\":\"omniroute\",\"module\":\"sse\",\"tag\":\"AUTH\",\"msg\":\"session_key=input:sha256:7c23a... has no available affinity target\"}","timestamp":"2026-07-27T09:41:13.674Z"}

data: {"data":"{\"level\":30,\"time\":\"2026-07-27T09:41:13.629Z\",\"service\":\"omniroute\",\"module\":\"sse\",\"tag\":\"AUTH\",\"msg\":\"Using nvidia account: c5116293...\"}","timestamp":"2026-07-27T09:41:13.674Z"}

data: {"data":"[ProxyEgress] nvidia/c5116293 in=113.20.2.214 out=44.196.116.2 proxy=direct status=success","timestamp":"2026-07-27T09:41:14.699Z"}

data: {"data":"time=2026-07-27T09:41:36.401Z level=INFO msg=\"l0 retention enforced\" db=storage.sqlite deleted_count=4 max_l1_txid=000000000000048a","timestamp":"2026-07-27T09:41:36.402Z"}

data: {"data":"time=2026-07-27T09:41:36.402Z level=INFO msg=\"compaction complete\" level=1 txid.min=0000000000000489 txid.max=000000000000048a size=59586","timestamp":"2026-07-27T09:41:36.402Z"}

data: {"data":"[09:42:18] 📊 \u001b[32m[USAGE] NVIDIA | in=53320 | out=1300 | account=c5116293...\u001b[0m \u001b[33m(estimated)\u001b[0m | cache_read=53248","timestamp":"2026-07-27T09:42:18.754Z"}

data: {"data":"[09:42:18] 🌊 [STREAM] NVIDIA | z-ai/glm-5.2 | 65096ms | complete","timestamp":"2026-07-27T09:42:18.759Z"}

data: {"data":"[INFO] [SKILLS_INJECTION] skills.injection.skipped {\"apiKeyId\":\"env-key\",\"reason\":\"no_enabled_skills\"}","timestamp":"2026-07-27T09:42:19.333Z"}

data: {"data":"{\"level\":30,\"time\":\"2026-07-27T09:42:19.282Z\",\"service\":\"omniroute\",\"module\":\"sse\",\"tag\":\"HTTP\",\"method\":\"POST\",\"path\":\"/v1/messages | nvidia/z-ai/glm-5.2 | 35 msgs | 40 tools\",\"msg\":\"📥 POST /v1/messages | nvidia/z-ai/glm-5.2 | 35 msgs | 40 tools\"}","timestamp":"2026-07-27T09:42:19.346Z"}

data: {"data":"{\"level\":30,\"time\":\"2026-07-27T09:42:19.288Z\",\"service\":\"omniroute\",\"module\":\"sse\",\"tag\":\"ROUTING\",\"msg\":\"Provider: nvidia, Model: z-ai/glm-5.2\"}","timestamp":"2026-07-27T09:42:19.346Z"}

data: {"data":"{\"level\":30,\"time\":\"2026-07-27T09:42:19.294Z\",\"service\":\"omniroute\",\"module\":\"sse\",\"tag\":\"AUTH\",\"msg\":\"session_key=input:sha256:7c23a... has no available affinity target\"}","timestamp":"2026-07-27T09:42:19.346Z"}

data: {"data":"{\"level\":30,\"time\":\"2026-07-27T09:42:19.295Z\",\"service\":\"omniroute\",\"module\":\"sse\",\"tag\":\"AUTH\",\"msg\":\"Using nvidia account: cb888a54...\"}","timestamp":"2026-07-27T09:42:19.346Z"}

data: {"data":"[ProxyEgress] nvidia/cb888a54 in=113.20.2.214 out=44.196.116.2 proxy=direct status=success","timestamp":"2026-07-27T09:42:21.657Z"}

data: {"data":"[09:42:34] 📊 \u001b[32m[USAGE] NVIDIA | in=54845 | out=132 | account=cb888a54...\u001b[0m \u001b[33m(estimated)\u001b[0m | cache_read=1856","timestamp":"2026-07-27T09:42:34.391Z"}

data: {"data":"[09:42:34] 🌊 [STREAM] NVIDIA | z-ai/glm-5.2 | 15061ms | complete","timestamp":"2026-07-27T09:42:34.399Z"}

data: {"data":"time=2026-07-27T09:42:34.693Z level=INFO msg=\"l0 retention enforced\" db=storage.sqlite deleted_count=12 max_l1_txid=000000000000048e","timestamp":"2026-07-27T09:42:34.693Z"}

data: {"data":"time=2026-07-27T09:42:34.693Z level=INFO msg=\"compaction complete\" level=1 txid.min=000000000000048b txid.max=000000000000048e size=524037","timestamp":"2026-07-27T09:42:34.693Z"}

data: {"data":"[INFO] [SKILLS_INJECTION] skills.injection.skipped {\"apiKeyId\":\"env-key\",\"reason\":\"no_enabled_skills\"}","timestamp":"2026-07-27T09:42:35.085Z"}

data: {"data":"{\"level\":30,\"time\":\"2026-07-27T09:42:35.039Z\",\"service\":\"omniroute\",\"module\":\"sse\",\"tag\":\"HTTP\",\"method\":\"POST\",\"path\":\"/v1/messages | nvidia/z-ai/glm-5.2 | 37 msgs | 40 tools\",\"msg\":\"📥 POST /v1/messages | nvidia/z-ai/glm-5.2 | 37 msgs | 40 tools\"}","timestamp":"2026-07-27T09:42:35.098Z"}

data: {"data":"{\"level\":30,\"time\":\"2026-07-27T09:42:35.044Z\",\"service\":\"omniroute\",\"module\":\"sse\",\"tag\":\"ROUTING\",\"msg\":\"Provider: nvidia, Model: z-ai/glm-5.2\"}","timestamp":"2026-07-27T09:42:35.098Z"}

data: {"data":"{\"level\":30,\"time\":\"2026-07-27T09:42:35.047Z\",\"service\":\"omniroute\",\"module\":\"sse\",\"tag\":\"AUTH\",\"msg\":\"session_key=input:sha256:7c23a... has no available affinity target\"}","timestamp":"2026-07-27T09:42:35.098Z"}

data: {"data":"{\"level\":30,\"time\":\"2026-07-27T09:42:35.048Z\",\"service\":\"omniroute\",\"module\":\"sse\",\"tag\":\"AUTH\",\"msg\":\"Using nvidia account: d65f33e2...\"}","timestamp":"2026-07-27T09:42:35.098Z"}

data: {"data":"🧹 [RATE-LIMIT] Evicting idle limiter: nvidia:f2b0933a-888d-4a49-ab58-6012fcfb9314 (inactive for 617s)","timestamp":"2026-07-27T09:42:35.129Z"}

data: {"data":"🧹 [RATE-LIMIT] Evicting idle limiter: nvidia:9cda5fc2-7ae2-426a-a38c-35b9aa4856af (inactive for 608s)","timestamp":"2026-07-27T09:42:35.129Z"}

data: {"data":"🧹 [RATE-LIMIT] Evicting idle limiter: nvidia:d1717878-cbd3-4392-b5af-5add1c10d751 (inactive for 606s)","timestamp":"2026-07-27T09:42:35.129Z"}

data: {"data":"[ProxyEgress] nvidia/d65f33e2 in=113.20.2.214 out=44.196.116.2 proxy=direct status=success","timestamp":"2026-07-27T09:42:45.255Z"}

data: {"data":"[09:43:01] 📊 \u001b[32m[USAGE] NVIDIA | in=54987 | out=840 | account=d65f33e2...\u001b[0m | cache_read=384","timestamp":"2026-07-27T09:43:01.005Z"}

data: {"data":"[09:43:01] 🌊 [STREAM] NVIDIA | z-ai/glm-5.2 | 25924ms | complete","timestamp":"2026-07-27T09:43:01.012Z"}

data: {"data":"[INFO] [SKILLS_INJECTION] skills.injection.skipped {\"apiKeyId\":\"env-key\",\"reason\":\"no_enabled_skills\"}","timestamp":"2026-07-27T09:43:01.598Z"}

data: {"data":"{\"level\":30,\"time\":\"2026-07-27T09:43:01.555Z\",\"service\":\"omniroute\",\"module\":\"sse\",\"tag\":\"HTTP\",\"method\":\"POST\",\"path\":\"/v1/messages | nvidia/z-ai/glm-5.2 | 39 msgs | 40 tools\",\"msg\":\"📥 POST /v1/messages | nvidia/z-ai/glm-5.2 | 39 msgs | 40 tools\"}","timestamp":"2026-07-27T09:43:01.613Z"}

data: {"data":"{\"level\":30,\"time\":\"2026-07-27T09:43:01.561Z\",\"service\":\"omniroute\",\"module\":\"sse\",\"tag\":\"ROUTING\",\"msg\":\"Provider: nvidia, Model: z-ai/glm-5.2\"}","timestamp":"2026-07-27T09:43:01.613Z"}

data: {"data":"{\"level\":30,\"time\":\"2026-07-27T09:43:01.565Z\",\"service\":\"omniroute\",\"module\":\"sse\",\"tag\":\"AUTH\",\"msg\":\"session_key=input:sha256:7c23a... has no available affinity target\"}","timestamp":"2026-07-27T09:43:01.613Z"}

data: {"data":"{\"level\":30,\"time\":\"2026-07-27T09:43:01.565Z\",\"service\":\"omniroute\",\"module\":\"sse\",\"tag\":\"AUTH\",\"msg\":\"Using nvidia account: ccaad834...\"}","timestamp":"2026-07-27T09:43:01.613Z"}

data: {"data":"🧹 [RATE-LIMIT] Evicting idle limiter: nvidia:a0c72227-ba89-4b89-bae4-cff099d02562 (inactive for 621s)","timestamp":"2026-07-27T09:43:05.129Z"}

data: {"data":"🧹 [RATE-LIMIT] Evicting idle limiter: nvidia:38a09429-95ad-4b2f-940b-ed886fad7d7a (inactive for 612s)","timestamp":"2026-07-27T09:43:05.129Z"}

data: {"data":"🧹 [RATE-LIMIT] Evicting idle limiter: nvidia:9865dfaa-3680-4a2c-a952-16cf94dddd04 (inactive for 605s)","timestamp":"2026-07-27T09:43:05.130Z"}

data: {"data":"[ProxyEgress] nvidia/ccaad834 in=113.20.2.214 out=44.196.116.2 proxy=direct status=success","timestamp":"2026-07-27T09:43:05.684Z"}

data: {"data":"time=2026-07-27T09:43:06.945Z level=INFO msg=\"compaction complete\" level=1 txid.min=000000000000048f txid.max=0000000000000492 size=81427","timestamp":"2026-07-27T09:43:06.945Z"}

data: {"data":"[09:43:12] 📊 \u001b[32m[USAGE] NVIDIA | in=55901 | out=382 | account=ccaad834...\u001b[0m | cache_read=384","timestamp":"2026-07-27T09:43:12.451Z"}

data: {"data":"[09:43:12] 🌊 [STREAM] NVIDIA | z-ai/glm-5.2 | 10855ms | complete","timestamp":"2026-07-27T09:43:12.456Z"}

data: {"data":"[INFO] [SKILLS_INJECTION] skills.injection.skipped {\"apiKeyId\":\"env-key\",\"reason\":\"no_enabled_skills\"}","timestamp":"2026-07-27T09:43:12.977Z"}

data: {"data":"{\"level\":30,\"time\":\"2026-07-27T09:43:12.934Z\",\"service\":\"omniroute\",\"module\":\"sse\",\"tag\":\"HTTP\",\"method\":\"POST\",\"path\":\"/v1/messages | nvidia/z-ai/glm-5.2 | 41 msgs | 40 tools\",\"msg\":\"📥 POST /v1/messages | nvidia/z-ai/glm-5.2 | 41 msgs | 40 tools\"}","timestamp":"2026-07-27T09:43:12.991Z"}

data: {"data":"{\"level\":30,\"time\":\"2026-07-27T09:43:12.940Z\",\"service\":\"omniroute\",\"module\":\"sse\",\"tag\":\"ROUTING\",\"msg\":\"Provider: nvidia, Model: z-ai/glm-5.2\"}","timestamp":"2026-07-27T09:43:12.991Z"}

data: {"data":"{\"level\":30,\"time\":\"2026-07-27T09:43:12.945Z\",\"service\":\"omniroute\",\"module\":\"sse\",\"tag\":\"AUTH\",\"msg\":\"session_key=input:sha256:7c23a... has no available affinity target\"}","timestamp":"2026-07-27T09:43:12.991Z"}

data: {"data":"{\"level\":30,\"time\":\"2026-07-27T09:43:12.946Z\",\"service\":\"omniroute\",\"module\":\"sse\",\"tag\":\"AUTH\",\"msg\":\"Using nvidia account: def58a55...\"}","timestamp":"2026-07-27T09:43:12.991Z"}

data: {"data":"🧹 [RATE-LIMIT] Evicting idle limiter: nvidia:3f77f218-ee98-443b-b2de-e0cdb8761144 (inactive for 617s)","timestamp":"2026-07-27T09:43:35.129Z"}

data: {"data":"🧹 [RATE-LIMIT] Evicting idle limiter: nvidia:a68545c0-554a-43c9-9ad4-e09885e762e7 (inactive for 614s)","timestamp":"2026-07-27T09:43:35.129Z"}

data: {"data":"🧹 [RATE-LIMIT] Evicting idle limiter: nvidia:dd511141-af6e-4944-8af4-c0397507c799 (inactive for 608s)","timestamp":"2026-07-27T09:43:35.129Z"}

data: {"data":"time=2026-07-27T09:43:36.009Z level=INFO msg=\"l0 retention enforced\" db=storage.sqlite deleted_count=2 max_l1_txid=0000000000000496","timestamp":"2026-07-27T09:43:36.009Z"}

data: {"data":"time=2026-07-27T09:43:36.009Z level=INFO msg=\"compaction complete\" level=1 txid.min=0000000000000493 txid.max=0000000000000496 size=78211","timestamp":"2026-07-27T09:43:36.009Z"}

data: {"data":"[09:43:42] 📊 \u001b[32m[USAGE] NVIDIA | in=56357 | out=516 | account=def58a55...\u001b[0m \u001b[33m(estimated)\u001b[0m | cache_read=704","timestamp":"2026-07-27T09:43:42.347Z"}

data: {"data":"[09:43:42] 🌊 [STREAM] NVIDIA | z-ai/glm-5.2 | 29371ms | complete","timestamp":"2026-07-27T09:43:42.353Z"}

data: {"data":"[INFO] [SKILLS_INJECTION] skills.injection.skipped {\"apiKeyId\":\"env-key\",\"reason\":\"no_enabled_skills\"}","timestamp":"2026-07-27T09:43:42.879Z"}

data: {"data":"{\"level\":30,\"time\":\"2026-07-27T09:43:42.839Z\",\"service\":\"omniroute\",\"module\":\"sse\",\"tag\":\"HTTP\",\"method\":\"POST\",\"path\":\"/v1/messages | nvidia/z-ai/glm-5.2 | 43 msgs | 40 tools\",\"msg\":\"📥 POST /v1/messages | nvidia/z-ai/glm-5.2 | 43 msgs | 40 tools\"}","timestamp":"2026-07-27T09:43:42.913Z"}

data: {"data":"{\"level\":30,\"time\":\"2026-07-27T09:43:42.844Z\",\"service\":\"omniroute\",\"module\":\"sse\",\"tag\":\"ROUTING\",\"msg\":\"Provider: nvidia, Model: z-ai/glm-5.2\"}","timestamp":"2026-07-27T09:43:42.913Z"}

data: {"data":"{\"level\":30,\"time\":\"2026-07-27T09:43:42.848Z\",\"service\":\"omniroute\",\"module\":\"sse\",\"tag\":\"AUTH\",\"msg\":\"session_key=input:sha256:7c23a... has no available affinity target\"}","timestamp":"2026-07-27T09:43:42.913Z"}

data: {"data":"{\"level\":30,\"time\":\"2026-07-27T09:43:42.849Z\",\"service\":\"omniroute\",\"module\":\"sse\",\"tag\":\"AUTH\",\"msg\":\"Using nvidia account: 2d039916...\"}","timestamp":"2026-07-27T09:43:42.913Z"}

data: {"data":"[ProxyEgress] nvidia/2d039916 in=113.20.2.214 out=44.196.116.2 proxy=direct status=success","timestamp":"2026-07-27T09:43:54.220Z"}

data: {"data":"[09:43:54] 📊 \u001b[32m[USAGE] NVIDIA | in=56950 | out=198 | account=2d039916...\u001b[0m | cache_read=384","timestamp":"2026-07-27T09:43:54.275Z"}

data: {"data":"[09:43:54] 🌊 [STREAM] NVIDIA | z-ai/glm-5.2 | 11378ms | complete","timestamp":"2026-07-27T09:43:54.280Z"}

data: {"data":"[INFO] [SKILLS_INJECTION] skills.injection.skipped {\"apiKeyId\":\"env-key\",\"reason\":\"no_enabled_skills\"}","timestamp":"2026-07-27T09:43:55.140Z"}

data: {"data":"{\"level\":30,\"time\":\"2026-07-27T09:43:55.094Z\",\"service\":\"omniroute\",\"module\":\"sse\",\"tag\":\"HTTP\",\"method\":\"POST\",\"path\":\"/v1/messages | nvidia/z-ai/glm-5.2 | 45 msgs | 40 tools\",\"msg\":\"📥 POST /v1/messages | nvidia/z-ai/glm-5.2 | 45 msgs | 40 tools\"}","timestamp":"2026-07-27T09:43:55.161Z"}

data: {"data":"{\"level\":30,\"time\":\"2026-07-27T09:43:55.100Z\",\"service\":\"omniroute\",\"module\":\"sse\",\"tag\":\"ROUTING\",\"msg\":\"Provider: nvidia, Model: z-ai/glm-5.2\"}","timestamp":"2026-07-27T09:43:55.161Z"}

data: {"data":"{\"level\":30,\"time\":\"2026-07-27T09:43:55.105Z\",\"service\":\"omniroute\",\"module\":\"sse\",\"tag\":\"AUTH\",\"msg\":\"session_key=input:sha256:7c23a... has no available affinity target\"}","timestamp":"2026-07-27T09:43:55.161Z"}

data: {"data":"{\"level\":30,\"time\":\"2026-07-27T09:43:55.106Z\",\"service\":\"omniroute\",\"module\":\"sse\",\"tag\":\"AUTH\",\"msg\":\"Using nvidia account: d6a27df9...\"}","timestamp":"2026-07-27T09:43:55.161Z"}

data: {"data":"[ProxyEgress] nvidia/d6a27df9 in=113.20.2.214 out=44.196.116.2 proxy=direct status=success","timestamp":"2026-07-27T09:43:57.343Z"}

data: {"data":"[09:44:05] 📊 \u001b[32m[USAGE] NVIDIA | in=57188 | out=333 | account=d6a27df9...\u001b[0m \u001b[33m(estimated)\u001b[0m | cache_read=57088","timestamp":"2026-07-27T09:44:05.583Z"}

data: {"data":"[09:44:05] 🌊 [STREAM] NVIDIA | z-ai/glm-5.2 | 10441ms | complete","timestamp":"2026-07-27T09:44:05.590Z"}

data: {"data":"(node:816) MaxListenersExceededWarning: Possible EventEmitter memory leak detected. 11 connect listeners added to [Socket]. MaxListeners is 10. Use emitter.setMaxListeners() to increase limit","timestamp":"2026-07-27T09:44:05.903Z"}

data: {"data":"[INFO] [SKILLS_INJECTION] skills.injection.skipped {\"apiKeyId\":\"env-key\",\"reason\":\"no_enabled_skills\"}","timestamp":"2026-07-27T09:44:06.091Z"}

data: {"data":"{\"level\":30,\"time\":\"2026-07-27T09:44:06.045Z\",\"service\":\"omniroute\",\"module\":\"sse\",\"tag\":\"HTTP\",\"method\":\"POST\",\"path\":\"/v1/messages | nvidia/z-ai/glm-5.2 | 48 msgs | 40 tools\",\"msg\":\"📥 POST /v1/messages | nvidia/z-ai/glm-5.2 | 48 msgs | 40 tools\"}","timestamp":"2026-07-27T09:44:06.109Z"}

data: {"data":"{\"level\":30,\"time\":\"2026-07-27T09:44:06.050Z\",\"service\":\"omniroute\",\"module\":\"sse\",\"tag\":\"ROUTING\",\"msg\":\"Provider: nvidia, Model: z-ai/glm-5.2\"}","timestamp":"2026-07-27T09:44:06.109Z"}

data: {"data":"{\"level\":30,\"time\":\"2026-07-27T09:44:06.055Z\",\"service\":\"omniroute\",\"module\":\"sse\",\"tag\":\"AUTH\",\"msg\":\"session_key=input:sha256:7c23a... has no available affinity target\"}","timestamp":"2026-07-27T09:44:06.109Z"}

data: {"data":"{\"level\":30,\"time\":\"2026-07-27T09:44:06.056Z\",\"service\":\"omniroute\",\"module\":\"sse\",\"tag\":\"AUTH\",\"msg\":\"Using nvidia account: 7d5d42c4...\"}","timestamp":"2026-07-27T09:44:06.109Z"}

data: {"data":"time=2026-07-27T09:44:06.412Z level=INFO msg=\"compaction complete\" level=1 txid.min=0000000000000497 txid.max=000000000000049a size=530799","timestamp":"2026-07-27T09:44:06.412Z"}

data: {"data":"[ProxyEgress] nvidia/7d5d42c4 in=113.20.2.214 out=44.196.116.2 proxy=direct status=success","timestamp":"2026-07-27T09:44:06.826Z"}

data: {"data":"[09:44:30] 📊 \u001b[32m[USAGE] NVIDIA | in=57683 | out=855 | account=7d5d42c4...\u001b[0m \u001b[33m(estimated)\u001b[0m | cache_read=57472","timestamp":"2026-07-27T09:44:30.653Z"}

data: {"data":"[09:44:30] 🌊 [STREAM] NVIDIA | z-ai/glm-5.2 | 24564ms | complete","timestamp":"2026-07-27T09:44:30.660Z"}

data: {"data":"[INFO] [SKILLS_INJECTION] skills.injection.skipped {\"apiKeyId\":\"env-key\",\"reason\":\"no_enabled_skills\"}","timestamp":"2026-07-27T09:44:31.386Z"}

data: {"data":"{\"level\":30,\"time\":\"2026-07-27T09:44:31.346Z\",\"service\":\"omniroute\",\"module\":\"sse\",\"tag\":\"HTTP\",\"method\":\"POST\",\"path\":\"/v1/messages | nvidia/z-ai/glm-5.2 | 50 msgs | 40 tools\",\"msg\":\"📥 POST /v1/messages | nvidia/z-ai/glm-5.2 | 50 msgs | 40 tools\"}","timestamp":"2026-07-27T09:44:31.403Z"}

data: {"data":"{\"level\":30,\"time\":\"2026-07-27T09:44:31.351Z\",\"service\":\"omniroute\",\"module\":\"sse\",\"tag\":\"ROUTING\",\"msg\":\"Provider: nvidia, Model: z-ai/glm-5.2\"}","timestamp":"2026-07-27T09:44:31.403Z"}

data: {"data":"{\"level\":30,\"time\":\"2026-07-27T09:44:31.355Z\",\"service\":\"omniroute\",\"module\":\"sse\",\"tag\":\"AUTH\",\"msg\":\"session_key=input:sha256:7c23a... has no available affinity target\"}","timestamp":"2026-07-27T09:44:31.403Z"}

data: {"data":"{\"level\":30,\"time\":\"2026-07-27T09:44:31.356Z\",\"service\":\"omniroute\",\"module\":\"sse\",\"tag\":\"AUTH\",\"msg\":\"Using nvidia account: f2b0933a...\"}","timestamp":"2026-07-27T09:44:31.403Z"}

data: {"data":"[ProxyEgress] nvidia/f2b0933a in=113.20.2.214 out=44.196.116.2 proxy=direct status=success","timestamp":"2026-07-27T09:44:32.244Z"}

data: {"data":"time=2026-07-27T09:44:36.789Z level=INFO msg=\"l0 retention enforced\" db=storage.sqlite deleted_count=2 max_l1_txid=000000000000049e","timestamp":"2026-07-27T09:44:36.790Z"}

data: {"data":"time=2026-07-27T09:44:36.789Z level=INFO msg=\"compaction complete\" level=1 txid.min=000000000000049b txid.max=000000000000049e size=71868","timestamp":"2026-07-27T09:44:36.790Z"}

data: {"data":"[09:44:39] 📊 \u001b[32m[USAGE] NVIDIA | in=58578 | out=357 | account=f2b0933a...\u001b[0m \u001b[33m(estimated)\u001b[0m | cache_read=58496","timestamp":"2026-07-27T09:44:39.796Z"}

data: {"data":"[09:44:39] 🌊 [STREAM] NVIDIA | z-ai/glm-5.2 | 8413ms | complete","timestamp":"2026-07-27T09:44:39.802Z"}

data: {"data":"[INFO] [SKILLS_INJECTION] skills.injection.skipped {\"apiKeyId\":\"env-key\",\"reason\":\"no_enabled_skills\"}","timestamp":"2026-07-27T09:44:40.336Z"}

data: {"data":"{\"level\":30,\"time\":\"2026-07-27T09:44:40.283Z\",\"service\":\"omniroute\",\"module\":\"sse\",\"tag\":\"HTTP\",\"method\":\"POST\",\"path\":\"/v1/messages | nvidia/z-ai/glm-5.2 | 52 msgs | 40 tools\",\"msg\":\"📥 POST /v1/messages | nvidia/z-ai/glm-5.2 | 52 msgs | 40 tools\"}","timestamp":"2026-07-27T09:44:40.353Z"}

data: {"data":"{\"level\":30,\"time\":\"2026-07-27T09:44:40.288Z\",\"service\":\"omniroute\",\"module\":\"sse\",\"tag\":\"ROUTING\",\"msg\":\"Provider: nvidia, Model: z-ai/glm-5.2\"}","timestamp":"2026-07-27T09:44:40.353Z"}

data: {"data":"{\"level\":30,\"time\":\"2026-07-27T09:44:40.292Z\",\"service\":\"omniroute\",\"module\":\"sse\",\"tag\":\"AUTH\",\"msg\":\"session_key=input:sha256:7c23a... has no available affinity target\"}","timestamp":"2026-07-27T09:44:40.353Z"}

data: {"data":"{\"level\":30,\"time\":\"2026-07-27T09:44:40.293Z\",\"service\":\"omniroute\",\"module\":\"sse\",\"tag\":\"AUTH\",\"msg\":\"Using nvidia account: 9cda5fc2...\"}","timestamp":"2026-07-27T09:44:40.353Z"}

data: {"data":"[ProxyEgress] nvidia/9cda5fc2 in=113.20.2.214 out=44.196.116.2 proxy=direct status=success","timestamp":"2026-07-27T09:44:52.737Z"}

data: {"data":"time=2026-07-27T09:44:56.657Z level=INFO msg=\"l0 retention enforced\" db=storage.sqlite deleted_count=1 max_l1_txid=000000000000049e","timestamp":"2026-07-27T09:44:56.657Z"}

data: {"data":"time=2026-07-27T09:45:06.822Z level=INFO msg=\"compaction complete\" level=1 txid.min=000000000000049f txid.max=00000000000004a5 size=533032","timestamp":"2026-07-27T09:45:06.823Z"}

data: {"data":"time=2026-07-27T09:45:10.516Z level=INFO msg=\"compaction complete\" level=2 txid.min=0000000000000485 txid.max=000000000000049e size=532436","timestamp":"2026-07-27T09:45:10.516Z"}

data: {"data":"[09:45:18] 📊 \u001b[32m[USAGE] NVIDIA | in=59012 | out=1035 | account=9cda5fc2...\u001b[0m | cache_read=1856","timestamp":"2026-07-27T09:45:18.607Z"}

data: {"data":"[09:45:18] 🌊 [STREAM] NVIDIA | z-ai/glm-5.2 | 38272ms | complete","timestamp":"2026-07-27T09:45:18.614Z"}

data: {"data":"[INFO] [SKILLS_INJECTION] skills.injection.skipped {\"apiKeyId\":\"env-key\",\"reason\":\"no_enabled_skills\"}","timestamp":"2026-07-27T09:45:19.337Z"}

data: {"data":"{\"level\":30,\"time\":\"2026-07-27T09:45:19.288Z\",\"service\":\"omniroute\",\"module\":\"sse\",\"tag\":\"HTTP\",\"method\":\"POST\",\"path\":\"/v1/messages | nvidia/z-ai/glm-5.2 | 54 msgs | 40 tools\",\"msg\":\"📥 POST /v1/messages | nvidia/z-ai/glm-5.2 | 54 msgs | 40 tools\"}","timestamp":"2026-07-27T09:45:19.353Z"}

data: {"data":"{\"level\":30,\"time\":\"2026-07-27T09:45:19.294Z\",\"service\":\"omniroute\",\"module\":\"sse\",\"tag\":\"ROUTING\",\"msg\":\"Provider: nvidia, Model: z-ai/glm-5.2\"}","timestamp":"2026-07-27T09:45:19.353Z"}

data: {"data":"{\"level\":30,\"time\":\"2026-07-27T09:45:19.299Z\",\"service\":\"omniroute\",\"module\":\"sse\",\"tag\":\"AUTH\",\"msg\":\"session_key=input:sha256:7c23a... has no available affinity target\"}","timestamp":"2026-07-27T09:45:19.353Z"}

data: {"data":"{\"level\":30,\"time\":\"2026-07-27T09:45:19.299Z\",\"service\":\"omniroute\",\"module\":\"sse\",\"tag\":\"AUTH\",\"msg\":\"Using nvidia account: d1717878...\"}","timestamp":"2026-07-27T09:45:19.353Z"}

data: {"data":"[ProxyEgress] nvidia/d1717878 in=113.20.2.214 out=44.196.116.2 proxy=direct status=success","timestamp":"2026-07-27T09:45:30.226Z"}

data: {"data":"time=2026-07-27T09:45:35.557Z level=INFO msg=\"compaction complete\" level=1 txid.min=00000000000004a6 txid.max=00000000000004a8 size=48675","timestamp":"2026-07-27T09:45:35.557Z"}

data: {"data":"[ProviderLimitsSync] Cycle complete: 0/0 synced in 2ms","timestamp":"2026-07-27T09:45:40.259Z"}

data: {"data":"[09:46:04] 📊 \u001b[32m[USAGE] NVIDIA | in=60124 | out=557 | account=d1717878...\u001b[0m \u001b[33m(estimated)\u001b[0m | cache_read=1856","timestamp":"2026-07-27T09:46:04.951Z"}

data: {"data":"[09:46:04] 🌊 [STREAM] NVIDIA | z-ai/glm-5.2 | 45615ms | complete","timestamp":"2026-07-27T09:46:04.957Z"}

data: {"data":"[INFO] [SKILLS_INJECTION] skills.injection.skipped {\"apiKeyId\":\"env-key\",\"reason\":\"no_enabled_skills\"}","timestamp":"2026-07-27T09:46:05.577Z"}

data: {"data":"{\"level\":30,\"time\":\"2026-07-27T09:46:05.529Z\",\"service\":\"omniroute\",\"module\":\"sse\",\"tag\":\"HTTP\",\"method\":\"POST\",\"path\":\"/v1/messages | nvidia/z-ai/glm-5.2 | 57 msgs | 40 tools\",\"msg\":\"📥 POST /v1/messages | nvidia/z-ai/glm-5.2 | 57 msgs | 40 tools\"}","timestamp":"2026-07-27T09:46:05.595Z"}

data: {"data":"{\"level\":30,\"time\":\"2026-07-27T09:46:05.535Z\",\"service\":\"omniroute\",\"module\":\"sse\",\"tag\":\"ROUTING\",\"msg\":\"Provider: nvidia, Model: z-ai/glm-5.2\"}","timestamp":"2026-07-27T09:46:05.595Z"}

data: {"data":"{\"level\":30,\"time\":\"2026-07-27T09:46:05.539Z\",\"service\":\"omniroute\",\"module\":\"sse\",\"tag\":\"AUTH\",\"msg\":\"session_key=input:sha256:7c23a... has no available affinity target\"}","timestamp":"2026-07-27T09:46:05.595Z"}

data: {"data":"{\"level\":30,\"time\":\"2026-07-27T09:46:05.540Z\",\"service\":\"omniroute\",\"module\":\"sse\",\"tag\":\"AUTH\",\"msg\":\"Using nvidia account: a0c72227...\"}","timestamp":"2026-07-27T09:46:05.595Z"}

data: {"data":"time=2026-07-27T09:46:06.028Z level=INFO msg=\"l0 retention enforced\" db=storage.sqlite deleted_count=3 max_l1_txid=00000000000004a9","timestamp":"2026-07-27T09:46:06.028Z"}

data: {"data":"time=2026-07-27T09:46:06.028Z level=INFO msg=\"compaction complete\" level=1 txid.min=00000000000004a9 txid.max=00000000000004a9 size=3985","timestamp":"2026-07-27T09:46:06.028Z"}

data: {"data":"[ProxyEgress] nvidia/a0c72227 in=113.20.2.214 out=44.196.116.2 proxy=direct status=success","timestamp":"2026-07-27T09:46:06.243Z"}

data: {"data":"[09:46:16] 📊 \u001b[32m[USAGE] NVIDIA | in=60921 | out=887 | account=a0c72227...\u001b[0m \u001b[33m(estimated)\u001b[0m | cache_read=60032","timestamp":"2026-07-27T09:46:16.176Z"}

data: {"data":"[09:46:16] 🌊 [STREAM] NVIDIA | z-ai/glm-5.2 | 10602ms | complete","timestamp":"2026-07-27T09:46:16.183Z"}

data: {"data":"[INFO] [SKILLS_INJECTION] skills.injection.skipped {\"apiKeyId\":\"env-key\",\"reason\":\"no_enabled_skills\"}","timestamp":"2026-07-27T09:46:16.972Z"}

data: {"data":"{\"level\":30,\"time\":\"2026-07-27T09:46:16.922Z\",\"service\":\"omniroute\",\"module\":\"sse\",\"tag\":\"HTTP\",\"method\":\"POST\",\"path\":\"/v1/messages | nvidia/z-ai/glm-5.2 | 59 msgs | 40 tools\",\"msg\":\"📥 POST /v1/messages | nvidia/z-ai/glm-5.2 | 59 msgs | 40 tools\"}","timestamp":"2026-07-27T09:46:16.988Z"}

data: {"data":"{\"level\":30,\"time\":\"2026-07-27T09:46:16.928Z\",\"service\":\"omniroute\",\"module\":\"sse\",\"tag\":\"ROUTING\",\"msg\":\"Provider: nvidia, Model: z-ai/glm-5.2\"}","timestamp":"2026-07-27T09:46:16.989Z"}

data: {"data":"{\"level\":30,\"time\":\"2026-07-27T09:46:16.931Z\",\"service\":\"omniroute\",\"module\":\"sse\",\"tag\":\"AUTH\",\"msg\":\"session_key=input:sha256:7c23a... has no available affinity target\"}","timestamp":"2026-07-27T09:46:16.989Z"}

data: {"data":"{\"level\":30,\"time\":\"2026-07-27T09:46:16.932Z\",\"service\":\"omniroute\",\"module\":\"sse\",\"tag\":\"AUTH\",\"msg\":\"Using nvidia account: 38a09429...\"}","timestamp":"2026-07-27T09:46:16.989Z"}

data: {"data":"[ProxyEgress] nvidia/38a09429 in=113.20.2.214 out=44.196.116.2 proxy=direct status=success","timestamp":"2026-07-27T09:46:25.346Z"}

data: {"data":"🧹 [RATE-LIMIT] Evicting idle limiter: nvidia:2bcea68b-9f7a-4673-b1f0-80a66320fc88 (inactive for 614s)","timestamp":"2026-07-27T09:46:35.129Z"}

data: {"data":"🧹 [RATE-LIMIT] Evicting idle limiter: nvidia:1830e4f7-dd8f-4c11-9d65-c0acdced6494 (inactive for 601s)","timestamp":"2026-07-27T09:46:35.129Z"}

data: {"data":"time=2026-07-27T09:46:37.257Z level=INFO msg=\"l0 retention enforced\" db=storage.sqlite deleted_count=2 max_l1_txid=00000000000004af","timestamp":"2026-07-27T09:46:37.257Z"}

data: {"data":"time=2026-07-27T09:46:37.257Z level=INFO msg=\"compaction complete\" level=1 txid.min=00000000000004aa txid.max=00000000000004af size=534507","timestamp":"2026-07-27T09:46:37.257Z"}

data: {"data":"[09:46:52] 📊 \u001b[32m[USAGE] NVIDIA | in=61926 | out=765 | account=38a09429...\u001b[0m | cache_read=384","timestamp":"2026-07-27T09:46:52.442Z"}

data: {"data":"[09:46:52] 🌊 [STREAM] NVIDIA | z-ai/glm-5.2 | 35472ms | complete","timestamp":"2026-07-27T09:46:52.449Z"}

data: {"data":"[INFO] [SKILLS_INJECTION] skills.injection.skipped {\"apiKeyId\":\"env-key\",\"reason\":\"no_enabled_skills\"}","timestamp":"2026-07-27T09:46:53.206Z"}

data: {"data":"{\"level\":30,\"time\":\"2026-07-27T09:46:53.159Z\",\"service\":\"omniroute\",\"module\":\"sse\",\"tag\":\"HTTP\",\"method\":\"POST\",\"path\":\"/v1/messages | nvidia/z-ai/glm-5.2 | 61 msgs | 40 tools\",\"msg\":\"📥 POST /v1/messages | nvidia/z-ai/glm-5.2 | 61 msgs | 40 tools\"}","timestamp":"2026-07-27T09:46:53.222Z"}

data: {"data":"{\"level\":30,\"time\":\"2026-07-27T09:46:53.163Z\",\"service\":\"omniroute\",\"module\":\"sse\",\"tag\":\"ROUTING\",\"msg\":\"Provider: nvidia, Model: z-ai/glm-5.2\"}","timestamp":"2026-07-27T09:46:53.222Z"}

data: {"data":"{\"level\":30,\"time\":\"2026-07-27T09:46:53.167Z\",\"service\":\"omniroute\",\"module\":\"sse\",\"tag\":\"AUTH\",\"msg\":\"session_key=input:sha256:7c23a... has no available affinity target\"}","timestamp":"2026-07-27T09:46:53.222Z"}

data: {"data":"{\"level\":30,\"time\":\"2026-07-27T09:46:53.168Z\",\"service\":\"omniroute\",\"module\":\"sse\",\"tag\":\"AUTH\",\"msg\":\"Using nvidia account: 9865dfaa...\"}","timestamp":"2026-07-27T09:46:53.222Z"}

data: {"data":"[ProxyEgress] nvidia/9865dfaa in=113.20.2.214 out=44.196.116.2 proxy=direct status=success","timestamp":"2026-07-27T09:46:53.720Z"}

data: {"data":"[09:47:02] 📊 \u001b[32m[USAGE] NVIDIA | in=62770 | out=840 | account=9865dfaa...\u001b[0m \u001b[33m(estimated)\u001b[0m | cache_read=61760","timestamp":"2026-07-27T09:47:02.342Z"}

data: {"data":"[09:47:02] 🌊 [STREAM] NVIDIA | z-ai/glm-5.2 | 9138ms | complete","timestamp":"2026-07-27T09:47:02.348Z"}

data: {"data":"[INFO] [SKILLS_INJECTION] skills.injection.skipped {\"apiKeyId\":\"env-key\",\"reason\":\"no_enabled_skills\"}","timestamp":"2026-07-27T09:47:02.924Z"}

data: {"data":"{\"level\":30,\"time\":\"2026-07-27T09:47:02.873Z\",\"service\":\"omniroute\",\"module\":\"sse\",\"tag\":\"HTTP\",\"method\":\"POST\",\"path\":\"/v1/messages | nvidia/z-ai/glm-5.2 | 63 msgs | 40 tools\",\"msg\":\"📥 POST /v1/messages | nvidia/z-ai/glm-5.2 | 63 msgs | 40 tools\"}","timestamp":"2026-07-27T09:47:02.942Z"}

data: {"data":"{\"level\":30,\"time\":\"2026-07-27T09:47:02.878Z\",\"service\":\"omniroute\",\"module\":\"sse\",\"tag\":\"ROUTING\",\"msg\":\"Provider: nvidia, Model: z-ai/glm-5.2\"}","timestamp":"2026-07-27T09:47:02.942Z"}

data: {"data":"{\"level\":30,\"time\":\"2026-07-27T09:47:02.881Z\",\"service\":\"omniroute\",\"module\":\"sse\",\"tag\":\"AUTH\",\"msg\":\"session_key=input:sha256:7c23a... has no available affinity target\"}","timestamp":"2026-07-27T09:47:02.942Z"}

data: {"data":"{\"level\":30,\"time\":\"2026-07-27T09:47:02.882Z\",\"service\":\"omniroute\",\"module\":\"sse\",\"tag\":\"AUTH\",\"msg\":\"Using nvidia account: 3f77f218...\"}","timestamp":"2026-07-27T09:47:02.942Z"}

data: {"data":"[ProxyEgress] nvidia/3f77f218 in=113.20.2.214 out=44.196.116.2 proxy=direct status=success","timestamp":"2026-07-27T09:47:03.624Z"}

data: {"data":"🧹 [RATE-LIMIT] Evicting idle limiter: nvidia:58f42365-24ac-4844-b08b-af609b1057d1 (inactive for 615s)","timestamp":"2026-07-27T09:47:05.129Z"}

data: {"data":"🧹 [RATE-LIMIT] Evicting idle limiter: nvidia:09665ab2-ccd5-473b-9674-14967d3741b7 (inactive for 606s)","timestamp":"2026-07-27T09:47:05.129Z"}

data: {"data":"🧹 [RATE-LIMIT] Evicting idle limiter: nvidia:2d9ef15f-bc96-49d8-b476-56b2ad65c431 (inactive for 601s)","timestamp":"2026-07-27T09:47:05.129Z"}

data: {"data":"[09:47:11] 📊 \u001b[32m[USAGE] NVIDIA | in=63684 | out=232 | account=3f77f218...\u001b[0m \u001b[33m(estimated)\u001b[0m | cache_read=62656","timestamp":"2026-07-27T09:47:11.487Z"}

data: {"data":"[09:47:11] 🌊 [STREAM] NVIDIA | z-ai/glm-5.2 | 8565ms | complete","timestamp":"2026-07-27T09:47:11.494Z"}

data: {"data":"[INFO] [SKILLS_INJECTION] skills.injection.skipped {\"apiKeyId\":\"env-key\",\"reason\":\"no_enabled_skills\"}","timestamp":"2026-07-27T09:47:12.068Z"}

data: {"data":"{\"level\":30,\"time\":\"2026-07-27T09:47:12.015Z\",\"service\":\"omniroute\",\"module\":\"sse\",\"tag\":\"HTTP\",\"method\":\"POST\",\"path\":\"/v1/messages | nvidia/z-ai/glm-5.2 | 66 msgs | 40 tools\",\"msg\":\"📥 POST /v1/messages | nvidia/z-ai/glm-5.2 | 66 msgs | 40 tools\"}","timestamp":"2026-07-27T09:47:12.083Z"}

data: {"data":"{\"level\":30,\"time\":\"2026-07-27T09:47:12.020Z\",\"service\":\"omniroute\",\"module\":\"sse\",\"tag\":\"ROUTING\",\"msg\":\"Provider: nvidia, Model: z-ai/glm-5.2\"}","timestamp":"2026-07-27T09:47:12.083Z"}

data: {"data":"{\"level\":30,\"time\":\"2026-07-27T09:47:12.024Z\",\"service\":\"omniroute\",\"module\":\"sse\",\"tag\":\"AUTH\",\"msg\":\"session_key=input:sha256:7c23a... has no available affinity target\"}","timestamp":"2026-07-27T09:47:12.083Z"}

data: {"data":"{\"level\":30,\"time\":\"2026-07-27T09:47:12.025Z\",\"service\":\"omniroute\",\"module\":\"sse\",\"tag\":\"AUTH\",\"msg\":\"Using nvidia account: a68545c0...\"}","timestamp":"2026-07-27T09:47:12.083Z"}

data: {"data":"[ProxyEgress] nvidia/a68545c0 in=113.20.2.214 out=44.196.116.2 proxy=direct status=success","timestamp":"2026-07-27T09:47:12.932Z"}

data: {"data":"time=2026-07-27T09:47:33.979Z level=INFO msg=\"l0 retention enforced\" db=storage.sqlite deleted_count=4 max_l1_txid=00000000000004b7","timestamp":"2026-07-27T09:47:33.979Z"}

data: {"data":"time=2026-07-27T09:47:33.979Z level=INFO msg=\"compaction complete\" level=1 txid.min=00000000000004b0 txid.max=00000000000004b7 size=538156","timestamp":"2026-07-27T09:47:33.979Z"}

data: {"data":"[09:47:50] 📊 \u001b[32m[USAGE] NVIDIA | in=64076 | out=899 | account=a68545c0...\u001b[0m \u001b[33m(estimated)\u001b[0m | cache_read=60672","timestamp":"2026-07-27T09:47:50.596Z"}

data: {"data":"[09:47:50] 🌊 [STREAM] NVIDIA | z-ai/glm-5.2 | 38531ms | complete","timestamp":"2026-07-27T09:47:50.604Z"}

data: {"data":"[INFO] [SKILLS_INJECTION] skills.injection.skipped {\"apiKeyId\":\"env-key\",\"reason\":\"no_enabled_skills\"}","timestamp":"2026-07-27T09:47:51.298Z"}

data: {"data":"{\"level\":30,\"time\":\"2026-07-27T09:47:51.244Z\",\"service\":\"omniroute\",\"module\":\"sse\",\"tag\":\"HTTP\",\"method\":\"POST\",\"path\":\"/v1/messages | nvidia/z-ai/glm-5.2 | 68 msgs | 40 tools\",\"msg\":\"📥 POST /v1/messages | nvidia/z-ai/glm-5.2 | 68 msgs | 40 tools\"}","timestamp":"2026-07-27T09:47:51.323Z"}

data: {"data":"{\"level\":30,\"time\":\"2026-07-27T09:47:51.250Z\",\"service\":\"omniroute\",\"module\":\"sse\",\"tag\":\"ROUTING\",\"msg\":\"Provider: nvidia, Model: z-ai/glm-5.2\"}","timestamp":"2026-07-27T09:47:51.323Z"}

data: {"data":"{\"level\":30,\"time\":\"2026-07-27T09:47:51.254Z\",\"service\":\"omniroute\",\"module\":\"sse\",\"tag\":\"AUTH\",\"msg\":\"session_key=input:sha256:7c23a... has no available affinity target\"}","timestamp":"2026-07-27T09:47:51.323Z"}

data: {"data":"{\"level\":30,\"time\":\"2026-07-27T09:47:51.255Z\",\"service\":\"omniroute\",\"module\":\"sse\",\"tag\":\"AUTH\",\"msg\":\"Using nvidia account: dd511141...\"}","timestamp":"2026-07-27T09:47:51.323Z"}

data: {"data":"[ProxyEgress] nvidia/dd511141 in=113.20.2.214 out=44.196.116.2 proxy=direct status=success","timestamp":"2026-07-27T09:47:52.541Z"}

data: {"data":"time=2026-07-27T09:48:07.107Z level=INFO msg=\"l0 retention enforced\" db=storage.sqlite deleted_count=4 max_l1_txid=00000000000004ba","timestamp":"2026-07-27T09:48:07.107Z"}

data: {"data":"time=2026-07-27T09:48:07.107Z level=INFO msg=\"compaction complete\" level=1 txid.min=00000000000004b8 txid.max=00000000000004ba size=46295","timestamp":"2026-07-27T09:48:07.107Z"}

data: {"data":"[09:48:28] 📊 \u001b[32m[USAGE] NVIDIA | in=65056 | out=914 | account=dd511141...\u001b[0m \u001b[33m(estimated)\u001b[0m | cache_read=64960","timestamp":"2026-07-27T09:48:28.447Z"}

data: {"data":"[09:48:28] 🌊 [STREAM] NVIDIA | z-ai/glm-5.2 | 37150ms | complete","timestamp":"2026-07-27T09:48:28.453Z"}

data: {"data":"[INFO] [SKILLS_INJECTION] skills.injection.skipped {\"apiKeyId\":\"env-key\",\"reason\":\"no_enabled_skills\"}","timestamp":"2026-07-27T09:48:29.053Z"}

data: {"data":"{\"level\":30,\"time\":\"2026-07-27T09:48:29.009Z\",\"service\":\"omniroute\",\"module\":\"sse\",\"tag\":\"HTTP\",\"method\":\"POST\",\"path\":\"/v1/messages | nvidia/z-ai/glm-5.2 | 70 msgs | 40 tools\",\"msg\":\"📥 POST /v1/messages | nvidia/z-ai/glm-5.2 | 70 msgs | 40 tools\"}","timestamp":"2026-07-27T09:48:29.076Z"}

data: {"data":"{\"level\":30,\"time\":\"2026-07-27T09:48:29.014Z\",\"service\":\"omniroute\",\"module\":\"sse\",\"tag\":\"ROUTING\",\"msg\":\"Provider: nvidia, Model: z-ai/glm-5.2\"}","timestamp":"2026-07-27T09:48:29.076Z"}

data: {"data":"{\"level\":30,\"time\":\"2026-07-27T09:48:29.017Z\",\"service\":\"omniroute\",\"module\":\"sse\",\"tag\":\"AUTH\",\"msg\":\"session_key=input:sha256:7c23a... has no available affinity target\"}","timestamp":"2026-07-27T09:48:29.076Z"}

data: {"data":"{\"level\":30,\"time\":\"2026-07-27T09:48:29.018Z\",\"service\":\"omniroute\",\"module\":\"sse\",\"tag\":\"AUTH\",\"msg\":\"Using nvidia account: 2bcea68b...\"}","timestamp":"2026-07-27T09:48:29.076Z"}

data: {"data":"🧹 [RATE-LIMIT] Evicting idle limiter: nvidia:53f96ffa-5bb1-424c-925f-86c1b44688ec (inactive for 627s)","timestamp":"2026-07-27T09:48:35.130Z"}

data: {"data":"time=2026-07-27T09:48:37.639Z level=INFO msg=\"l0 retention enforced\" db=storage.sqlite deleted_count=4 max_l1_txid=00000000000004bd","timestamp":"2026-07-27T09:48:37.639Z"}

data: {"data":"time=2026-07-27T09:48:37.639Z level=INFO msg=\"compaction complete\" level=1 txid.min=00000000000004bb txid.max=00000000000004bd size=539060","timestamp":"2026-07-27T09:48:37.639Z"}

data: {"data":"[09:48:41] 📊 \u001b[32m[USAGE] NVIDIA | in=66126 | out=273 | account=2bcea68b...\u001b[0m \u001b[33m(estimated)\u001b[0m | cache_read=65088","timestamp":"2026-07-27T09:48:41.335Z"}

data: {"data":"[09:48:41] 🌊 [STREAM] NVIDIA | z-ai/glm-5.2 | 12291ms | complete","timestamp":"2026-07-27T09:48:41.349Z"}

data: {"data":"[INFO] [SKILLS_INJECTION] skills.injection.skipped {\"apiKeyId\":\"env-key\",\"reason\":\"no_enabled_skills\"}","timestamp":"2026-07-27T09:48:41.906Z"}

data: {"data":"{\"level\":30,\"time\":\"2026-07-27T09:48:41.836Z\",\"service\":\"omniroute\",\"module\":\"sse\",\"tag\":\"HTTP\",\"method\":\"POST\",\"path\":\"/v1/messages | nvidia/z-ai/glm-5.2 | 73 msgs | 40 tools\",\"msg\":\"📥 POST /v1/messages | nvidia/z-ai/glm-5.2 | 73 msgs | 40 tools\"}","timestamp":"2026-07-27T09:48:41.938Z"}

data: {"data":"{\"level\":30,\"time\":\"2026-07-27T09:48:41.844Z\",\"service\":\"omniroute\",\"module\":\"sse\",\"tag\":\"ROUTING\",\"msg\":\"Provider: nvidia, Model: z-ai/glm-5.2\"}","timestamp":"2026-07-27T09:48:41.938Z"}

data: {"data":"{\"level\":30,\"time\":\"2026-07-27T09:48:41.849Z\",\"service\":\"omniroute\",\"module\":\"sse\",\"tag\":\"AUTH\",\"msg\":\"session_key=input:sha256:7c23a... has no available affinity target\"}","timestamp":"2026-07-27T09:48:41.938Z"}

data: {"data":"{\"level\":30,\"time\":\"2026-07-27T09:48:41.850Z\",\"service\":\"omniroute\",\"module\":\"sse\",\"tag\":\"AUTH\",\"msg\":\"Using nvidia account: 1830e4f7...\"}","timestamp":"2026-07-27T09:48:41.938Z"}

data: {"data":"[ProxyEgress] nvidia/1830e4f7 in=113.20.2.214 out=44.196.116.2 proxy=direct status=success","timestamp":"2026-07-27T09:48:42.720Z"}

data: {"data":"[09:48:55] 📊 \u001b[32m[USAGE] NVIDIA | in=66572 | out=305 | account=1830e4f7...\u001b[0m \u001b[33m(estimated)\u001b[0m | cache_read=66112","timestamp":"2026-07-27T09:48:55.326Z"}

data: {"data":"[09:48:55] 🌊 [STREAM] NVIDIA | z-ai/glm-5.2 | 13417ms | complete","timestamp":"2026-07-27T09:48:55.332Z"}

data: {"data":"[INFO] [SKILLS_INJECTION] skills.injection.skipped {\"apiKeyId\":\"env-key\",\"reason\":\"no_enabled_skills\"}","timestamp":"2026-07-27T09:48:55.865Z"}

data: {"data":"{\"level\":30,\"time\":\"2026-07-27T09:48:55.818Z\",\"service\":\"omniroute\",\"module\":\"sse\",\"tag\":\"HTTP\",\"method\":\"POST\",\"path\":\"/v1/messages | nvidia/z-ai/glm-5.2 | 75 msgs | 40 tools\",\"msg\":\"📥 POST /v1/messages | nvidia/z-ai/glm-5.2 | 75 msgs | 40 tools\"}","timestamp":"2026-07-27T09:48:55.881Z"}

data: {"data":"{\"level\":30,\"time\":\"2026-07-27T09:48:55.825Z\",\"service\":\"omniroute\",\"module\":\"sse\",\"tag\":\"ROUTING\",\"msg\":\"Provider: nvidia, Model: z-ai/glm-5.2\"}","timestamp":"2026-07-27T09:48:55.881Z"}

data: {"data":"{\"level\":30,\"time\":\"2026-07-27T09:48:55.828Z\",\"service\":\"omniroute\",\"module\":\"sse\",\"tag\":\"AUTH\",\"msg\":\"session_key=input:sha256:7c23a... has no available affinity target\"}","timestamp":"2026-07-27T09:48:55.882Z"}

data: {"data":"{\"level\":30,\"time\":\"2026-07-27T09:48:55.829Z\",\"service\":\"omniroute\",\"module\":\"sse\",\"tag\":\"AUTH\",\"msg\":\"Using nvidia account: 58f42365...\"}","timestamp":"2026-07-27T09:48:55.882Z"}

data: {"data":"[ProxyEgress] nvidia/58f42365 in=113.20.2.214 out=44.196.116.2 proxy=direct status=success","timestamp":"2026-07-27T09:48:58.793Z"}

data: {"data":"time=2026-07-27T09:49:07.926Z level=INFO msg=\"l0 retention enforced\" db=storage.sqlite deleted_count=4 max_l1_txid=00000000000004c1","timestamp":"2026-07-27T09:49:07.926Z"}

data: {"data":"time=2026-07-27T09:49:07.926Z level=INFO msg=\"compaction complete\" level=1 txid.min=00000000000004be txid.max=00000000000004c1 size=60132","timestamp":"2026-07-27T09:49:07.926Z"}

data: {"data":"[09:49:09] 📊 \u001b[32m[USAGE] NVIDIA | in=67081 | out=241 | account=58f42365...\u001b[0m \u001b[33m(estimated)\u001b[0m | cache_read=384","timestamp":"2026-07-27T09:49:09.296Z"}

data: {"data":"[09:49:09] 🌊 [STREAM] NVIDIA | z-ai/glm-5.2 | 13436ms | complete","timestamp":"2026-07-27T09:49:09.306Z"}

data: {"data":"[INFO] [SKILLS_INJECTION] skills.injection.skipped {\"apiKeyId\":\"env-key\",\"reason\":\"no_enabled_skills\"}","timestamp":"2026-07-27T09:49:10.009Z"}

data: {"data":"{\"level\":30,\"time\":\"2026-07-27T09:49:09.948Z\",\"service\":\"omniroute\",\"module\":\"sse\",\"tag\":\"HTTP\",\"method\":\"POST\",\"path\":\"/v1/messages | nvidia/z-ai/glm-5.2 | 77 msgs | 40 tools\",\"msg\":\"📥 POST /v1/messages | nvidia/z-ai/glm-5.2 | 77 msgs | 40 tools\"}","timestamp":"2026-07-27T09:49:10.030Z"}

data: {"data":"{\"level\":30,\"time\":\"2026-07-27T09:49:09.955Z\",\"service\":\"omniroute\",\"module\":\"sse\",\"tag\":\"ROUTING\",\"msg\":\"Provider: nvidia, Model: z-ai/glm-5.2\"}","timestamp":"2026-07-27T09:49:10.030Z"}

data: {"data":"{\"level\":30,\"time\":\"2026-07-27T09:49:09.961Z\",\"service\":\"omniroute\",\"module\":\"sse\",\"tag\":\"AUTH\",\"msg\":\"session_key=input:sha256:7c23a... has no available affinity target\"}","timestamp":"2026-07-27T09:49:10.030Z"}

data: {"data":"{\"level\":30,\"time\":\"2026-07-27T09:49:09.961Z\",\"service\":\"omniroute\",\"module\":\"sse\",\"tag\":\"AUTH\",\"msg\":\"Using nvidia account: 09665ab2...\"}","timestamp":"2026-07-27T09:49:10.030Z"}

data: {"data":"[ProxyEgress] nvidia/09665ab2 in=113.20.2.214 out=44.196.116.2 proxy=direct status=success","timestamp":"2026-07-27T09:49:13.253Z"}

data: {"data":"[09:49:22] 📊 \u001b[32m[USAGE] NVIDIA | in=67361 | out=282 | account=09665ab2...\u001b[0m \u001b[33m(estimated)\u001b[0m | cache_read=576","timestamp":"2026-07-27T09:49:22.777Z"}

data: {"data":"[09:49:22] 🌊 [STREAM] NVIDIA | z-ai/glm-5.2 | 12772ms | complete","timestamp":"2026-07-27T09:49:22.786Z"}

data: {"data":"[INFO] [SKILLS_INJECTION] skills.injection.skipped {\"apiKeyId\":\"env-key\",\"reason\":\"no_enabled_skills\"}","timestamp":"2026-07-27T09:49:23.439Z"}

data: {"data":"{\"level\":30,\"time\":\"2026-07-27T09:49:23.387Z\",\"service\":\"omniroute\",\"module\":\"sse\",\"tag\":\"HTTP\",\"method\":\"POST\",\"path\":\"/v1/messages | nvidia/z-ai/glm-5.2 | 79 msgs | 40 tools\",\"msg\":\"📥 POST /v1/messages | nvidia/z-ai/glm-5.2 | 79 msgs | 40 tools\"}","timestamp":"2026-07-27T09:49:23.458Z"}

data: {"data":"{\"level\":30,\"time\":\"2026-07-27T09:49:23.393Z\",\"service\":\"omniroute\",\"module\":\"sse\",\"tag\":\"ROUTING\",\"msg\":\"Provider: nvidia, Model: z-ai/glm-5.2\"}","timestamp":"2026-07-27T09:49:23.458Z"}

data: {"data":"{\"level\":30,\"time\":\"2026-07-27T09:49:23.399Z\",\"service\":\"omniroute\",\"module\":\"sse\",\"tag\":\"AUTH\",\"msg\":\"session_key=input:sha256:7c23a... has no available affinity target\"}","timestamp":"2026-07-27T09:49:23.458Z"}

data: {"data":"{\"level\":30,\"time\":\"2026-07-27T09:49:23.400Z\",\"service\":\"omniroute\",\"module\":\"sse\",\"tag\":\"AUTH\",\"msg\":\"Using nvidia account: 2d9ef15f...\"}","timestamp":"2026-07-27T09:49:23.458Z"}

data: {"data":"[ProxyEgress] nvidia/2d9ef15f in=113.20.2.214 out=44.196.116.2 proxy=direct status=success","timestamp":"2026-07-27T09:49:28.332Z"}

data: {"data":"time=2026-07-27T09:49:37.655Z level=INFO msg=\"l0 retention enforced\" db=storage.sqlite deleted_count=4 max_l1_txid=00000000000004c7","timestamp":"2026-07-27T09:49:37.655Z"}

data: {"data":"time=2026-07-27T09:49:37.655Z level=INFO msg=\"compaction complete\" level=1 txid.min=00000000000004c2 txid.max=00000000000004c7 size=73765","timestamp":"2026-07-27T09:49:37.655Z"}

data: {"data":"time=2026-07-27T09:49:57.024Z level=INFO msg=\"l0 retention enforced\" db=storage.sqlite deleted_count=4 max_l1_txid=00000000000004c7","timestamp":"2026-07-27T09:49:57.024Z"}

data: {"data":"[09:49:58] 📊 \u001b[32m[USAGE] NVIDIA | in=68201 | out=728 | account=2d9ef15f...\u001b[0m \u001b[33m(estimated)\u001b[0m | cache_read=384","timestamp":"2026-07-27T09:49:58.171Z"}

data: {"data":"[09:49:58] 🌊 [STREAM] NVIDIA | z-ai/glm-5.2 | 34736ms | complete","timestamp":"2026-07-27T09:49:58.179Z"}

data: {"data":"[INFO] [SKILLS_INJECTION] skills.injection.skipped {\"apiKeyId\":\"env-key\",\"reason\":\"no_enabled_skills\"}","timestamp":"2026-07-27T09:49:58.741Z"}

data: {"data":"{\"level\":30,\"time\":\"2026-07-27T09:49:58.682Z\",\"service\":\"omniroute\",\"module\":\"sse\",\"tag\":\"HTTP\",\"method\":\"POST\",\"path\":\"/v1/messages | nvidia/z-ai/glm-5.2 | 81 msgs | 40 tools\",\"msg\":\"📥 POST /v1/messages | nvidia/z-ai/glm-5.2 | 81 msgs | 40 tools\"}","timestamp":"2026-07-27T09:49:58.766Z"}

data: {"data":"{\"level\":30,\"time\":\"2026-07-27T09:49:58.687Z\",\"service\":\"omniroute\",\"module\":\"sse\",\"tag\":\"ROUTING\",\"msg\":\"Provider: nvidia, Model: z-ai/glm-5.2\"}","timestamp":"2026-07-27T09:49:58.766Z"}

data: {"data":"{\"level\":30,\"time\":\"2026-07-27T09:49:58.690Z\",\"service\":\"omniroute\",\"module\":\"sse\",\"tag\":\"AUTH\",\"msg\":\"session_key=input:sha256:7c23a... has no available affinity target\"}","timestamp":"2026-07-27T09:49:58.766Z"}

data: {"data":"{\"level\":30,\"time\":\"2026-07-27T09:49:58.690Z\",\"service\":\"omniroute\",\"module\":\"sse\",\"tag\":\"AUTH\",\"msg\":\"Using nvidia account: 53f96ffa...\"}","timestamp":"2026-07-27T09:49:58.766Z"}

data: {"data":"[ProxyEgress] nvidia/53f96ffa in=113.20.2.214 out=44.196.116.2 proxy=direct status=success","timestamp":"2026-07-27T09:49:59.463Z"}

data: {"data":"[09:50:05] 📊 \u001b[32m[USAGE] NVIDIA | in=68965 | out=55 | account=53f96ffa...\u001b[0m \u001b[33m(estimated)\u001b[0m | cache_read=68864","timestamp":"2026-07-27T09:50:05.975Z"}

data: {"data":"[09:50:05] 🌊 [STREAM] NVIDIA | z-ai/glm-5.2 | 7234ms | complete","timestamp":"2026-07-27T09:50:05.980Z"}

data: {"data":"[INFO] [SKILLS_INJECTION] skills.injection.skipped {\"apiKeyId\":\"env-key\",\"reason\":\"no_enabled_skills\"}","timestamp":"2026-07-27T09:50:06.498Z"}

data: {"data":"{\"level\":30,\"time\":\"2026-07-27T09:50:06.446Z\",\"service\":\"omniroute\",\"module\":\"sse\",\"tag\":\"HTTP\",\"method\":\"POST\",\"path\":\"/v1/messages | nvidia/z-ai/glm-5.2 | 83 msgs | 40 tools\",\"msg\":\"📥 POST /v1/messages | nvidia/z-ai/glm-5.2 | 83 msgs | 40 tools\"}","timestamp":"2026-07-27T09:50:06.516Z"}

data: {"data":"{\"level\":30,\"time\":\"2026-07-27T09:50:06.451Z\",\"service\":\"omniroute\",\"module\":\"sse\",\"tag\":\"ROUTING\",\"msg\":\"Provider: nvidia, Model: z-ai/glm-5.2\"}","timestamp":"2026-07-27T09:50:06.516Z"}

data: {"data":"{\"level\":30,\"time\":\"2026-07-27T09:50:06.455Z\",\"service\":\"omniroute\",\"module\":\"sse\",\"tag\":\"AUTH\",\"msg\":\"session_key=input:sha256:7c23a... has no available affinity target\"}","timestamp":"2026-07-27T09:50:06.516Z"}

data: {"data":"{\"level\":30,\"time\":\"2026-07-27T09:50:06.456Z\",\"service\":\"omniroute\",\"module\":\"sse\",\"tag\":\"AUTH\",\"msg\":\"Using nvidia account: deb0258d...\"}","timestamp":"2026-07-27T09:50:06.516Z"}

data: {"data":"time=2026-07-27T09:50:07.623Z level=INFO msg=\"l0 retention enforced\" db=storage.sqlite deleted_count=3 max_l1_txid=00000000000004cb","timestamp":"2026-07-27T09:50:07.623Z"}

data: {"data":"time=2026-07-27T09:50:07.623Z level=INFO msg=\"compaction complete\" level=1 txid.min=00000000000004c8 txid.max=00000000000004cb size=541403","timestamp":"2026-07-27T09:50:07.623Z"}

data: {"data":"[ProxyEgress] nvidia/deb0258d in=113.20.2.214 out=44.196.116.2 proxy=direct status=success","timestamp":"2026-07-27T09:50:11.084Z"}

data: {"data":"[09:50:11] 📊 \u001b[32m[USAGE] NVIDIA | in=69030 | out=18 | account=deb0258d...\u001b[0m | cache_read=68992","timestamp":"2026-07-27T09:50:11.086Z"}

data: {"data":"[09:50:11] 🌊 [STREAM] NVIDIA | z-ai/glm-5.2 | 4589ms | complete","timestamp":"2026-07-27T09:50:11.091Z"}

data: {"data":"[INFO] [SKILLS_INJECTION] skills.injection.skipped {\"apiKeyId\":\"env-key\",\"reason\":\"no_enabled_skills\"}","timestamp":"2026-07-27T09:50:11.848Z"}

data: {"data":"{\"level\":30,\"time\":\"2026-07-27T09:50:11.792Z\",\"service\":\"omniroute\",\"module\":\"sse\",\"tag\":\"HTTP\",\"method\":\"POST\",\"path\":\"/v1/messages | nvidia/z-ai/glm-5.2 | 85 msgs | 40 tools\",\"msg\":\"📥 POST /v1/messages | nvidia/z-ai/glm-5.2 | 85 msgs | 40 tools\"}","timestamp":"2026-07-27T09:50:11.867Z"}

data: {"data":"{\"level\":30,\"time\":\"2026-07-27T09:50:11.798Z\",\"service\":\"omniroute\",\"module\":\"sse\",\"tag\":\"ROUTING\",\"msg\":\"Provider: nvidia, Model: z-ai/glm-5.2\"}","timestamp":"2026-07-27T09:50:11.867Z"}

data: {"data":"{\"level\":30,\"time\":\"2026-07-27T09:50:11.801Z\",\"service\":\"omniroute\",\"module\":\"sse\",\"tag\":\"AUTH\",\"msg\":\"session_key=input:sha256:7c23a... has no available affinity target\"}","timestamp":"2026-07-27T09:50:11.867Z"}

data: {"data":"{\"level\":30,\"time\":\"2026-07-27T09:50:11.802Z\",\"service\":\"omniroute\",\"module\":\"sse\",\"tag\":\"AUTH\",\"msg\":\"Using nvidia account: 3317f8d3...\"}","timestamp":"2026-07-27T09:50:11.867Z"}

data: {"data":"time=2026-07-27T09:50:12.480Z level=INFO msg=\"compaction complete\" level=2 txid.min=000000000000049f txid.max=00000000000004cb size=541403","timestamp":"2026-07-27T09:50:12.480Z"}

data: {"data":"[ProxyEgress] nvidia/3317f8d3 in=113.20.2.214 out=44.196.116.2 proxy=direct status=success","timestamp":"2026-07-27T09:50:12.535Z"}

data: {"data":"[09:50:29] 📊 \u001b[32m[USAGE] NVIDIA | in=69058 | out=312 | account=3317f8d3...\u001b[0m \u001b[33m(estimated)\u001b[0m | cache_read=66816","timestamp":"2026-07-27T09:50:29.980Z"}

data: {"data":"[09:50:29] 🌊 [STREAM] NVIDIA | z-ai/glm-5.2 | 18131ms | complete","timestamp":"2026-07-27T09:50:29.985Z"}

data: {"data":"[INFO] [SKILLS_INJECTION] skills.injection.skipped {\"apiKeyId\":\"env-key\",\"reason\":\"no_enabled_skills\"}","timestamp":"2026-07-27T09:50:30.683Z"}

data: {"data":"{\"level\":30,\"time\":\"2026-07-27T09:50:30.619Z\",\"service\":\"omniroute\",\"module\":\"sse\",\"tag\":\"HTTP\",\"method\":\"POST\",\"path\":\"/v1/messages | nvidia/z-ai/glm-5.2 | 87 msgs | 40 tools\",\"msg\":\"📥 POST /v1/messages | nvidia/z-ai/glm-5.2 | 87 msgs | 40 tools\"}","timestamp":"2026-07-27T09:50:30.709Z"}

data: {"data":"{\"level\":30,\"time\":\"2026-07-27T09:50:30.626Z\",\"service\":\"omniroute\",\"module\":\"sse\",\"tag\":\"ROUTING\",\"msg\":\"Provider: nvidia, Model: z-ai/glm-5.2\"}","timestamp":"2026-07-27T09:50:30.709Z"}

data: {"data":"{\"level\":30,\"time\":\"2026-07-27T09:50:30.629Z\",\"service\":\"omniroute\",\"module\":\"sse\",\"tag\":\"AUTH\",\"msg\":\"session_key=input:sha256:7c23a... has no available affinity target\"}","timestamp":"2026-07-27T09:50:30.709Z"}

data: {"data":"{\"level\":30,\"time\":\"2026-07-27T09:50:30.630Z\",\"service\":\"omniroute\",\"module\":\"sse\",\"tag\":\"AUTH\",\"msg\":\"Using nvidia account: c5116293...\"}","timestamp":"2026-07-27T09:50:30.709Z"}

data: {"data":"[ProxyEgress] nvidia/c5116293 in=113.20.2.214 out=44.196.116.2 proxy=direct status=success","timestamp":"2026-07-27T09:50:34.304Z"}

data: {"data":"[09:50:37] 📊 \u001b[32m[USAGE] NVIDIA | in=69415 | out=252 | account=c5116293...\u001b[0m \u001b[33m(estimated)\u001b[0m | cache_read=384","timestamp":"2026-07-27T09:50:37.264Z"}

data: {"data":"[09:50:37] 🌊 [STREAM] NVIDIA | z-ai/glm-5.2 | 6581ms | complete","timestamp":"2026-07-27T09:50:37.269Z"}

data: {"data":"time=2026-07-27T09:50:37.481Z level=INFO msg=\"l0 retention enforced\" db=storage.sqlite deleted_count=3 max_l1_txid=00000000000004d1","timestamp":"2026-07-27T09:50:37.481Z"}

data: {"data":"time=2026-07-27T09:50:37.481Z level=INFO msg=\"compaction complete\" level=1 txid.min=00000000000004cc txid.max=00000000000004d1 size=543959","timestamp":"2026-07-27T09:50:37.481Z"}

data: {"data":"[INFO] [SKILLS_INJECTION] skills.injection.skipped {\"apiKeyId\":\"env-key\",\"reason\":\"no_enabled_skills\"}","timestamp":"2026-07-27T09:50:48.497Z"}

data: {"data":"{\"level\":30,\"time\":\"2026-07-27T09:50:48.444Z\",\"service\":\"omniroute\",\"module\":\"sse\",\"tag\":\"HTTP\",\"method\":\"POST\",\"path\":\"/v1/messages | nvidia/z-ai/glm-5.2 | 89 msgs | 40 tools\",\"msg\":\"📥 POST /v1/messages | nvidia/z-ai/glm-5.2 | 89 msgs | 40 tools\"}","timestamp":"2026-07-27T09:50:48.521Z"}

data: {"data":"{\"level\":30,\"time\":\"2026-07-27T09:50:48.449Z\",\"service\":\"omniroute\",\"module\":\"sse\",\"tag\":\"ROUTING\",\"msg\":\"Provider: nvidia, Model: z-ai/glm-5.2\"}","timestamp":"2026-07-27T09:50:48.522Z"}

data: {"data":"{\"level\":30,\"time\":\"2026-07-27T09:50:48.452Z\",\"service\":\"omniroute\",\"module\":\"sse\",\"tag\":\"AUTH\",\"msg\":\"session_key=input:sha256:7c23a... has no available affinity target\"}","timestamp":"2026-07-27T09:50:48.522Z"}

data: {"data":"{\"level\":30,\"time\":\"2026-07-27T09:50:48.452Z\",\"service\":\"omniroute\",\"module\":\"sse\",\"tag\":\"AUTH\",\"msg\":\"Using nvidia account: cb888a54...\"}","timestamp":"2026-07-27T09:50:48.522Z"}

data: {"data":"[ProxyEgress] nvidia/cb888a54 in=113.20.2.214 out=44.196.116.2 proxy=direct status=success","timestamp":"2026-07-27T09:50:51.563Z"}

data: {"data":"[09:50:55] 📊 \u001b[32m[USAGE] NVIDIA | in=69733 | out=83 | account=cb888a54...\u001b[0m \u001b[33m(estimated)\u001b[0m | cache_read=384","timestamp":"2026-07-27T09:50:55.045Z"}

data: {"data":"[09:50:55] 🌊 [STREAM] NVIDIA | z-ai/glm-5.2 | 6548ms | complete","timestamp":"2026-07-27T09:50:55.051Z"}

data: {"data":"[INFO] [SKILLS_INJECTION] skills.injection.skipped {\"apiKeyId\":\"env-key\",\"reason\":\"no_enabled_skills\"}","timestamp":"2026-07-27T09:50:55.620Z"}

data: {"data":"{\"level\":30,\"time\":\"2026-07-27T09:50:55.576Z\",\"service\":\"omniroute\",\"module\":\"sse\",\"tag\":\"HTTP\",\"method\":\"POST\",\"path\":\"/v1/messages | nvidia/z-ai/glm-5.2 | 91 msgs | 40 tools\",\"msg\":\"📥 POST /v1/messages | nvidia/z-ai/glm-5.2 | 91 msgs | 40 tools\"}","timestamp":"2026-07-27T09:50:55.638Z"}

data: {"data":"{\"level\":30,\"time\":\"2026-07-27T09:50:55.582Z\",\"service\":\"omniroute\",\"module\":\"sse\",\"tag\":\"ROUTING\",\"msg\":\"Provider: nvidia, Model: z-ai/glm-5.2\"}","timestamp":"2026-07-27T09:50:55.638Z"}

data: {"data":"{\"level\":30,\"time\":\"2026-07-27T09:50:55.585Z\",\"service\":\"omniroute\",\"module\":\"sse\",\"tag\":\"AUTH\",\"msg\":\"session_key=input:sha256:7c23a... has no available affinity target\"}","timestamp":"2026-07-27T09:50:55.638Z"}

data: {"data":"{\"level\":30,\"time\":\"2026-07-27T09:50:55.585Z\",\"service\":\"omniroute\",\"module\":\"sse\",\"tag\":\"AUTH\",\"msg\":\"Using nvidia account: d65f33e2...\"}","timestamp":"2026-07-27T09:50:55.638Z"}

data: {"data":"[ProxyEgress] nvidia/d65f33e2 in=113.20.2.214 out=44.196.116.2 proxy=direct status=success","timestamp":"2026-07-27T09:50:56.225Z"}

data: {"data":"[09:50:58] 📊 \u001b[32m[USAGE] NVIDIA | in=69839 | out=211 | account=d65f33e2...\u001b[0m \u001b[33m(estimated)\u001b[0m | cache_read=69632","timestamp":"2026-07-27T09:50:58.602Z"}

data: {"data":"[09:50:58] 🌊 [STREAM] NVIDIA | z-ai/glm-5.2 | 2982ms | complete","timestamp":"2026-07-27T09:50:58.607Z"}

data: {"data":"[INFO] [SKILLS_INJECTION] skills.injection.skipped {\"apiKeyId\":\"env-key\",\"reason\":\"no_enabled_skills\"}","timestamp":"2026-07-27T09:50:59.180Z"}

data: {"data":"{\"level\":30,\"time\":\"2026-07-27T09:50:59.124Z\",\"service\":\"omniroute\",\"module\":\"sse\",\"tag\":\"HTTP\",\"method\":\"POST\",\"path\":\"/v1/messages | nvidia/z-ai/glm-5.2 | 93 msgs | 40 tools\",\"msg\":\"📥 POST /v1/messages | nvidia/z-ai/glm-5.2 | 93 msgs | 40 tools\"}","timestamp":"2026-07-27T09:50:59.216Z"}

data: {"data":"{\"level\":30,\"time\":\"2026-07-27T09:50:59.129Z\",\"service\":\"omniroute\",\"module\":\"sse\",\"tag\":\"ROUTING\",\"msg\":\"Provider: nvidia, Model: z-ai/glm-5.2\"}","timestamp":"2026-07-27T09:50:59.216Z"}

data: {"data":"{\"level\":30,\"time\":\"2026-07-27T09:50:59.133Z\",\"service\":\"omniroute\",\"module\":\"sse\",\"tag\":\"AUTH\",\"msg\":\"session_key=input:sha256:7c23a... has no available affinity target\"}","timestamp":"2026-07-27T09:50:59.216Z"}

data: {"data":"{\"level\":30,\"time\":\"2026-07-27T09:50:59.133Z\",\"service\":\"omniroute\",\"module\":\"sse\",\"tag\":\"AUTH\",\"msg\":\"Using nvidia account: ccaad834...\"}","timestamp":"2026-07-27T09:50:59.216Z"}

data: {"data":"[ProxyEgress] nvidia/ccaad834 in=113.20.2.214 out=44.196.116.2 proxy=direct status=success","timestamp":"2026-07-27T09:51:00.896Z"}

data: {"data":"[09:51:05] 📊 \u001b[32m[USAGE] NVIDIA | in=70257 | out=188 | account=ccaad834...\u001b[0m \u001b[33m(estimated)\u001b[0m | cache_read=70016","timestamp":"2026-07-27T09:51:05.127Z"}

data: {"data":"[09:51:05] 🌊 [STREAM] NVIDIA | z-ai/glm-5.2 | 5948ms | complete","timestamp":"2026-07-27T09:51:05.134Z"}

data: {"data":"[INFO] [SKILLS_INJECTION] skills.injection.skipped {\"apiKeyId\":\"env-key\",\"reason\":\"no_enabled_skills\"}","timestamp":"2026-07-27T09:51:05.680Z"}

data: {"data":"{\"level\":30,\"time\":\"2026-07-27T09:51:05.629Z\",\"service\":\"omniroute\",\"module\":\"sse\",\"tag\":\"HTTP\",\"method\":\"POST\",\"path\":\"/v1/messages | nvidia/z-ai/glm-5.2 | 96 msgs | 40 tools\",\"msg\":\"📥 POST /v1/messages | nvidia/z-ai/glm-5.2 | 96 msgs | 40 tools\"}","timestamp":"2026-07-27T09:51:05.698Z"}

data: {"data":"{\"level\":30,\"time\":\"2026-07-27T09:51:05.635Z\",\"service\":\"omniroute\",\"module\":\"sse\",\"tag\":\"ROUTING\",\"msg\":\"Provider: nvidia, Model: z-ai/glm-5.2\"}","timestamp":"2026-07-27T09:51:05.698Z"}

data: {"data":"{\"level\":30,\"time\":\"2026-07-27T09:51:05.638Z\",\"service\":\"omniroute\",\"module\":\"sse\",\"tag\":\"AUTH\",\"msg\":\"session_key=input:sha256:7c23a... has no available affinity target\"}","timestamp":"2026-07-27T09:51:05.698Z"}

data: {"data":"{\"level\":30,\"time\":\"2026-07-27T09:51:05.639Z\",\"service\":\"omniroute\",\"module\":\"sse\",\"tag\":\"AUTH\",\"msg\":\"Using nvidia account: def58a55...\"}","timestamp":"2026-07-27T09:51:05.698Z"}

data: {"data":"\u001b[31m[ERROR] [500]: Failed to generate completions\u001b[0m","timestamp":"2026-07-27T09:51:06.161Z"}

data: {"data":"[ProxyEgress] nvidia/def58a55 in=113.20.2.214 out=44.196.116.2 proxy=direct status=error","timestamp":"2026-07-27T09:51:06.181Z"}

data: {"data":"❌ nvidia [500]: [500]: Failed to generate completions","timestamp":"2026-07-27T09:51:06.183Z"}

data: {"data":"[INFO] [SKILLS_INJECTION] skills.injection.skipped {\"apiKeyId\":\"env-key\",\"reason\":\"no_enabled_skills\"}","timestamp":"2026-07-27T09:51:06.229Z"}

data: {"data":"{\"level\":40,\"time\":\"2026-07-27T09:51:06.183Z\",\"service\":\"omniroute\",\"module\":\"sse\",\"tag\":\"AUTH\",\"msg\":\"Account def58a55... unavailable (500), trying fallback\"}","timestamp":"2026-07-27T09:51:06.280Z"}

data: {"data":"{\"level\":30,\"time\":\"2026-07-27T09:51:06.186Z\",\"service\":\"omniroute\",\"module\":\"sse\",\"tag\":\"AUTH\",\"msg\":\"session_key=input:sha256:7c23a... has no available affinity target\"}","timestamp":"2026-07-27T09:51:06.280Z"}

data: {"data":"{\"level\":30,\"time\":\"2026-07-27T09:51:06.186Z\",\"service\":\"omniroute\",\"module\":\"sse\",\"tag\":\"AUTH\",\"msg\":\"nvidia round-robin: FALLBACK MODE - excluded_count=1 excluded=def58a55... picked_lru=2d039916...\"}","timestamp":"2026-07-27T09:51:06.280Z"}

data: {"data":"{\"level\":30,\"time\":\"2026-07-27T09:51:06.187Z\",\"service\":\"omniroute\",\"module\":\"sse\",\"tag\":\"AUTH\",\"msg\":\"Using nvidia account: 2d039916...\"}","timestamp":"2026-07-27T09:51:06.280Z"}

data: {"data":"[ProxyEgress] nvidia/2d039916 in=113.20.2.214 out=44.196.116.2 proxy=direct status=success","timestamp":"2026-07-27T09:51:06.870Z"}

data: {"data":"time=2026-07-27T09:51:06.954Z level=INFO msg=\"l0 retention enforced\" db=storage.sqlite deleted_count=1 max_l1_txid=00000000000004d6","timestamp":"2026-07-27T09:51:06.954Z"}

data: {"data":"time=2026-07-27T09:51:06.954Z level=INFO msg=\"compaction complete\" level=1 txid.min=00000000000004d2 txid.max=00000000000004d6 size=65854","timestamp":"2026-07-27T09:51:06.954Z"}

data: {"data":"[09:51:11] 📊 \u001b[32m[USAGE] NVIDIA | in=70647 | out=312 | account=2d039916...\u001b[0m \u001b[33m(estimated)\u001b[0m | cache_read=70400","timestamp":"2026-07-27T09:51:11.942Z"}

data: {"data":"[09:51:11] 🌊 [STREAM] NVIDIA | z-ai/glm-5.2 | 5696ms | complete","timestamp":"2026-07-27T09:51:11.947Z"}

data: {"data":"[INFO] [SKILLS_INJECTION] skills.injection.skipped {\"apiKeyId\":\"env-key\",\"reason\":\"no_enabled_skills\"}","timestamp":"2026-07-27T09:51:13.933Z"}

data: {"data":"{\"level\":30,\"time\":\"2026-07-27T09:51:13.882Z\",\"service\":\"omniroute\",\"module\":\"sse\",\"tag\":\"HTTP\",\"method\":\"POST\",\"path\":\"/v1/messages | nvidia/z-ai/glm-5.2 | 98 msgs | 40 tools\",\"msg\":\"📥 POST /v1/messages | nvidia/z-ai/glm-5.2 | 98 msgs | 40 tools\"}","timestamp":"2026-07-27T09:51:13.955Z"}

data: {"data":"{\"level\":30,\"time\":\"2026-07-27T09:51:13.887Z\",\"service\":\"omniroute\",\"module\":\"sse\",\"tag\":\"ROUTING\",\"msg\":\"Provider: nvidia, Model: z-ai/glm-5.2\"}","timestamp":"2026-07-27T09:51:13.955Z"}

data: {"data":"{\"level\":30,\"time\":\"2026-07-27T09:51:13.891Z\",\"service\":\"omniroute\",\"module\":\"sse\",\"tag\":\"AUTH\",\"msg\":\"session_key=input:sha256:7c23a... has no available affinity target\"}","timestamp":"2026-07-27T09:51:13.955Z"}

data: {"data":"{\"level\":30,\"time\":\"2026-07-27T09:51:13.892Z\",\"service\":\"omniroute\",\"module\":\"sse\",\"tag\":\"AUTH\",\"msg\":\"Using nvidia account: d6a27df9...\"}","timestamp":"2026-07-27T09:51:13.955Z"}

data: {"data":"[ProxyEgress] nvidia/d6a27df9 in=113.20.2.214 out=44.196.116.2 proxy=direct status=success","timestamp":"2026-07-27T09:51:18.651Z"}

data: {"data":"[09:51:33] 📊 \u001b[32m[USAGE] NVIDIA | in=71000 | out=358 | account=d6a27df9...\u001b[0m \u001b[33m(estimated)\u001b[0m | cache_read=384","timestamp":"2026-07-27T09:51:33.168Z"}

data: {"data":"[09:51:33] 🌊 [STREAM] NVIDIA | z-ai/glm-5.2 | 19236ms | complete","timestamp":"2026-07-27T09:51:33.174Z"}

data: {"data":"[INFO] [SKILLS_INJECTION] skills.injection.skipped {\"apiKeyId\":\"env-key\",\"reason\":\"no_enabled_skills\"}","timestamp":"2026-07-27T09:51:34.669Z"}

data: {"data":"{\"level\":30,\"time\":\"2026-07-27T09:51:34.616Z\",\"service\":\"omniroute\",\"module\":\"sse\",\"tag\":\"HTTP\",\"method\":\"POST\",\"path\":\"/v1/messages | nvidia/z-ai/glm-5.2 | 100 msgs | 40 tools\",\"msg\":\"📥 POST /v1/messages | nvidia/z-ai/glm-5.2 | 100 msgs | 40 tools\"}","timestamp":"2026-07-27T09:51:34.688Z"}

data: {"data":"{\"level\":30,\"time\":\"2026-07-27T09:51:34.622Z\",\"service\":\"omniroute\",\"module\":\"sse\",\"tag\":\"ROUTING\",\"msg\":\"Provider: nvidia, Model: z-ai/glm-5.2\"}","timestamp":"2026-07-27T09:51:34.688Z"}

data: {"data":"{\"level\":30,\"time\":\"2026-07-27T09:51:34.625Z\",\"service\":\"omniroute\",\"module\":\"sse\",\"tag\":\"AUTH\",\"msg\":\"session_key=input:sha256:7c23a... has no available affinity target\"}","timestamp":"2026-07-27T09:51:34.688Z"}

data: {"data":"{\"level\":30,\"time\":\"2026-07-27T09:51:34.626Z\",\"service\":\"omniroute\",\"module\":\"sse\",\"tag\":\"AUTH\",\"msg\":\"Using nvidia account: 7d5d42c4...\"}","timestamp":"2026-07-27T09:51:34.688Z"}

data: {"data":"[ProxyEgress] nvidia/7d5d42c4 in=113.20.2.214 out=44.196.116.2 proxy=direct status=success","timestamp":"2026-07-27T09:51:35.319Z"}

data: {"data":"time=2026-07-27T09:51:37.553Z level=INFO msg=\"l0 retention enforced\" db=storage.sqlite deleted_count=6 max_l1_txid=00000000000004e0","timestamp":"2026-07-27T09:51:37.553Z"}

data: {"data":"time=2026-07-27T09:51:37.553Z level=INFO msg=\"compaction complete\" level=1 txid.min=00000000000004d7 txid.max=00000000000004e0 size=86523","timestamp":"2026-07-27T09:51:37.553Z"}

data: {"data":"[09:51:38] 📊 \u001b[32m[USAGE] NVIDIA | in=71385 | out=304 | account=7d5d42c4...\u001b[0m \u001b[33m(estimated)\u001b[0m | cache_read=69312","timestamp":"2026-07-27T09:51:38.685Z"}

data: {"data":"[09:51:38] 🌊 [STREAM] NVIDIA | z-ai/glm-5.2 | 4016ms | complete","timestamp":"2026-07-27T09:51:38.691Z"}

data: {"data":"[INFO] [SKILLS_INJECTION] skills.injection.skipped {\"apiKeyId\":\"env-key\",\"reason\":\"no_enabled_skills\"}","timestamp":"2026-07-27T09:51:41.919Z"}

data: {"data":"{\"level\":30,\"time\":\"2026-07-27T09:51:41.876Z\",\"service\":\"omniroute\",\"module\":\"sse\",\"tag\":\"HTTP\",\"method\":\"POST\",\"path\":\"/v1/messages | nvidia/z-ai/glm-5.2 | 102 msgs | 40 tools\",\"msg\":\"📥 POST /v1/messages | nvidia/z-ai/glm-5.2 | 102 msgs | 40 tools\"}","timestamp":"2026-07-27T09:51:41.935Z"}

data: {"data":"{\"level\":30,\"time\":\"2026-07-27T09:51:41.881Z\",\"service\":\"omniroute\",\"module\":\"sse\",\"tag\":\"ROUTING\",\"msg\":\"Provider: nvidia, Model: z-ai/glm-5.2\"}","timestamp":"2026-07-27T09:51:41.935Z"}

data: {"data":"{\"level\":30,\"time\":\"2026-07-27T09:51:41.884Z\",\"service\":\"omniroute\",\"module\":\"sse\",\"tag\":\"AUTH\",\"msg\":\"session_key=input:sha256:7c23a... has no available affinity target\"}","timestamp":"2026-07-27T09:51:41.935Z"}

data: {"data":"{\"level\":30,\"time\":\"2026-07-27T09:51:41.885Z\",\"service\":\"omniroute\",\"module\":\"sse\",\"tag\":\"AUTH\",\"msg\":\"Using nvidia account: f2b0933a...\"}","timestamp":"2026-07-27T09:51:41.935Z"}

data: {"data":"[ProxyEgress] nvidia/f2b0933a in=113.20.2.214 out=44.196.116.2 proxy=direct status=success","timestamp":"2026-07-27T09:51:42.863Z"}

data: {"data":"[09:51:44] 📊 \u001b[32m[USAGE] NVIDIA | in=71729 | out=148 | account=f2b0933a...\u001b[0m \u001b[33m(estimated)\u001b[0m | cache_read=71680","timestamp":"2026-07-27T09:51:44.281Z"}

data: {"data":"[09:51:44] 🌊 [STREAM] NVIDIA | z-ai/glm-5.2 | 2363ms | complete","timestamp":"2026-07-27T09:51:44.287Z"}

data: {"data":"[INFO] [SKILLS_INJECTION] skills.injection.skipped {\"apiKeyId\":\"env-key\",\"reason\":\"no_enabled_skills\"}","timestamp":"2026-07-27T09:51:48.339Z"}

data: {"data":"{\"level\":30,\"time\":\"2026-07-27T09:51:48.297Z\",\"service\":\"omniroute\",\"module\":\"sse\",\"tag\":\"HTTP\",\"method\":\"POST\",\"path\":\"/v1/messages | nvidia/z-ai/glm-5.2 | 104 msgs | 40 tools\",\"msg\":\"📥 POST /v1/messages | nvidia/z-ai/glm-5.2 | 104 msgs | 40 tools\"}","timestamp":"2026-07-27T09:51:48.355Z"}

data: {"data":"{\"level\":30,\"time\":\"2026-07-27T09:51:48.302Z\",\"service\":\"omniroute\",\"module\":\"sse\",\"tag\":\"ROUTING\",\"msg\":\"Provider: nvidia, Model: z-ai/glm-5.2\"}","timestamp":"2026-07-27T09:51:48.356Z"}

data: {"data":"{\"level\":30,\"time\":\"2026-07-27T09:51:48.305Z\",\"service\":\"omniroute\",\"module\":\"sse\",\"tag\":\"AUTH\",\"msg\":\"session_key=input:sha256:7c23a... has no available affinity target\"}","timestamp":"2026-07-27T09:51:48.356Z"}

data: {"data":"{\"level\":30,\"time\":\"2026-07-27T09:51:48.305Z\",\"service\":\"omniroute\",\"module\":\"sse\",\"tag\":\"AUTH\",\"msg\":\"Using nvidia account: 9cda5fc2...\"}","timestamp":"2026-07-27T09:51:48.356Z"}

data: {"data":"[ProxyEgress] nvidia/9cda5fc2 in=113.20.2.214 out=44.196.116.2 proxy=direct status=success","timestamp":"2026-07-27T09:51:49.069Z"}

data: {"data":"[09:51:52] 📊 \u001b[32m[USAGE] NVIDIA | in=71965 | out=264 | account=9cda5fc2...\u001b[0m \u001b[33m(estimated)\u001b[0m | cache_read=69760","timestamp":"2026-07-27T09:51:52.408Z"}

data: {"data":"[09:51:52] 🌊 [STREAM] NVIDIA | z-ai/glm-5.2 | 4073ms | complete","timestamp":"2026-07-27T09:51:52.416Z"}

data: {"data":"[INFO] [SKILLS_INJECTION] skills.injection.skipped {\"apiKeyId\":\"env-key\",\"reason\":\"no_enabled_skills\"}","timestamp":"2026-07-27T09:51:53.966Z"}

data: {"data":"{\"level\":30,\"time\":\"2026-07-27T09:51:53.912Z\",\"service\":\"omniroute\",\"module\":\"sse\",\"tag\":\"HTTP\",\"method\":\"POST\",\"path\":\"/v1/messages | nvidia/z-ai/glm-5.2 | 107 msgs | 40 tools\",\"msg\":\"📥 POST /v1/messages | nvidia/z-ai/glm-5.2 | 107 msgs | 40 tools\"}","timestamp":"2026-07-27T09:51:53.983Z"}

data: {"data":"{\"level\":30,\"time\":\"2026-07-27T09:51:53.918Z\",\"service\":\"omniroute\",\"module\":\"sse\",\"tag\":\"ROUTING\",\"msg\":\"Provider: nvidia, Model: z-ai/glm-5.2\"}","timestamp":"2026-07-27T09:51:53.983Z"}

data: {"data":"{\"level\":30,\"time\":\"2026-07-27T09:51:53.922Z\",\"service\":\"omniroute\",\"module\":\"sse\",\"tag\":\"AUTH\",\"msg\":\"session_key=input:sha256:7c23a... has no available affinity target\"}","timestamp":"2026-07-27T09:51:53.983Z"}

data: {"data":"{\"level\":30,\"time\":\"2026-07-27T09:51:53.923Z\",\"service\":\"omniroute\",\"module\":\"sse\",\"tag\":\"AUTH\",\"msg\":\"Using nvidia account: d1717878...\"}","timestamp":"2026-07-27T09:51:53.983Z"}

data: {"data":"[ProxyEgress] nvidia/d1717878 in=113.20.2.214 out=44.196.116.2 proxy=direct status=success","timestamp":"2026-07-27T09:51:54.593Z"}

data: {"data":"[09:51:54] 📊 \u001b[32m[USAGE] NVIDIA | in=72415 | out=39 | account=d1717878...\u001b[0m \u001b[33m(estimated)\u001b[0m | cache_read=71872","timestamp":"2026-07-27T09:51:54.979Z"}

data: {"data":"[09:51:54] 🌊 [STREAM] NVIDIA | z-ai/glm-5.2 | 1014ms | complete","timestamp":"2026-07-27T09:51:54.984Z"}

data: {"data":"[INFO] [SKILLS_INJECTION] skills.injection.skipped {\"apiKeyId\":\"env-key\",\"reason\":\"no_enabled_skills\"}","timestamp":"2026-07-27T09:51:55.570Z"}

data: {"data":"{\"level\":30,\"time\":\"2026-07-27T09:51:55.527Z\",\"service\":\"omniroute\",\"module\":\"sse\",\"tag\":\"HTTP\",\"method\":\"POST\",\"path\":\"/v1/messages | nvidia/z-ai/glm-5.2 | 109 msgs | 40 tools\",\"msg\":\"📥 POST /v1/messages | nvidia/z-ai/glm-5.2 | 109 msgs | 40 tools\"}","timestamp":"2026-07-27T09:51:55.631Z"}

data: {"data":"{\"level\":30,\"time\":\"2026-07-27T09:51:55.532Z\",\"service\":\"omniroute\",\"module\":\"sse\",\"tag\":\"ROUTING\",\"msg\":\"Provider: nvidia, Model: z-ai/glm-5.2\"}","timestamp":"2026-07-27T09:51:55.631Z"}

data: {"data":"{\"level\":30,\"time\":\"2026-07-27T09:51:55.535Z\",\"service\":\"omniroute\",\"module\":\"sse\",\"tag\":\"AUTH\",\"msg\":\"session_key=input:sha256:7c23a... has no available affinity target\"}","timestamp":"2026-07-27T09:51:55.631Z"}

data: {"data":"{\"level\":30,\"time\":\"2026-07-27T09:51:55.535Z\",\"service\":\"omniroute\",\"module\":\"sse\",\"tag\":\"AUTH\",\"msg\":\"Using nvidia account: a0c72227...\"}","timestamp":"2026-07-27T09:51:55.631Z"}

data: {"data":"[ProxyEgress] nvidia/a0c72227 in=113.20.2.214 out=44.196.116.2 proxy=direct status=success","timestamp":"2026-07-27T09:52:06.884Z"}

data: {"data":"[09:52:06] 📊 \u001b[32m[USAGE] NVIDIA | in=72464 | out=534 | account=a0c72227...\u001b[0m | cache_read=72448","timestamp":"2026-07-27T09:52:06.886Z"}

data: {"data":"[09:52:06] 🌊 [STREAM] NVIDIA | z-ai/glm-5.2 | 11298ms | complete","timestamp":"2026-07-27T09:52:06.893Z"}

data: {"data":"(node:816) MaxListenersExceededWarning: Possible EventEmitter memory leak detected. 11 connect listeners added to [Socket]. MaxListeners is 10. Use emitter.setMaxListeners() to increase limit","timestamp":"2026-07-27T09:52:07.197Z"}

data: {"data":"[INFO] [SKILLS_INJECTION] skills.injection.skipped {\"apiKeyId\":\"env-key\",\"reason\":\"no_enabled_skills\"}","timestamp":"2026-07-27T09:52:07.457Z"}

data: {"data":"{\"level\":30,\"time\":\"2026-07-27T09:52:07.410Z\",\"service\":\"omniroute\",\"module\":\"sse\",\"tag\":\"HTTP\",\"method\":\"POST\",\"path\":\"/v1/messages | nvidia/z-ai/glm-5.2 | 111 msgs | 40 tools\",\"msg\":\"📥 POST /v1/messages | nvidia/z-ai/glm-5.2 | 111 msgs | 40 tools\"}","timestamp":"2026-07-27T09:52:07.479Z"}

data: {"data":"{\"level\":30,\"time\":\"2026-07-27T09:52:07.416Z\",\"service\":\"omniroute\",\"module\":\"sse\",\"tag\":\"ROUTING\",\"msg\":\"Provider: nvidia, Model: z-ai/glm-5.2\"}","timestamp":"2026-07-27T09:52:07.479Z"}

data: {"data":"{\"level\":30,\"time\":\"2026-07-27T09:52:07.420Z\",\"service\":\"omniroute\",\"module\":\"sse\",\"tag\":\"AUTH\",\"msg\":\"session_key=input:sha256:7c23a... has no available affinity target\"}","timestamp":"2026-07-27T09:52:07.479Z"}

data: {"data":"{\"level\":30,\"time\":\"2026-07-27T09:52:07.420Z\",\"service\":\"omniroute\",\"module\":\"sse\",\"tag\":\"AUTH\",\"msg\":\"Using nvidia account: 38a09429...\"}","timestamp":"2026-07-27T09:52:07.479Z"}

data: {"data":"time=2026-07-27T09:52:07.914Z level=INFO msg=\"l0 retention enforced\" db=storage.sqlite deleted_count=3 max_l1_txid=00000000000004ed","timestamp":"2026-07-27T09:52:07.914Z"}

data: {"data":"time=2026-07-27T09:52:07.914Z level=INFO msg=\"compaction complete\" level=1 txid.min=00000000000004e1 txid.max=00000000000004ed size=551900","timestamp":"2026-07-27T09:52:07.914Z"}

data: {"data":"[ProxyEgress] nvidia/38a09429 in=113.20.2.214 out=44.196.116.2 proxy=direct status=success","timestamp":"2026-07-27T09:52:21.826Z"}

data: {"data":"[09:52:21] 📊 \u001b[32m[USAGE] NVIDIA | in=73029 | out=184 | account=38a09429...\u001b[0m | cache_read=384","timestamp":"2026-07-27T09:52:21.829Z"}

data: {"data":"[09:52:21] 🌊 [STREAM] NVIDIA | z-ai/glm-5.2 | 14372ms | complete","timestamp":"2026-07-27T09:52:21.835Z"}

data: {"data":"[INFO] [SKILLS_INJECTION] skills.injection.skipped {\"apiKeyId\":\"env-key\",\"reason\":\"no_enabled_skills\"}","timestamp":"2026-07-27T09:52:22.447Z"}

data: {"data":"{\"level\":30,\"time\":\"2026-07-27T09:52:22.388Z\",\"service\":\"omniroute\",\"module\":\"sse\",\"tag\":\"HTTP\",\"method\":\"POST\",\"path\":\"/v1/messages | nvidia/z-ai/glm-5.2 | 113 msgs | 40 tools\",\"msg\":\"📥 POST /v1/messages | nvidia/z-ai/glm-5.2 | 113 msgs | 40 tools\"}","timestamp":"2026-07-27T09:52:22.466Z"}

data: {"data":"{\"level\":30,\"time\":\"2026-07-27T09:52:22.396Z\",\"service\":\"omniroute\",\"module\":\"sse\",\"tag\":\"ROUTING\",\"msg\":\"Provider: nvidia, Model: z-ai/glm-5.2\"}","timestamp":"2026-07-27T09:52:22.466Z"}

data: {"data":"{\"level\":30,\"time\":\"2026-07-27T09:52:22.401Z\",\"service\":\"omniroute\",\"module\":\"sse\",\"tag\":\"AUTH\",\"msg\":\"session_key=input:sha256:7c23a... has no available affinity target\"}","timestamp":"2026-07-27T09:52:22.466Z"}

data: {"data":"{\"level\":30,\"time\":\"2026-07-27T09:52:22.402Z\",\"service\":\"omniroute\",\"module\":\"sse\",\"tag\":\"AUTH\",\"msg\":\"Using nvidia account: 9865dfaa...\"}","timestamp":"2026-07-27T09:52:22.466Z"}

data: {"data":"[ProxyEgress] nvidia/9865dfaa in=113.20.2.214 out=44.196.116.2 proxy=direct status=success","timestamp":"2026-07-27T09:52:23.408Z"}

data: {"data":"time=2026-07-27T09:52:37.431Z level=INFO msg=\"l0 retention enforced\" db=storage.sqlite deleted_count=5 max_l1_txid=00000000000004f1","timestamp":"2026-07-27T09:52:37.431Z"}

data: {"data":"time=2026-07-27T09:52:37.431Z level=INFO msg=\"compaction complete\" level=1 txid.min=00000000000004ee txid.max=00000000000004f1 size=54920","timestamp":"2026-07-27T09:52:37.431Z"}

data: {"data":"[09:52:40] 📊 \u001b[32m[USAGE] NVIDIA | in=73270 | out=555 | account=9865dfaa...\u001b[0m \u001b[33m(estimated)\u001b[0m | cache_read=72192","timestamp":"2026-07-27T09:52:40.717Z"}

data: {"data":"[09:52:40] 🌊 [STREAM] NVIDIA | z-ai/glm-5.2 | 18272ms | complete","timestamp":"2026-07-27T09:52:40.724Z"}

data: {"data":"time=2026-07-27T09:53:07.995Z level=INFO msg=\"l0 retention enforced\" db=storage.sqlite deleted_count=3 max_l1_txid=00000000000004f3","timestamp":"2026-07-27T09:53:07.996Z"}

data: {"data":"time=2026-07-27T09:53:07.995Z level=INFO msg=\"compaction complete\" level=1 txid.min=00000000000004f2 txid.max=00000000000004f3 size=553633","timestamp":"2026-07-27T09:53:07.996Z"}

data: {"data":"time=2026-07-27T09:54:57.719Z level=INFO msg=\"l0 retention enforced\" db=storage.sqlite deleted_count=16 max_l1_txid=00000000000004f3","timestamp":"2026-07-27T09:54:57.719Z"}

data: {"data":"time=2026-07-27T09:55:03.857Z level=INFO msg=\"l0 retention enforced\" db=storage.sqlite deleted_count=1 max_l1_txid=00000000000004f5","timestamp":"2026-07-27T09:55:03.857Z"}

data: {"data":"time=2026-07-27T09:55:03.857Z level=INFO msg=\"compaction complete\" level=1 txid.min=00000000000004f4 txid.max=00000000000004f5 size=553633","timestamp":"2026-07-27T09:55:03.857Z"}

data: {"data":"time=2026-07-27T09:55:12.151Z level=INFO msg=\"compaction complete\" level=2 txid.min=00000000000004cc txid.max=00000000000004f5 size=553633","timestamp":"2026-07-27T09:55:12.151Z"}

data: {"data":"[INFO] [SKILLS_INJECTION] skills.injection.skipped {\"apiKeyId\":\"env-key\",\"reason\":\"no_enabled_skills\"}","timestamp":"2026-07-27T09:55:44.039Z"}

data: {"data":"{\"level\":30,\"time\":\"2026-07-27T09:55:43.986Z\",\"service\":\"omniroute\",\"module\":\"sse\",\"tag\":\"HTTP\",\"method\":\"POST\",\"path\":\"/v1/messages | nvidia/z-ai/glm-5.2 | 115 msgs | 40 tools\",\"msg\":\"📥 POST /v1/messages | nvidia/z-ai/glm-5.2 | 115 msgs | 40 tools\"}","timestamp":"2026-07-27T09:55:44.060Z"}

data: {"data":"{\"level\":30,\"time\":\"2026-07-27T09:55:43.991Z\",\"service\":\"omniroute\",\"module\":\"sse\",\"tag\":\"ROUTING\",\"msg\":\"Provider: nvidia, Model: z-ai/glm-5.2\"}","timestamp":"2026-07-27T09:55:44.060Z"}

data: {"data":"{\"level\":30,\"time\":\"2026-07-27T09:55:43.995Z\",\"service\":\"omniroute\",\"module\":\"sse\",\"tag\":\"AUTH\",\"msg\":\"session_key=input:sha256:7c23a... has no available affinity target\"}","timestamp":"2026-07-27T09:55:44.060Z"}

data: {"data":"{\"level\":30,\"time\":\"2026-07-27T09:55:43.996Z\",\"service\":\"omniroute\",\"module\":\"sse\",\"tag\":\"AUTH\",\"msg\":\"Using nvidia account: 3f77f218...\"}","timestamp":"2026-07-27T09:55:44.060Z"}

data: {"data":"[09:55:49] 📊 \u001b[32m[USAGE] NVIDIA | in=73890 | out=71 | account=3f77f218...\u001b[0m \u001b[33m(estimated)\u001b[0m | cache_read=384","timestamp":"2026-07-27T09:55:49.339Z"}

data: {"data":"[09:55:49] 🌊 [STREAM] NVIDIA | z-ai/glm-5.2 | 5301ms | complete","timestamp":"2026-07-27T09:55:49.345Z"}

data: {"data":"[INFO] [SKILLS_INJECTION] skills.injection.skipped {\"apiKeyId\":\"env-key\",\"reason\":\"no_enabled_skills\"}","timestamp":"2026-07-27T09:56:04.611Z"}

data: {"data":"{\"level\":30,\"time\":\"2026-07-27T09:56:04.558Z\",\"service\":\"omniroute\",\"module\":\"sse\",\"tag\":\"HTTP\",\"method\":\"POST\",\"path\":\"/v1/messages | nvidia/z-ai/glm-5.2 | 116 msgs | 40 tools\",\"msg\":\"📥 POST /v1/messages | nvidia/z-ai/glm-5.2 | 116 msgs | 40 tools\"}","timestamp":"2026-07-27T09:56:04.639Z"}

data: {"data":"{\"level\":30,\"time\":\"2026-07-27T09:56:04.565Z\",\"service\":\"omniroute\",\"module\":\"sse\",\"tag\":\"ROUTING\",\"msg\":\"Provider: nvidia, Model: z-ai/glm-5.2\"}","timestamp":"2026-07-27T09:56:04.639Z"}

data: {"data":"{\"level\":30,\"time\":\"2026-07-27T09:56:04.569Z\",\"service\":\"omniroute\",\"module\":\"sse\",\"tag\":\"AUTH\",\"msg\":\"session_key=input:sha256:7c23a... has no available affinity target\"}","timestamp":"2026-07-27T09:56:04.639Z"}

data: {"data":"{\"level\":30,\"time\":\"2026-07-27T09:56:04.570Z\",\"service\":\"omniroute\",\"module\":\"sse\",\"tag\":\"AUTH\",\"msg\":\"Using nvidia account: a68545c0...\"}","timestamp":"2026-07-27T09:56:04.640Z"}

data: {"data":"time=2026-07-27T09:56:04.901Z level=INFO msg=\"l0 retention enforced\" db=storage.sqlite deleted_count=11 max_l1_txid=00000000000004f8","timestamp":"2026-07-27T09:56:04.909Z"}

data: {"data":"time=2026-07-27T09:56:04.901Z level=INFO msg=\"compaction complete\" level=1 txid.min=00000000000004f6 txid.max=00000000000004f8 size=54918","timestamp":"2026-07-27T09:56:04.909Z"}

data: {"data":"[09:56:16] 📊 \u001b[32m[USAGE] NVIDIA | in=89907 | out=182 | account=a68545c0...\u001b[0m \u001b[33m(estimated)\u001b[0m | cache_read=384","timestamp":"2026-07-27T09:56:16.573Z"}

data: {"data":"[09:56:16] 🌊 [STREAM] NVIDIA | z-ai/glm-5.2 | 11961ms | complete","timestamp":"2026-07-27T09:56:16.583Z"}

data: {"data":"[INFO] [SKILLS_INJECTION] skills.injection.skipped {\"apiKeyId\":\"env-key\",\"reason\":\"no_enabled_skills\"}","timestamp":"2026-07-27T09:56:18.181Z"}

data: {"data":"{\"level\":30,\"time\":\"2026-07-27T09:56:18.121Z\",\"service\":\"omniroute\",\"module\":\"sse\",\"tag\":\"HTTP\",\"method\":\"POST\",\"path\":\"/v1/messages | nvidia/z-ai/glm-5.2 | 118 msgs | 40 tools\",\"msg\":\"📥 POST /v1/messages | nvidia/z-ai/glm-5.2 | 118 msgs | 40 tools\"}","timestamp":"2026-07-27T09:56:18.207Z"}

data: {"data":"{\"level\":30,\"time\":\"2026-07-27T09:56:18.131Z\",\"service\":\"omniroute\",\"module\":\"sse\",\"tag\":\"ROUTING\",\"msg\":\"Provider: nvidia, Model: z-ai/glm-5.2\"}","timestamp":"2026-07-27T09:56:18.207Z"}

data: {"data":"{\"level\":30,\"time\":\"2026-07-27T09:56:18.134Z\",\"service\":\"omniroute\",\"module\":\"sse\",\"tag\":\"AUTH\",\"msg\":\"session_key=input:sha256:7c23a... has no available affinity target\"}","timestamp":"2026-07-27T09:56:18.207Z"}

data: {"data":"{\"level\":30,\"time\":\"2026-07-27T09:56:18.134Z\",\"service\":\"omniroute\",\"module\":\"sse\",\"tag\":\"AUTH\",\"msg\":\"Using nvidia account: dd511141...\"}","timestamp":"2026-07-27T09:56:18.207Z"}

data: {"data":"[09:56:31] 📊 \u001b[32m[USAGE] NVIDIA | in=90374 | out=396 | account=dd511141...\u001b[0m \u001b[33m(estimated)\u001b[0m | cache_read=90048","timestamp":"2026-07-27T09:56:31.566Z"}

data: {"data":"[09:56:31] 🌊 [STREAM] NVIDIA | z-ai/glm-5.2 | 13387ms | complete","timestamp":"2026-07-27T09:56:31.575Z"}

data: {"data":"[INFO] [SKILLS_INJECTION] skills.injection.skipped {\"apiKeyId\":\"env-key\",\"reason\":\"no_enabled_skills\"}","timestamp":"2026-07-27T09:56:31.867Z"}

data: {"data":"{\"level\":30,\"time\":\"2026-07-27T09:56:31.860Z\",\"service\":\"omniroute\",\"module\":\"sse\",\"tag\":\"HTTP\",\"method\":\"POST\",\"path\":\"/v1/messages | nvidia/z-ai/glm-5.2 | 1 msgs | 1 tools\",\"msg\":\"📥 POST /v1/messages | nvidia/z-ai/glm-5.2 | 1 msgs | 1 tools\"}","timestamp":"2026-07-27T09:56:31.870Z"}

data: {"data":"{\"level\":30,\"time\":\"2026-07-27T09:56:31.861Z\",\"service\":\"omniroute\",\"module\":\"sse\",\"tag\":\"ROUTING\",\"msg\":\"Provider: nvidia, Model: z-ai/glm-5.2\"}","timestamp":"2026-07-27T09:56:31.870Z"}

data: {"data":"{\"level\":30,\"time\":\"2026-07-27T09:56:31.865Z\",\"service\":\"omniroute\",\"module\":\"sse\",\"tag\":\"AUTH\",\"msg\":\"session_key=input:sha256:384bf... has no available affinity target\"}","timestamp":"2026-07-27T09:56:31.870Z"}

data: {"data":"{\"level\":30,\"time\":\"2026-07-27T09:56:31.866Z\",\"service\":\"omniroute\",\"module\":\"sse\",\"tag\":\"AUTH\",\"msg\":\"Using nvidia account: 2bcea68b...\"}","timestamp":"2026-07-27T09:56:31.870Z"}

data: {"data":"[09:56:38] 📊 \u001b[32m[USAGE] NVIDIA | in=176 | out=35 | account=2bcea68b...\u001b[0m \u001b[33m(estimated)\u001b[0m","timestamp":"2026-07-27T09:56:38.625Z"}

data: {"data":"[09:56:38] 🌊 [STREAM] NVIDIA | z-ai/glm-5.2 | 6757ms | complete","timestamp":"2026-07-27T09:56:38.627Z"}

data: {"data":"time=2026-07-27T09:56:38.923Z level=INFO msg=\"l0 retention enforced\" db=storage.sqlite deleted_count=10 max_l1_txid=00000000000004fe","timestamp":"2026-07-27T09:56:38.923Z"}

data: {"data":"time=2026-07-27T09:56:38.923Z level=INFO msg=\"compaction complete\" level=1 txid.min=00000000000004f9 txid.max=00000000000004fe size=554946","timestamp":"2026-07-27T09:56:38.923Z"}

data: {"data":"[INFO] [SKILLS_INJECTION] skills.injection.skipped {\"apiKeyId\":\"env-key\",\"reason\":\"no_enabled_skills\"}","timestamp":"2026-07-27T09:56:40.086Z"}

data: {"data":"{\"level\":30,\"time\":\"2026-07-27T09:56:40.080Z\",\"service\":\"omniroute\",\"module\":\"sse\",\"tag\":\"HTTP\",\"method\":\"POST\",\"path\":\"/v1/messages | nvidia/z-ai/glm-5.2 | 1 msgs\",\"msg\":\"📥 POST /v1/messages | nvidia/z-ai/glm-5.2 | 1 msgs\"}","timestamp":"2026-07-27T09:56:40.087Z"}

data: {"data":"{\"level\":30,\"time\":\"2026-07-27T09:56:40.081Z\",\"service\":\"omniroute\",\"module\":\"sse\",\"tag\":\"ROUTING\",\"msg\":\"Provider: nvidia, Model: z-ai/glm-5.2\"}","timestamp":"2026-07-27T09:56:40.088Z"}

data: {"data":"{\"level\":30,\"time\":\"2026-07-27T09:56:40.084Z\",\"service\":\"omniroute\",\"module\":\"sse\",\"tag\":\"AUTH\",\"msg\":\"session_key=input:sha256:8c83c... has no available affinity target\"}","timestamp":"2026-07-27T09:56:40.088Z"}

data: {"data":"{\"level\":30,\"time\":\"2026-07-27T09:56:40.084Z\",\"service\":\"omniroute\",\"module\":\"sse\",\"tag\":\"AUTH\",\"msg\":\"Using nvidia account: 1830e4f7...\"}","timestamp":"2026-07-27T09:56:40.088Z"}

data: {"data":"[09:56:51] 📊 \u001b[32m[USAGE] NVIDIA | in=1402 | out=337 | account=1830e4f7...\u001b[0m \u001b[33m(estimated)\u001b[0m","timestamp":"2026-07-27T09:56:51.814Z"}

data: {"data":"[09:56:51] 🌊 [STREAM] NVIDIA | z-ai/glm-5.2 | 11729ms | complete","timestamp":"2026-07-27T09:56:51.817Z"}

data: {"data":"[INFO] [SKILLS_INJECTION] skills.injection.skipped {\"apiKeyId\":\"env-key\",\"reason\":\"no_enabled_skills\"}","timestamp":"2026-07-27T09:56:53.165Z"}

data: {"data":"{\"level\":30,\"time\":\"2026-07-27T09:56:53.099Z\",\"service\":\"omniroute\",\"module\":\"sse\",\"tag\":\"HTTP\",\"method\":\"POST\",\"path\":\"/v1/messages | nvidia/z-ai/glm-5.2 | 120 msgs | 40 tools\",\"msg\":\"📥 POST /v1/messages | nvidia/z-ai/glm-5.2 | 120 msgs | 40 tools\"}","timestamp":"2026-07-27T09:56:53.191Z"}

data: {"data":"{\"level\":30,\"time\":\"2026-07-27T09:56:53.107Z\",\"service\":\"omniroute\",\"module\":\"sse\",\"tag\":\"ROUTING\",\"msg\":\"Provider: nvidia, Model: z-ai/glm-5.2\"}","timestamp":"2026-07-27T09:56:53.191Z"}

data: {"data":"{\"level\":30,\"time\":\"2026-07-27T09:56:53.111Z\",\"service\":\"omniroute\",\"module\":\"sse\",\"tag\":\"AUTH\",\"msg\":\"session_key=input:sha256:7c23a... has no available affinity target\"}","timestamp":"2026-07-27T09:56:53.191Z"}

data: {"data":"{\"level\":30,\"time\":\"2026-07-27T09:56:53.112Z\",\"service\":\"omniroute\",\"module\":\"sse\",\"tag\":\"AUTH\",\"msg\":\"Using nvidia account: 58f42365...\"}","timestamp":"2026-07-27T09:56:53.191Z"}

data: {"data":"time=2026-07-27T09:57:08.769Z level=INFO msg=\"l0 retention enforced\" db=storage.sqlite deleted_count=13 max_l1_txid=0000000000000505","timestamp":"2026-07-27T09:57:08.770Z"}

data: {"data":"time=2026-07-27T09:57:08.770Z level=INFO msg=\"compaction complete\" level=1 txid.min=00000000000004ff txid.max=0000000000000505 size=68181","timestamp":"2026-07-27T09:57:08.770Z"}

data: {"data":"[09:57:11] 📊 \u001b[32m[USAGE] NVIDIA | in=91167 | out=314 | account=58f42365...\u001b[0m \u001b[33m(estimated)\u001b[0m | cache_read=1856","timestamp":"2026-07-27T09:57:11.537Z"}

data: {"data":"[09:57:11] 🌊 [STREAM] NVIDIA | z-ai/glm-5.2 | 18369ms | complete","timestamp":"2026-07-27T09:57:11.543Z"}

data: {"data":"[INFO] [SKILLS_INJECTION] skills.injection.skipped {\"apiKeyId\":\"env-key\",\"reason\":\"no_enabled_skills\"}","timestamp":"2026-07-27T09:57:12.530Z"}

data: {"data":"{\"level\":30,\"time\":\"2026-07-27T09:57:12.515Z\",\"service\":\"omniroute\",\"module\":\"sse\",\"tag\":\"HTTP\",\"method\":\"POST\",\"path\":\"/v1/messages | nvidia/z-ai/glm-5.2 | 1 msgs\",\"msg\":\"📥 POST /v1/messages | nvidia/z-ai/glm-5.2 | 1 msgs\"}","timestamp":"2026-07-27T09:57:12.533Z"}

data: {"data":"{\"level\":30,\"time\":\"2026-07-27T09:57:12.520Z\",\"service\":\"omniroute\",\"module\":\"sse\",\"tag\":\"ROUTING\",\"msg\":\"Provider: nvidia, Model: z-ai/glm-5.2\"}","timestamp":"2026-07-27T09:57:12.533Z"}

data: {"data":"{\"level\":30,\"time\":\"2026-07-27T09:57:12.524Z\",\"service\":\"omniroute\",\"module\":\"sse\",\"tag\":\"AUTH\",\"msg\":\"session_key=input:sha256:52e69... has no available affinity target\"}","timestamp":"2026-07-27T09:57:12.533Z"}

data: {"data":"{\"level\":30,\"time\":\"2026-07-27T09:57:12.524Z\",\"service\":\"omniroute\",\"module\":\"sse\",\"tag\":\"AUTH\",\"msg\":\"Using nvidia account: 09665ab2...\"}","timestamp":"2026-07-27T09:57:12.533Z"}

data: {"data":"time=2026-07-27T09:57:38.401Z level=INFO msg=\"l0 retention enforced\" db=storage.sqlite deleted_count=4 max_l1_txid=000000000000050a","timestamp":"2026-07-27T09:57:38.401Z"}

data: {"data":"time=2026-07-27T09:57:38.401Z level=INFO msg=\"compaction complete\" level=1 txid.min=0000000000000506 txid.max=000000000000050a size=556697","timestamp":"2026-07-27T09:57:38.401Z"}

data: {"data":"[09:58:02] 📊 \u001b[32m[USAGE] NVIDIA | in=24573 | out=959 | account=09665ab2...\u001b[0m \u001b[33m(estimated)\u001b[0m","timestamp":"2026-07-27T09:58:02.907Z"}

data: {"data":"[09:58:02] 🌊 [STREAM] NVIDIA | z-ai/glm-5.2 | 50378ms | complete","timestamp":"2026-07-27T09:58:02.910Z"}

data: {"data":"[INFO] [SKILLS_INJECTION] skills.injection.skipped {\"apiKeyId\":\"env-key\",\"reason\":\"no_enabled_skills\"}","timestamp":"2026-07-27T09:58:33.588Z"}

data: {"data":"{\"level\":30,\"time\":\"2026-07-27T09:58:33.578Z\",\"service\":\"omniroute\",\"module\":\"sse\",\"tag\":\"HTTP\",\"method\":\"POST\",\"path\":\"/v1/messages | nvidia/z-ai/glm-5.2 | 1 msgs\",\"msg\":\"📥 POST /v1/messages | nvidia/z-ai/glm-5.2 | 1 msgs\"}","timestamp":"2026-07-27T09:58:33.591Z"}

data: {"data":"{\"level\":30,\"time\":\"2026-07-27T09:58:33.581Z\",\"service\":\"omniroute\",\"module\":\"sse\",\"tag\":\"ROUTING\",\"msg\":\"Provider: nvidia, Model: z-ai/glm-5.2\"}","timestamp":"2026-07-27T09:58:33.591Z"}

data: {"data":"{\"level\":30,\"time\":\"2026-07-27T09:58:33.585Z\",\"service\":\"omniroute\",\"module\":\"sse\",\"tag\":\"AUTH\",\"msg\":\"session_key=input:sha256:7be74... has no available affinity target\"}","timestamp":"2026-07-27T09:58:33.591Z"}

data: {"data":"{\"level\":30,\"time\":\"2026-07-27T09:58:33.585Z\",\"service\":\"omniroute\",\"module\":\"sse\",\"tag\":\"AUTH\",\"msg\":\"Using nvidia account: 2d9ef15f...\"}","timestamp":"2026-07-27T09:58:33.591Z"}

data: {"data":"time=2026-07-27T09:58:34.147Z level=INFO msg=\"l0 retention enforced\" db=storage.sqlite deleted_count=2 max_l1_txid=000000000000050b","timestamp":"2026-07-27T09:58:34.147Z"}

data: {"data":"time=2026-07-27T09:58:34.147Z level=INFO msg=\"compaction complete\" level=1 txid.min=000000000000050b txid.max=000000000000050b size=34421","timestamp":"2026-07-27T09:58:34.147Z"}

data: {"data":"time=2026-07-27T09:59:06.207Z level=INFO msg=\"compaction complete\" level=1 txid.min=000000000000050c txid.max=000000000000050e size=557228","timestamp":"2026-07-27T09:59:06.207Z"}

data: {"data":"[09:59:43] 📊 \u001b[32m[USAGE] NVIDIA | in=11343 | out=1006 | account=2d9ef15f...\u001b[0m \u001b[33m(estimated)\u001b[0m","timestamp":"2026-07-27T09:59:43.055Z"}

data: {"data":"[09:59:43] 🌊 [STREAM] NVIDIA | z-ai/glm-5.2 | 69467ms | complete","timestamp":"2026-07-27T09:59:43.057Z"}

data: {"data":"[INFO] [SKILLS_INJECTION] skills.injection.skipped {\"apiKeyId\":\"env-key\",\"reason\":\"no_enabled_skills\"}","timestamp":"2026-07-27T09:59:44.016Z"}

data: {"data":"{\"level\":30,\"time\":\"2026-07-27T09:59:43.951Z\",\"service\":\"omniroute\",\"module\":\"sse\",\"tag\":\"HTTP\",\"method\":\"POST\",\"path\":\"/v1/messages | nvidia/z-ai/glm-5.2 | 123 msgs | 40 tools\",\"msg\":\"📥 POST /v1/messages | nvidia/z-ai/glm-5.2 | 123 msgs | 40 tools\"}","timestamp":"2026-07-27T09:59:44.037Z"}

data: {"data":"{\"level\":30,\"time\":\"2026-07-27T09:59:43.958Z\",\"service\":\"omniroute\",\"module\":\"sse\",\"tag\":\"ROUTING\",\"msg\":\"Provider: nvidia, Model: z-ai/glm-5.2\"}","timestamp":"2026-07-27T09:59:44.037Z"}

data: {"data":"{\"level\":30,\"time\":\"2026-07-27T09:59:43.961Z\",\"service\":\"omniroute\",\"module\":\"sse\",\"tag\":\"AUTH\",\"msg\":\"session_key=input:sha256:7c23a... has no available affinity target\"}","timestamp":"2026-07-27T09:59:44.037Z"}

data: {"data":"{\"level\":30,\"time\":\"2026-07-27T09:59:43.962Z\",\"service\":\"omniroute\",\"module\":\"sse\",\"tag\":\"AUTH\",\"msg\":\"Using nvidia account: 53f96ffa...\"}","timestamp":"2026-07-27T09:59:44.037Z"}

data: {"data":"time=2026-07-27T09:59:56.726Z level=INFO msg=\"l0 retention enforced\" db=storage.sqlite deleted_count=2 max_l1_txid=000000000000050e","timestamp":"2026-07-27T09:59:56.726Z"}

data: {"data":"[09:59:58] 📊 \u001b[32m[USAGE] NVIDIA | in=93538 | out=485 | account=53f96ffa...\u001b[0m \u001b[33m(estimated)\u001b[0m | cache_read=576","timestamp":"2026-07-27T09:59:58.600Z"}

data: {"data":"[09:59:58] 🌊 [STREAM] NVIDIA | z-ai/glm-5.2 | 14587ms | complete","timestamp":"2026-07-27T09:59:58.609Z"}

data: {"data":"[INFO] [SKILLS_INJECTION] skills.injection.skipped {\"apiKeyId\":\"env-key\",\"reason\":\"no_enabled_skills\"}","timestamp":"2026-07-27T09:59:59.426Z"}

data: {"data":"{\"level\":30,\"time\":\"2026-07-27T09:59:59.361Z\",\"service\":\"omniroute\",\"module\":\"sse\",\"tag\":\"HTTP\",\"method\":\"POST\",\"path\":\"/v1/messages | nvidia/z-ai/glm-5.2 | 125 msgs | 40 tools\",\"msg\":\"📥 POST /v1/messages | nvidia/z-ai/glm-5.2 | 125 msgs | 40 tools\"}","timestamp":"2026-07-27T09:59:59.447Z"}

data: {"data":"{\"level\":30,\"time\":\"2026-07-27T09:59:59.367Z\",\"service\":\"omniroute\",\"module\":\"sse\",\"tag\":\"ROUTING\",\"msg\":\"Provider: nvidia, Model: z-ai/glm-5.2\"}","timestamp":"2026-07-27T09:59:59.447Z"}

data: {"data":"{\"level\":30,\"time\":\"2026-07-27T09:59:59.371Z\",\"service\":\"omniroute\",\"module\":\"sse\",\"tag\":\"AUTH\",\"msg\":\"session_key=input:sha256:7c23a... has no available affinity target\"}","timestamp":"2026-07-27T09:59:59.447Z"}

data: {"data":"{\"level\":30,\"time\":\"2026-07-27T09:59:59.371Z\",\"service\":\"omniroute\",\"module\":\"sse\",\"tag\":\"AUTH\",\"msg\":\"Using nvidia account: deb0258d...\"}","timestamp":"2026-07-27T09:59:59.447Z"}

data: {"data":"time=2026-07-27T10:00:03.142Z level=INFO msg=\"compaction complete\" level=1 txid.min=000000000000050f txid.max=0000000000000513 size=557943","timestamp":"2026-07-27T10:00:03.142Z"}

data: {"data":"[10:00:03] 📊 \u001b[32m[USAGE] NVIDIA | in=94067 | out=18 | account=deb0258d...\u001b[0m | cache_read=64","timestamp":"2026-07-27T10:00:03.969Z"}

data: {"data":"[10:00:03] 🌊 [STREAM] NVIDIA | z-ai/glm-5.2 | 4542ms | complete","timestamp":"2026-07-27T10:00:03.974Z"}

data: {"data":"time=2026-07-27T10:00:04.358Z level=INFO msg=\"snapshot complete\" txid=0000000000000515 size=558485","timestamp":"2026-07-27T10:00:04.358Z"}

data: {"data":"[INFO] [SKILLS_INJECTION] skills.injection.skipped {\"apiKeyId\":\"env-key\",\"reason\":\"no_enabled_skills\"}","timestamp":"2026-07-27T10:00:04.748Z"}

data: {"data":"{\"level\":30,\"time\":\"2026-07-27T10:00:04.683Z\",\"service\":\"omniroute\",\"module\":\"sse\",\"tag\":\"HTTP\",\"method\":\"POST\",\"path\":\"/v1/messages | nvidia/z-ai/glm-5.2 | 127 msgs | 40 tools\",\"msg\":\"📥 POST /v1/messages | nvidia/z-ai/glm-5.2 | 127 msgs | 40 tools\"}","timestamp":"2026-07-27T10:00:04.770Z"}

data: {"data":"{\"level\":30,\"time\":\"2026-07-27T10:00:04.689Z\",\"service\":\"omniroute\",\"module\":\"sse\",\"tag\":\"ROUTING\",\"msg\":\"Provider: nvidia, Model: z-ai/glm-5.2\"}","timestamp":"2026-07-27T10:00:04.770Z"}

data: {"data":"{\"level\":30,\"time\":\"2026-07-27T10:00:04.694Z\",\"service\":\"omniroute\",\"module\":\"sse\",\"tag\":\"AUTH\",\"msg\":\"session_key=input:sha256:7c23a... has no available affinity target\"}","timestamp":"2026-07-27T10:00:04.770Z"}

data: {"data":"{\"level\":30,\"time\":\"2026-07-27T10:00:04.695Z\",\"service\":\"omniroute\",\"module\":\"sse\",\"tag\":\"AUTH\",\"msg\":\"Using nvidia account: 3317f8d3...\"}","timestamp":"2026-07-27T10:00:04.770Z"}

data: {"data":"time=2026-07-27T10:00:08.426Z level=INFO msg=\"compaction complete\" level=3 txid.min=000000000000044e txid.max=00000000000004f5 size=553633","timestamp":"2026-07-27T10:00:08.426Z"}

data: {"data":"time=2026-07-27T10:00:10.987Z level=INFO msg=\"compaction complete\" level=2 txid.min=00000000000004f6 txid.max=0000000000000513 size=557943","timestamp":"2026-07-27T10:00:10.987Z"}

data: {"data":"[10:00:15] 📊 \u001b[32m[USAGE] NVIDIA | in=94095 | out=103 | account=3317f8d3...\u001b[0m \u001b[33m(estimated)\u001b[0m | cache_read=384","timestamp":"2026-07-27T10:00:15.169Z"}

data: {"data":"[10:00:15] 🌊 [STREAM] NVIDIA | z-ai/glm-5.2 | 10425ms | complete","timestamp":"2026-07-27T10:00:15.179Z"}

data: {"data":"[INFO] [SKILLS_INJECTION] skills.injection.skipped {\"apiKeyId\":\"env-key\",\"reason\":\"no_enabled_skills\"}","timestamp":"2026-07-27T10:00:16.068Z"}

data: {"data":"{\"level\":30,\"time\":\"2026-07-27T10:00:16.012Z\",\"service\":\"omniroute\",\"module\":\"sse\",\"tag\":\"HTTP\",\"method\":\"POST\",\"path\":\"/v1/messages | nvidia/z-ai/glm-5.2 | 129 msgs | 40 tools\",\"msg\":\"📥 POST /v1/messages | nvidia/z-ai/glm-5.2 | 129 msgs | 40 tools\"}","timestamp":"2026-07-27T10:00:16.098Z"}

data: {"data":"{\"level\":30,\"time\":\"2026-07-27T10:00:16.019Z\",\"service\":\"omniroute\",\"module\":\"sse\",\"tag\":\"ROUTING\",\"msg\":\"Provider: nvidia, Model: z-ai/glm-5.2\"}","timestamp":"2026-07-27T10:00:16.099Z"}

data: {"data":"{\"level\":30,\"time\":\"2026-07-27T10:00:16.022Z\",\"service\":\"omniroute\",\"module\":\"sse\",\"tag\":\"AUTH\",\"msg\":\"session_key=input:sha256:7c23a... has no available affinity target\"}","timestamp":"2026-07-27T10:00:16.099Z"}

data: {"data":"{\"level\":30,\"time\":\"2026-07-27T10:00:16.023Z\",\"service\":\"omniroute\",\"module\":\"sse\",\"tag\":\"AUTH\",\"msg\":\"Using nvidia account: c5116293...\"}","timestamp":"2026-07-27T10:00:16.099Z"}

data: {"data":"time=2026-07-27T10:00:35.624Z level=INFO msg=\"compaction complete\" level=1 txid.min=0000000000000514 txid.max=0000000000000519 size=67192","timestamp":"2026-07-27T10:00:35.625Z"}

data: {"data":"🧹 [RATE-LIMIT] Evicting idle limiter: nvidia:cb888a54-217d-4ad6-b191-1cc5d06841e0 (inactive for 614s)","timestamp":"2026-07-27T10:01:05.144Z"}

data: {"data":"🧹 [RATE-LIMIT] Evicting idle limiter: nvidia:d65f33e2-26b4-4096-bb40-214be567a5f8 (inactive for 609s)","timestamp":"2026-07-27T10:01:05.144Z"}

data: {"data":"🧹 [RATE-LIMIT] Evicting idle limiter: nvidia:ccaad834-d081-4ec4-8e8d-713afc7d722f (inactive for 604s)","timestamp":"2026-07-27T10:01:05.144Z"}

data: {"data":"🧹 [RATE-LIMIT] Evicting idle limiter: nvidia:def58a55-cab9-4048-a69b-4fa1ae9d557a (inactive for 629s)","timestamp":"2026-07-27T10:01:35.144Z"}

data: {"data":"🧹 [RATE-LIMIT] Evicting idle limiter: nvidia:2d039916-88d8-495f-b886-bd5dc25ce047 (inactive for 628s)","timestamp":"2026-07-27T10:01:35.144Z"}

data: {"data":"🧹 [RATE-LIMIT] Evicting idle limiter: nvidia:d6a27df9-fb28-429e-9c1d-dbe475f7ea4d (inactive for 616s)","timestamp":"2026-07-27T10:01:35.144Z"}

data: {"data":"[10:01:49] 📊 \u001b[32m[USAGE] NVIDIA | in=94240 | out=2447 | account=c5116293...\u001b[0m \u001b[33m(estimated)\u001b[0m | cache_read=93824","timestamp":"2026-07-27T10:01:49.695Z"}

data: {"data":"[10:01:49] 🌊 [STREAM] NVIDIA | z-ai/glm-5.2 | 93632ms | complete","timestamp":"2026-07-27T10:01:49.705Z"}

data: {"data":"[INFO] [SKILLS_INJECTION] skills.injection.skipped {\"apiKeyId\":\"env-key\",\"reason\":\"no_enabled_skills\"}","timestamp":"2026-07-27T10:01:50.592Z"}

data: {"data":"{\"level\":30,\"time\":\"2026-07-27T10:01:50.520Z\",\"service\":\"omniroute\",\"module\":\"sse\",\"tag\":\"HTTP\",\"method\":\"POST\",\"path\":\"/v1/messages | nvidia/z-ai/glm-5.2 | 131 msgs | 40 tools\",\"msg\":\"📥 POST /v1/messages | nvidia/z-ai/glm-5.2 | 131 msgs | 40 tools\"}","timestamp":"2026-07-27T10:01:50.633Z"}

data: {"data":"{\"level\":30,\"time\":\"2026-07-27T10:01:50.531Z\",\"service\":\"omniroute\",\"module\":\"sse\",\"tag\":\"ROUTING\",\"msg\":\"Provider: nvidia, Model: z-ai/glm-5.2\"}","timestamp":"2026-07-27T10:01:50.633Z"}

data: {"data":"{\"level\":30,\"time\":\"2026-07-27T10:01:50.535Z\",\"service\":\"omniroute\",\"module\":\"sse\",\"tag\":\"AUTH\",\"msg\":\"session_key=input:sha256:7c23a... has no available affinity target\"}","timestamp":"2026-07-27T10:01:50.633Z"}

data: {"data":"{\"level\":30,\"time\":\"2026-07-27T10:01:50.536Z\",\"service\":\"omniroute\",\"module\":\"sse\",\"tag\":\"AUTH\",\"msg\":\"Using nvidia account: cb888a54...\"}","timestamp":"2026-07-27T10:01:50.633Z"}

data: {"data":"time=2026-07-27T10:02:04.772Z level=INFO msg=\"l0 retention enforced\" db=storage.sqlite deleted_count=16 max_l1_txid=000000000000051d","timestamp":"2026-07-27T10:02:04.772Z"}

data: {"data":"time=2026-07-27T10:02:04.772Z level=INFO msg=\"compaction complete\" level=1 txid.min=000000000000051a txid.max=000000000000051d size=560243","timestamp":"2026-07-27T10:02:04.772Z"}

data: {"data":"🧹 [RATE-LIMIT] Evicting idle limiter: nvidia:7d5d42c4-bb15-43da-a1b5-a4a2b52871c2 (inactive for 630s)","timestamp":"2026-07-27T10:02:05.144Z"}

data: {"data":"🧹 [RATE-LIMIT] Evicting idle limiter: nvidia:f2b0933a-888d-4a49-ab58-6012fcfb9314 (inactive for 622s)","timestamp":"2026-07-27T10:02:05.144Z"}

data: {"data":"🧹 [RATE-LIMIT] Evicting idle limiter: nvidia:9cda5fc2-7ae2-426a-a38c-35b9aa4856af (inactive for 616s)","timestamp":"2026-07-27T10:02:05.144Z"}

data: {"data":"🧹 [RATE-LIMIT] Evicting idle limiter: nvidia:d1717878-cbd3-4392-b5af-5add1c10d751 (inactive for 611s)","timestamp":"2026-07-27T10:02:05.144Z"}

data: {"data":"[10:02:29] 📊 \u001b[32m[USAGE] NVIDIA | in=96728 | out=1414 | account=cb888a54...\u001b[0m \u001b[33m(estimated)\u001b[0m | cache_read=32768","timestamp":"2026-07-27T10:02:29.591Z"}

data: {"data":"[10:02:29] 🌊 [STREAM] NVIDIA | z-ai/glm-5.2 | 38994ms | complete","timestamp":"2026-07-27T10:02:29.602Z"}

data: {"data":"[INFO] [SKILLS_INJECTION] skills.injection.skipped {\"apiKeyId\":\"env-key\",\"reason\":\"no_enabled_skills\"}","timestamp":"2026-07-27T10:02:30.298Z"}

data: {"data":"{\"level\":30,\"time\":\"2026-07-27T10:02:30.239Z\",\"service\":\"omniroute\",\"module\":\"sse\",\"tag\":\"HTTP\",\"method\":\"POST\",\"path\":\"/v1/messages | nvidia/z-ai/glm-5.2 | 133 msgs | 40 tools\",\"msg\":\"📥 POST /v1/messages | nvidia/z-ai/glm-5.2 | 133 msgs | 40 tools\"}","timestamp":"2026-07-27T10:02:30.330Z"}

data: {"data":"{\"level\":30,\"time\":\"2026-07-27T10:02:30.245Z\",\"service\":\"omniroute\",\"module\":\"sse\",\"tag\":\"ROUTING\",\"msg\":\"Provider: nvidia, Model: z-ai/glm-5.2\"}","timestamp":"2026-07-27T10:02:30.330Z"}

data: {"data":"{\"level\":30,\"time\":\"2026-07-27T10:02:30.248Z\",\"service\":\"omniroute\",\"module\":\"sse\",\"tag\":\"AUTH\",\"msg\":\"session_key=input:sha256:7c23a... has no available affinity target\"}","timestamp":"2026-07-27T10:02:30.330Z"}

data: {"data":"{\"level\":30,\"time\":\"2026-07-27T10:02:30.249Z\",\"service\":\"omniroute\",\"module\":\"sse\",\"tag\":\"AUTH\",\"msg\":\"Using nvidia account: d65f33e2...\"}","timestamp":"2026-07-27T10:02:30.330Z"}

data: {"data":"🧹 [RATE-LIMIT] Evicting idle limiter: nvidia:a0c72227-ba89-4b89-bae4-cff099d02562 (inactive for 628s)","timestamp":"2026-07-27T10:02:35.144Z"}

data: {"data":"🧹 [RATE-LIMIT] Evicting idle limiter: nvidia:38a09429-95ad-4b2f-940b-ed886fad7d7a (inactive for 613s)","timestamp":"2026-07-27T10:02:35.144Z"}

data: {"data":"🧹 [RATE-LIMIT] Evicting idle limiter: nvidia:9865dfaa-3680-4a2c-a952-16cf94dddd04 (inactive for 612s)","timestamp":"2026-07-27T10:02:35.144Z"}

data: {"data":"time=2026-07-27T10:02:38.356Z level=INFO msg=\"l0 retention enforced\" db=storage.sqlite deleted_count=5 max_l1_txid=000000000000051f","timestamp":"2026-07-27T10:02:38.356Z"}

data: {"data":"time=2026-07-27T10:02:38.356Z level=INFO msg=\"compaction complete\" level=1 txid.min=000000000000051e txid.max=000000000000051f size=40164","timestamp":"2026-07-27T10:02:38.356Z"}

data: {"data":"[10:02:55] 📊 \u001b[32m[USAGE] NVIDIA | in=98225 | out=968 | account=d65f33e2...\u001b[0m \u001b[33m(estimated)\u001b[0m | cache_read=98112","timestamp":"2026-07-27T10:02:55.218Z"}

data: {"data":"[10:02:55] 🌊 [STREAM] NVIDIA | z-ai/glm-5.2 | 24917ms | complete","timestamp":"2026-07-27T10:02:55.224Z"}

data: {"data":"[INFO] [SKILLS_INJECTION] skills.injection.skipped {\"apiKeyId\":\"env-key\",\"reason\":\"no_enabled_skills\"}","timestamp":"2026-07-27T10:02:56.046Z"}

data: {"data":"{\"level\":30,\"time\":\"2026-07-27T10:02:55.978Z\",\"service\":\"omniroute\",\"module\":\"sse\",\"tag\":\"HTTP\",\"method\":\"POST\",\"path\":\"/v1/messages | nvidia/z-ai/glm-5.2 | 136 msgs | 40 tools\",\"msg\":\"📥 POST /v1/messages | nvidia/z-ai/glm-5.2 | 136 msgs | 40 tools\"}","timestamp":"2026-07-27T10:02:56.071Z"}

data: {"data":"{\"level\":30,\"time\":\"2026-07-27T10:02:55.985Z\",\"service\":\"omniroute\",\"module\":\"sse\",\"tag\":\"ROUTING\",\"msg\":\"Provider: nvidia, Model: z-ai/glm-5.2\"}","timestamp":"2026-07-27T10:02:56.071Z"}

data: {"data":"{\"level\":30,\"time\":\"2026-07-27T10:02:55.989Z\",\"service\":\"omniroute\",\"module\":\"sse\",\"tag\":\"AUTH\",\"msg\":\"session_key=input:sha256:7c23a... has no available affinity target\"}","timestamp":"2026-07-27T10:02:56.071Z"}

data: {"data":"{\"level\":30,\"time\":\"2026-07-27T10:02:55.990Z\",\"service\":\"omniroute\",\"module\":\"sse\",\"tag\":\"AUTH\",\"msg\":\"Using nvidia account: ccaad834...\"}","timestamp":"2026-07-27T10:02:56.071Z"}

data: {"data":"[10:03:04] 📊 \u001b[32m[USAGE] NVIDIA | in=99402 | out=322 | account=ccaad834...\u001b[0m \u001b[33m(estimated)\u001b[0m | cache_read=99136","timestamp":"2026-07-27T10:03:04.348Z"}

data: {"data":"[10:03:04] 🌊 [STREAM] NVIDIA | z-ai/glm-5.2 | 8301ms | complete","timestamp":"2026-07-27T10:03:04.354Z"}

data: {"data":"[INFO] [SKILLS_INJECTION] skills.injection.skipped {\"apiKeyId\":\"env-key\",\"reason\":\"no_enabled_skills\"}","timestamp":"2026-07-27T10:03:05.275Z"}

data: {"data":"{\"level\":30,\"time\":\"2026-07-27T10:03:05.214Z\",\"service\":\"omniroute\",\"module\":\"sse\",\"tag\":\"HTTP\",\"method\":\"POST\",\"path\":\"/v1/messages | nvidia/z-ai/glm-5.2 | 138 msgs | 40 tools\",\"msg\":\"📥 POST /v1/messages | nvidia/z-ai/glm-5.2 | 138 msgs | 40 tools\"}","timestamp":"2026-07-27T10:03:05.298Z"}

data: {"data":"{\"level\":30,\"time\":\"2026-07-27T10:03:05.221Z\",\"service\":\"omniroute\",\"module\":\"sse\",\"tag\":\"ROUTING\",\"msg\":\"Provider: nvidia, Model: z-ai/glm-5.2\"}","timestamp":"2026-07-27T10:03:05.299Z"}

data: {"data":"{\"level\":30,\"time\":\"2026-07-27T10:03:05.224Z\",\"service\":\"omniroute\",\"module\":\"sse\",\"tag\":\"AUTH\",\"msg\":\"session_key=input:sha256:7c23a... has no available affinity target\"}","timestamp":"2026-07-27T10:03:05.299Z"}

data: {"data":"{\"level\":30,\"time\":\"2026-07-27T10:03:05.225Z\",\"service\":\"omniroute\",\"module\":\"sse\",\"tag\":\"AUTH\",\"msg\":\"Using nvidia account: def58a55...\"}","timestamp":"2026-07-27T10:03:05.299Z"}

data: {"data":"time=2026-07-27T10:03:07.455Z level=INFO msg=\"l0 retention enforced\" db=storage.sqlite deleted_count=1 max_l1_txid=0000000000000524","timestamp":"2026-07-27T10:03:07.455Z"}

data: {"data":"time=2026-07-27T10:03:07.455Z level=INFO msg=\"compaction complete\" level=1 txid.min=0000000000000520 txid.max=0000000000000524 size=561473","timestamp":"2026-07-27T10:03:07.455Z"}

data: {"data":"[10:03:15] 📊 \u001b[32m[USAGE] NVIDIA | in=99766 | out=130 | account=def58a55...\u001b[0m | cache_read=384","timestamp":"2026-07-27T10:03:15.984Z"}

data: {"data":"[10:03:15] 🌊 [STREAM] NVIDIA | z-ai/glm-5.2 | 10709ms | complete","timestamp":"2026-07-27T10:03:15.989Z"}

data: {"data":"{\"level\":30,\"time\":\"2026-07-27T10:03:15.980Z\",\"service\":\"omniroute\",\"module\":\"sse\",\"tag\":\"AUTH\",\"msg\":\"Account def58a55 error cleared\"}","timestamp":"2026-07-27T10:03:15.998Z"}

data: {"data":"[INFO] [SKILLS_INJECTION] skills.injection.skipped {\"apiKeyId\":\"env-key\",\"reason\":\"no_enabled_skills\"}","timestamp":"2026-07-27T10:03:16.745Z"}

data: {"data":"{\"level\":30,\"time\":\"2026-07-27T10:03:16.685Z\",\"service\":\"omniroute\",\"module\":\"sse\",\"tag\":\"HTTP\",\"method\":\"POST\",\"path\":\"/v1/messages | nvidia/z-ai/glm-5.2 | 140 msgs | 40 tools\",\"msg\":\"📥 POST /v1/messages | nvidia/z-ai/glm-5.2 | 140 msgs | 40 tools\"}","timestamp":"2026-07-27T10:03:16.765Z"}

data: {"data":"{\"level\":30,\"time\":\"2026-07-27T10:03:16.692Z\",\"service\":\"omniroute\",\"module\":\"sse\",\"tag\":\"ROUTING\",\"msg\":\"Provider: nvidia, Model: z-ai/glm-5.2\"}","timestamp":"2026-07-27T10:03:16.765Z"}

data: {"data":"{\"level\":30,\"time\":\"2026-07-27T10:03:16.695Z\",\"service\":\"omniroute\",\"module\":\"sse\",\"tag\":\"AUTH\",\"msg\":\"session_key=input:sha256:7c23a... has no available affinity target\"}","timestamp":"2026-07-27T10:03:16.765Z"}

data: {"data":"{\"level\":30,\"time\":\"2026-07-27T10:03:16.696Z\",\"service\":\"omniroute\",\"module\":\"sse\",\"tag\":\"AUTH\",\"msg\":\"Using nvidia account: 2d039916...\"}","timestamp":"2026-07-27T10:03:16.765Z"}

data: {"data":"[10:03:22] 📊 \u001b[32m[USAGE] NVIDIA | in=99909 | out=45 | account=2d039916...\u001b[0m \u001b[33m(estimated)\u001b[0m | cache_read=99840","timestamp":"2026-07-27T10:03:22.638Z"}

data: {"data":"[10:03:22] 🌊 [STREAM] NVIDIA | z-ai/glm-5.2 | 5893ms | complete","timestamp":"2026-07-27T10:03:22.644Z"}

data: {"data":"(node:816) MaxListenersExceededWarning: Possible EventEmitter memory leak detected. 11 connect listeners added to [Socket]. MaxListeners is 10. Use emitter.setMaxListeners() to increase limit","timestamp":"2026-07-27T10:03:22.975Z"}

data: {"data":"[INFO] [SKILLS_INJECTION] skills.injection.skipped {\"apiKeyId\":\"env-key\",\"reason\":\"no_enabled_skills\"}","timestamp":"2026-07-27T10:03:23.251Z"}

data: {"data":"{\"level\":30,\"time\":\"2026-07-27T10:03:23.189Z\",\"service\":\"omniroute\",\"module\":\"sse\",\"tag\":\"HTTP\",\"method\":\"POST\",\"path\":\"/v1/messages | nvidia/z-ai/glm-5.2 | 142 msgs | 40 tools\",\"msg\":\"📥 POST /v1/messages | nvidia/z-ai/glm-5.2 | 142 msgs | 40 tools\"}","timestamp":"2026-07-27T10:03:23.270Z"}

data: {"data":"{\"level\":30,\"time\":\"2026-07-27T10:03:23.199Z\",\"service\":\"omniroute\",\"module\":\"sse\",\"tag\":\"ROUTING\",\"msg\":\"Provider: nvidia, Model: z-ai/glm-5.2\"}","timestamp":"2026-07-27T10:03:23.270Z"}

data: {"data":"{\"level\":30,\"time\":\"2026-07-27T10:03:23.204Z\",\"service\":\"omniroute\",\"module\":\"sse\",\"tag\":\"AUTH\",\"msg\":\"session_key=input:sha256:7c23a... has no available affinity target\"}","timestamp":"2026-07-27T10:03:23.270Z"}

data: {"data":"{\"level\":30,\"time\":\"2026-07-27T10:03:23.204Z\",\"service\":\"omniroute\",\"module\":\"sse\",\"tag\":\"AUTH\",\"msg\":\"Using nvidia account: d6a27df9...\"}","timestamp":"2026-07-27T10:03:23.270Z"}

data: {"data":"[10:03:25] 📊 \u001b[32m[USAGE] NVIDIA | in=99964 | out=18 | account=d6a27df9...\u001b[0m | cache_read=99712","timestamp":"2026-07-27T10:03:25.506Z"}

data: {"data":"[10:03:25] 🌊 [STREAM] NVIDIA | z-ai/glm-5.2 | 2257ms | complete","timestamp":"2026-07-27T10:03:25.513Z"}

data: {"data":"[INFO] [SKILLS_INJECTION] skills.injection.skipped {\"apiKeyId\":\"env-key\",\"reason\":\"no_enabled_skills\"}","timestamp":"2026-07-27T10:03:26.142Z"}

data: {"data":"{\"level\":30,\"time\":\"2026-07-27T10:03:26.083Z\",\"service\":\"omniroute\",\"module\":\"sse\",\"tag\":\"HTTP\",\"method\":\"POST\",\"path\":\"/v1/messages | nvidia/z-ai/glm-5.2 | 144 msgs | 40 tools\",\"msg\":\"📥 POST /v1/messages | nvidia/z-ai/glm-5.2 | 144 msgs | 40 tools\"}","timestamp":"2026-07-27T10:03:26.175Z"}

data: {"data":"{\"level\":30,\"time\":\"2026-07-27T10:03:26.089Z\",\"service\":\"omniroute\",\"module\":\"sse\",\"tag\":\"ROUTING\",\"msg\":\"Provider: nvidia, Model: z-ai/glm-5.2\"}","timestamp":"2026-07-27T10:03:26.175Z"}

data: {"data":"{\"level\":30,\"time\":\"2026-07-27T10:03:26.094Z\",\"service\":\"omniroute\",\"module\":\"sse\",\"tag\":\"AUTH\",\"msg\":\"session_key=input:sha256:7c23a... has no available affinity target\"}","timestamp":"2026-07-27T10:03:26.175Z"}

data: {"data":"{\"level\":30,\"time\":\"2026-07-27T10:03:26.095Z\",\"service\":\"omniroute\",\"module\":\"sse\",\"tag\":\"AUTH\",\"msg\":\"Using nvidia account: 7d5d42c4...\"}","timestamp":"2026-07-27T10:03:26.175Z"}

data: {"data":"[10:03:28] 📊 \u001b[32m[USAGE] NVIDIA | in=99992 | out=76 | account=7d5d42c4...\u001b[0m \u001b[33m(estimated)\u001b[0m | cache_read=99904","timestamp":"2026-07-27T10:03:28.310Z"}

data: {"data":"[10:03:28] 🌊 [STREAM] NVIDIA | z-ai/glm-5.2 | 2170ms | complete","timestamp":"2026-07-27T10:03:28.316Z"}

data: {"data":"[INFO] [SKILLS_INJECTION] skills.injection.skipped {\"apiKeyId\":\"env-key\",\"reason\":\"no_enabled_skills\"}","timestamp":"2026-07-27T10:03:28.934Z"}

data: {"data":"{\"level\":30,\"time\":\"2026-07-27T10:03:28.870Z\",\"service\":\"omniroute\",\"module\":\"sse\",\"tag\":\"HTTP\",\"method\":\"POST\",\"path\":\"/v1/messages | nvidia/z-ai/glm-5.2 | 146 msgs | 40 tools\",\"msg\":\"📥 POST /v1/messages | nvidia/z-ai/glm-5.2 | 146 msgs | 40 tools\"}","timestamp":"2026-07-27T10:03:28.957Z"}

data: {"data":"{\"level\":30,\"time\":\"2026-07-27T10:03:28.879Z\",\"service\":\"omniroute\",\"module\":\"sse\",\"tag\":\"ROUTING\",\"msg\":\"Provider: nvidia, Model: z-ai/glm-5.2\"}","timestamp":"2026-07-27T10:03:28.957Z"}

data: {"data":"{\"level\":30,\"time\":\"2026-07-27T10:03:28.884Z\",\"service\":\"omniroute\",\"module\":\"sse\",\"tag\":\"AUTH\",\"msg\":\"session_key=input:sha256:7c23a... has no available affinity target\"}","timestamp":"2026-07-27T10:03:28.957Z"}

data: {"data":"{\"level\":30,\"time\":\"2026-07-27T10:03:28.885Z\",\"service\":\"omniroute\",\"module\":\"sse\",\"tag\":\"AUTH\",\"msg\":\"Using nvidia account: f2b0933a...\"}","timestamp":"2026-07-27T10:03:28.957Z"}

data: {"data":"time=2026-07-27T10:03:37.211Z level=INFO msg=\"l0 retention enforced\" db=storage.sqlite deleted_count=2 max_l1_txid=000000000000052a","timestamp":"2026-07-27T10:03:37.211Z"}

data: {"data":"time=2026-07-27T10:03:37.211Z level=INFO msg=\"compaction complete\" level=1 txid.min=0000000000000525 txid.max=000000000000052a size=75976","timestamp":"2026-07-27T10:03:37.211Z"}

data: {"data":"[10:03:51] 📊 \u001b[32m[USAGE] NVIDIA | in=100389 | out=487 | account=f2b0933a...\u001b[0m \u001b[33m(estimated)\u001b[0m | cache_read=99904","timestamp":"2026-07-27T10:03:51.516Z"}

data: {"data":"[10:03:51] 🌊 [STREAM] NVIDIA | z-ai/glm-5.2 | 22585ms | complete","timestamp":"2026-07-27T10:03:51.525Z"}

data: {"data":"[INFO] [SKILLS_INJECTION] skills.injection.skipped {\"apiKeyId\":\"env-key\",\"reason\":\"no_enabled_skills\"}","timestamp":"2026-07-27T10:03:52.281Z"}

data: {"data":"{\"level\":30,\"time\":\"2026-07-27T10:03:52.206Z\",\"service\":\"omniroute\",\"module\":\"sse\",\"tag\":\"HTTP\",\"method\":\"POST\",\"path\":\"/v1/messages | nvidia/z-ai/glm-5.2 | 148 msgs | 40 tools\",\"msg\":\"📥 POST /v1/messages | nvidia/z-ai/glm-5.2 | 148 msgs | 40 tools\"}","timestamp":"2026-07-27T10:03:52.311Z"}

data: {"data":"{\"level\":30,\"time\":\"2026-07-27T10:03:52.213Z\",\"service\":\"omniroute\",\"module\":\"sse\",\"tag\":\"ROUTING\",\"msg\":\"Provider: nvidia, Model: z-ai/glm-5.2\"}","timestamp":"2026-07-27T10:03:52.311Z"}

data: {"data":"{\"level\":30,\"time\":\"2026-07-27T10:03:52.216Z\",\"service\":\"omniroute\",\"module\":\"sse\",\"tag\":\"AUTH\",\"msg\":\"session_key=input:sha256:7c23a... has no available affinity target\"}","timestamp":"2026-07-27T10:03:52.311Z"}

data: {"data":"{\"level\":30,\"time\":\"2026-07-27T10:03:52.217Z\",\"service\":\"omniroute\",\"module\":\"sse\",\"tag\":\"AUTH\",\"msg\":\"Using nvidia account: 9cda5fc2...\"}","timestamp":"2026-07-27T10:03:52.311Z"}

data: {"data":"[10:03:53] 📊 \u001b[32m[USAGE] NVIDIA | in=100918 | out=75 | account=9cda5fc2...\u001b[0m \u001b[33m(estimated)\u001b[0m | cache_read=100864","timestamp":"2026-07-27T10:03:53.859Z"}

data: {"data":"[10:03:53] 🌊 [STREAM] NVIDIA | z-ai/glm-5.2 | 1581ms | complete","timestamp":"2026-07-27T10:03:53.868Z"}

data: {"data":"[INFO] [SKILLS_INJECTION] skills.injection.skipped {\"apiKeyId\":\"env-key\",\"reason\":\"no_enabled_skills\"}","timestamp":"2026-07-27T10:03:54.848Z"}

data: {"data":"{\"level\":30,\"time\":\"2026-07-27T10:03:54.767Z\",\"service\":\"omniroute\",\"module\":\"sse\",\"tag\":\"HTTP\",\"method\":\"POST\",\"path\":\"/v1/messages | nvidia/z-ai/glm-5.2 | 150 msgs | 40 tools\",\"msg\":\"📥 POST /v1/messages | nvidia/z-ai/glm-5.2 | 150 msgs | 40 tools\"}","timestamp":"2026-07-27T10:03:54.897Z"}

data: {"data":"{\"level\":30,\"time\":\"2026-07-27T10:03:54.776Z\",\"service\":\"omniroute\",\"module\":\"sse\",\"tag\":\"ROUTING\",\"msg\":\"Provider: nvidia, Model: z-ai/glm-5.2\"}","timestamp":"2026-07-27T10:03:54.898Z"}

data: {"data":"{\"level\":30,\"time\":\"2026-07-27T10:03:54.780Z\",\"service\":\"omniroute\",\"module\":\"sse\",\"tag\":\"AUTH\",\"msg\":\"session_key=input:sha256:7c23a... has no available affinity target\"}","timestamp":"2026-07-27T10:03:54.898Z"}

data: {"data":"{\"level\":30,\"time\":\"2026-07-27T10:03:54.781Z\",\"service\":\"omniroute\",\"module\":\"sse\",\"tag\":\"AUTH\",\"msg\":\"Using nvidia account: d1717878...\"}","timestamp":"2026-07-27T10:03:54.898Z"}

data: {"data":"time=2026-07-27T10:04:07.046Z level=INFO msg=\"l0 retention enforced\" db=storage.sqlite deleted_count=1 max_l1_txid=0000000000000535","timestamp":"2026-07-27T10:04:07.046Z"}

data: {"data":"time=2026-07-27T10:04:07.046Z level=INFO msg=\"compaction complete\" level=1 txid.min=000000000000052b txid.max=0000000000000535 size=565930","timestamp":"2026-07-27T10:04:07.046Z"}

data: {"data":"[10:04:08] 📊 \u001b[32m[USAGE] NVIDIA | in=101293 | out=742 | account=d1717878...\u001b[0m \u001b[33m(estimated)\u001b[0m | cache_read=100928","timestamp":"2026-07-27T10:04:08.584Z"}

data: {"data":"[10:04:08] 🌊 [STREAM] NVIDIA | z-ai/glm-5.2 | 13739ms | complete","timestamp":"2026-07-27T10:04:08.592Z"}

data: {"data":"[INFO] [SKILLS_INJECTION] skills.injection.skipped {\"apiKeyId\":\"env-key\",\"reason\":\"no_enabled_skills\"}","timestamp":"2026-07-27T10:04:09.320Z"}

data: {"data":"{\"level\":30,\"time\":\"2026-07-27T10:04:09.260Z\",\"service\":\"omniroute\",\"module\":\"sse\",\"tag\":\"HTTP\",\"method\":\"POST\",\"path\":\"/v1/messages | nvidia/z-ai/glm-5.2 | 152 msgs | 40 tools\",\"msg\":\"📥 POST /v1/messages | nvidia/z-ai/glm-5.2 | 152 msgs | 40 tools\"}","timestamp":"2026-07-27T10:04:09.340Z"}

data: {"data":"{\"level\":30,\"time\":\"2026-07-27T10:04:09.266Z\",\"service\":\"omniroute\",\"module\":\"sse\",\"tag\":\"ROUTING\",\"msg\":\"Provider: nvidia, Model: z-ai/glm-5.2\"}","timestamp":"2026-07-27T10:04:09.340Z"}

data: {"data":"{\"level\":30,\"time\":\"2026-07-27T10:04:09.269Z\",\"service\":\"omniroute\",\"module\":\"sse\",\"tag\":\"AUTH\",\"msg\":\"session_key=input:sha256:7c23a... has no available affinity target\"}","timestamp":"2026-07-27T10:04:09.340Z"}

data: {"data":"{\"level\":30,\"time\":\"2026-07-27T10:04:09.270Z\",\"service\":\"omniroute\",\"module\":\"sse\",\"tag\":\"AUTH\",\"msg\":\"Using nvidia account: a0c72227...\"}","timestamp":"2026-07-27T10:04:09.340Z"}

data: {"data":"[10:04:14] 📊 \u001b[32m[USAGE] NVIDIA | in=102077 | out=269 | account=a0c72227...\u001b[0m \u001b[33m(estimated)\u001b[0m | cache_read=102016","timestamp":"2026-07-27T10:04:14.268Z"}

data: {"data":"[10:04:14] 🌊 [STREAM] NVIDIA | z-ai/glm-5.2 | 4948ms | complete","timestamp":"2026-07-27T10:04:14.273Z"}

data: {"data":"[INFO] [SKILLS_INJECTION] skills.injection.skipped {\"apiKeyId\":\"env-key\",\"reason\":\"no_enabled_skills\"}","timestamp":"2026-07-27T10:04:14.939Z"}

data: {"data":"{\"level\":30,\"time\":\"2026-07-27T10:04:14.879Z\",\"service\":\"omniroute\",\"module\":\"sse\",\"tag\":\"HTTP\",\"method\":\"POST\",\"path\":\"/v1/messages | nvidia/z-ai/glm-5.2 | 155 msgs | 40 tools\",\"msg\":\"📥 POST /v1/messages | nvidia/z-ai/glm-5.2 | 155 msgs | 40 tools\"}","timestamp":"2026-07-27T10:04:14.959Z"}

data: {"data":"{\"level\":30,\"time\":\"2026-07-27T10:04:14.885Z\",\"service\":\"omniroute\",\"module\":\"sse\",\"tag\":\"ROUTING\",\"msg\":\"Provider: nvidia, Model: z-ai/glm-5.2\"}","timestamp":"2026-07-27T10:04:14.959Z"}

data: {"data":"{\"level\":30,\"time\":\"2026-07-27T10:04:14.888Z\",\"service\":\"omniroute\",\"module\":\"sse\",\"tag\":\"AUTH\",\"msg\":\"session_key=input:sha256:7c23a... has no available affinity target\"}","timestamp":"2026-07-27T10:04:14.959Z"}

data: {"data":"{\"level\":30,\"time\":\"2026-07-27T10:04:14.889Z\",\"service\":\"omniroute\",\"module\":\"sse\",\"tag\":\"AUTH\",\"msg\":\"Using nvidia account: 38a09429...\"}","timestamp":"2026-07-27T10:04:14.959Z"}

data: {"data":"[10:04:18] 📊 \u001b[32m[USAGE] NVIDIA | in=102521 | out=56 | account=38a09429...\u001b[0m \u001b[33m(estimated)\u001b[0m | cache_read=100032","timestamp":"2026-07-27T10:04:18.192Z"}

data: {"data":"[10:04:18] 🌊 [STREAM] NVIDIA | z-ai/glm-5.2 | 3254ms | complete","timestamp":"2026-07-27T10:04:18.200Z"}

data: {"data":"[INFO] [SKILLS_INJECTION] skills.injection.skipped {\"apiKeyId\":\"env-key\",\"reason\":\"no_enabled_skills\"}","timestamp":"2026-07-27T10:04:18.881Z"}

data: {"data":"{\"level\":30,\"time\":\"2026-07-27T10:04:18.806Z\",\"service\":\"omniroute\",\"module\":\"sse\",\"tag\":\"HTTP\",\"method\":\"POST\",\"path\":\"/v1/messages | nvidia/z-ai/glm-5.2 | 157 msgs | 40 tools\",\"msg\":\"📥 POST /v1/messages | nvidia/z-ai/glm-5.2 | 157 msgs | 40 tools\"}","timestamp":"2026-07-27T10:04:18.932Z"}

data: {"data":"{\"level\":30,\"time\":\"2026-07-27T10:04:18.816Z\",\"service\":\"omniroute\",\"module\":\"sse\",\"tag\":\"ROUTING\",\"msg\":\"Provider: nvidia, Model: z-ai/glm-5.2\"}","timestamp":"2026-07-27T10:04:18.933Z"}

data: {"data":"{\"level\":30,\"time\":\"2026-07-27T10:04:18.821Z\",\"service\":\"omniroute\",\"module\":\"sse\",\"tag\":\"AUTH\",\"msg\":\"session_key=input:sha256:7c23a... has no available affinity target\"}","timestamp":"2026-07-27T10:04:18.933Z"}

data: {"data":"{\"level\":30,\"time\":\"2026-07-27T10:04:18.823Z\",\"service\":\"omniroute\",\"module\":\"sse\",\"tag\":\"AUTH\",\"msg\":\"Using nvidia account: 9865dfaa...\"}","timestamp":"2026-07-27T10:04:18.933Z"}

data: {"data":"time=2026-07-27T10:04:35.769Z level=INFO msg=\"compaction complete\" level=1 txid.min=0000000000000536 txid.max=000000000000053c size=75818","timestamp":"2026-07-27T10:04:35.769Z"}

data: {"data":"[10:04:40] 📊 \u001b[32m[USAGE] NVIDIA | in=102630 | out=501 | account=9865dfaa...\u001b[0m | cache_read=102528","timestamp":"2026-07-27T10:04:40.203Z"}

data: {"data":"[10:04:40] 🌊 [STREAM] NVIDIA | z-ai/glm-5.2 | 21324ms | complete","timestamp":"2026-07-27T10:04:40.210Z"}

data: {"data":"[INFO] [SKILLS_INJECTION] skills.injection.skipped {\"apiKeyId\":\"env-key\",\"reason\":\"no_enabled_skills\"}","timestamp":"2026-07-27T10:04:41.132Z"}

data: {"data":"{\"level\":30,\"time\":\"2026-07-27T10:04:41.048Z\",\"service\":\"omniroute\",\"module\":\"sse\",\"tag\":\"HTTP\",\"method\":\"POST\",\"path\":\"/v1/messages | nvidia/z-ai/glm-5.2 | 159 msgs | 40 tools\",\"msg\":\"📥 POST /v1/messages | nvidia/z-ai/glm-5.2 | 159 msgs | 40 tools\"}","timestamp":"2026-07-27T10:04:41.166Z"}

data: {"data":"{\"level\":30,\"time\":\"2026-07-27T10:04:41.058Z\",\"service\":\"omniroute\",\"module\":\"sse\",\"tag\":\"ROUTING\",\"msg\":\"Provider: nvidia, Model: z-ai/glm-5.2\"}","timestamp":"2026-07-27T10:04:41.166Z"}

data: {"data":"{\"level\":30,\"time\":\"2026-07-27T10:04:41.062Z\",\"service\":\"omniroute\",\"module\":\"sse\",\"tag\":\"AUTH\",\"msg\":\"session_key=input:sha256:7c23a... has no available affinity target\"}","timestamp":"2026-07-27T10:04:41.166Z"}

data: {"data":"{\"level\":30,\"time\":\"2026-07-27T10:04:41.063Z\",\"service\":\"omniroute\",\"module\":\"sse\",\"tag\":\"AUTH\",\"msg\":\"Using nvidia account: 3f77f218...\"}","timestamp":"2026-07-27T10:04:41.166Z"}

data: {"data":"[10:04:46] 📊 \u001b[32m[USAGE] NVIDIA | in=103171 | out=429 | account=3f77f218...\u001b[0m \u001b[33m(estimated)\u001b[0m | cache_read=102336","timestamp":"2026-07-27T10:04:46.779Z"}

data: {"data":"[10:04:46] 🌊 [STREAM] NVIDIA | z-ai/glm-5.2 | 5643ms | complete","timestamp":"2026-07-27T10:04:46.784Z"}

data: {"data":"[INFO] [SKILLS_INJECTION] skills.injection.skipped {\"apiKeyId\":\"env-key\",\"reason\":\"no_enabled_skills\"}","timestamp":"2026-07-27T10:04:47.523Z"}

data: {"data":"{\"level\":30,\"time\":\"2026-07-27T10:04:47.451Z\",\"service\":\"omniroute\",\"module\":\"sse\",\"tag\":\"HTTP\",\"method\":\"POST\",\"path\":\"/v1/messages | nvidia/z-ai/glm-5.2 | 161 msgs | 40 tools\",\"msg\":\"📥 POST /v1/messages | nvidia/z-ai/glm-5.2 | 161 msgs | 40 tools\"}","timestamp":"2026-07-27T10:04:47.547Z"}

data: {"data":"{\"level\":30,\"time\":\"2026-07-27T10:04:47.460Z\",\"service\":\"omniroute\",\"module\":\"sse\",\"tag\":\"ROUTING\",\"msg\":\"Provider: nvidia, Model: z-ai/glm-5.2\"}","timestamp":"2026-07-27T10:04:47.547Z"}

data: {"data":"{\"level\":30,\"time\":\"2026-07-27T10:04:47.464Z\",\"service\":\"omniroute\",\"module\":\"sse\",\"tag\":\"AUTH\",\"msg\":\"session_key=input:sha256:7c23a... has no available affinity target\"}","timestamp":"2026-07-27T10:04:47.547Z"}

data: {"data":"{\"level\":30,\"time\":\"2026-07-27T10:04:47.465Z\",\"service\":\"omniroute\",\"module\":\"sse\",\"tag\":\"AUTH\",\"msg\":\"Using nvidia account: a68545c0...\"}","timestamp":"2026-07-27T10:04:47.547Z"}

data: {"data":"[10:04:56] 📊 \u001b[32m[USAGE] NVIDIA | in=103642 | out=93 | account=a68545c0...\u001b[0m \u001b[33m(estimated)\u001b[0m | cache_read=704","timestamp":"2026-07-27T10:04:56.047Z"}

data: {"data":"[10:04:56] 🌊 [STREAM] NVIDIA | z-ai/glm-5.2 | 8524ms | complete","timestamp":"2026-07-27T10:04:56.053Z"}

data: {"data":"[INFO] [SKILLS_INJECTION] skills.injection.skipped {\"apiKeyId\":\"env-key\",\"reason\":\"no_enabled_skills\"}","timestamp":"2026-07-27T10:04:56.793Z"}

data: {"data":"{\"level\":30,\"time\":\"2026-07-27T10:04:56.737Z\",\"service\":\"omniroute\",\"module\":\"sse\",\"tag\":\"HTTP\",\"method\":\"POST\",\"path\":\"/v1/messages | nvidia/z-ai/glm-5.2 | 163 msgs | 40 tools\",\"msg\":\"📥 POST /v1/messages | nvidia/z-ai/glm-5.2 | 163 msgs | 40 tools\"}","timestamp":"2026-07-27T10:04:56.817Z"}

data: {"data":"{\"level\":30,\"time\":\"2026-07-27T10:04:56.744Z\",\"service\":\"omniroute\",\"module\":\"sse\",\"tag\":\"ROUTING\",\"msg\":\"Provider: nvidia, Model: z-ai/glm-5.2\"}","timestamp":"2026-07-27T10:04:56.817Z"}

data: {"data":"{\"level\":30,\"time\":\"2026-07-27T10:04:56.748Z\",\"service\":\"omniroute\",\"module\":\"sse\",\"tag\":\"AUTH\",\"msg\":\"session_key=input:sha256:7c23a... has no available affinity target\"}","timestamp":"2026-07-27T10:04:56.817Z"}

data: {"data":"{\"level\":30,\"time\":\"2026-07-27T10:04:56.748Z\",\"service\":\"omniroute\",\"module\":\"sse\",\"tag\":\"AUTH\",\"msg\":\"Using nvidia account: dd511141...\"}","timestamp":"2026-07-27T10:04:56.817Z"}

data: {"data":"time=2026-07-27T10:04:56.818Z level=INFO msg=\"l0 retention enforced\" db=storage.sqlite deleted_count=3 max_l1_txid=000000000000053c","timestamp":"2026-07-27T10:04:56.819Z"}

data: {"data":"time=2026-07-27T10:05:05.802Z level=INFO msg=\"l0 retention enforced\" db=storage.sqlite deleted_count=2 max_l1_txid=0000000000000542","timestamp":"2026-07-27T10:05:05.802Z"}

data: {"data":"time=2026-07-27T10:05:05.802Z level=INFO msg=\"compaction complete\" level=1 txid.min=000000000000053d txid.max=0000000000000542 size=78751","timestamp":"2026-07-27T10:05:05.802Z"}

data: {"data":"time=2026-07-27T10:05:11.715Z level=INFO msg=\"compaction complete\" level=2 txid.min=0000000000000514 txid.max=0000000000000542 size=569682","timestamp":"2026-07-27T10:05:11.716Z"}

data: {"data":"[10:05:14] 📊 \u001b[32m[USAGE] NVIDIA | in=104089 | out=241 | account=dd511141...\u001b[0m | cache_read=103680","timestamp":"2026-07-27T10:05:14.681Z"}

data: {"data":"[10:05:14] 🌊 [STREAM] NVIDIA | z-ai/glm-5.2 | 17887ms | complete","timestamp":"2026-07-27T10:05:14.687Z"}

data: {"data":"[INFO] [SKILLS_INJECTION] skills.injection.skipped {\"apiKeyId\":\"env-key\",\"reason\":\"no_enabled_skills\"}","timestamp":"2026-07-27T10:05:15.378Z"}

data: {"data":"{\"level\":30,\"time\":\"2026-07-27T10:05:15.321Z\",\"service\":\"omniroute\",\"module\":\"sse\",\"tag\":\"HTTP\",\"method\":\"POST\",\"path\":\"/v1/messages | nvidia/z-ai/glm-5.2 | 165 msgs | 40 tools\",\"msg\":\"📥 POST /v1/messages | nvidia/z-ai/glm-5.2 | 165 msgs | 40 tools\"}","timestamp":"2026-07-27T10:05:15.402Z"}

data: {"data":"{\"level\":30,\"time\":\"2026-07-27T10:05:15.329Z\",\"service\":\"omniroute\",\"module\":\"sse\",\"tag\":\"ROUTING\",\"msg\":\"Provider: nvidia, Model: z-ai/glm-5.2\"}","timestamp":"2026-07-27T10:05:15.402Z"}

data: {"data":"{\"level\":30,\"time\":\"2026-07-27T10:05:15.332Z\",\"service\":\"omniroute\",\"module\":\"sse\",\"tag\":\"AUTH\",\"msg\":\"session_key=input:sha256:7c23a... has no available affinity target\"}","timestamp":"2026-07-27T10:05:15.402Z"}

data: {"data":"{\"level\":30,\"time\":\"2026-07-27T10:05:15.332Z\",\"service\":\"omniroute\",\"module\":\"sse\",\"tag\":\"AUTH\",\"msg\":\"Using nvidia account: 2bcea68b...\"}","timestamp":"2026-07-27T10:05:15.402Z"}

data: {"data":"[10:05:20] 📊 \u001b[32m[USAGE] NVIDIA | in=104372 | out=66 | account=2bcea68b...\u001b[0m \u001b[33m(estimated)\u001b[0m | cache_read=103104","timestamp":"2026-07-27T10:05:20.771Z"}

data: {"data":"[10:05:20] 🌊 [STREAM] NVIDIA | z-ai/glm-5.2 | 5392ms | complete","timestamp":"2026-07-27T10:05:20.776Z"}

data: {"data":"[INFO] [SKILLS_INJECTION] skills.injection.skipped {\"apiKeyId\":\"env-key\",\"reason\":\"no_enabled_skills\"}","timestamp":"2026-07-27T10:05:21.694Z"}

data: {"data":"{\"level\":30,\"time\":\"2026-07-27T10:05:21.641Z\",\"service\":\"omniroute\",\"module\":\"sse\",\"tag\":\"HTTP\",\"method\":\"POST\",\"path\":\"/v1/messages | nvidia/z-ai/glm-5.2 | 168 msgs | 40 tools\",\"msg\":\"📥 POST /v1/messages | nvidia/z-ai/glm-5.2 | 168 msgs | 40 tools\"}","timestamp":"2026-07-27T10:05:21.723Z"}

data: {"data":"{\"level\":30,\"time\":\"2026-07-27T10:05:21.648Z\",\"service\":\"omniroute\",\"module\":\"sse\",\"tag\":\"ROUTING\",\"msg\":\"Provider: nvidia, Model: z-ai/glm-5.2\"}","timestamp":"2026-07-27T10:05:21.723Z"}

data: {"data":"{\"level\":30,\"time\":\"2026-07-27T10:05:21.651Z\",\"service\":\"omniroute\",\"module\":\"sse\",\"tag\":\"AUTH\",\"msg\":\"session_key=input:sha256:7c23a... has no available affinity target\"}","timestamp":"2026-07-27T10:05:21.723Z"}

data: {"data":"{\"level\":30,\"time\":\"2026-07-27T10:05:21.651Z\",\"service\":\"omniroute\",\"module\":\"sse\",\"tag\":\"AUTH\",\"msg\":\"Using nvidia account: 1830e4f7...\"}","timestamp":"2026-07-27T10:05:21.723Z"}

data: {"data":"time=2026-07-27T10:05:37.357Z level=INFO msg=\"l0 retention enforced\" db=storage.sqlite deleted_count=6 max_l1_txid=000000000000054a","timestamp":"2026-07-27T10:05:37.358Z"}

data: {"data":"time=2026-07-27T10:05:37.358Z level=INFO msg=\"compaction complete\" level=1 txid.min=0000000000000543 txid.max=000000000000054a size=573260","timestamp":"2026-07-27T10:05:37.358Z"}

data: {"data":"[10:05:39] 📊 \u001b[32m[USAGE] NVIDIA | in=104741 | out=833 | account=1830e4f7...\u001b[0m \u001b[33m(estimated)\u001b[0m | cache_read=104384","timestamp":"2026-07-27T10:05:39.893Z"}

data: {"data":"[10:05:39] 🌊 [STREAM] NVIDIA | z-ai/glm-5.2 | 18197ms | complete","timestamp":"2026-07-27T10:05:39.898Z"}

data: {"data":"[INFO] [SKILLS_INJECTION] skills.injection.skipped {\"apiKeyId\":\"env-key\",\"reason\":\"no_enabled_skills\"}","timestamp":"2026-07-27T10:05:40.632Z"}

data: {"data":"{\"level\":30,\"time\":\"2026-07-27T10:05:40.556Z\",\"service\":\"omniroute\",\"module\":\"sse\",\"tag\":\"HTTP\",\"method\":\"POST\",\"path\":\"/v1/messages | nvidia/z-ai/glm-5.2 | 168 msgs | 40 tools\",\"msg\":\"📥 POST /v1/messages | nvidia/z-ai/glm-5.2 | 168 msgs | 40 tools\"}","timestamp":"2026-07-27T10:05:40.658Z"}

data: {"data":"{\"level\":30,\"time\":\"2026-07-27T10:05:40.567Z\",\"service\":\"omniroute\",\"module\":\"sse\",\"tag\":\"ROUTING\",\"msg\":\"Provider: nvidia, Model: z-ai/glm-5.2\"}","timestamp":"2026-07-27T10:05:40.658Z"}

data: {"data":"{\"level\":30,\"time\":\"2026-07-27T10:05:40.571Z\",\"service\":\"omniroute\",\"module\":\"sse\",\"tag\":\"AUTH\",\"msg\":\"session_key=input:sha256:7c23a... has no available affinity target\"}","timestamp":"2026-07-27T10:05:40.658Z"}

data: {"data":"{\"level\":30,\"time\":\"2026-07-27T10:05:40.572Z\",\"service\":\"omniroute\",\"module\":\"sse\",\"tag\":\"AUTH\",\"msg\":\"Using nvidia account: 58f42365...\"}","timestamp":"2026-07-27T10:05:40.658Z"}

data: {"data":"time=2026-07-27T10:06:06.547Z level=INFO msg=\"compaction complete\" level=1 txid.min=000000000000054b txid.max=000000000000054c size=62366","timestamp":"2026-07-27T10:06:06.547Z"}

data: {"data":"🧹 [RATE-LIMIT] Evicting idle limiter: nvidia:09665ab2-ccd5-473b-9674-14967d3741b7 (inactive for 621s)","timestamp":"2026-07-27T10:07:35.146Z"}

data: {"data":"🧹 [RATE-LIMIT] Evicting idle limiter: nvidia:2d9ef15f-bc96-49d8-b476-56b2ad65c431 (inactive for 601s)","timestamp":"2026-07-27T10:08:35.146Z"}

data: {"data":"[10:09:12] 📊 \u001b[32m[USAGE] NVIDIA | in=106035 | out=4638 | account=58f42365...\u001b[0m \u001b[33m(estimated)\u001b[0m | cache_read=104320","timestamp":"2026-07-27T10:09:12.946Z"}

data: {"data":"[10:09:12] 🌊 [STREAM] NVIDIA | z-ai/glm-5.2 | 212315ms | complete","timestamp":"2026-07-27T10:09:12.953Z"}

data: {"data":"[INFO] [SKILLS_INJECTION] skills.injection.skipped {\"apiKeyId\":\"env-key\",\"reason\":\"no_enabled_skills\"}","timestamp":"2026-07-27T10:09:13.434Z"}

data: {"data":"{\"level\":30,\"time\":\"2026-07-27T10:09:13.405Z\",\"service\":\"omniroute\",\"module\":\"sse\",\"tag\":\"HTTP\",\"method\":\"POST\",\"path\":\"/v1/messages | nvidia/z-ai/glm-5.2 | 4 msgs | 40 tools\",\"msg\":\"📥 POST /v1/messages | nvidia/z-ai/glm-5.2 | 4 msgs | 40 tools\"}","timestamp":"2026-07-27T10:09:13.444Z"}

data: {"data":"{\"level\":30,\"time\":\"2026-07-27T10:09:13.408Z\",\"service\":\"omniroute\",\"module\":\"sse\",\"tag\":\"ROUTING\",\"msg\":\"Provider: nvidia, Model: z-ai/glm-5.2\"}","timestamp":"2026-07-27T10:09:13.444Z"}

data: {"data":"{\"level\":30,\"time\":\"2026-07-27T10:09:13.411Z\",\"service\":\"omniroute\",\"module\":\"sse\",\"tag\":\"AUTH\",\"msg\":\"session_key=input:sha256:b1014... has no available affinity target\"}","timestamp":"2026-07-27T10:09:13.444Z"}

data: {"data":"{\"level\":30,\"time\":\"2026-07-27T10:09:13.412Z\",\"service\":\"omniroute\",\"module\":\"sse\",\"tag\":\"AUTH\",\"msg\":\"Using nvidia account: 09665ab2...\"}","timestamp":"2026-07-27T10:09:13.444Z"}

data: {"data":"[10:09:29] 📊 \u001b[32m[USAGE] NVIDIA | in=38457 | out=169 | account=09665ab2...\u001b[0m \u001b[33m(estimated)\u001b[0m | cache_read=1536","timestamp":"2026-07-27T10:09:29.270Z"}

data: {"data":"[10:09:29] 🌊 [STREAM] NVIDIA | z-ai/glm-5.2 | 15838ms | complete","timestamp":"2026-07-27T10:09:29.275Z"}

data: {"data":"[INFO] [SKILLS_INJECTION] skills.injection.skipped {\"apiKeyId\":\"env-key\",\"reason\":\"no_enabled_skills\"}","timestamp":"2026-07-27T10:09:30.555Z"}

data: {"data":"{\"level\":30,\"time\":\"2026-07-27T10:09:30.522Z\",\"service\":\"omniroute\",\"module\":\"sse\",\"tag\":\"HTTP\",\"method\":\"POST\",\"path\":\"/v1/messages | nvidia/z-ai/glm-5.2 | 6 msgs | 40 tools\",\"msg\":\"📥 POST /v1/messages | nvidia/z-ai/glm-5.2 | 6 msgs | 40 tools\"}","timestamp":"2026-07-27T10:09:30.566Z"}

data: {"data":"{\"level\":30,\"time\":\"2026-07-27T10:09:30.526Z\",\"service\":\"omniroute\",\"module\":\"sse\",\"tag\":\"ROUTING\",\"msg\":\"Provider: nvidia, Model: z-ai/glm-5.2\"}","timestamp":"2026-07-27T10:09:30.566Z"}

data: {"data":"{\"level\":30,\"time\":\"2026-07-27T10:09:30.530Z\",\"service\":\"omniroute\",\"module\":\"sse\",\"tag\":\"AUTH\",\"msg\":\"session_key=input:sha256:b1014... has no available affinity target\"}","timestamp":"2026-07-27T10:09:30.566Z"}

data: {"data":"{\"level\":30,\"time\":\"2026-07-27T10:09:30.531Z\",\"service\":\"omniroute\",\"module\":\"sse\",\"tag\":\"AUTH\",\"msg\":\"Using nvidia account: 2d9ef15f...\"}","timestamp":"2026-07-27T10:09:30.566Z"}

data: {"data":"time=2026-07-27T10:09:36.167Z level=INFO msg=\"l0 retention enforced\" db=storage.sqlite deleted_count=35 max_l1_txid=000000000000054f","timestamp":"2026-07-27T10:09:36.167Z"}

data: {"data":"time=2026-07-27T10:09:36.167Z level=INFO msg=\"compaction complete\" level=1 txid.min=000000000000054d txid.max=000000000000054f size=579229","timestamp":"2026-07-27T10:09:36.167Z"}

data: {"data":"[10:09:38] 📊 \u001b[32m[USAGE] NVIDIA | in=39098 | out=108 | account=2d9ef15f...\u001b[0m \u001b[33m(estimated)\u001b[0m | cache_read=1536","timestamp":"2026-07-27T10:09:38.424Z"}

data: {"data":"[10:09:38] 🌊 [STREAM] NVIDIA | z-ai/glm-5.2 | 7873ms | complete","timestamp":"2026-07-27T10:09:38.431Z"}

data: {"data":"[INFO] [SKILLS_INJECTION] skills.injection.skipped {\"apiKeyId\":\"env-key\",\"reason\":\"no_enabled_skills\"}","timestamp":"2026-07-27T10:09:39.056Z"}

data: {"data":"{\"level\":30,\"time\":\"2026-07-27T10:09:39.023Z\",\"service\":\"omniroute\",\"module\":\"sse\",\"tag\":\"HTTP\",\"method\":\"POST\",\"path\":\"/v1/messages | nvidia/z-ai/glm-5.2 | 8 msgs | 40 tools\",\"msg\":\"📥 POST /v1/messages | nvidia/z-ai/glm-5.2 | 8 msgs | 40 tools\"}","timestamp":"2026-07-27T10:09:39.067Z"}

data: {"data":"{\"level\":30,\"time\":\"2026-07-27T10:09:39.027Z\",\"service\":\"omniroute\",\"module\":\"sse\",\"tag\":\"ROUTING\",\"msg\":\"Provider: nvidia, Model: z-ai/glm-5.2\"}","timestamp":"2026-07-27T10:09:39.067Z"}

data: {"data":"{\"level\":30,\"time\":\"2026-07-27T10:09:39.031Z\",\"service\":\"omniroute\",\"module\":\"sse\",\"tag\":\"AUTH\",\"msg\":\"session_key=input:sha256:b1014... has no available affinity target\"}","timestamp":"2026-07-27T10:09:39.067Z"}

data: {"data":"{\"level\":30,\"time\":\"2026-07-27T10:09:39.032Z\",\"service\":\"omniroute\",\"module\":\"sse\",\"tag\":\"AUTH\",\"msg\":\"Using nvidia account: 53f96ffa...\"}","timestamp":"2026-07-27T10:09:39.067Z"}

data: {"data":"[10:09:46] 📊 \u001b[32m[USAGE] NVIDIA | in=39259 | out=67 | account=53f96ffa...\u001b[0m \u001b[33m(estimated)\u001b[0m | cache_read=576","timestamp":"2026-07-27T10:09:46.670Z"}

data: {"data":"[10:09:46] 🌊 [STREAM] NVIDIA | z-ai/glm-5.2 | 7617ms | complete","timestamp":"2026-07-27T10:09:46.676Z"}

data: {"data":"[INFO] [SKILLS_INJECTION] skills.injection.skipped {\"apiKeyId\":\"env-key\",\"reason\":\"no_enabled_skills\"}","timestamp":"2026-07-27T10:09:47.289Z"}

data: {"data":"{\"level\":30,\"time\":\"2026-07-27T10:09:47.251Z\",\"service\":\"omniroute\",\"module\":\"sse\",\"tag\":\"HTTP\",\"method\":\"POST\",\"path\":\"/v1/messages | nvidia/z-ai/glm-5.2 | 10 msgs | 40 tools\",\"msg\":\"📥 POST /v1/messages | nvidia/z-ai/glm-5.2 | 10 msgs | 40 tools\"}","timestamp":"2026-07-27T10:09:47.304Z"}

data: {"data":"{\"level\":30,\"time\":\"2026-07-27T10:09:47.255Z\",\"service\":\"omniroute\",\"module\":\"sse\",\"tag\":\"ROUTING\",\"msg\":\"Provider: nvidia, Model: z-ai/glm-5.2\"}","timestamp":"2026-07-27T10:09:47.304Z"}

data: {"data":"{\"level\":30,\"time\":\"2026-07-27T10:09:47.259Z\",\"service\":\"omniroute\",\"module\":\"sse\",\"tag\":\"AUTH\",\"msg\":\"session_key=input:sha256:b1014... has no available affinity target\"}","timestamp":"2026-07-27T10:09:47.304Z"}

data: {"data":"{\"level\":30,\"time\":\"2026-07-27T10:09:47.259Z\",\"service\":\"omniroute\",\"module\":\"sse\",\"tag\":\"AUTH\",\"msg\":\"Using nvidia account: deb0258d...\"}","timestamp":"2026-07-27T10:09:47.304Z"}

data: {"data":"[10:09:51] 📊 \u001b[32m[USAGE] NVIDIA | in=39548 | out=111 | account=deb0258d...\u001b[0m \u001b[33m(estimated)\u001b[0m | cache_read=384","timestamp":"2026-07-27T10:09:51.906Z"}

data: {"data":"[10:09:51] 🌊 [STREAM] NVIDIA | z-ai/glm-5.2 | 4621ms | complete","timestamp":"2026-07-27T10:09:51.914Z"}

data: {"data":"[INFO] [SKILLS_INJECTION] skills.injection.skipped {\"apiKeyId\":\"env-key\",\"reason\":\"no_enabled_skills\"}","timestamp":"2026-07-27T10:09:52.391Z"}

data: {"data":"{\"level\":30,\"time\":\"2026-07-27T10:09:52.347Z\",\"service\":\"omniroute\",\"module\":\"sse\",\"tag\":\"HTTP\",\"method\":\"POST\",\"path\":\"/v1/messages | nvidia/z-ai/glm-5.2 | 13 msgs | 40 tools\",\"msg\":\"📥 POST /v1/messages | nvidia/z-ai/glm-5.2 | 13 msgs | 40 tools\"}","timestamp":"2026-07-27T10:09:52.405Z"}

data: {"data":"{\"level\":30,\"time\":\"2026-07-27T10:09:52.351Z\",\"service\":\"omniroute\",\"module\":\"sse\",\"tag\":\"ROUTING\",\"msg\":\"Provider: nvidia, Model: z-ai/glm-5.2\"}","timestamp":"2026-07-27T10:09:52.405Z"}

data: {"data":"{\"level\":30,\"time\":\"2026-07-27T10:09:52.357Z\",\"service\":\"omniroute\",\"module\":\"sse\",\"tag\":\"AUTH\",\"msg\":\"session_key=input:sha256:b1014... has no available affinity target\"}","timestamp":"2026-07-27T10:09:52.405Z"}

data: {"data":"{\"level\":30,\"time\":\"2026-07-27T10:09:52.358Z\",\"service\":\"omniroute\",\"module\":\"sse\",\"tag\":\"AUTH\",\"msg\":\"Using nvidia account: 3317f8d3...\"}","timestamp":"2026-07-27T10:09:52.405Z"}

data: {"data":"[10:09:54] 📊 \u001b[32m[USAGE] NVIDIA | in=39798 | out=39 | account=3317f8d3...\u001b[0m \u001b[33m(estimated)\u001b[0m | cache_read=704","timestamp":"2026-07-27T10:09:54.572Z"}

data: {"data":"[10:09:54] 🌊 [STREAM] NVIDIA | z-ai/glm-5.2 | 2182ms | complete","timestamp":"2026-07-27T10:09:54.578Z"}

data: {"data":"[INFO] [SKILLS_INJECTION] skills.injection.skipped {\"apiKeyId\":\"env-key\",\"reason\":\"no_enabled_skills\"}","timestamp":"2026-07-27T10:09:55.031Z"}

data: {"data":"{\"level\":30,\"time\":\"2026-07-27T10:09:55.002Z\",\"service\":\"omniroute\",\"module\":\"sse\",\"tag\":\"HTTP\",\"method\":\"POST\",\"path\":\"/v1/messages | nvidia/z-ai/glm-5.2 | 15 msgs | 40 tools\",\"msg\":\"📥 POST /v1/messages | nvidia/z-ai/glm-5.2 | 15 msgs | 40 tools\"}","timestamp":"2026-07-27T10:09:55.059Z"}

data: {"data":"{\"level\":30,\"time\":\"2026-07-27T10:09:55.005Z\",\"service\":\"omniroute\",\"module\":\"sse\",\"tag\":\"ROUTING\",\"msg\":\"Provider: nvidia, Model: z-ai/glm-5.2\"}","timestamp":"2026-07-27T10:09:55.059Z"}

data: {"data":"{\"level\":30,\"time\":\"2026-07-27T10:09:55.008Z\",\"service\":\"omniroute\",\"module\":\"sse\",\"tag\":\"AUTH\",\"msg\":\"session_key=input:sha256:b1014... has no available affinity target\"}","timestamp":"2026-07-27T10:09:55.059Z"}

data: {"data":"{\"level\":30,\"time\":\"2026-07-27T10:09:55.009Z\",\"service\":\"omniroute\",\"module\":\"sse\",\"tag\":\"AUTH\",\"msg\":\"Using nvidia account: c5116293...\"}","timestamp":"2026-07-27T10:09:55.059Z"}

data: {"data":"time=2026-07-27T10:09:56.962Z level=INFO msg=\"l0 retention enforced\" db=storage.sqlite deleted_count=2 max_l1_txid=000000000000054f","timestamp":"2026-07-27T10:09:56.962Z"}

data: {"data":"time=2026-07-27T10:10:09.586Z level=INFO msg=\"l0 retention enforced\" db=storage.sqlite deleted_count=5 max_l1_txid=000000000000055b","timestamp":"2026-07-27T10:10:09.586Z"}

data: {"data":"time=2026-07-27T10:10:09.586Z level=INFO msg=\"compaction complete\" level=1 txid.min=0000000000000550 txid.max=000000000000055b size=100187","timestamp":"2026-07-27T10:10:09.586Z"}

data: {"data":"time=2026-07-27T10:10:10.101Z level=INFO msg=\"compaction complete\" level=2 txid.min=0000000000000543 txid.max=000000000000054f size=579229","timestamp":"2026-07-27T10:10:10.102Z"}

data: {"data":"[10:10:17] 📊 \u001b[32m[USAGE] NVIDIA | in=41088 | out=289 | account=c5116293...\u001b[0m \u001b[33m(estimated)\u001b[0m | cache_read=704","timestamp":"2026-07-27T10:10:17.999Z"}

data: {"data":"[10:10:18] 🌊 [STREAM] NVIDIA | z-ai/glm-5.2 | 22971ms | complete","timestamp":"2026-07-27T10:10:18.005Z"}

data: {"data":"[INFO] [SKILLS_INJECTION] skills.injection.skipped {\"apiKeyId\":\"env-key\",\"reason\":\"no_enabled_skills\"}","timestamp":"2026-07-27T10:10:18.820Z"}

data: {"data":"{\"level\":30,\"time\":\"2026-07-27T10:10:18.774Z\",\"service\":\"omniroute\",\"module\":\"sse\",\"tag\":\"HTTP\",\"method\":\"POST\",\"path\":\"/v1/messages | nvidia/z-ai/glm-5.2 | 17 msgs | 40 tools\",\"msg\":\"📥 POST /v1/messages | nvidia/z-ai/glm-5.2 | 17 msgs | 40 tools\"}","timestamp":"2026-07-27T10:10:18.834Z"}

data: {"data":"{\"level\":30,\"time\":\"2026-07-27T10:10:18.779Z\",\"service\":\"omniroute\",\"module\":\"sse\",\"tag\":\"ROUTING\",\"msg\":\"Provider: nvidia, Model: z-ai/glm-5.2\"}","timestamp":"2026-07-27T10:10:18.834Z"}

data: {"data":"{\"level\":30,\"time\":\"2026-07-27T10:10:18.784Z\",\"service\":\"omniroute\",\"module\":\"sse\",\"tag\":\"AUTH\",\"msg\":\"session_key=input:sha256:b1014... has no available affinity target\"}","timestamp":"2026-07-27T10:10:18.834Z"}

data: {"data":"{\"level\":30,\"time\":\"2026-07-27T10:10:18.785Z\",\"service\":\"omniroute\",\"module\":\"sse\",\"tag\":\"AUTH\",\"msg\":\"Using nvidia account: cb888a54...\"}","timestamp":"2026-07-27T10:10:18.834Z"}

data: {"data":"[10:10:24] 📊 \u001b[32m[USAGE] NVIDIA | in=41418 | out=142 | account=cb888a54...\u001b[0m \u001b[33m(estimated)\u001b[0m | cache_read=39616","timestamp":"2026-07-27T10:10:24.468Z"}

data: {"data":"[10:10:24] 🌊 [STREAM] NVIDIA | z-ai/glm-5.2 | 5650ms | complete","timestamp":"2026-07-27T10:10:24.474Z"}

data: {"data":"[INFO] [SKILLS_INJECTION] skills.injection.skipped {\"apiKeyId\":\"env-key\",\"reason\":\"no_enabled_skills\"}","timestamp":"2026-07-27T10:10:24.984Z"}

data: {"data":"{\"level\":30,\"time\":\"2026-07-27T10:10:24.950Z\",\"service\":\"omniroute\",\"module\":\"sse\",\"tag\":\"HTTP\",\"method\":\"POST\",\"path\":\"/v1/messages | nvidia/z-ai/glm-5.2 | 19 msgs | 40 tools\",\"msg\":\"📥 POST /v1/messages | nvidia/z-ai/glm-5.2 | 19 msgs | 40 tools\"}","timestamp":"2026-07-27T10:10:24.996Z"}

data: {"data":"{\"level\":30,\"time\":\"2026-07-27T10:10:24.955Z\",\"service\":\"omniroute\",\"module\":\"sse\",\"tag\":\"ROUTING\",\"msg\":\"Provider: nvidia, Model: z-ai/glm-5.2\"}","timestamp":"2026-07-27T10:10:24.996Z"}

data: {"data":"{\"level\":30,\"time\":\"2026-07-27T10:10:24.959Z\",\"service\":\"omniroute\",\"module\":\"sse\",\"tag\":\"AUTH\",\"msg\":\"session_key=input:sha256:b1014... has no available affinity target\"}","timestamp":"2026-07-27T10:10:24.996Z"}

data: {"data":"{\"level\":30,\"time\":\"2026-07-27T10:10:24.959Z\",\"service\":\"omniroute\",\"module\":\"sse\",\"tag\":\"AUTH\",\"msg\":\"Using nvidia account: d65f33e2...\"}","timestamp":"2026-07-27T10:10:24.996Z"}

data: {"data":"[10:10:33] 📊 \u001b[32m[USAGE] NVIDIA | in=41648 | out=97 | account=d65f33e2...\u001b[0m \u001b[33m(estimated)\u001b[0m | cache_read=1536","timestamp":"2026-07-27T10:10:33.460Z"}

data: {"data":"[10:10:33] 🌊 [STREAM] NVIDIA | z-ai/glm-5.2 | 8479ms | complete","timestamp":"2026-07-27T10:10:33.466Z"}

data: {"data":"[INFO] [SKILLS_INJECTION] skills.injection.skipped {\"apiKeyId\":\"env-key\",\"reason\":\"no_enabled_skills\"}","timestamp":"2026-07-27T10:10:36.781Z"}

data: {"data":"{\"level\":30,\"time\":\"2026-07-27T10:10:36.743Z\",\"service\":\"omniroute\",\"module\":\"sse\",\"tag\":\"HTTP\",\"method\":\"POST\",\"path\":\"/v1/messages | nvidia/z-ai/glm-5.2 | 21 msgs | 40 tools\",\"msg\":\"📥 POST /v1/messages | nvidia/z-ai/glm-5.2 | 21 msgs | 40 tools\"}","timestamp":"2026-07-27T10:10:36.803Z"}

data: {"data":"{\"level\":30,\"time\":\"2026-07-27T10:10:36.748Z\",\"service\":\"omniroute\",\"module\":\"sse\",\"tag\":\"ROUTING\",\"msg\":\"Provider: nvidia, Model: z-ai/glm-5.2\"}","timestamp":"2026-07-27T10:10:36.803Z"}

data: {"data":"{\"level\":30,\"time\":\"2026-07-27T10:10:36.752Z\",\"service\":\"omniroute\",\"module\":\"sse\",\"tag\":\"AUTH\",\"msg\":\"session_key=input:sha256:b1014... has no available affinity target\"}","timestamp":"2026-07-27T10:10:36.803Z"}

data: {"data":"{\"level\":30,\"time\":\"2026-07-27T10:10:36.753Z\",\"service\":\"omniroute\",\"module\":\"sse\",\"tag\":\"AUTH\",\"msg\":\"Using nvidia account: ccaad834...\"}","timestamp":"2026-07-27T10:10:36.803Z"}

data: {"data":"time=2026-07-27T10:10:38.001Z level=INFO msg=\"l0 retention enforced\" db=storage.sqlite deleted_count=7 max_l1_txid=0000000000000562","timestamp":"2026-07-27T10:10:38.001Z"}

data: {"data":"time=2026-07-27T10:10:38.001Z level=INFO msg=\"compaction complete\" level=1 txid.min=000000000000055c txid.max=0000000000000562 size=584482","timestamp":"2026-07-27T10:10:38.001Z"}

data: {"data":"[10:10:40] 📊 \u001b[32m[USAGE] NVIDIA | in=41899 | out=52 | account=ccaad834...\u001b[0m \u001b[33m(estimated)\u001b[0m | cache_read=39296","timestamp":"2026-07-27T10:10:40.751Z"}

data: {"data":"[10:10:40] 🌊 [STREAM] NVIDIA | z-ai/glm-5.2 | 3973ms | complete","timestamp":"2026-07-27T10:10:40.758Z"}

data: {"data":"[INFO] [SKILLS_INJECTION] skills.injection.skipped {\"apiKeyId\":\"env-key\",\"reason\":\"no_enabled_skills\"}","timestamp":"2026-07-27T10:10:41.361Z"}

data: {"data":"{\"level\":30,\"time\":\"2026-07-27T10:10:41.327Z\",\"service\":\"omniroute\",\"module\":\"sse\",\"tag\":\"HTTP\",\"method\":\"POST\",\"path\":\"/v1/messages | nvidia/z-ai/glm-5.2 | 24 msgs | 40 tools\",\"msg\":\"📥 POST /v1/messages | nvidia/z-ai/glm-5.2 | 24 msgs | 40 tools\"}","timestamp":"2026-07-27T10:10:41.388Z"}

data: {"data":"{\"level\":30,\"time\":\"2026-07-27T10:10:41.330Z\",\"service\":\"omniroute\",\"module\":\"sse\",\"tag\":\"ROUTING\",\"msg\":\"Provider: nvidia, Model: z-ai/glm-5.2\"}","timestamp":"2026-07-27T10:10:41.388Z"}

data: {"data":"{\"level\":30,\"time\":\"2026-07-27T10:10:41.333Z\",\"service\":\"omniroute\",\"module\":\"sse\",\"tag\":\"AUTH\",\"msg\":\"session_key=input:sha256:b1014... has no available affinity target\"}","timestamp":"2026-07-27T10:10:41.388Z"}

data: {"data":"{\"level\":30,\"time\":\"2026-07-27T10:10:41.334Z\",\"service\":\"omniroute\",\"module\":\"sse\",\"tag\":\"AUTH\",\"msg\":\"Using nvidia account: def58a55...\"}","timestamp":"2026-07-27T10:10:41.388Z"}

data: {"data":"[10:10:44] 📊 \u001b[32m[USAGE] NVIDIA | in=42208 | out=82 | account=def58a55...\u001b[0m \u001b[33m(estimated)\u001b[0m | cache_read=1536","timestamp":"2026-07-27T10:10:44.520Z"}

data: {"data":"[10:10:44] 🌊 [STREAM] NVIDIA | z-ai/glm-5.2 | 3162ms | complete","timestamp":"2026-07-27T10:10:44.528Z"}

data: {"data":"[INFO] [SKILLS_INJECTION] skills.injection.skipped {\"apiKeyId\":\"env-key\",\"reason\":\"no_enabled_skills\"}","timestamp":"2026-07-27T10:10:45.130Z"}

data: {"data":"{\"level\":30,\"time\":\"2026-07-27T10:10:45.098Z\",\"service\":\"omniroute\",\"module\":\"sse\",\"tag\":\"HTTP\",\"method\":\"POST\",\"path\":\"/v1/messages | nvidia/z-ai/glm-5.2 | 26 msgs | 40 tools\",\"msg\":\"📥 POST /v1/messages | nvidia/z-ai/glm-5.2 | 26 msgs | 40 tools\"}","timestamp":"2026-07-27T10:10:45.142Z"}

data: {"data":"{\"level\":30,\"time\":\"2026-07-27T10:10:45.101Z\",\"service\":\"omniroute\",\"module\":\"sse\",\"tag\":\"ROUTING\",\"msg\":\"Provider: nvidia, Model: z-ai/glm-5.2\"}","timestamp":"2026-07-27T10:10:45.142Z"}

data: {"data":"{\"level\":30,\"time\":\"2026-07-27T10:10:45.105Z\",\"service\":\"omniroute\",\"module\":\"sse\",\"tag\":\"AUTH\",\"msg\":\"session_key=input:sha256:b1014... has no available affinity target\"}","timestamp":"2026-07-27T10:10:45.142Z"}

data: {"data":"{\"level\":30,\"time\":\"2026-07-27T10:10:45.106Z\",\"service\":\"omniroute\",\"module\":\"sse\",\"tag\":\"AUTH\",\"msg\":\"Using nvidia account: 2d039916...\"}","timestamp":"2026-07-27T10:10:45.142Z"}

data: {"data":"[10:10:46] 📊 \u001b[32m[USAGE] NVIDIA | in=42318 | out=70 | account=2d039916...\u001b[0m \u001b[33m(estimated)\u001b[0m | cache_read=41344","timestamp":"2026-07-27T10:10:46.416Z"}

data: {"data":"[10:10:46] 🌊 [STREAM] NVIDIA | z-ai/glm-5.2 | 1287ms | complete","timestamp":"2026-07-27T10:10:46.422Z"}

data: {"data":"time=2026-07-27T10:11:07.968Z level=INFO msg=\"l0 retention enforced\" db=storage.sqlite deleted_count=2 max_l1_txid=000000000000056c","timestamp":"2026-07-27T10:11:07.968Z"}

data: {"data":"time=2026-07-27T10:11:07.968Z level=INFO msg=\"compaction complete\" level=1 txid.min=0000000000000563 txid.max=000000000000056c size=91518","timestamp":"2026-07-27T10:11:07.968Z"}

data: {"data":"[INFO] [SKILLS_INJECTION] skills.injection.skipped {\"apiKeyId\":\"env-key\",\"reason\":\"no_enabled_skills\"}","timestamp":"2026-07-27T10:11:35.942Z"}

data: {"data":"{\"level\":30,\"time\":\"2026-07-27T10:11:35.907Z\",\"service\":\"omniroute\",\"module\":\"sse\",\"tag\":\"HTTP\",\"method\":\"POST\",\"path\":\"/v1/messages | nvidia/z-ai/glm-5.2 | 28 msgs | 40 tools\",\"msg\":\"📥 POST /v1/messages | nvidia/z-ai/glm-5.2 | 28 msgs | 40 tools\"}","timestamp":"2026-07-27T10:11:35.958Z"}

data: {"data":"{\"level\":30,\"time\":\"2026-07-27T10:11:35.912Z\",\"service\":\"omniroute\",\"module\":\"sse\",\"tag\":\"ROUTING\",\"msg\":\"Provider: nvidia, Model: z-ai/glm-5.2\"}","timestamp":"2026-07-27T10:11:35.959Z"}

data: {"data":"{\"level\":30,\"time\":\"2026-07-27T10:11:35.916Z\",\"service\":\"omniroute\",\"module\":\"sse\",\"tag\":\"AUTH\",\"msg\":\"session_key=input:sha256:b1014... has no available affinity target\"}","timestamp":"2026-07-27T10:11:35.959Z"}

data: {"data":"{\"level\":30,\"time\":\"2026-07-27T10:11:35.916Z\",\"service\":\"omniroute\",\"module\":\"sse\",\"tag\":\"AUTH\",\"msg\":\"Using nvidia account: d6a27df9...\"}","timestamp":"2026-07-27T10:11:35.959Z"}

data: {"data":"[10:11:38] 📊 \u001b[32m[USAGE] NVIDIA | in=42426 | out=131 | account=d6a27df9...\u001b[0m \u001b[33m(estimated)\u001b[0m | cache_read=2112","timestamp":"2026-07-27T10:11:38.921Z"}

data: {"data":"[10:11:38] 🌊 [STREAM] NVIDIA | z-ai/glm-5.2 | 2979ms | complete","timestamp":"2026-07-27T10:11:38.927Z"}

data: {"data":"[INFO] [SKILLS_INJECTION] skills.injection.skipped {\"apiKeyId\":\"env-key\",\"reason\":\"no_enabled_skills\"}","timestamp":"2026-07-27T10:11:39.371Z"}

data: {"data":"{\"level\":30,\"time\":\"2026-07-27T10:11:39.343Z\",\"service\":\"omniroute\",\"module\":\"sse\",\"tag\":\"HTTP\",\"method\":\"POST\",\"path\":\"/v1/messages | nvidia/z-ai/glm-5.2 | 30 msgs | 40 tools\",\"msg\":\"📥 POST /v1/messages | nvidia/z-ai/glm-5.2 | 30 msgs | 40 tools\"}","timestamp":"2026-07-27T10:11:39.393Z"}

data: {"data":"{\"level\":30,\"time\":\"2026-07-27T10:11:39.346Z\",\"service\":\"omniroute\",\"module\":\"sse\",\"tag\":\"ROUTING\",\"msg\":\"Provider: nvidia, Model: z-ai/glm-5.2\"}","timestamp":"2026-07-27T10:11:39.393Z"}

data: {"data":"{\"level\":30,\"time\":\"2026-07-27T10:11:39.350Z\",\"service\":\"omniroute\",\"module\":\"sse\",\"tag\":\"AUTH\",\"msg\":\"session_key=input:sha256:b1014... has no available affinity target\"}","timestamp":"2026-07-27T10:11:39.393Z"}

data: {"data":"{\"level\":30,\"time\":\"2026-07-27T10:11:39.351Z\",\"service\":\"omniroute\",\"module\":\"sse\",\"tag\":\"AUTH\",\"msg\":\"Using nvidia account: 7d5d42c4...\"}","timestamp":"2026-07-27T10:11:39.393Z"}

data: {"data":"[10:11:50] 📊 \u001b[32m[USAGE] NVIDIA | in=42599 | out=98 | account=7d5d42c4...\u001b[0m \u001b[33m(estimated)\u001b[0m | cache_read=384","timestamp":"2026-07-27T10:11:50.700Z"}

data: {"data":"[10:11:50] 🌊 [STREAM] NVIDIA | z-ai/glm-5.2 | 11330ms | complete","timestamp":"2026-07-27T10:11:50.706Z"}

data: {"data":"[INFO] [SKILLS_INJECTION] skills.injection.skipped {\"apiKeyId\":\"env-key\",\"reason\":\"no_enabled_skills\"}","timestamp":"2026-07-27T10:11:51.127Z"}

data: {"data":"{\"level\":30,\"time\":\"2026-07-27T10:11:51.083Z\",\"service\":\"omniroute\",\"module\":\"sse\",\"tag\":\"HTTP\",\"method\":\"POST\",\"path\":\"/v1/messages | nvidia/z-ai/glm-5.2 | 32 msgs | 40 tools\",\"msg\":\"📥 POST /v1/messages | nvidia/z-ai/glm-5.2 | 32 msgs | 40 tools\"}","timestamp":"2026-07-27T10:11:51.144Z"}

data: {"data":"{\"level\":30,\"time\":\"2026-07-27T10:11:51.087Z\",\"service\":\"omniroute\",\"module\":\"sse\",\"tag\":\"ROUTING\",\"msg\":\"Provider: nvidia, Model: z-ai/glm-5.2\"}","timestamp":"2026-07-27T10:11:51.144Z"}

data: {"data":"{\"level\":30,\"time\":\"2026-07-27T10:11:51.094Z\",\"service\":\"omniroute\",\"module\":\"sse\",\"tag\":\"AUTH\",\"msg\":\"session_key=input:sha256:b1014... has no available affinity target\"}","timestamp":"2026-07-27T10:11:51.144Z"}

data: {"data":"{\"level\":30,\"time\":\"2026-07-27T10:11:51.095Z\",\"service\":\"omniroute\",\"module\":\"sse\",\"tag\":\"AUTH\",\"msg\":\"Using nvidia account: f2b0933a...\"}","timestamp":"2026-07-27T10:11:51.144Z"}

data: {"data":"[10:11:53] 📊 \u001b[32m[USAGE] NVIDIA | in=42867 | out=91 | account=f2b0933a...\u001b[0m \u001b[33m(estimated)\u001b[0m | cache_read=576","timestamp":"2026-07-27T10:11:53.920Z"}

data: {"data":"[10:11:53] 🌊 [STREAM] NVIDIA | z-ai/glm-5.2 | 2795ms | complete","timestamp":"2026-07-27T10:11:53.930Z"}

data: {"data":"[INFO] [SKILLS_INJECTION] skills.injection.skipped {\"apiKeyId\":\"env-key\",\"reason\":\"no_enabled_skills\"}","timestamp":"2026-07-27T10:11:54.987Z"}

data: {"data":"{\"level\":30,\"time\":\"2026-07-27T10:11:54.949Z\",\"service\":\"omniroute\",\"module\":\"sse\",\"tag\":\"HTTP\",\"method\":\"POST\",\"path\":\"/v1/messages | nvidia/z-ai/glm-5.2 | 35 msgs | 40 tools\",\"msg\":\"📥 POST /v1/messages | nvidia/z-ai/glm-5.2 | 35 msgs | 40 tools\"}","timestamp":"2026-07-27T10:11:55.012Z"}

data: {"data":"{\"level\":30,\"time\":\"2026-07-27T10:11:54.953Z\",\"service\":\"omniroute\",\"module\":\"sse\",\"tag\":\"ROUTING\",\"msg\":\"Provider: nvidia, Model: z-ai/glm-5.2\"}","timestamp":"2026-07-27T10:11:55.012Z"}

data: {"data":"{\"level\":30,\"time\":\"2026-07-27T10:11:54.956Z\",\"service\":\"omniroute\",\"module\":\"sse\",\"tag\":\"AUTH\",\"msg\":\"session_key=input:sha256:b1014... has no available affinity target\"}","timestamp":"2026-07-27T10:11:55.012Z"}

data: {"data":"{\"level\":30,\"time\":\"2026-07-27T10:11:54.957Z\",\"service\":\"omniroute\",\"module\":\"sse\",\"tag\":\"AUTH\",\"msg\":\"Using nvidia account: 9cda5fc2...\"}","timestamp":"2026-07-27T10:11:55.012Z"}

data: {"data":"[10:12:09] 📊 \u001b[32m[USAGE] NVIDIA | in=43097 | out=145 | account=9cda5fc2...\u001b[0m \u001b[33m(estimated)\u001b[0m | cache_read=384","timestamp":"2026-07-27T10:12:09.533Z"}

data: {"data":"[10:12:09] 🌊 [STREAM] NVIDIA | z-ai/glm-5.2 | 14549ms | complete","timestamp":"2026-07-27T10:12:09.540Z"}

data: {"data":"[INFO] [SKILLS_INJECTION] skills.injection.skipped {\"apiKeyId\":\"env-key\",\"reason\":\"no_enabled_skills\"}","timestamp":"2026-07-27T10:12:10.055Z"}

data: {"data":"{\"level\":30,\"time\":\"2026-07-27T10:12:10.011Z\",\"service\":\"omniroute\",\"module\":\"sse\",\"tag\":\"HTTP\",\"method\":\"POST\",\"path\":\"/v1/messages | nvidia/z-ai/glm-5.2 | 37 msgs | 40 tools\",\"msg\":\"📥 POST /v1/messages | nvidia/z-ai/glm-5.2 | 37 msgs | 40 tools\"}","timestamp":"2026-07-27T10:12:10.075Z"}

data: {"data":"{\"level\":30,\"time\":\"2026-07-27T10:12:10.015Z\",\"service\":\"omniroute\",\"module\":\"sse\",\"tag\":\"ROUTING\",\"msg\":\"Provider: nvidia, Model: z-ai/glm-5.2\"}","timestamp":"2026-07-27T10:12:10.075Z"}

data: {"data":"{\"level\":30,\"time\":\"2026-07-27T10:12:10.019Z\",\"service\":\"omniroute\",\"module\":\"sse\",\"tag\":\"AUTH\",\"msg\":\"session_key=input:sha256:b1014... has no available affinity target\"}","timestamp":"2026-07-27T10:12:10.075Z"}

data: {"data":"{\"level\":30,\"time\":\"2026-07-27T10:12:10.020Z\",\"service\":\"omniroute\",\"module\":\"sse\",\"tag\":\"AUTH\",\"msg\":\"Using nvidia account: d1717878...\"}","timestamp":"2026-07-27T10:12:10.075Z"}

data: {"data":"[10:12:14] 📊 \u001b[32m[USAGE] NVIDIA | in=43263 | out=114 | account=d1717878...\u001b[0m \u001b[33m(estimated)\u001b[0m | cache_read=384","timestamp":"2026-07-27T10:12:14.503Z"}

data: {"data":"[10:12:14] 🌊 [STREAM] NVIDIA | z-ai/glm-5.2 | 4450ms | complete","timestamp":"2026-07-27T10:12:14.511Z"}

data: {"data":"[INFO] [SKILLS_INJECTION] skills.injection.skipped {\"apiKeyId\":\"env-key\",\"reason\":\"no_enabled_skills\"}","timestamp":"2026-07-27T10:12:14.946Z"}

data: {"data":"{\"level\":30,\"time\":\"2026-07-27T10:12:14.914Z\",\"service\":\"omniroute\",\"module\":\"sse\",\"tag\":\"HTTP\",\"method\":\"POST\",\"path\":\"/v1/messages | nvidia/z-ai/glm-5.2 | 39 msgs | 40 tools\",\"msg\":\"📥 POST /v1/messages | nvidia/z-ai/glm-5.2 | 39 msgs | 40 tools\"}","timestamp":"2026-07-27T10:12:14.965Z"}

data: {"data":"{\"level\":30,\"time\":\"2026-07-27T10:12:14.918Z\",\"service\":\"omniroute\",\"module\":\"sse\",\"tag\":\"ROUTING\",\"msg\":\"Provider: nvidia, Model: z-ai/glm-5.2\"}","timestamp":"2026-07-27T10:12:14.965Z"}

data: {"data":"{\"level\":30,\"time\":\"2026-07-27T10:12:14.921Z\",\"service\":\"omniroute\",\"module\":\"sse\",\"tag\":\"AUTH\",\"msg\":\"session_key=input:sha256:b1014... has no available affinity target\"}","timestamp":"2026-07-27T10:12:14.965Z"}

data: {"data":"{\"level\":30,\"time\":\"2026-07-27T10:12:14.921Z\",\"service\":\"omniroute\",\"module\":\"sse\",\"tag\":\"AUTH\",\"msg\":\"Using nvidia account: a0c72227...\"}","timestamp":"2026-07-27T10:12:14.965Z"}

data: {"data":"[10:12:20] 📊 \u001b[32m[USAGE] NVIDIA | in=43428 | out=81 | account=a0c72227...\u001b[0m \u001b[33m(estimated)\u001b[0m | cache_read=576","timestamp":"2026-07-27T10:12:20.812Z"}

data: {"data":"[10:12:20] 🌊 [STREAM] NVIDIA | z-ai/glm-5.2 | 5871ms | complete","timestamp":"2026-07-27T10:12:20.820Z"}

data: {"data":"[INFO] [SKILLS_INJECTION] skills.injection.skipped {\"apiKeyId\":\"env-key\",\"reason\":\"no_enabled_skills\"}","timestamp":"2026-07-27T10:12:21.285Z"}

data: {"data":"{\"level\":30,\"time\":\"2026-07-27T10:12:21.248Z\",\"service\":\"omniroute\",\"module\":\"sse\",\"tag\":\"HTTP\",\"method\":\"POST\",\"path\":\"/v1/messages | nvidia/z-ai/glm-5.2 | 41 msgs | 40 tools\",\"msg\":\"📥 POST /v1/messages | nvidia/z-ai/glm-5.2 | 41 msgs | 40 tools\"}","timestamp":"2026-07-27T10:12:21.299Z"}

data: {"data":"{\"level\":30,\"time\":\"2026-07-27T10:12:21.252Z\",\"service\":\"omniroute\",\"module\":\"sse\",\"tag\":\"ROUTING\",\"msg\":\"Provider: nvidia, Model: z-ai/glm-5.2\"}","timestamp":"2026-07-27T10:12:21.299Z"}

data: {"data":"{\"level\":30,\"time\":\"2026-07-27T10:12:21.255Z\",\"service\":\"omniroute\",\"module\":\"sse\",\"tag\":\"AUTH\",\"msg\":\"session_key=input:sha256:b1014... has no available affinity target\"}","timestamp":"2026-07-27T10:12:21.299Z"}

data: {"data":"{\"level\":30,\"time\":\"2026-07-27T10:12:21.255Z\",\"service\":\"omniroute\",\"module\":\"sse\",\"tag\":\"AUTH\",\"msg\":\"Using nvidia account: 38a09429...\"}","timestamp":"2026-07-27T10:12:21.299Z"}

data: {"data":"[10:12:28] 📊 \u001b[32m[USAGE] NVIDIA | in=43586 | out=58 | account=38a09429...\u001b[0m \u001b[33m(estimated)\u001b[0m | cache_read=1536","timestamp":"2026-07-27T10:12:28.003Z"}

data: {"data":"[10:12:28] 🌊 [STREAM] NVIDIA | z-ai/glm-5.2 | 6720ms | complete","timestamp":"2026-07-27T10:12:28.010Z"}

data: {"data":"[INFO] [SKILLS_INJECTION] skills.injection.skipped {\"apiKeyId\":\"env-key\",\"reason\":\"no_enabled_skills\"}","timestamp":"2026-07-27T10:12:28.492Z"}

data: {"data":"{\"level\":30,\"time\":\"2026-07-27T10:12:28.457Z\",\"service\":\"omniroute\",\"module\":\"sse\",\"tag\":\"HTTP\",\"method\":\"POST\",\"path\":\"/v1/messages | nvidia/z-ai/glm-5.2 | 43 msgs | 40 tools\",\"msg\":\"📥 POST /v1/messages | nvidia/z-ai/glm-5.2 | 43 msgs | 40 tools\"}","timestamp":"2026-07-27T10:12:28.506Z"}

data: {"data":"{\"level\":30,\"time\":\"2026-07-27T10:12:28.461Z\",\"service\":\"omniroute\",\"module\":\"sse\",\"tag\":\"ROUTING\",\"msg\":\"Provider: nvidia, Model: z-ai/glm-5.2\"}","timestamp":"2026-07-27T10:12:28.506Z"}

data: {"data":"{\"level\":30,\"time\":\"2026-07-27T10:12:28.464Z\",\"service\":\"omniroute\",\"module\":\"sse\",\"tag\":\"AUTH\",\"msg\":\"session_key=input:sha256:b1014... has no available affinity target\"}","timestamp":"2026-07-27T10:12:28.506Z"}

data: {"data":"{\"level\":30,\"time\":\"2026-07-27T10:12:28.465Z\",\"service\":\"omniroute\",\"module\":\"sse\",\"tag\":\"AUTH\",\"msg\":\"Using nvidia account: 9865dfaa...\"}","timestamp":"2026-07-27T10:12:28.506Z"}

data: {"data":"[10:12:33] 📊 \u001b[32m[USAGE] NVIDIA | in=44657 | out=425 | account=9865dfaa...\u001b[0m \u001b[33m(estimated)\u001b[0m | cache_read=42944","timestamp":"2026-07-27T10:12:33.278Z"}

data: {"data":"[10:12:33] 🌊 [STREAM] NVIDIA | z-ai/glm-5.2 | 4790ms | complete","timestamp":"2026-07-27T10:12:33.286Z"}

data: {"data":"time=2026-07-27T10:12:33.433Z level=INFO msg=\"compaction complete\" level=1 txid.min=000000000000056d txid.max=000000000000057f size=590928","timestamp":"2026-07-27T10:12:33.433Z"}

data: {"data":"[INFO] [SKILLS_INJECTION] skills.injection.skipped {\"apiKeyId\":\"env-key\",\"reason\":\"no_enabled_skills\"}","timestamp":"2026-07-27T10:12:33.987Z"}

data: {"data":"{\"level\":30,\"time\":\"2026-07-27T10:12:33.939Z\",\"service\":\"omniroute\",\"module\":\"sse\",\"tag\":\"HTTP\",\"method\":\"POST\",\"path\":\"/v1/messages | nvidia/z-ai/glm-5.2 | 46 msgs | 40 tools\",\"msg\":\"📥 POST /v1/messages | nvidia/z-ai/glm-5.2 | 46 msgs | 40 tools\"}","timestamp":"2026-07-27T10:12:34.002Z"}

data: {"data":"{\"level\":30,\"time\":\"2026-07-27T10:12:33.944Z\",\"service\":\"omniroute\",\"module\":\"sse\",\"tag\":\"ROUTING\",\"msg\":\"Provider: nvidia, Model: z-ai/glm-5.2\"}","timestamp":"2026-07-27T10:12:34.002Z"}

data: {"data":"{\"level\":30,\"time\":\"2026-07-27T10:12:33.947Z\",\"service\":\"omniroute\",\"module\":\"sse\",\"tag\":\"AUTH\",\"msg\":\"session_key=input:sha256:b1014... has no available affinity target\"}","timestamp":"2026-07-27T10:12:34.002Z"}

data: {"data":"{\"level\":30,\"time\":\"2026-07-27T10:12:33.948Z\",\"service\":\"omniroute\",\"module\":\"sse\",\"tag\":\"AUTH\",\"msg\":\"Using nvidia account: 3f77f218...\"}","timestamp":"2026-07-27T10:12:34.002Z"}

data: {"data":"[10:12:38] 📊 \u001b[32m[USAGE] NVIDIA | in=45259 | out=35 | account=3f77f218...\u001b[0m \u001b[33m(estimated)\u001b[0m | cache_read=33408","timestamp":"2026-07-27T10:12:38.103Z"}

data: {"data":"[10:12:38] 🌊 [STREAM] NVIDIA | z-ai/glm-5.2 | 4117ms | complete","timestamp":"2026-07-27T10:12:38.109Z"}

data: {"data":"[INFO] [SKILLS_INJECTION] skills.injection.skipped {\"apiKeyId\":\"env-key\",\"reason\":\"no_enabled_skills\"}","timestamp":"2026-07-27T10:12:38.525Z"}

data: {"data":"{\"level\":30,\"time\":\"2026-07-27T10:12:38.485Z\",\"service\":\"omniroute\",\"module\":\"sse\",\"tag\":\"HTTP\",\"method\":\"POST\",\"path\":\"/v1/messages | nvidia/z-ai/glm-5.2 | 48 msgs | 40 tools\",\"msg\":\"📥 POST /v1/messages | nvidia/z-ai/glm-5.2 | 48 msgs | 40 tools\"}","timestamp":"2026-07-27T10:12:38.552Z"}

data: {"data":"{\"level\":30,\"time\":\"2026-07-27T10:12:38.490Z\",\"service\":\"omniroute\",\"module\":\"sse\",\"tag\":\"ROUTING\",\"msg\":\"Provider: nvidia, Model: z-ai/glm-5.2\"}","timestamp":"2026-07-27T10:12:38.552Z"}

data: {"data":"{\"level\":30,\"time\":\"2026-07-27T10:12:38.494Z\",\"service\":\"omniroute\",\"module\":\"sse\",\"tag\":\"AUTH\",\"msg\":\"session_key=input:sha256:b1014... has no available affinity target\"}","timestamp":"2026-07-27T10:12:38.552Z"}

data: {"data":"{\"level\":30,\"time\":\"2026-07-27T10:12:38.495Z\",\"service\":\"omniroute\",\"module\":\"sse\",\"tag\":\"AUTH\",\"msg\":\"Using nvidia account: a68545c0...\"}","timestamp":"2026-07-27T10:12:38.552Z"}

data: {"data":"time=2026-07-27T10:13:05.679Z level=INFO msg=\"compaction complete\" level=1 txid.min=0000000000000580 txid.max=0000000000000588 size=593385","timestamp":"2026-07-27T10:13:05.679Z"}

data: {"data":"[10:13:52] 📊 \u001b[32m[USAGE] NVIDIA | in=45846 | out=1208 | account=a68545c0...\u001b[0m \u001b[33m(estimated)\u001b[0m | cache_read=45248","timestamp":"2026-07-27T10:13:52.845Z"}

data: {"data":"[10:13:52] 🌊 [STREAM] NVIDIA | z-ai/glm-5.2 | 74320ms | complete","timestamp":"2026-07-27T10:13:52.850Z"}

data: {"data":"(node:816) MaxListenersExceededWarning: Possible EventEmitter memory leak detected. 11 connect listeners added to [Socket]. MaxListeners is 10. Use emitter.setMaxListeners() to increase limit","timestamp":"2026-07-27T10:13:53.359Z"}

data: {"data":"[INFO] [SKILLS_INJECTION] skills.injection.skipped {\"apiKeyId\":\"env-key\",\"reason\":\"no_enabled_skills\"}","timestamp":"2026-07-27T10:13:53.503Z"}

data: {"data":"{\"level\":30,\"time\":\"2026-07-27T10:13:53.463Z\",\"service\":\"omniroute\",\"module\":\"sse\",\"tag\":\"HTTP\",\"method\":\"POST\",\"path\":\"/v1/messages | nvidia/z-ai/glm-5.2 | 50 msgs | 40 tools\",\"msg\":\"📥 POST /v1/messages | nvidia/z-ai/glm-5.2 | 50 msgs | 40 tools\"}","timestamp":"2026-07-27T10:13:53.518Z"}

data: {"data":"{\"level\":30,\"time\":\"2026-07-27T10:13:53.467Z\",\"service\":\"omniroute\",\"module\":\"sse\",\"tag\":\"ROUTING\",\"msg\":\"Provider: nvidia, Model: z-ai/glm-5.2\"}","timestamp":"2026-07-27T10:13:53.518Z"}

data: {"data":"{\"level\":30,\"time\":\"2026-07-27T10:13:53.471Z\",\"service\":\"omniroute\",\"module\":\"sse\",\"tag\":\"AUTH\",\"msg\":\"session_key=input:sha256:b1014... has no available affinity target\"}","timestamp":"2026-07-27T10:13:53.518Z"}

data: {"data":"{\"level\":30,\"time\":\"2026-07-27T10:13:53.471Z\",\"service\":\"omniroute\",\"module\":\"sse\",\"tag\":\"AUTH\",\"msg\":\"Using nvidia account: dd511141...\"}","timestamp":"2026-07-27T10:13:53.518Z"}

data: {"data":"[10:13:55] 📊 \u001b[32m[USAGE] NVIDIA | in=47098 | out=107 | account=dd511141...\u001b[0m \u001b[33m(estimated)\u001b[0m | cache_read=47040","timestamp":"2026-07-27T10:13:55.736Z"}

data: {"data":"[10:13:55] 🌊 [STREAM] NVIDIA | z-ai/glm-5.2 | 2234ms | complete","timestamp":"2026-07-27T10:13:55.742Z"}

data: {"data":"[INFO] [SKILLS_INJECTION] skills.injection.skipped {\"apiKeyId\":\"env-key\",\"reason\":\"no_enabled_skills\"}","timestamp":"2026-07-27T10:13:57.630Z"}

data: {"data":"{\"level\":30,\"time\":\"2026-07-27T10:13:57.590Z\",\"service\":\"omniroute\",\"module\":\"sse\",\"tag\":\"HTTP\",\"method\":\"POST\",\"path\":\"/v1/messages | nvidia/z-ai/glm-5.2 | 52 msgs | 40 tools\",\"msg\":\"📥 POST /v1/messages | nvidia/z-ai/glm-5.2 | 52 msgs | 40 tools\"}","timestamp":"2026-07-27T10:13:57.657Z"}

data: {"data":"{\"level\":30,\"time\":\"2026-07-27T10:13:57.594Z\",\"service\":\"omniroute\",\"module\":\"sse\",\"tag\":\"ROUTING\",\"msg\":\"Provider: nvidia, Model: z-ai/glm-5.2\"}","timestamp":"2026-07-27T10:13:57.657Z"}

data: {"data":"{\"level\":30,\"time\":\"2026-07-27T10:13:57.597Z\",\"service\":\"omniroute\",\"module\":\"sse\",\"tag\":\"AUTH\",\"msg\":\"session_key=input:sha256:b1014... has no available affinity target\"}","timestamp":"2026-07-27T10:13:57.657Z"}

data: {"data":"{\"level\":30,\"time\":\"2026-07-27T10:13:57.598Z\",\"service\":\"omniroute\",\"module\":\"sse\",\"tag\":\"AUTH\",\"msg\":\"Using nvidia account: 2bcea68b...\"}","timestamp":"2026-07-27T10:13:57.657Z"}

data: {"data":"time=2026-07-27T10:14:03.609Z level=INFO msg=\"compaction complete\" level=1 txid.min=0000000000000589 txid.max=000000000000058d size=594581","timestamp":"2026-07-27T10:14:03.609Z"}

data: {"data":"[10:14:10] 📊 \u001b[32m[USAGE] NVIDIA | in=47361 | out=156 | account=2bcea68b...\u001b[0m \u001b[33m(estimated)\u001b[0m | cache_read=384","timestamp":"2026-07-27T10:14:10.143Z"}

data: {"data":"[10:14:10] 🌊 [STREAM] NVIDIA | z-ai/glm-5.2 | 12515ms | complete","timestamp":"2026-07-27T10:14:10.151Z"}

data: {"data":"[INFO] [SKILLS_INJECTION] skills.injection.skipped {\"apiKeyId\":\"env-key\",\"reason\":\"no_enabled_skills\"}","timestamp":"2026-07-27T10:14:11.473Z"}

data: {"data":"{\"level\":30,\"time\":\"2026-07-27T10:14:11.432Z\",\"service\":\"omniroute\",\"module\":\"sse\",\"tag\":\"HTTP\",\"method\":\"POST\",\"path\":\"/v1/messages | nvidia/z-ai/glm-5.2 | 54 msgs | 40 tools\",\"msg\":\"📥 POST /v1/messages | nvidia/z-ai/glm-5.2 | 54 msgs | 40 tools\"}","timestamp":"2026-07-27T10:14:11.487Z"}

data: {"data":"{\"level\":30,\"time\":\"2026-07-27T10:14:11.436Z\",\"service\":\"omniroute\",\"module\":\"sse\",\"tag\":\"ROUTING\",\"msg\":\"Provider: nvidia, Model: z-ai/glm-5.2\"}","timestamp":"2026-07-27T10:14:11.488Z"}

data: {"data":"{\"level\":30,\"time\":\"2026-07-27T10:14:11.439Z\",\"service\":\"omniroute\",\"module\":\"sse\",\"tag\":\"AUTH\",\"msg\":\"session_key=input:sha256:b1014... has no available affinity target\"}","timestamp":"2026-07-27T10:14:11.488Z"}

data: {"data":"{\"level\":30,\"time\":\"2026-07-27T10:14:11.440Z\",\"service\":\"omniroute\",\"module\":\"sse\",\"tag\":\"AUTH\",\"msg\":\"Using nvidia account: 1830e4f7...\"}","timestamp":"2026-07-27T10:14:11.488Z"}

data: {"data":"[10:14:16] 📊 \u001b[32m[USAGE] NVIDIA | in=47553 | out=91 | account=1830e4f7...\u001b[0m \u001b[33m(estimated)\u001b[0m | cache_read=47488","timestamp":"2026-07-27T10:14:16.346Z"}

data: {"data":"[10:14:16] 🌊 [STREAM] NVIDIA | z-ai/glm-5.2 | 4879ms | complete","timestamp":"2026-07-27T10:14:16.355Z"}

data: {"data":"[INFO] [SKILLS_INJECTION] skills.injection.skipped {\"apiKeyId\":\"env-key\",\"reason\":\"no_enabled_skills\"}","timestamp":"2026-07-27T10:14:16.823Z"}

data: {"data":"{\"level\":30,\"time\":\"2026-07-27T10:14:16.786Z\",\"service\":\"omniroute\",\"module\":\"sse\",\"tag\":\"HTTP\",\"method\":\"POST\",\"path\":\"/v1/messages | nvidia/z-ai/glm-5.2 | 57 msgs | 40 tools\",\"msg\":\"📥 POST /v1/messages | nvidia/z-ai/glm-5.2 | 57 msgs | 40 tools\"}","timestamp":"2026-07-27T10:14:16.844Z"}

data: {"data":"{\"level\":30,\"time\":\"2026-07-27T10:14:16.790Z\",\"service\":\"omniroute\",\"module\":\"sse\",\"tag\":\"ROUTING\",\"msg\":\"Provider: nvidia, Model: z-ai/glm-5.2\"}","timestamp":"2026-07-27T10:14:16.844Z"}

data: {"data":"{\"level\":30,\"time\":\"2026-07-27T10:14:16.796Z\",\"service\":\"omniroute\",\"module\":\"sse\",\"tag\":\"AUTH\",\"msg\":\"session_key=input:sha256:b1014... has no available affinity target\"}","timestamp":"2026-07-27T10:14:16.844Z"}

data: {"data":"{\"level\":30,\"time\":\"2026-07-27T10:14:16.797Z\",\"service\":\"omniroute\",\"module\":\"sse\",\"tag\":\"AUTH\",\"msg\":\"Using nvidia account: 58f42365...\"}","timestamp":"2026-07-27T10:14:16.844Z"}

data: {"data":"[10:14:17] 📊 \u001b[32m[USAGE] NVIDIA | in=47791 | out=32 | account=58f42365...\u001b[0m \u001b[33m(estimated)\u001b[0m | cache_read=47168","timestamp":"2026-07-27T10:14:17.971Z"}

data: {"data":"[10:14:17] 🌊 [STREAM] NVIDIA | z-ai/glm-5.2 | 1145ms | complete","timestamp":"2026-07-27T10:14:17.977Z"}

data: {"data":"[INFO] [SKILLS_INJECTION] skills.injection.skipped {\"apiKeyId\":\"env-key\",\"reason\":\"no_enabled_skills\"}","timestamp":"2026-07-27T10:14:18.440Z"}

data: {"data":"{\"level\":30,\"time\":\"2026-07-27T10:14:18.402Z\",\"service\":\"omniroute\",\"module\":\"sse\",\"tag\":\"HTTP\",\"method\":\"POST\",\"path\":\"/v1/messages | nvidia/z-ai/glm-5.2 | 59 msgs | 40 tools\",\"msg\":\"📥 POST /v1/messages | nvidia/z-ai/glm-5.2 | 59 msgs | 40 tools\"}","timestamp":"2026-07-27T10:14:18.469Z"}

data: {"data":"{\"level\":30,\"time\":\"2026-07-27T10:14:18.406Z\",\"service\":\"omniroute\",\"module\":\"sse\",\"tag\":\"ROUTING\",\"msg\":\"Provider: nvidia, Model: z-ai/glm-5.2\"}","timestamp":"2026-07-27T10:14:18.469Z"}

data: {"data":"{\"level\":30,\"time\":\"2026-07-27T10:14:18.410Z\",\"service\":\"omniroute\",\"module\":\"sse\",\"tag\":\"AUTH\",\"msg\":\"session_key=input:sha256:b1014... has no available affinity target\"}","timestamp":"2026-07-27T10:14:18.469Z"}

data: {"data":"{\"level\":30,\"time\":\"2026-07-27T10:14:18.411Z\",\"service\":\"omniroute\",\"module\":\"sse\",\"tag\":\"AUTH\",\"msg\":\"Using nvidia account: 09665ab2...\"}","timestamp":"2026-07-27T10:14:18.469Z"}

data: {"data":"[10:14:33] 📊 \u001b[32m[USAGE] NVIDIA | in=48586 | out=494 | account=09665ab2...\u001b[0m \u001b[33m(estimated)\u001b[0m | cache_read=47616","timestamp":"2026-07-27T10:14:33.536Z"}

data: {"data":"[10:14:33] 🌊 [STREAM] NVIDIA | z-ai/glm-5.2 | 15094ms | complete","timestamp":"2026-07-27T10:14:33.542Z"}

data: {"data":"[INFO] [SKILLS_INJECTION] skills.injection.skipped {\"apiKeyId\":\"env-key\",\"reason\":\"no_enabled_skills\"}","timestamp":"2026-07-27T10:14:34.188Z"}

data: {"data":"{\"level\":30,\"time\":\"2026-07-27T10:14:34.149Z\",\"service\":\"omniroute\",\"module\":\"sse\",\"tag\":\"HTTP\",\"method\":\"POST\",\"path\":\"/v1/messages | nvidia/z-ai/glm-5.2 | 61 msgs | 40 tools\",\"msg\":\"📥 POST /v1/messages | nvidia/z-ai/glm-5.2 | 61 msgs | 40 tools\"}","timestamp":"2026-07-27T10:14:34.207Z"}

data: {"data":"{\"level\":30,\"time\":\"2026-07-27T10:14:34.155Z\",\"service\":\"omniroute\",\"module\":\"sse\",\"tag\":\"ROUTING\",\"msg\":\"Provider: nvidia, Model: z-ai/glm-5.2\"}","timestamp":"2026-07-27T10:14:34.207Z"}

data: {"data":"{\"level\":30,\"time\":\"2026-07-27T10:14:34.158Z\",\"service\":\"omniroute\",\"module\":\"sse\",\"tag\":\"AUTH\",\"msg\":\"session_key=input:sha256:b1014... has no available affinity target\"}","timestamp":"2026-07-27T10:14:34.207Z"}

data: {"data":"{\"level\":30,\"time\":\"2026-07-27T10:14:34.158Z\",\"service\":\"omniroute\",\"module\":\"sse\",\"tag\":\"AUTH\",\"msg\":\"Using nvidia account: 2d9ef15f...\"}","timestamp":"2026-07-27T10:14:34.207Z"}

data: {"data":"[ProxyEgress] nvidia/2d9ef15f in=113.20.2.214 out=44.196.116.2 proxy=direct status=success","timestamp":"2026-07-27T10:14:36.414Z"}

data: {"data":"[10:14:36] 📊 \u001b[32m[USAGE] NVIDIA | in=49118 | out=26 | account=2d9ef15f...\u001b[0m \u001b[33m(estimated)\u001b[0m | cache_read=1856","timestamp":"2026-07-27T10:14:36.774Z"}

data: {"data":"[10:14:36] 🌊 [STREAM] NVIDIA | z-ai/glm-5.2 | 2587ms | complete","timestamp":"2026-07-27T10:14:36.779Z"}

data: {"data":"time=2026-07-27T10:14:36.945Z level=INFO msg=\"l0 retention enforced\" db=storage.sqlite deleted_count=3 max_l1_txid=0000000000000596","timestamp":"2026-07-27T10:14:36.945Z"}

data: {"data":"time=2026-07-27T10:14:36.945Z level=INFO msg=\"compaction complete\" level=1 txid.min=000000000000058e txid.max=0000000000000596 size=82128","timestamp":"2026-07-27T10:14:36.945Z"}

data: {"data":"[INFO] [SKILLS_INJECTION] skills.injection.skipped {\"apiKeyId\":\"env-key\",\"reason\":\"no_enabled_skills\"}","timestamp":"2026-07-27T10:14:37.277Z"}

data: {"data":"{\"level\":30,\"time\":\"2026-07-27T10:14:37.239Z\",\"service\":\"omniroute\",\"module\":\"sse\",\"tag\":\"HTTP\",\"method\":\"POST\",\"path\":\"/v1/messages | nvidia/z-ai/glm-5.2 | 63 msgs | 40 tools\",\"msg\":\"📥 POST /v1/messages | nvidia/z-ai/glm-5.2 | 63 msgs | 40 tools\"}","timestamp":"2026-07-27T10:14:37.299Z"}

data: {"data":"{\"level\":30,\"time\":\"2026-07-27T10:14:37.243Z\",\"service\":\"omniroute\",\"module\":\"sse\",\"tag\":\"ROUTING\",\"msg\":\"Provider: nvidia, Model: z-ai/glm-5.2\"}","timestamp":"2026-07-27T10:14:37.300Z"}

data: {"data":"{\"level\":30,\"time\":\"2026-07-27T10:14:37.245Z\",\"service\":\"omniroute\",\"module\":\"sse\",\"tag\":\"AUTH\",\"msg\":\"session_key=input:sha256:b1014... has no available affinity target\"}","timestamp":"2026-07-27T10:14:37.300Z"}

data: {"data":"{\"level\":30,\"time\":\"2026-07-27T10:14:37.246Z\",\"service\":\"omniroute\",\"module\":\"sse\",\"tag\":\"AUTH\",\"msg\":\"Using nvidia account: 53f96ffa...\"}","timestamp":"2026-07-27T10:14:37.300Z"}

data: {"data":"[ProxyEgress] nvidia/53f96ffa in=113.20.2.214 out=44.196.116.2 proxy=direct status=success","timestamp":"2026-07-27T10:14:40.839Z"}

data: {"data":"[10:14:47] 📊 \u001b[32m[USAGE] NVIDIA | in=49154 | out=281 | account=53f96ffa...\u001b[0m \u001b[33m(estimated)\u001b[0m | cache_read=49024","timestamp":"2026-07-27T10:14:47.371Z"}

data: {"data":"[10:14:47] 🌊 [STREAM] NVIDIA | z-ai/glm-5.2 | 10096ms | complete","timestamp":"2026-07-27T10:14:47.377Z"}

data: {"data":"time=2026-07-27T10:14:57.084Z level=INFO msg=\"l0 retention enforced\" db=storage.sqlite deleted_count=6 max_l1_txid=0000000000000596","timestamp":"2026-07-27T10:14:57.084Z"}

data: {"data":"time=2026-07-27T10:15:07.413Z level=INFO msg=\"l0 retention enforced\" db=storage.sqlite deleted_count=6 max_l1_txid=000000000000059d","timestamp":"2026-07-27T10:15:07.413Z"}

data: {"data":"time=2026-07-27T10:15:07.413Z level=INFO msg=\"compaction complete\" level=1 txid.min=0000000000000597 txid.max=000000000000059d size=78258","timestamp":"2026-07-27T10:15:07.413Z"}

data: {"data":"time=2026-07-27T10:15:09.399Z level=INFO msg=\"compaction complete\" level=2 txid.min=0000000000000550 txid.max=0000000000000596 size=597486","timestamp":"2026-07-27T10:15:09.400Z"}

data: {"data":"[INFO] [SKILLS_INJECTION] skills.injection.skipped {\"apiKeyId\":\"env-key\",\"reason\":\"no_enabled_skills\"}","timestamp":"2026-07-27T10:17:49.402Z"}

data: {"data":"{\"level\":30,\"time\":\"2026-07-27T10:17:49.357Z\",\"service\":\"omniroute\",\"module\":\"sse\",\"tag\":\"HTTP\",\"method\":\"POST\",\"path\":\"/v1/messages | nvidia/z-ai/glm-5.2 | 65 msgs | 40 tools\",\"msg\":\"📥 POST /v1/messages | nvidia/z-ai/glm-5.2 | 65 msgs | 40 tools\"}","timestamp":"2026-07-27T10:17:49.418Z"}

data: {"data":"{\"level\":30,\"time\":\"2026-07-27T10:17:49.362Z\",\"service\":\"omniroute\",\"module\":\"sse\",\"tag\":\"ROUTING\",\"msg\":\"Provider: nvidia, Model: z-ai/glm-5.2\"}","timestamp":"2026-07-27T10:17:49.418Z"}

data: {"data":"{\"level\":30,\"time\":\"2026-07-27T10:17:49.366Z\",\"service\":\"omniroute\",\"module\":\"sse\",\"tag\":\"AUTH\",\"msg\":\"session_key=input:sha256:b1014... has no available affinity target\"}","timestamp":"2026-07-27T10:17:49.418Z"}

data: {"data":"{\"level\":30,\"time\":\"2026-07-27T10:17:49.367Z\",\"service\":\"omniroute\",\"module\":\"sse\",\"tag\":\"AUTH\",\"msg\":\"Using nvidia account: deb0258d...\"}","timestamp":"2026-07-27T10:17:49.418Z"}

data: {"data":"[ProxyEgress] nvidia/deb0258d in=113.20.2.214 out=44.196.116.2 proxy=direct status=success","timestamp":"2026-07-27T10:17:51.557Z"}

data: {"data":"[10:17:59] 📊 \u001b[32m[USAGE] NVIDIA | in=49500 | out=61 | account=deb0258d...\u001b[0m \u001b[33m(estimated)\u001b[0m | cache_read=384","timestamp":"2026-07-27T10:17:59.781Z"}

data: {"data":"[10:17:59] 🌊 [STREAM] NVIDIA | z-ai/glm-5.2 | 10379ms | complete","timestamp":"2026-07-27T10:17:59.786Z"}

data: {"data":"time=2026-07-27T10:18:06.849Z level=INFO msg=\"l0 retention enforced\" db=storage.sqlite deleted_count=45 max_l1_txid=00000000000005a0","timestamp":"2026-07-27T10:18:06.849Z"}

data: {"data":"time=2026-07-27T10:18:06.849Z level=INFO msg=\"compaction complete\" level=1 txid.min=000000000000059e txid.max=00000000000005a0 size=600578","timestamp":"2026-07-27T10:18:06.849Z"}

data: {"data":"[INFO] [SKILLS_INJECTION] skills.injection.skipped {\"apiKeyId\":\"env-key\",\"reason\":\"no_enabled_skills\"}","timestamp":"2026-07-27T10:18:10.462Z"}

data: {"data":"{\"level\":30,\"time\":\"2026-07-27T10:18:10.422Z\",\"service\":\"omniroute\",\"module\":\"sse\",\"tag\":\"HTTP\",\"method\":\"POST\",\"path\":\"/v1/messages | nvidia/z-ai/glm-5.2 | 65 msgs | 40 tools\",\"msg\":\"📥 POST /v1/messages | nvidia/z-ai/glm-5.2 | 65 msgs | 40 tools\"}","timestamp":"2026-07-27T10:18:10.478Z"}

data: {"data":"{\"level\":30,\"time\":\"2026-07-27T10:18:10.426Z\",\"service\":\"omniroute\",\"module\":\"sse\",\"tag\":\"ROUTING\",\"msg\":\"Provider: nvidia, Model: z-ai/glm-5.2\"}","timestamp":"2026-07-27T10:18:10.478Z"}

data: {"data":"{\"level\":30,\"time\":\"2026-07-27T10:18:10.430Z\",\"service\":\"omniroute\",\"module\":\"sse\",\"tag\":\"AUTH\",\"msg\":\"session_key=input:sha256:b1014... has no available affinity target\"}","timestamp":"2026-07-27T10:18:10.478Z"}

data: {"data":"{\"level\":30,\"time\":\"2026-07-27T10:18:10.430Z\",\"service\":\"omniroute\",\"module\":\"sse\",\"tag\":\"AUTH\",\"msg\":\"Using nvidia account: 3317f8d3...\"}","timestamp":"2026-07-27T10:18:10.478Z"}

data: {"data":"[ProxyEgress] nvidia/3317f8d3 in=113.20.2.214 out=44.196.116.2 proxy=direct status=success","timestamp":"2026-07-27T10:18:12.678Z"}

data: {"data":"[10:18:13] 📊 \u001b[32m[USAGE] NVIDIA | in=49500 | out=41 | account=3317f8d3...\u001b[0m \u001b[33m(estimated)\u001b[0m | cache_read=384","timestamp":"2026-07-27T10:18:13.213Z"}

data: {"data":"[10:18:13] 🌊 [STREAM] NVIDIA | z-ai/glm-5.2 | 2755ms | complete","timestamp":"2026-07-27T10:18:13.222Z"}

data: {"data":"time=2026-07-27T10:18:39.033Z level=INFO msg=\"compaction complete\" level=1 txid.min=00000000000005a1 txid.max=00000000000005a4 size=58634","timestamp":"2026-07-27T10:18:39.033Z"}

data: {"data":"time=2026-07-27T10:19:57.809Z level=INFO msg=\"l0 retention enforced\" db=storage.sqlite deleted_count=19 max_l1_txid=00000000000005a4","timestamp":"2026-07-27T10:19:57.809Z"}

data: {"data":"time=2026-07-27T10:20:03.715Z level=INFO msg=\"l0 retention enforced\" db=storage.sqlite deleted_count=2 max_l1_txid=00000000000005a6","timestamp":"2026-07-27T10:20:03.715Z"}

data: {"data":"time=2026-07-27T10:20:03.715Z level=INFO msg=\"compaction complete\" level=1 txid.min=00000000000005a5 txid.max=00000000000005a6 size=601441","timestamp":"2026-07-27T10:20:03.715Z"}

data: {"data":"🧹 [RATE-LIMIT] Evicting idle limiter: nvidia:c5116293-3a1e-420b-890b-ddff9ee0db57 (inactive for 608s)","timestamp":"2026-07-27T10:20:05.149Z"}

data: {"data":"time=2026-07-27T10:20:09.408Z level=INFO msg=\"compaction complete\" level=2 txid.min=0000000000000597 txid.max=00000000000005a6 size=601441","timestamp":"2026-07-27T10:20:09.408Z"}

data: {"data":"🧹 [RATE-LIMIT] Evicting idle limiter: nvidia:cb888a54-217d-4ad6-b191-1cc5d06841e0 (inactive for 615s)","timestamp":"2026-07-27T10:20:35.149Z"}

data: {"data":"🧹 [RATE-LIMIT] Evicting idle limiter: nvidia:d65f33e2-26b4-4096-bb40-214be567a5f8 (inactive for 607s)","timestamp":"2026-07-27T10:20:35.149Z"}

data: {"data":"🧹 [RATE-LIMIT] Evicting idle limiter: nvidia:ccaad834-d081-4ec4-8e8d-713afc7d722f (inactive for 627s)","timestamp":"2026-07-27T10:21:05.149Z"}

data: {"data":"🧹 [RATE-LIMIT] Evicting idle limiter: nvidia:def58a55-cab9-4048-a69b-4fa1ae9d557a (inactive for 622s)","timestamp":"2026-07-27T10:21:05.149Z"}

data: {"data":"🧹 [RATE-LIMIT] Evicting idle limiter: nvidia:2d039916-88d8-495f-b886-bd5dc25ce047 (inactive for 620s)","timestamp":"2026-07-27T10:21:05.149Z"}

data: {"data":"🧹 [RATE-LIMIT] Evicting idle limiter: nvidia:d6a27df9-fb28-429e-9c1d-dbe475f7ea4d (inactive for 627s)","timestamp":"2026-07-27T10:22:05.149Z"}

data: {"data":"🧹 [RATE-LIMIT] Evicting idle limiter: nvidia:7d5d42c4-bb15-43da-a1b5-a4a2b52871c2 (inactive for 624s)","timestamp":"2026-07-27T10:22:05.149Z"}

data: {"data":"🧹 [RATE-LIMIT] Evicting idle limiter: nvidia:f2b0933a-888d-4a49-ab58-6012fcfb9314 (inactive for 612s)","timestamp":"2026-07-27T10:22:05.149Z"}

data: {"data":"🧹 [RATE-LIMIT] Evicting idle limiter: nvidia:9cda5fc2-7ae2-426a-a38c-35b9aa4856af (inactive for 608s)","timestamp":"2026-07-27T10:22:05.149Z"}

data: {"data":"🧹 [RATE-LIMIT] Evicting idle limiter: nvidia:d1717878-cbd3-4392-b5af-5add1c10d751 (inactive for 623s)","timestamp":"2026-07-27T10:22:35.149Z"}

data: {"data":"🧹 [RATE-LIMIT] Evicting idle limiter: nvidia:a0c72227-ba89-4b89-bae4-cff099d02562 (inactive for 618s)","timestamp":"2026-07-27T10:22:35.149Z"}

data: {"data":"🧹 [RATE-LIMIT] Evicting idle limiter: nvidia:38a09429-95ad-4b2f-940b-ed886fad7d7a (inactive for 611s)","timestamp":"2026-07-27T10:22:35.149Z"}

data: {"data":"🧹 [RATE-LIMIT] Evicting idle limiter: nvidia:9865dfaa-3680-4a2c-a952-16cf94dddd04 (inactive for 606s)","timestamp":"2026-07-27T10:22:35.149Z"}

data: {"data":"🧹 [RATE-LIMIT] Evicting idle limiter: nvidia:3f77f218-ee98-443b-b2de-e0cdb8761144 (inactive for 628s)","timestamp":"2026-07-27T10:23:05.149Z"}

data: {"data":"🧹 [RATE-LIMIT] Evicting idle limiter: nvidia:a68545c0-554a-43c9-9ad4-e09885e762e7 (inactive for 626s)","timestamp":"2026-07-27T10:23:05.150Z"}

data: {"data":"🧹 [RATE-LIMIT] Evicting idle limiter: nvidia:dd511141-af6e-4944-8af4-c0397507c799 (inactive for 611s)","timestamp":"2026-07-27T10:24:05.150Z"}

data: {"data":"🧹 [RATE-LIMIT] Evicting idle limiter: nvidia:2bcea68b-9f7a-4673-b1f0-80a66320fc88 (inactive for 605s)","timestamp":"2026-07-27T10:24:05.150Z"}

data: {"data":"🧹 [RATE-LIMIT] Evicting idle limiter: nvidia:1830e4f7-dd8f-4c11-9d65-c0acdced6494 (inactive for 622s)","timestamp":"2026-07-27T10:24:35.150Z"}

data: {"data":"🧹 [RATE-LIMIT] Evicting idle limiter: nvidia:58f42365-24ac-4844-b08b-af609b1057d1 (inactive for 618s)","timestamp":"2026-07-27T10:24:35.150Z"}

data: {"data":"🧹 [RATE-LIMIT] Evicting idle limiter: nvidia:09665ab2-ccd5-473b-9674-14967d3741b7 (inactive for 616s)","timestamp":"2026-07-27T10:24:35.150Z"}

data: {"data":"time=2026-07-27T10:24:57.290Z level=INFO msg=\"l0 retention enforced\" db=storage.sqlite deleted_count=8 max_l1_txid=00000000000005a6","timestamp":"2026-07-27T10:24:57.290Z"}

data: {"data":"🧹 [RATE-LIMIT] Evicting idle limiter: nvidia:53f96ffa-5bb1-424c-925f-86c1b44688ec (inactive for 624s)","timestamp":"2026-07-27T10:25:05.150Z"}

data: {"data":"🧹 [RATE-LIMIT] Evicting idle limiter: nvidia:2d9ef15f-bc96-49d8-b476-56b2ad65c431 (inactive for 629s)","timestamp":"2026-07-27T10:25:05.150Z"}

data: {"data":"[INFO] [SKILLS_INJECTION] skills.injection.skipped {\"apiKeyId\":\"env-key\",\"reason\":\"no_enabled_skills\"}","timestamp":"2026-07-27T10:25:17.375Z"}

data: {"data":"{\"level\":30,\"time\":\"2026-07-27T10:25:17.333Z\",\"service\":\"omniroute\",\"module\":\"sse\",\"tag\":\"HTTP\",\"method\":\"POST\",\"path\":\"/v1/messages | nvidia/z-ai/glm-5.2 | 66 msgs | 40 tools\",\"msg\":\"📥 POST /v1/messages | nvidia/z-ai/glm-5.2 | 66 msgs | 40 tools\"}","timestamp":"2026-07-27T10:25:17.395Z"}

data: {"data":"{\"level\":30,\"time\":\"2026-07-27T10:25:17.339Z\",\"service\":\"omniroute\",\"module\":\"sse\",\"tag\":\"ROUTING\",\"msg\":\"Provider: nvidia, Model: z-ai/glm-5.2\"}","timestamp":"2026-07-27T10:25:17.396Z"}

data: {"data":"{\"level\":30,\"time\":\"2026-07-27T10:25:17.342Z\",\"service\":\"omniroute\",\"module\":\"sse\",\"tag\":\"AUTH\",\"msg\":\"session_key=input:sha256:41c9c... has no available affinity target\"}","timestamp":"2026-07-27T10:25:17.396Z"}

data: {"data":"{\"level\":30,\"time\":\"2026-07-27T10:25:17.344Z\",\"service\":\"omniroute\",\"module\":\"sse\",\"tag\":\"AUTH\",\"msg\":\"Using nvidia account: c5116293...\"}","timestamp":"2026-07-27T10:25:17.396Z"}

data: {"data":"[10:25:20] 📊 \u001b[32m[USAGE] NVIDIA | in=49576 | out=121 | account=c5116293...\u001b[0m \u001b[33m(estimated)\u001b[0m | cache_read=2112","timestamp":"2026-07-27T10:25:20.860Z"}

data: {"data":"[10:25:20] 🌊 [STREAM] NVIDIA | z-ai/glm-5.2 | 3485ms | complete","timestamp":"2026-07-27T10:25:20.868Z"}

data: {"data":"[INFO] [SKILLS_INJECTION] skills.injection.skipped {\"apiKeyId\":\"env-key\",\"reason\":\"no_enabled_skills\"}","timestamp":"2026-07-27T10:25:22.704Z"}

data: {"data":"{\"level\":30,\"time\":\"2026-07-27T10:25:22.657Z\",\"service\":\"omniroute\",\"module\":\"sse\",\"tag\":\"HTTP\",\"method\":\"POST\",\"path\":\"/v1/messages | nvidia/z-ai/glm-5.2 | 68 msgs | 40 tools\",\"msg\":\"📥 POST /v1/messages | nvidia/z-ai/glm-5.2 | 68 msgs | 40 tools\"}","timestamp":"2026-07-27T10:25:22.722Z"}

data: {"data":"{\"level\":30,\"time\":\"2026-07-27T10:25:22.661Z\",\"service\":\"omniroute\",\"module\":\"sse\",\"tag\":\"ROUTING\",\"msg\":\"Provider: nvidia, Model: z-ai/glm-5.2\"}","timestamp":"2026-07-27T10:25:22.722Z"}

data: {"data":"{\"level\":30,\"time\":\"2026-07-27T10:25:22.664Z\",\"service\":\"omniroute\",\"module\":\"sse\",\"tag\":\"AUTH\",\"msg\":\"session_key=input:sha256:41c9c... has no available affinity target\"}","timestamp":"2026-07-27T10:25:22.722Z"}

data: {"data":"{\"level\":30,\"time\":\"2026-07-27T10:25:22.665Z\",\"service\":\"omniroute\",\"module\":\"sse\",\"tag\":\"AUTH\",\"msg\":\"Using nvidia account: cb888a54...\"}","timestamp":"2026-07-27T10:25:22.722Z"}

data: {"data":"[ProxyEgress] nvidia/cb888a54 in=113.20.2.214 out=44.196.116.2 proxy=direct status=success","timestamp":"2026-07-27T10:25:25.578Z"}

data: {"data":"[10:25:30] 📊 \u001b[32m[USAGE] NVIDIA | in=50700 | out=104 | account=cb888a54...\u001b[0m \u001b[33m(estimated)\u001b[0m | cache_read=384","timestamp":"2026-07-27T10:25:30.257Z"}

data: {"data":"[10:25:30] 🌊 [STREAM] NVIDIA | z-ai/glm-5.2 | 7553ms | complete","timestamp":"2026-07-27T10:25:30.264Z"}

data: {"data":"[INFO] [SKILLS_INJECTION] skills.injection.skipped {\"apiKeyId\":\"env-key\",\"reason\":\"no_enabled_skills\"}","timestamp":"2026-07-27T10:25:32.617Z"}

data: {"data":"{\"level\":30,\"time\":\"2026-07-27T10:25:32.559Z\",\"service\":\"omniroute\",\"module\":\"sse\",\"tag\":\"HTTP\",\"method\":\"POST\",\"path\":\"/v1/messages | nvidia/z-ai/glm-5.2 | 70 msgs | 40 tools\",\"msg\":\"📥 POST /v1/messages | nvidia/z-ai/glm-5.2 | 70 msgs | 40 tools\"}","timestamp":"2026-07-27T10:25:32.637Z"}

data: {"data":"{\"level\":30,\"time\":\"2026-07-27T10:25:32.565Z\",\"service\":\"omniroute\",\"module\":\"sse\",\"tag\":\"ROUTING\",\"msg\":\"Provider: nvidia, Model: z-ai/glm-5.2\"}","timestamp":"2026-07-27T10:25:32.637Z"}

data: {"data":"{\"level\":30,\"time\":\"2026-07-27T10:25:32.568Z\",\"service\":\"omniroute\",\"module\":\"sse\",\"tag\":\"AUTH\",\"msg\":\"session_key=input:sha256:41c9c... has no available affinity target\"}","timestamp":"2026-07-27T10:25:32.637Z"}

data: {"data":"{\"level\":30,\"time\":\"2026-07-27T10:25:32.569Z\",\"service\":\"omniroute\",\"module\":\"sse\",\"tag\":\"AUTH\",\"msg\":\"Using nvidia account: d65f33e2...\"}","timestamp":"2026-07-27T10:25:32.637Z"}

data: {"data":"[ProxyEgress] nvidia/d65f33e2 in=113.20.2.214 out=44.196.116.2 proxy=direct status=success","timestamp":"2026-07-27T10:25:33.250Z"}

data: {"data":"time=2026-07-27T10:25:34.455Z level=INFO msg=\"l0 retention enforced\" db=storage.sqlite deleted_count=1 max_l1_txid=00000000000005ab","timestamp":"2026-07-27T10:25:34.455Z"}

data: {"data":"time=2026-07-27T10:25:34.455Z level=INFO msg=\"compaction complete\" level=1 txid.min=00000000000005a7 txid.max=00000000000005ab size=602010","timestamp":"2026-07-27T10:25:34.455Z"}

data: {"data":"[10:25:39] 📊 \u001b[32m[USAGE] NVIDIA | in=56059 | out=136 | account=d65f33e2...\u001b[0m \u001b[33m(estimated)\u001b[0m | cache_read=50752","timestamp":"2026-07-27T10:25:39.174Z"}

data: {"data":"[10:25:39] 🌊 [STREAM] NVIDIA | z-ai/glm-5.2 | 6557ms | complete","timestamp":"2026-07-27T10:25:39.183Z"}

data: {"data":"[INFO] [SKILLS_INJECTION] skills.injection.skipped {\"apiKeyId\":\"env-key\",\"reason\":\"no_enabled_skills\"}","timestamp":"2026-07-27T10:25:40.968Z"}

data: {"data":"{\"level\":30,\"time\":\"2026-07-27T10:25:40.898Z\",\"service\":\"omniroute\",\"module\":\"sse\",\"tag\":\"HTTP\",\"method\":\"POST\",\"path\":\"/v1/messages | nvidia/z-ai/glm-5.2 | 73 msgs | 40 tools\",\"msg\":\"📥 POST /v1/messages | nvidia/z-ai/glm-5.2 | 73 msgs | 40 tools\"}","timestamp":"2026-07-27T10:25:40.998Z"}

data: {"data":"{\"level\":30,\"time\":\"2026-07-27T10:25:40.909Z\",\"service\":\"omniroute\",\"module\":\"sse\",\"tag\":\"ROUTING\",\"msg\":\"Provider: nvidia, Model: z-ai/glm-5.2\"}","timestamp":"2026-07-27T10:25:40.998Z"}

data: {"data":"{\"level\":30,\"time\":\"2026-07-27T10:25:40.916Z\",\"service\":\"omniroute\",\"module\":\"sse\",\"tag\":\"AUTH\",\"msg\":\"session_key=input:sha256:41c9c... has no available affinity target\"}","timestamp":"2026-07-27T10:25:40.998Z"}

data: {"data":"{\"level\":30,\"time\":\"2026-07-27T10:25:40.918Z\",\"service\":\"omniroute\",\"module\":\"sse\",\"tag\":\"AUTH\",\"msg\":\"Using nvidia account: ccaad834...\"}","timestamp":"2026-07-27T10:25:40.998Z"}

data: {"data":"[ProxyEgress] nvidia/ccaad834 in=113.20.2.214 out=44.196.116.2 proxy=direct status=success","timestamp":"2026-07-27T10:25:42.047Z"}

data: {"data":"[10:25:51] 📊 \u001b[32m[USAGE] NVIDIA | in=59502 | out=128 | account=ccaad834...\u001b[0m \u001b[33m(estimated)\u001b[0m | cache_read=49664","timestamp":"2026-07-27T10:25:51.870Z"}

data: {"data":"[10:25:51] 🌊 [STREAM] NVIDIA | z-ai/glm-5.2 | 10908ms | complete","timestamp":"2026-07-27T10:25:51.883Z"}

data: {"data":"[INFO] [SKILLS_INJECTION] skills.injection.skipped {\"apiKeyId\":\"env-key\",\"reason\":\"no_enabled_skills\"}","timestamp":"2026-07-27T10:25:53.753Z"}

data: {"data":"{\"level\":30,\"time\":\"2026-07-27T10:25:53.706Z\",\"service\":\"omniroute\",\"module\":\"sse\",\"tag\":\"HTTP\",\"method\":\"POST\",\"path\":\"/v1/messages | nvidia/z-ai/glm-5.2 | 75 msgs | 40 tools\",\"msg\":\"📥 POST /v1/messages | nvidia/z-ai/glm-5.2 | 75 msgs | 40 tools\"}","timestamp":"2026-07-27T10:25:53.772Z"}

data: {"data":"{\"level\":30,\"time\":\"2026-07-27T10:25:53.715Z\",\"service\":\"omniroute\",\"module\":\"sse\",\"tag\":\"ROUTING\",\"msg\":\"Provider: nvidia, Model: z-ai/glm-5.2\"}","timestamp":"2026-07-27T10:25:53.772Z"}

data: {"data":"{\"level\":30,\"time\":\"2026-07-27T10:25:53.718Z\",\"service\":\"omniroute\",\"module\":\"sse\",\"tag\":\"AUTH\",\"msg\":\"session_key=input:sha256:41c9c... has no available affinity target\"}","timestamp":"2026-07-27T10:25:53.772Z"}

data: {"data":"{\"level\":30,\"time\":\"2026-07-27T10:25:53.719Z\",\"service\":\"omniroute\",\"module\":\"sse\",\"tag\":\"AUTH\",\"msg\":\"Using nvidia account: def58a55...\"}","timestamp":"2026-07-27T10:25:53.772Z"}

data: {"data":"[ProxyEgress] nvidia/def58a55 in=113.20.2.214 out=44.196.116.2 proxy=direct status=success","timestamp":"2026-07-27T10:25:56.742Z"}

data: {"data":"[10:26:05] 📊 \u001b[32m[USAGE] NVIDIA | in=62356 | out=149 | account=def58a55...\u001b[0m \u001b[33m(estimated)\u001b[0m | cache_read=384","timestamp":"2026-07-27T10:26:05.841Z"}

data: {"data":"[10:26:05] 🌊 [STREAM] NVIDIA | z-ai/glm-5.2 | 12090ms | complete","timestamp":"2026-07-27T10:26:05.848Z"}

data: {"data":"time=2026-07-27T10:26:06.597Z level=INFO msg=\"compaction complete\" level=1 txid.min=00000000000005ac txid.max=00000000000005b4 size=67818","timestamp":"2026-07-27T10:26:06.598Z"}

data: {"data":"[INFO] [SKILLS_INJECTION] skills.injection.skipped {\"apiKeyId\":\"env-key\",\"reason\":\"no_enabled_skills\"}","timestamp":"2026-07-27T10:26:07.845Z"}

data: {"data":"{\"level\":30,\"time\":\"2026-07-27T10:26:07.792Z\",\"service\":\"omniroute\",\"module\":\"sse\",\"tag\":\"HTTP\",\"method\":\"POST\",\"path\":\"/v1/messages | nvidia/z-ai/glm-5.2 | 78 msgs | 40 tools\",\"msg\":\"📥 POST /v1/messages | nvidia/z-ai/glm-5.2 | 78 msgs | 40 tools\"}","timestamp":"2026-07-27T10:26:07.868Z"}

data: {"data":"{\"level\":30,\"time\":\"2026-07-27T10:26:07.800Z\",\"service\":\"omniroute\",\"module\":\"sse\",\"tag\":\"ROUTING\",\"msg\":\"Provider: nvidia, Model: z-ai/glm-5.2\"}","timestamp":"2026-07-27T10:26:07.868Z"}

data: {"data":"{\"level\":30,\"time\":\"2026-07-27T10:26:07.804Z\",\"service\":\"omniroute\",\"module\":\"sse\",\"tag\":\"AUTH\",\"msg\":\"session_key=input:sha256:41c9c... has no available affinity target\"}","timestamp":"2026-07-27T10:26:07.868Z"}

data: {"data":"{\"level\":30,\"time\":\"2026-07-27T10:26:07.805Z\",\"service\":\"omniroute\",\"module\":\"sse\",\"tag\":\"AUTH\",\"msg\":\"Using nvidia account: 2d039916...\"}","timestamp":"2026-07-27T10:26:07.868Z"}

data: {"data":"[ProxyEgress] nvidia/2d039916 in=113.20.2.214 out=44.196.116.2 proxy=direct status=success","timestamp":"2026-07-27T10:26:08.895Z"}

data: {"data":"[10:26:11] 📊 \u001b[32m[USAGE] NVIDIA | in=63628 | out=167 | account=2d039916...\u001b[0m \u001b[33m(estimated)\u001b[0m | cache_read=59584","timestamp":"2026-07-27T10:26:11.969Z"}

data: {"data":"[10:26:11] 🌊 [STREAM] NVIDIA | z-ai/glm-5.2 | 4123ms | complete","timestamp":"2026-07-27T10:26:11.975Z"}

data: {"data":"[INFO] [SKILLS_INJECTION] skills.injection.skipped {\"apiKeyId\":\"env-key\",\"reason\":\"no_enabled_skills\"}","timestamp":"2026-07-27T10:26:13.910Z"}

data: {"data":"{\"level\":30,\"time\":\"2026-07-27T10:26:13.864Z\",\"service\":\"omniroute\",\"module\":\"sse\",\"tag\":\"HTTP\",\"method\":\"POST\",\"path\":\"/v1/messages | nvidia/z-ai/glm-5.2 | 80 msgs | 40 tools\",\"msg\":\"📥 POST /v1/messages | nvidia/z-ai/glm-5.2 | 80 msgs | 40 tools\"}","timestamp":"2026-07-27T10:26:13.928Z"}

data: {"data":"{\"level\":30,\"time\":\"2026-07-27T10:26:13.869Z\",\"service\":\"omniroute\",\"module\":\"sse\",\"tag\":\"ROUTING\",\"msg\":\"Provider: nvidia, Model: z-ai/glm-5.2\"}","timestamp":"2026-07-27T10:26:13.928Z"}

data: {"data":"{\"level\":30,\"time\":\"2026-07-27T10:26:13.871Z\",\"service\":\"omniroute\",\"module\":\"sse\",\"tag\":\"AUTH\",\"msg\":\"session_key=input:sha256:41c9c... has no available affinity target\"}","timestamp":"2026-07-27T10:26:13.928Z"}

data: {"data":"{\"level\":30,\"time\":\"2026-07-27T10:26:13.872Z\",\"service\":\"omniroute\",\"module\":\"sse\",\"tag\":\"AUTH\",\"msg\":\"Using nvidia account: d6a27df9...\"}","timestamp":"2026-07-27T10:26:13.928Z"}

data: {"data":"[ProxyEgress] nvidia/d6a27df9 in=113.20.2.214 out=44.196.116.2 proxy=direct status=success","timestamp":"2026-07-27T10:26:16.635Z"}

data: {"data":"[10:26:19] 📊 \u001b[32m[USAGE] NVIDIA | in=64597 | out=137 | account=d6a27df9...\u001b[0m \u001b[33m(estimated)\u001b[0m | cache_read=1536","timestamp":"2026-07-27T10:26:19.418Z"}

data: {"data":"[10:26:19] 🌊 [STREAM] NVIDIA | z-ai/glm-5.2 | 5514ms | complete","timestamp":"2026-07-27T10:26:19.430Z"}

data: {"data":"[INFO] [SKILLS_INJECTION] skills.injection.skipped {\"apiKeyId\":\"env-key\",\"reason\":\"no_enabled_skills\"}","timestamp":"2026-07-27T10:26:21.299Z"}

data: {"data":"{\"level\":30,\"time\":\"2026-07-27T10:26:21.252Z\",\"service\":\"omniroute\",\"module\":\"sse\",\"tag\":\"HTTP\",\"method\":\"POST\",\"path\":\"/v1/messages | nvidia/z-ai/glm-5.2 | 82 msgs | 40 tools\",\"msg\":\"📥 POST /v1/messages | nvidia/z-ai/glm-5.2 | 82 msgs | 40 tools\"}","timestamp":"2026-07-27T10:26:21.329Z"}

data: {"data":"{\"level\":30,\"time\":\"2026-07-27T10:26:21.258Z\",\"service\":\"omniroute\",\"module\":\"sse\",\"tag\":\"ROUTING\",\"msg\":\"Provider: nvidia, Model: z-ai/glm-5.2\"}","timestamp":"2026-07-27T10:26:21.329Z"}

data: {"data":"{\"level\":30,\"time\":\"2026-07-27T10:26:21.261Z\",\"service\":\"omniroute\",\"module\":\"sse\",\"tag\":\"AUTH\",\"msg\":\"session_key=input:sha256:41c9c... has no available affinity target\"}","timestamp":"2026-07-27T10:26:21.329Z"}

data: {"data":"{\"level\":30,\"time\":\"2026-07-27T10:26:21.262Z\",\"service\":\"omniroute\",\"module\":\"sse\",\"tag\":\"AUTH\",\"msg\":\"Using nvidia account: 7d5d42c4...\"}","timestamp":"2026-07-27T10:26:21.329Z"}

data: {"data":"[ProxyEgress] nvidia/7d5d42c4 in=113.20.2.214 out=44.196.116.2 proxy=direct status=success","timestamp":"2026-07-27T10:26:24.267Z"}

data: {"data":"[10:26:24] 📊 \u001b[32m[USAGE] NVIDIA | in=64756 | out=18 | account=7d5d42c4...\u001b[0m | cache_read=1536","timestamp":"2026-07-27T10:26:24.269Z"}

data: {"data":"[10:26:24] 🌊 [STREAM] NVIDIA | z-ai/glm-5.2 | 2968ms | complete","timestamp":"2026-07-27T10:26:24.274Z"}

data: {"data":"[INFO] [SKILLS_INJECTION] skills.injection.skipped {\"apiKeyId\":\"env-key\",\"reason\":\"no_enabled_skills\"}","timestamp":"2026-07-27T10:26:27.722Z"}

data: {"data":"{\"level\":30,\"time\":\"2026-07-27T10:26:27.665Z\",\"service\":\"omniroute\",\"module\":\"sse\",\"tag\":\"HTTP\",\"method\":\"POST\",\"path\":\"/v1/messages | nvidia/z-ai/glm-5.2 | 84 msgs | 40 tools\",\"msg\":\"📥 POST /v1/messages | nvidia/z-ai/glm-5.2 | 84 msgs | 40 tools\"}","timestamp":"2026-07-27T10:26:27.738Z"}

data: {"data":"{\"level\":30,\"time\":\"2026-07-27T10:26:27.671Z\",\"service\":\"omniroute\",\"module\":\"sse\",\"tag\":\"ROUTING\",\"msg\":\"Provider: nvidia, Model: z-ai/glm-5.2\"}","timestamp":"2026-07-27T10:26:27.738Z"}

data: {"data":"{\"level\":30,\"time\":\"2026-07-27T10:26:27.673Z\",\"service\":\"omniroute\",\"module\":\"sse\",\"tag\":\"AUTH\",\"msg\":\"session_key=input:sha256:41c9c... has no available affinity target\"}","timestamp":"2026-07-27T10:26:27.738Z"}

data: {"data":"{\"level\":30,\"time\":\"2026-07-27T10:26:27.674Z\",\"service\":\"omniroute\",\"module\":\"sse\",\"tag\":\"AUTH\",\"msg\":\"Using nvidia account: f2b0933a...\"}","timestamp":"2026-07-27T10:26:27.738Z"}

data: {"data":"time=2026-07-27T10:26:35.036Z level=INFO msg=\"compaction complete\" level=1 txid.min=00000000000005b5 txid.max=00000000000005bf size=605270","timestamp":"2026-07-27T10:26:35.036Z"}

data: {"data":"time=2026-07-27T10:27:05.343Z level=INFO msg=\"compaction complete\" level=1 txid.min=00000000000005c0 txid.max=00000000000005c1 size=52618","timestamp":"2026-07-27T10:27:05.343Z"}

data: {"data":"🧹 [RATE-LIMIT] Evicting idle limiter: nvidia:deb0258d-ecce-4c26-ad39-542c44736a0a (inactive for 614s)","timestamp":"2026-07-27T10:28:05.151Z"}

data: {"data":"🧹 [RATE-LIMIT] Evicting idle limiter: nvidia:3317f8d3-ffa6-4e41-a8ad-7eeaf91a3f93 (inactive for 622s)","timestamp":"2026-07-27T10:28:35.151Z"}

data: {"data":"{\"ts\":1785148167663,\"level\":\"error\",\"component\":\"gate\",\"stage\":\"upstream_proxy\",\"requestId\":\"cc1953b0ad06b880\",\"method\":\"POST\",\"path\":\"/v1/messages\",\"upstream_path\":null,\"upstream_target\":\"127.0.0.1:20128\",\"elapsedMs\":181184,\"httpStatus\":504,\"errorCode\":\"ETIMEDOUT\",\"abortSource\":\"timeout\",\"socketPhase\":null,\"destroyInitiator\":\"gate_timeout\",\"msg\":\"upstream_request_timeout\"}","timestamp":"2026-07-27T10:29:27.663Z"}

data: {"data":"[10:29:27] 🌊 [STREAM] NVIDIA | z-ai/glm-5.2 | 179938ms | disconnect: request_signal_aborted","timestamp":"2026-07-27T10:29:27.665Z"}

data: {"data":"[INFO] [SKILLS_INJECTION] skills.injection.skipped {\"apiKeyId\":\"env-key\",\"reason\":\"no_enabled_skills\"}","timestamp":"2026-07-27T10:29:30.102Z"}

data: {"data":"{\"level\":30,\"time\":\"2026-07-27T10:29:30.048Z\",\"service\":\"omniroute\",\"module\":\"sse\",\"tag\":\"HTTP\",\"method\":\"POST\",\"path\":\"/v1/messages | nvidia/z-ai/glm-5.2 | 84 msgs | 40 tools\",\"msg\":\"📥 POST /v1/messages | nvidia/z-ai/glm-5.2 | 84 msgs | 40 tools\"}","timestamp":"2026-07-27T10:29:30.125Z"}

data: {"data":"{\"level\":30,\"time\":\"2026-07-27T10:29:30.055Z\",\"service\":\"omniroute\",\"module\":\"sse\",\"tag\":\"ROUTING\",\"msg\":\"Provider: nvidia, Model: z-ai/glm-5.2\"}","timestamp":"2026-07-27T10:29:30.125Z"}

data: {"data":"{\"level\":30,\"time\":\"2026-07-27T10:29:30.058Z\",\"service\":\"omniroute\",\"module\":\"sse\",\"tag\":\"AUTH\",\"msg\":\"session_key=input:sha256:41c9c... has no available affinity target\"}","timestamp":"2026-07-27T10:29:30.125Z"}

data: {"data":"{\"level\":30,\"time\":\"2026-07-27T10:29:30.059Z\",\"service\":\"omniroute\",\"module\":\"sse\",\"tag\":\"AUTH\",\"msg\":\"Using nvidia account: 9cda5fc2...\"}","timestamp":"2026-07-27T10:29:30.125Z"}

data: {"data":"[ProxyEgress] nvidia/f2b0933a in=113.20.2.214 out=44.196.116.2 proxy=direct status=success","timestamp":"2026-07-27T10:29:47.544Z"}

data: {"data":"[10:29:47] 📊 \u001b[32m[USAGE] NVIDIA | in=64784 | out=6493 | account=f2b0933a...\u001b[0m | cache_read=1536","timestamp":"2026-07-27T10:29:47.547Z"}

data: {"data":"time=2026-07-27T10:30:03.354Z level=INFO msg=\"compaction complete\" level=1 txid.min=00000000000005c2 txid.max=00000000000005c5 size=606402","timestamp":"2026-07-27T10:30:03.354Z"}

data: {"data":"time=2026-07-27T10:30:05.112Z level=INFO msg=\"compaction complete\" level=2 txid.min=00000000000005a7 txid.max=00000000000005c1 size=605773","timestamp":"2026-07-27T10:30:05.112Z"}

data: {"data":"{\"ts\":1785148350041,\"level\":\"error\",\"component\":\"gate\",\"stage\":\"upstream_proxy\",\"requestId\":\"645edaac1f44a4dc\",\"method\":\"POST\",\"path\":\"/v1/messages\",\"upstream_path\":null,\"upstream_target\":\"127.0.0.1:20128\",\"elapsedMs\":181178,\"httpStatus\":504,\"errorCode\":\"ETIMEDOUT\",\"abortSource\":\"timeout\",\"socketPhase\":null,\"destroyInitiator\":\"gate_timeout\",\"msg\":\"upstream_request_timeout\"}","timestamp":"2026-07-27T10:32:30.042Z"}

data: {"data":"[10:32:30] 🌊 [STREAM] NVIDIA | z-ai/glm-5.2 | 179944ms | disconnect: request_signal_aborted","timestamp":"2026-07-27T10:32:30.051Z"}

data: {"data":"[INFO] [SKILLS_INJECTION] skills.injection.skipped {\"apiKeyId\":\"env-key\",\"reason\":\"no_enabled_skills\"}","timestamp":"2026-07-27T10:32:32.986Z"}

data: {"data":"{\"level\":30,\"time\":\"2026-07-27T10:32:32.939Z\",\"service\":\"omniroute\",\"module\":\"sse\",\"tag\":\"HTTP\",\"method\":\"POST\",\"path\":\"/v1/messages | nvidia/z-ai/glm-5.2 | 84 msgs | 40 tools\",\"msg\":\"📥 POST /v1/messages | nvidia/z-ai/glm-5.2 | 84 msgs | 40 tools\"}","timestamp":"2026-07-27T10:32:33.013Z"}

data: {"data":"{\"level\":30,\"time\":\"2026-07-27T10:32:32.946Z\",\"service\":\"omniroute\",\"module\":\"sse\",\"tag\":\"ROUTING\",\"msg\":\"Provider: nvidia, Model: z-ai/glm-5.2\"}","timestamp":"2026-07-27T10:32:33.013Z"}

data: {"data":"{\"level\":30,\"time\":\"2026-07-27T10:32:32.949Z\",\"service\":\"omniroute\",\"module\":\"sse\",\"tag\":\"AUTH\",\"msg\":\"session_key=input:sha256:41c9c... has no available affinity target\"}","timestamp":"2026-07-27T10:32:33.013Z"}

data: {"data":"{\"level\":30,\"time\":\"2026-07-27T10:32:32.950Z\",\"service\":\"omniroute\",\"module\":\"sse\",\"tag\":\"AUTH\",\"msg\":\"Using nvidia account: d1717878...\"}","timestamp":"2026-07-27T10:32:33.013Z"}

data: {"data":"time=2026-07-27T10:33:05.847Z level=INFO msg=\"l0 retention enforced\" db=storage.sqlite deleted_count=27 max_l1_txid=00000000000005c7","timestamp":"2026-07-27T10:33:05.847Z"}

data: {"data":"time=2026-07-27T10:33:05.847Z level=INFO msg=\"compaction complete\" level=1 txid.min=00000000000005c6 txid.max=00000000000005c7 size=606409","timestamp":"2026-07-27T10:33:05.847Z"}

data: {"data":"{\"level\":40,\"time\":\"2026-07-27T10:33:45.200Z\",\"service\":\"omniroute\",\"module\":\"sse\",\"tag\":\"STREAM\",\"msg\":\"Stream produced no non-ping SSE event within 195000ms (nvidia/z-ai/glm-5.2)\"}","timestamp":"2026-07-27T10:33:45.222Z"}

data: {"data":"time=2026-07-27T10:34:03.291Z level=INFO msg=\"compaction complete\" level=1 txid.min=00000000000005c8 txid.max=00000000000005c9 size=607041","timestamp":"2026-07-27T10:34:03.291Z"}

data: {"data":"time=2026-07-27T10:34:57.133Z level=INFO msg=\"l0 retention enforced\" db=storage.sqlite deleted_count=4 max_l1_txid=00000000000005c9","timestamp":"2026-07-27T10:34:57.134Z"}

data: {"data":"time=2026-07-27T10:35:03.069Z level=INFO msg=\"compaction complete\" level=1 txid.min=00000000000005ca txid.max=00000000000005cb size=607041","timestamp":"2026-07-27T10:35:03.069Z"}

data: {"data":"time=2026-07-27T10:35:08.661Z level=INFO msg=\"compaction complete\" level=2 txid.min=00000000000005c2 txid.max=00000000000005cb size=607041","timestamp":"2026-07-27T10:35:08.661Z"}

data: {"data":"{\"ts\":1785148532933,\"level\":\"error\",\"component\":\"gate\",\"stage\":\"upstream_proxy\",\"requestId\":\"8077aa8141936148\",\"method\":\"POST\",\"path\":\"/v1/messages\",\"upstream_path\":null,\"upstream_target\":\"127.0.0.1:20128\",\"elapsedMs\":181178,\"httpStatus\":504,\"errorCode\":\"ETIMEDOUT\",\"abortSource\":\"timeout\",\"socketPhase\":null,\"destroyInitiator\":\"gate_timeout\",\"msg\":\"upstream_request_timeout\"}","timestamp":"2026-07-27T10:35:32.933Z"}

data: {"data":"[10:35:32] 🌊 [STREAM] NVIDIA | z-ai/glm-5.2 | 179942ms | disconnect: request_signal_aborted","timestamp":"2026-07-27T10:35:32.934Z"}

data: {"data":"🧹 [RATE-LIMIT] Evicting idle limiter: nvidia:c5116293-3a1e-420b-890b-ddff9ee0db57 (inactive for 616s)","timestamp":"2026-07-27T10:35:35.153Z"}

data: {"data":"🧹 [RATE-LIMIT] Evicting idle limiter: nvidia:cb888a54-217d-4ad6-b191-1cc5d06841e0 (inactive for 610s)","timestamp":"2026-07-27T10:35:35.153Z"}

data: {"data":"🧹 [RATE-LIMIT] Evicting idle limiter: nvidia:d65f33e2-26b4-4096-bb40-214be567a5f8 (inactive for 602s)","timestamp":"2026-07-27T10:35:35.153Z"}

data: {"data":"[INFO] [SKILLS_INJECTION] skills.injection.skipped {\"apiKeyId\":\"env-key\",\"reason\":\"no_enabled_skills\"}","timestamp":"2026-07-27T10:35:37.181Z"}

data: {"data":"{\"level\":30,\"time\":\"2026-07-27T10:35:37.139Z\",\"service\":\"omniroute\",\"module\":\"sse\",\"tag\":\"HTTP\",\"method\":\"POST\",\"path\":\"/v1/messages | nvidia/z-ai/glm-5.2 | 84 msgs | 40 tools\",\"msg\":\"📥 POST /v1/messages | nvidia/z-ai/glm-5.2 | 84 msgs | 40 tools\"}","timestamp":"2026-07-27T10:35:37.201Z"}

data: {"data":"{\"level\":30,\"time\":\"2026-07-27T10:35:37.145Z\",\"service\":\"omniroute\",\"module\":\"sse\",\"tag\":\"ROUTING\",\"msg\":\"Provider: nvidia, Model: z-ai/glm-5.2\"}","timestamp":"2026-07-27T10:35:37.201Z"}

data: {"data":"{\"level\":30,\"time\":\"2026-07-27T10:35:37.148Z\",\"service\":\"omniroute\",\"module\":\"sse\",\"tag\":\"AUTH\",\"msg\":\"session_key=input:sha256:41c9c... has no available affinity target\"}","timestamp":"2026-07-27T10:35:37.201Z"}

data: {"data":"{\"level\":30,\"time\":\"2026-07-27T10:35:37.148Z\",\"service\":\"omniroute\",\"module\":\"sse\",\"tag\":\"AUTH\",\"msg\":\"Using nvidia account: a0c72227...\"}","timestamp":"2026-07-27T10:35:37.201Z"}

data: {"data":"time=2026-07-27T10:36:02.996Z level=INFO msg=\"compaction complete\" level=1 txid.min=00000000000005cc txid.max=00000000000005cc size=3197","timestamp":"2026-07-27T10:36:02.996Z"}

data: {"data":"🧹 [RATE-LIMIT] Evicting idle limiter: nvidia:ccaad834-d081-4ec4-8e8d-713afc7d722f (inactive for 623s)","timestamp":"2026-07-27T10:36:05.153Z"}

data: {"data":"🧹 [RATE-LIMIT] Evicting idle limiter: nvidia:def58a55-cab9-4048-a69b-4fa1ae9d557a (inactive for 608s)","timestamp":"2026-07-27T10:36:05.153Z"}

data: {"data":"[ProxyEgress] nvidia/d1717878 in=113.20.2.214 out=44.196.116.2 proxy=direct status=success","timestamp":"2026-07-27T10:36:25.266Z"}

data: {"data":"[10:36:25] 📊 \u001b[32m[USAGE] NVIDIA | in=64784 | out=6674 | account=d1717878...\u001b[0m | cache_read=384","timestamp":"2026-07-27T10:36:25.268Z"}

data: {"data":"🧹 [RATE-LIMIT] Evicting idle limiter: nvidia:2d039916-88d8-495f-b886-bd5dc25ce047 (inactive for 626s)","timestamp":"2026-07-27T10:36:35.153Z"}

data: {"data":"🧹 [RATE-LIMIT] Evicting idle limiter: nvidia:d6a27df9-fb28-429e-9c1d-dbe475f7ea4d (inactive for 619s)","timestamp":"2026-07-27T10:36:35.153Z"}

data: {"data":"🧹 [RATE-LIMIT] Evicting idle limiter: nvidia:7d5d42c4-bb15-43da-a1b5-a4a2b52871c2 (inactive for 611s)","timestamp":"2026-07-27T10:36:35.153Z"}

data: {"data":"time=2026-07-27T10:36:35.539Z level=INFO msg=\"compaction complete\" level=1 txid.min=00000000000005cd txid.max=00000000000005ce size=607610","timestamp":"2026-07-27T10:36:35.539Z"}

data: {"data":"🧹 [RATE-LIMIT] Evicting idle limiter: nvidia:f2b0933a-888d-4a49-ab58-6012fcfb9314 (inactive for 607s)","timestamp":"2026-07-27T10:37:35.154Z"}

data: {"data":"{\"ts\":1785148717133,\"level\":\"error\",\"component\":\"gate\",\"stage\":\"upstream_proxy\",\"requestId\":\"b28f7d959aae76f9\",\"method\":\"POST\",\"path\":\"/v1/messages\",\"upstream_path\":null,\"upstream_target\":\"127.0.0.1:20128\",\"elapsedMs\":181160,\"httpStatus\":504,\"errorCode\":\"ETIMEDOUT\",\"abortSource\":\"timeout\",\"socketPhase\":null,\"destroyInitiator\":\"gate_timeout\",\"msg\":\"upstream_request_timeout\"}","timestamp":"2026-07-27T10:38:37.134Z"}

data: {"data":"[10:38:37] 🌊 [STREAM] NVIDIA | z-ai/glm-5.2 | 179950ms | disconnect: request_signal_aborted","timestamp":"2026-07-27T10:38:37.134Z"}

data: {"data":"[INFO] [SKILLS_INJECTION] skills.injection.skipped {\"apiKeyId\":\"env-key\",\"reason\":\"no_enabled_skills\"}","timestamp":"2026-07-27T10:38:43.513Z"}

data: {"data":"{\"level\":30,\"time\":\"2026-07-27T10:38:43.466Z\",\"service\":\"omniroute\",\"module\":\"sse\",\"tag\":\"HTTP\",\"method\":\"POST\",\"path\":\"/v1/messages | nvidia/z-ai/glm-5.2 | 84 msgs | 40 tools\",\"msg\":\"📥 POST /v1/messages | nvidia/z-ai/glm-5.2 | 84 msgs | 40 tools\"}","timestamp":"2026-07-27T10:38:43.528Z"}

data: {"data":"{\"level\":30,\"time\":\"2026-07-27T10:38:43.471Z\",\"service\":\"omniroute\",\"module\":\"sse\",\"tag\":\"ROUTING\",\"msg\":\"Provider: nvidia, Model: z-ai/glm-5.2\"}","timestamp":"2026-07-27T10:38:43.528Z"}

data: {"data":"{\"level\":30,\"time\":\"2026-07-27T10:38:43.475Z\",\"service\":\"omniroute\",\"module\":\"sse\",\"tag\":\"AUTH\",\"msg\":\"session_key=input:sha256:41c9c... has no available affinity target\"}","timestamp":"2026-07-27T10:38:43.528Z"}

data: {"data":"{\"level\":30,\"time\":\"2026-07-27T10:38:43.475Z\",\"service\":\"omniroute\",\"module\":\"sse\",\"tag\":\"AUTH\",\"msg\":\"Using nvidia account: 38a09429...\"}","timestamp":"2026-07-27T10:38:43.528Z"}

data: {"data":"[10:38:50] 📊 \u001b[32m[USAGE] NVIDIA | in=64784 | out=209 | account=38a09429...\u001b[0m \u001b[33m(estimated)\u001b[0m | cache_read=64768","timestamp":"2026-07-27T10:38:50.746Z"}

data: {"data":"[10:38:50] 🌊 [STREAM] NVIDIA | z-ai/glm-5.2 | 7236ms | complete","timestamp":"2026-07-27T10:38:50.753Z"}

data: {"data":"[INFO] [SKILLS_INJECTION] skills.injection.skipped {\"apiKeyId\":\"env-key\",\"reason\":\"no_enabled_skills\"}","timestamp":"2026-07-27T10:38:52.668Z"}

data: {"data":"{\"level\":30,\"time\":\"2026-07-27T10:38:52.622Z\",\"service\":\"omniroute\",\"module\":\"sse\",\"tag\":\"HTTP\",\"method\":\"POST\",\"path\":\"/v1/messages | nvidia/z-ai/glm-5.2 | 87 msgs | 40 tools\",\"msg\":\"📥 POST /v1/messages | nvidia/z-ai/glm-5.2 | 87 msgs | 40 tools\"}","timestamp":"2026-07-27T10:38:52.683Z"}

data: {"data":"{\"level\":30,\"time\":\"2026-07-27T10:38:52.629Z\",\"service\":\"omniroute\",\"module\":\"sse\",\"tag\":\"ROUTING\",\"msg\":\"Provider: nvidia, Model: z-ai/glm-5.2\"}","timestamp":"2026-07-27T10:38:52.683Z"}

data: {"data":"{\"level\":30,\"time\":\"2026-07-27T10:38:52.632Z\",\"service\":\"omniroute\",\"module\":\"sse\",\"tag\":\"AUTH\",\"msg\":\"session_key=input:sha256:41c9c... has no available affinity target\"}","timestamp":"2026-07-27T10:38:52.683Z"}

data: {"data":"{\"level\":30,\"time\":\"2026-07-27T10:38:52.633Z\",\"service\":\"omniroute\",\"module\":\"sse\",\"tag\":\"AUTH\",\"msg\":\"Using nvidia account: 9865dfaa...\"}","timestamp":"2026-07-27T10:38:52.683Z"}

data: {"data":"[ProxyEgress] nvidia/9865dfaa in=113.20.2.214 out=44.196.116.2 proxy=direct status=success","timestamp":"2026-07-27T10:38:55.729Z"}

data: {"data":"[10:39:02] 📊 \u001b[32m[USAGE] NVIDIA | in=65199 | out=919 | account=9865dfaa...\u001b[0m \u001b[33m(estimated)\u001b[0m | cache_read=1536","timestamp":"2026-07-27T10:39:02.983Z"}

data: {"data":"[10:39:02] 🌊 [STREAM] NVIDIA | z-ai/glm-5.2 | 10316ms | complete","timestamp":"2026-07-27T10:39:02.989Z"}

data: {"data":"time=2026-07-27T10:39:04.558Z level=INFO msg=\"l0 retention enforced\" db=storage.sqlite deleted_count=4 max_l1_txid=00000000000005d2","timestamp":"2026-07-27T10:39:04.558Z"}

data: {"data":"time=2026-07-27T10:39:04.558Z level=INFO msg=\"compaction complete\" level=1 txid.min=00000000000005cf txid.max=00000000000005d2 size=608186","timestamp":"2026-07-27T10:39:04.558Z"}

data: {"data":"[INFO] [SKILLS_INJECTION] skills.injection.skipped {\"apiKeyId\":\"env-key\",\"reason\":\"no_enabled_skills\"}","timestamp":"2026-07-27T10:39:05.063Z"}

data: {"data":"{\"level\":30,\"time\":\"2026-07-27T10:39:05.007Z\",\"service\":\"omniroute\",\"module\":\"sse\",\"tag\":\"HTTP\",\"method\":\"POST\",\"path\":\"/v1/messages | nvidia/z-ai/glm-5.2 | 89 msgs | 40 tools\",\"msg\":\"📥 POST /v1/messages | nvidia/z-ai/glm-5.2 | 89 msgs | 40 tools\"}","timestamp":"2026-07-27T10:39:05.085Z"}

data: {"data":"{\"level\":30,\"time\":\"2026-07-27T10:39:05.016Z\",\"service\":\"omniroute\",\"module\":\"sse\",\"tag\":\"ROUTING\",\"msg\":\"Provider: nvidia, Model: z-ai/glm-5.2\"}","timestamp":"2026-07-27T10:39:05.085Z"}

data: {"data":"{\"level\":30,\"time\":\"2026-07-27T10:39:05.020Z\",\"service\":\"omniroute\",\"module\":\"sse\",\"tag\":\"AUTH\",\"msg\":\"session_key=input:sha256:41c9c... has no available affinity target\"}","timestamp":"2026-07-27T10:39:05.085Z"}

data: {"data":"{\"level\":30,\"time\":\"2026-07-27T10:39:05.021Z\",\"service\":\"omniroute\",\"module\":\"sse\",\"tag\":\"AUTH\",\"msg\":\"Using nvidia account: 3f77f218...\"}","timestamp":"2026-07-27T10:39:05.085Z"}

data: {"data":"[ProxyEgress] nvidia/3f77f218 in=113.20.2.214 out=44.196.116.2 proxy=direct status=success","timestamp":"2026-07-27T10:39:08.221Z"}

data: {"data":"time=2026-07-27T10:39:36.763Z level=INFO msg=\"compaction complete\" level=1 txid.min=00000000000005d3 txid.max=00000000000005d7 size=60371","timestamp":"2026-07-27T10:39:36.763Z"}

data: {"data":"[ProxyEgress] nvidia/a0c72227 in=113.20.2.214 out=44.196.116.2 proxy=direct status=timeout","timestamp":"2026-07-27T10:39:52.280Z"}

data: {"data":"{\"level\":40,\"time\":\"2026-07-27T10:39:52.273Z\",\"service\":\"omniroute\",\"module\":\"sse\",\"tag\":\"STREAM\",\"msg\":\"Stream produced no non-ping SSE event within 195000ms (nvidia/z-ai/glm-5.2)\"}","timestamp":"2026-07-27T10:39:52.287Z"}

data: {"data":"time=2026-07-27T10:39:56.695Z level=INFO msg=\"l0 retention enforced\" db=storage.sqlite deleted_count=2 max_l1_txid=00000000000005d7","timestamp":"2026-07-27T10:39:56.696Z"}

data: {"data":"time=2026-07-27T10:40:05.382Z level=INFO msg=\"compaction complete\" level=1 txid.min=00000000000005d8 txid.max=00000000000005da size=609731","timestamp":"2026-07-27T10:40:05.382Z"}

data: {"data":"time=2026-07-27T10:40:08.794Z level=INFO msg=\"compaction complete\" level=2 txid.min=00000000000005cc txid.max=00000000000005da size=609731","timestamp":"2026-07-27T10:40:08.794Z"}

data: {"data":"🧹 [RATE-LIMIT] Evicting idle limiter: nvidia:9cda5fc2-7ae2-426a-a38c-35b9aa4856af (inactive for 605s)","timestamp":"2026-07-27T10:40:35.153Z"}

data: {"data":"🧹 [RATE-LIMIT] Evicting idle limiter: nvidia:d1717878-cbd3-4392-b5af-5add1c10d751 (inactive for 602s)","timestamp":"2026-07-27T10:43:35.155Z"}

data: {"data":"[10:43:44] 📊 \u001b[32m[USAGE] NVIDIA | in=66156 | out=7585 | account=3f77f218...\u001b[0m \u001b[33m(estimated)\u001b[0m | cache_read=384","timestamp":"2026-07-27T10:43:44.285Z"}

data: {"data":"[10:43:44] 🌊 [STREAM] NVIDIA | z-ai/glm-5.2 | 279223ms | complete","timestamp":"2026-07-27T10:43:44.291Z"}

data: {"data":"[INFO] [SKILLS_INJECTION] skills.injection.skipped {\"apiKeyId\":\"env-key\",\"reason\":\"no_enabled_skills\"}","timestamp":"2026-07-27T10:43:47.514Z"}

data: {"data":"{\"level\":30,\"time\":\"2026-07-27T10:43:47.450Z\",\"service\":\"omniroute\",\"module\":\"sse\",\"tag\":\"HTTP\",\"method\":\"POST\",\"path\":\"/v1/messages | nvidia/z-ai/glm-5.2 | 91 msgs | 40 tools\",\"msg\":\"📥 POST /v1/messages | nvidia/z-ai/glm-5.2 | 91 msgs | 40 tools\"}","timestamp":"2026-07-27T10:43:47.535Z"}

data: {"data":"{\"level\":30,\"time\":\"2026-07-27T10:43:47.456Z\",\"service\":\"omniroute\",\"module\":\"sse\",\"tag\":\"ROUTING\",\"msg\":\"Provider: nvidia, Model: z-ai/glm-5.2\"}","timestamp":"2026-07-27T10:43:47.535Z"}

data: {"data":"{\"level\":30,\"time\":\"2026-07-27T10:43:47.459Z\",\"service\":\"omniroute\",\"module\":\"sse\",\"tag\":\"AUTH\",\"msg\":\"session_key=input:sha256:41c9c... has no available affinity target\"}","timestamp":"2026-07-27T10:43:47.535Z"}

data: {"data":"{\"level\":30,\"time\":\"2026-07-27T10:43:47.460Z\",\"service\":\"omniroute\",\"module\":\"sse\",\"tag\":\"AUTH\",\"msg\":\"Using nvidia account: a68545c0...\"}","timestamp":"2026-07-27T10:43:47.535Z"}

data: {"data":"[10:43:55] 📊 \u001b[32m[USAGE] NVIDIA | in=73780 | out=257 | account=a68545c0...\u001b[0m \u001b[33m(estimated)\u001b[0m | cache_read=192","timestamp":"2026-07-27T10:43:55.076Z"}

data: {"data":"[10:43:55] 🌊 [STREAM] NVIDIA | z-ai/glm-5.2 | 7566ms | complete","timestamp":"2026-07-27T10:43:55.084Z"}

data: {"data":"[INFO] [SKILLS_INJECTION] skills.injection.skipped {\"apiKeyId\":\"env-key\",\"reason\":\"no_enabled_skills\"}","timestamp":"2026-07-27T10:43:57.140Z"}

data: {"data":"{\"level\":30,\"time\":\"2026-07-27T10:43:57.083Z\",\"service\":\"omniroute\",\"module\":\"sse\",\"tag\":\"HTTP\",\"method\":\"POST\",\"path\":\"/v1/messages | nvidia/z-ai/glm-5.2 | 93 msgs | 40 tools\",\"msg\":\"📥 POST /v1/messages | nvidia/z-ai/glm-5.2 | 93 msgs | 40 tools\"}","timestamp":"2026-07-27T10:43:57.155Z"}

data: {"data":"{\"level\":30,\"time\":\"2026-07-27T10:43:57.089Z\",\"service\":\"omniroute\",\"module\":\"sse\",\"tag\":\"ROUTING\",\"msg\":\"Provider: nvidia, Model: z-ai/glm-5.2\"}","timestamp":"2026-07-27T10:43:57.155Z"}

data: {"data":"{\"level\":30,\"time\":\"2026-07-27T10:43:57.096Z\",\"service\":\"omniroute\",\"module\":\"sse\",\"tag\":\"AUTH\",\"msg\":\"session_key=input:sha256:41c9c... has no available affinity target\"}","timestamp":"2026-07-27T10:43:57.155Z"}

data: {"data":"{\"level\":30,\"time\":\"2026-07-27T10:43:57.097Z\",\"service\":\"omniroute\",\"module\":\"sse\",\"tag\":\"AUTH\",\"msg\":\"Using nvidia account: dd511141...\"}","timestamp":"2026-07-27T10:43:57.155Z"}

data: {"data":"[ProxyEgress] nvidia/dd511141 in=113.20.2.214 out=44.196.116.2 proxy=direct status=success","timestamp":"2026-07-27T10:43:58.420Z"}

data: {"data":"[10:44:02] 📊 \u001b[32m[USAGE] NVIDIA | in=74269 | out=242 | account=dd511141...\u001b[0m \u001b[33m(estimated)\u001b[0m | cache_read=73408","timestamp":"2026-07-27T10:44:02.299Z"}

data: {"data":"[10:44:02] 🌊 [STREAM] NVIDIA | z-ai/glm-5.2 | 5162ms | complete","timestamp":"2026-07-27T10:44:02.306Z"}

data: {"data":"time=2026-07-27T10:44:04.430Z level=INFO msg=\"l0 retention enforced\" db=storage.sqlite deleted_count=9 max_l1_txid=00000000000005df","timestamp":"2026-07-27T10:44:04.430Z"}

data: {"data":"time=2026-07-27T10:44:04.430Z level=INFO msg=\"compaction complete\" level=1 txid.min=00000000000005db txid.max=00000000000005df size=610581","timestamp":"2026-07-27T10:44:04.430Z"}

data: {"data":"[INFO] [SKILLS_INJECTION] skills.injection.skipped {\"apiKeyId\":\"env-key\",\"reason\":\"no_enabled_skills\"}","timestamp":"2026-07-27T10:44:04.937Z"}

data: {"data":"{\"level\":30,\"time\":\"2026-07-27T10:44:04.882Z\",\"service\":\"omniroute\",\"module\":\"sse\",\"tag\":\"HTTP\",\"method\":\"POST\",\"path\":\"/v1/messages | nvidia/z-ai/glm-5.2 | 96 msgs | 40 tools\",\"msg\":\"📥 POST /v1/messages | nvidia/z-ai/glm-5.2 | 96 msgs | 40 tools\"}","timestamp":"2026-07-27T10:44:04.956Z"}

data: {"data":"{\"level\":30,\"time\":\"2026-07-27T10:44:04.887Z\",\"service\":\"omniroute\",\"module\":\"sse\",\"tag\":\"ROUTING\",\"msg\":\"Provider: nvidia, Model: z-ai/glm-5.2\"}","timestamp":"2026-07-27T10:44:04.956Z"}

data: {"data":"{\"level\":30,\"time\":\"2026-07-27T10:44:04.891Z\",\"service\":\"omniroute\",\"module\":\"sse\",\"tag\":\"AUTH\",\"msg\":\"session_key=input:sha256:41c9c... has no available affinity target\"}","timestamp":"2026-07-27T10:44:04.956Z"}

data: {"data":"{\"level\":30,\"time\":\"2026-07-27T10:44:04.891Z\",\"service\":\"omniroute\",\"module\":\"sse\",\"tag\":\"AUTH\",\"msg\":\"Using nvidia account: 2bcea68b...\"}","timestamp":"2026-07-27T10:44:04.956Z"}

data: {"data":"[ProxyEgress] nvidia/2bcea68b in=113.20.2.214 out=44.196.116.2 proxy=direct status=success","timestamp":"2026-07-27T10:44:06.477Z"}

data: {"data":"[10:44:12] 📊 \u001b[32m[USAGE] NVIDIA | in=74818 | out=176 | account=2bcea68b...\u001b[0m \u001b[33m(estimated)\u001b[0m | cache_read=74496","timestamp":"2026-07-27T10:44:12.512Z"}

data: {"data":"[10:44:12] 🌊 [STREAM] NVIDIA | z-ai/glm-5.2 | 7577ms | complete","timestamp":"2026-07-27T10:44:12.519Z"}

data: {"data":"[INFO] [SKILLS_INJECTION] skills.injection.skipped {\"apiKeyId\":\"env-key\",\"reason\":\"no_enabled_skills\"}","timestamp":"2026-07-27T10:44:15.312Z"}

data: {"data":"{\"level\":30,\"time\":\"2026-07-27T10:44:15.254Z\",\"service\":\"omniroute\",\"module\":\"sse\",\"tag\":\"HTTP\",\"method\":\"POST\",\"path\":\"/v1/messages | nvidia/z-ai/glm-5.2 | 98 msgs | 40 tools\",\"msg\":\"📥 POST /v1/messages | nvidia/z-ai/glm-5.2 | 98 msgs | 40 tools\"}","timestamp":"2026-07-27T10:44:15.334Z"}

data: {"data":"{\"level\":30,\"time\":\"2026-07-27T10:44:15.260Z\",\"service\":\"omniroute\",\"module\":\"sse\",\"tag\":\"ROUTING\",\"msg\":\"Provider: nvidia, Model: z-ai/glm-5.2\"}","timestamp":"2026-07-27T10:44:15.334Z"}

data: {"data":"{\"level\":30,\"time\":\"2026-07-27T10:44:15.265Z\",\"service\":\"omniroute\",\"module\":\"sse\",\"tag\":\"AUTH\",\"msg\":\"session_key=input:sha256:41c9c... has no available affinity target\"}","timestamp":"2026-07-27T10:44:15.334Z"}

data: {"data":"{\"level\":30,\"time\":\"2026-07-27T10:44:15.265Z\",\"service\":\"omniroute\",\"module\":\"sse\",\"tag\":\"AUTH\",\"msg\":\"Using nvidia account: 1830e4f7...\"}","timestamp":"2026-07-27T10:44:15.334Z"}

data: {"data":"[ProxyEgress] nvidia/1830e4f7 in=113.20.2.214 out=44.196.116.2 proxy=direct status=success","timestamp":"2026-07-27T10:44:15.999Z"}

data: {"data":"[10:44:16] 📊 \u001b[32m[USAGE] NVIDIA | in=75032 | out=20 | account=1830e4f7...\u001b[0m \u001b[33m(estimated)\u001b[0m | cache_read=74944","timestamp":"2026-07-27T10:44:16.246Z"}

data: {"data":"[10:44:16] 🌊 [STREAM] NVIDIA | z-ai/glm-5.2 | 935ms | complete","timestamp":"2026-07-27T10:44:16.251Z"}

data: {"data":"[INFO] [SKILLS_INJECTION] skills.injection.skipped {\"apiKeyId\":\"env-key\",\"reason\":\"no_enabled_skills\"}","timestamp":"2026-07-27T10:44:19.590Z"}

data: {"data":"{\"level\":30,\"time\":\"2026-07-27T10:44:19.532Z\",\"service\":\"omniroute\",\"module\":\"sse\",\"tag\":\"HTTP\",\"method\":\"POST\",\"path\":\"/v1/messages | nvidia/z-ai/glm-5.2 | 100 msgs | 40 tools\",\"msg\":\"📥 POST /v1/messages | nvidia/z-ai/glm-5.2 | 100 msgs | 40 tools\"}","timestamp":"2026-07-27T10:44:19.639Z"}

data: {"data":"{\"level\":30,\"time\":\"2026-07-27T10:44:19.540Z\",\"service\":\"omniroute\",\"module\":\"sse\",\"tag\":\"ROUTING\",\"msg\":\"Provider: nvidia, Model: z-ai/glm-5.2\"}","timestamp":"2026-07-27T10:44:19.639Z"}

data: {"data":"{\"level\":30,\"time\":\"2026-07-27T10:44:19.544Z\",\"service\":\"omniroute\",\"module\":\"sse\",\"tag\":\"AUTH\",\"msg\":\"session_key=input:sha256:41c9c... has no available affinity target\"}","timestamp":"2026-07-27T10:44:19.639Z"}

data: {"data":"{\"level\":30,\"time\":\"2026-07-27T10:44:19.545Z\",\"service\":\"omniroute\",\"module\":\"sse\",\"tag\":\"AUTH\",\"msg\":\"Using nvidia account: 58f42365...\"}","timestamp":"2026-07-27T10:44:19.639Z"}

data: {"data":"[ProxyEgress] nvidia/58f42365 in=113.20.2.214 out=44.196.116.2 proxy=direct status=success","timestamp":"2026-07-27T10:44:20.188Z"}

data: {"data":"time=2026-07-27T10:44:37.654Z level=INFO msg=\"l0 retention enforced\" db=storage.sqlite deleted_count=3 max_l1_txid=00000000000005e9","timestamp":"2026-07-27T10:44:37.654Z"}

data: {"data":"time=2026-07-27T10:44:37.654Z level=INFO msg=\"compaction complete\" level=1 txid.min=00000000000005e0 txid.max=00000000000005e9 size=79693","timestamp":"2026-07-27T10:44:37.655Z"}

data: {"data":"[10:44:43] 📊 \u001b[32m[USAGE] NVIDIA | in=75062 | out=411 | account=58f42365...\u001b[0m \u001b[33m(estimated)\u001b[0m | cache_read=75008","timestamp":"2026-07-27T10:44:43.005Z"}

data: {"data":"[10:44:43] 🌊 [STREAM] NVIDIA | z-ai/glm-5.2 | 23418ms | complete","timestamp":"2026-07-27T10:44:43.015Z"}

data: {"data":"time=2026-07-27T10:44:56.583Z level=INFO msg=\"l0 retention enforced\" db=storage.sqlite deleted_count=3 max_l1_txid=00000000000005e9","timestamp":"2026-07-27T10:44:56.583Z"}

data: {"data":"time=2026-07-27T10:45:06.567Z level=INFO msg=\"compaction complete\" level=1 txid.min=00000000000005ea txid.max=00000000000005ec size=613774","timestamp":"2026-07-27T10:45:06.567Z"}

data: {"data":"time=2026-07-27T10:45:08.093Z level=INFO msg=\"compaction complete\" level=2 txid.min=00000000000005db txid.max=00000000000005e9 size=612384","timestamp":"2026-07-27T10:45:08.094Z"}

data: {"data":"🧹 [RATE-LIMIT] Evicting idle limiter: nvidia:a0c72227-ba89-4b89-bae4-cff099d02562 (inactive for 628s)","timestamp":"2026-07-27T10:47:05.155Z"}

data: {"data":"[INFO] [SKILLS_INJECTION] skills.injection.skipped {\"apiKeyId\":\"env-key\",\"reason\":\"no_enabled_skills\"}","timestamp":"2026-07-27T10:47:45.230Z"}

data: {"data":"{\"level\":30,\"time\":\"2026-07-27T10:47:45.175Z\",\"service\":\"omniroute\",\"module\":\"sse\",\"tag\":\"HTTP\",\"method\":\"POST\",\"path\":\"/v1/messages | nvidia/z-ai/glm-5.2 | 102 msgs | 40 tools\",\"msg\":\"📥 POST /v1/messages | nvidia/z-ai/glm-5.2 | 102 msgs | 40 tools\"}","timestamp":"2026-07-27T10:47:45.247Z"}

data: {"data":"{\"level\":30,\"time\":\"2026-07-27T10:47:45.181Z\",\"service\":\"omniroute\",\"module\":\"sse\",\"tag\":\"ROUTING\",\"msg\":\"Provider: nvidia, Model: z-ai/glm-5.2\"}","timestamp":"2026-07-27T10:47:45.247Z"}

data: {"data":"{\"level\":30,\"time\":\"2026-07-27T10:47:45.184Z\",\"service\":\"omniroute\",\"module\":\"sse\",\"tag\":\"AUTH\",\"msg\":\"session_key=input:sha256:41c9c... has no available affinity target\"}","timestamp":"2026-07-27T10:47:45.247Z"}

data: {"data":"{\"level\":30,\"time\":\"2026-07-27T10:47:45.185Z\",\"service\":\"omniroute\",\"module\":\"sse\",\"tag\":\"AUTH\",\"msg\":\"Using nvidia account: 09665ab2...\"}","timestamp":"2026-07-27T10:47:45.247Z"}

data: {"data":"[ProxyEgress] nvidia/09665ab2 in=113.20.2.214 out=44.196.116.2 proxy=direct status=success","timestamp":"2026-07-27T10:47:49.692Z"}

data: {"data":"[10:47:51] 📊 \u001b[32m[USAGE] NVIDIA | in=75538 | out=54 | account=09665ab2...\u001b[0m \u001b[33m(estimated)\u001b[0m | cache_read=384","timestamp":"2026-07-27T10:47:51.625Z"}

data: {"data":"[10:47:51] 🌊 [STREAM] NVIDIA | z-ai/glm-5.2 | 6396ms | complete","timestamp":"2026-07-27T10:47:51.630Z"}

data: {"data":"time=2026-07-27T10:48:03.227Z level=INFO msg=\"compaction complete\" level=1 txid.min=00000000000005ed txid.max=00000000000005f0 size=614311","timestamp":"2026-07-27T10:48:03.227Z"}

data: {"data":"🧹 [RATE-LIMIT] Evicting idle limiter: nvidia:38a09429-95ad-4b2f-940b-ed886fad7d7a (inactive for 618s)","timestamp":"2026-07-27T10:49:05.156Z"}

data: {"data":"🧹 [RATE-LIMIT] Evicting idle limiter: nvidia:9865dfaa-3680-4a2c-a952-16cf94dddd04 (inactive for 609s)","timestamp":"2026-07-27T10:49:05.156Z"}

data: {"data":"🧹 [RATE-LIMIT] Evicting idle limiter: nvidia:3f77f218-ee98-443b-b2de-e0cdb8761144 (inactive for 627s)","timestamp":"2026-07-27T10:49:35.156Z"}

data: {"data":"time=2026-07-27T10:49:57.660Z level=INFO msg=\"l0 retention enforced\" db=storage.sqlite deleted_count=18 max_l1_txid=00000000000005f0","timestamp":"2026-07-27T10:49:57.660Z"}

data: {"data":"time=2026-07-27T10:50:03.416Z level=INFO msg=\"compaction complete\" level=1 txid.min=00000000000005f1 txid.max=00000000000005f2 size=614311","timestamp":"2026-07-27T10:50:03.416Z"}

data: {"data":"time=2026-07-27T10:50:06.943Z level=INFO msg=\"compaction complete\" level=2 txid.min=00000000000005ea txid.max=00000000000005f2 size=614311","timestamp":"2026-07-27T10:50:06.943Z"}

data: {"data":"🧹 [RATE-LIMIT] Evicting idle limiter: nvidia:a68545c0-554a-43c9-9ad4-e09885e762e7 (inactive for 614s)","timestamp":"2026-07-27T10:54:05.156Z"}

data: {"data":"🧹 [RATE-LIMIT] Evicting idle limiter: nvidia:dd511141-af6e-4944-8af4-c0397507c799 (inactive for 607s)","timestamp":"2026-07-27T10:54:05.156Z"}

data: {"data":"🧹 [RATE-LIMIT] Evicting idle limiter: nvidia:2bcea68b-9f7a-4673-b1f0-80a66320fc88 (inactive for 629s)","timestamp":"2026-07-27T10:54:35.156Z"}

data: {"data":"🧹 [RATE-LIMIT] Evicting idle limiter: nvidia:1830e4f7-dd8f-4c11-9d65-c0acdced6494 (inactive for 619s)","timestamp":"2026-07-27T10:54:35.156Z"}

data: {"data":"🧹 [RATE-LIMIT] Evicting idle limiter: nvidia:58f42365-24ac-4844-b08b-af609b1057d1 (inactive for 615s)","timestamp":"2026-07-27T10:54:35.156Z"}

data: {"data":"time=2026-07-27T10:54:57.126Z level=INFO msg=\"l0 retention enforced\" db=storage.sqlite deleted_count=5 max_l1_txid=00000000000005f2","timestamp":"2026-07-27T10:54:57.126Z"}

data: {"data":"[ProviderLimitsSync] Cycle complete: 0/0 synced in 3ms","timestamp":"2026-07-27T10:55:40.261Z"}

data: {"data":"time=2026-07-27T10:56:03.994Z level=INFO msg=\"l0 retention enforced\" db=storage.sqlite deleted_count=1 max_l1_txid=00000000000005f4","timestamp":"2026-07-27T10:56:03.999Z"}

data: {"data":"time=2026-07-27T10:56:03.994Z level=INFO msg=\"compaction complete\" level=1 txid.min=00000000000005f3 txid.max=00000000000005f4 size=614311","timestamp":"2026-07-27T10:56:04Z"}

data: {"data":"🧹 [RATE-LIMIT] Evicting idle limiter: nvidia:09665ab2-ccd5-473b-9674-14967d3741b7 (inactive for 615s)","timestamp":"2026-07-27T10:58:05.157Z"}

data: {"data":"time=2026-07-27T11:00:03.254Z level=INFO msg=\"compaction complete\" level=2 txid.min=00000000000005f3 txid.max=00000000000005f4 size=614311","timestamp":"2026-07-27T11:00:03.254Z"}

data: {"data":"time=2026-07-27T11:00:04.315Z level=INFO msg=\"snapshot complete\" txid=00000000000005f4 size=614311","timestamp":"2026-07-27T11:00:04.316Z"}

data: {"data":"time=2026-07-27T11:00:12.451Z level=INFO msg=\"compaction complete\" level=3 txid.min=00000000000004f6 txid.max=00000000000005f4 size=614311","timestamp":"2026-07-27T11:00:12.451Z"}

data: {"data":"time=2026-07-27T11:04:56.746Z level=INFO msg=\"l0 retention enforced\" db=storage.sqlite deleted_count=1 max_l1_txid=00000000000005f4","timestamp":"2026-07-27T11:04:56.746Z"}

data: {"data":"[INFO] [SKILLS_INJECTION] skills.injection.skipped {\"apiKeyId\":\"env-key\",\"reason\":\"no_enabled_skills\"}","timestamp":"2026-07-27T11:28:22.968Z"}

data: {"data":"{\"level\":30,\"time\":\"2026-07-27T11:28:22.917Z\",\"service\":\"omniroute\",\"module\":\"sse\",\"tag\":\"HTTP\",\"method\":\"POST\",\"path\":\"/v1/messages | nvidia/z-ai/glm-5.2 | 103 msgs | 40 tools\",\"msg\":\"📥 POST /v1/messages | nvidia/z-ai/glm-5.2 | 103 msgs | 40 tools\"}","timestamp":"2026-07-27T11:28:22.985Z"}

data: {"data":"{\"level\":30,\"time\":\"2026-07-27T11:28:22.923Z\",\"service\":\"omniroute\",\"module\":\"sse\",\"tag\":\"ROUTING\",\"msg\":\"Provider: nvidia, Model: z-ai/glm-5.2\"}","timestamp":"2026-07-27T11:28:22.985Z"}

data: {"data":"{\"level\":30,\"time\":\"2026-07-27T11:28:22.928Z\",\"service\":\"omniroute\",\"module\":\"sse\",\"tag\":\"AUTH\",\"msg\":\"session_key=input:sha256:41c9c... has no available affinity target\"}","timestamp":"2026-07-27T11:28:22.985Z"}

data: {"data":"{\"level\":30,\"time\":\"2026-07-27T11:28:22.928Z\",\"service\":\"omniroute\",\"module\":\"sse\",\"tag\":\"AUTH\",\"msg\":\"Using nvidia account: 2d9ef15f...\"}","timestamp":"2026-07-27T11:28:22.985Z"}

data: {"data":"[11:28:27] 📊 \u001b[32m[USAGE] NVIDIA | in=75522 | out=98 | account=2d9ef15f...\u001b[0m \u001b[33m(estimated)\u001b[0m | cache_read=2112","timestamp":"2026-07-27T11:28:27.742Z"}

data: {"data":"[11:28:27] 🌊 [STREAM] NVIDIA | z-ai/glm-5.2 | 4776ms | complete","timestamp":"2026-07-27T11:28:27.748Z"}

data: {"data":"[INFO] [SKILLS_INJECTION] skills.injection.skipped {\"apiKeyId\":\"env-key\",\"reason\":\"no_enabled_skills\"}","timestamp":"2026-07-27T11:28:30.114Z"}

data: {"data":"{\"level\":30,\"time\":\"2026-07-27T11:28:30.062Z\",\"service\":\"omniroute\",\"module\":\"sse\",\"tag\":\"HTTP\",\"method\":\"POST\",\"path\":\"/v1/messages | nvidia/z-ai/glm-5.2 | 105 msgs | 40 tools\",\"msg\":\"📥 POST /v1/messages | nvidia/z-ai/glm-5.2 | 105 msgs | 40 tools\"}","timestamp":"2026-07-27T11:28:30.135Z"}

data: {"data":"{\"level\":30,\"time\":\"2026-07-27T11:28:30.068Z\",\"service\":\"omniroute\",\"module\":\"sse\",\"tag\":\"ROUTING\",\"msg\":\"Provider: nvidia, Model: z-ai/glm-5.2\"}","timestamp":"2026-07-27T11:28:30.135Z"}

data: {"data":"{\"level\":30,\"time\":\"2026-07-27T11:28:30.071Z\",\"service\":\"omniroute\",\"module\":\"sse\",\"tag\":\"AUTH\",\"msg\":\"session_key=input:sha256:41c9c... has no available affinity target\"}","timestamp":"2026-07-27T11:28:30.135Z"}

data: {"data":"{\"level\":30,\"time\":\"2026-07-27T11:28:30.072Z\",\"service\":\"omniroute\",\"module\":\"sse\",\"tag\":\"AUTH\",\"msg\":\"Using nvidia account: 53f96ffa...\"}","timestamp":"2026-07-27T11:28:30.135Z"}

data: {"data":"time=2026-07-27T11:28:33.802Z level=INFO msg=\"l0 retention enforced\" db=storage.sqlite deleted_count=1 max_l1_txid=00000000000005f6","timestamp":"2026-07-27T11:28:33.802Z"}

data: {"data":"time=2026-07-27T11:28:33.802Z level=INFO msg=\"compaction complete\" level=1 txid.min=00000000000005f5 txid.max=00000000000005f6 size=614324","timestamp":"2026-07-27T11:28:33.802Z"}

data: {"data":"[ProxyEgress] nvidia/53f96ffa in=113.20.2.214 out=44.196.116.2 proxy=direct status=success","timestamp":"2026-07-27T11:28:34.051Z"}

data: {"data":"[11:28:35] 📊 \u001b[32m[USAGE] NVIDIA | in=76189 | out=108 | account=53f96ffa...\u001b[0m \u001b[33m(estimated)\u001b[0m | cache_read=384","timestamp":"2026-07-27T11:28:35.730Z"}

data: {"data":"[11:28:35] 🌊 [STREAM] NVIDIA | z-ai/glm-5.2 | 5617ms | complete","timestamp":"2026-07-27T11:28:35.735Z"}

data: {"data":"[INFO] [SKILLS_INJECTION] skills.injection.skipped {\"apiKeyId\":\"env-key\",\"reason\":\"no_enabled_skills\"}","timestamp":"2026-07-27T11:28:37.765Z"}

data: {"data":"{\"level\":30,\"time\":\"2026-07-27T11:28:37.708Z\",\"service\":\"omniroute\",\"module\":\"sse\",\"tag\":\"HTTP\",\"method\":\"POST\",\"path\":\"/v1/messages | nvidia/z-ai/glm-5.2 | 107 msgs | 40 tools\",\"msg\":\"📥 POST /v1/messages | nvidia/z-ai/glm-5.2 | 107 msgs | 40 tools\"}","timestamp":"2026-07-27T11:28:37.783Z"}

data: {"data":"{\"level\":30,\"time\":\"2026-07-27T11:28:37.720Z\",\"service\":\"omniroute\",\"module\":\"sse\",\"tag\":\"ROUTING\",\"msg\":\"Provider: nvidia, Model: z-ai/glm-5.2\"}","timestamp":"2026-07-27T11:28:37.783Z"}

data: {"data":"{\"level\":30,\"time\":\"2026-07-27T11:28:37.723Z\",\"service\":\"omniroute\",\"module\":\"sse\",\"tag\":\"AUTH\",\"msg\":\"session_key=input:sha256:41c9c... has no available affinity target\"}","timestamp":"2026-07-27T11:28:37.783Z"}

data: {"data":"{\"level\":30,\"time\":\"2026-07-27T11:28:37.724Z\",\"service\":\"omniroute\",\"module\":\"sse\",\"tag\":\"AUTH\",\"msg\":\"Using nvidia account: deb0258d...\"}","timestamp":"2026-07-27T11:28:37.783Z"}

data: {"data":"time=2026-07-27T11:29:06.131Z level=INFO msg=\"compaction complete\" level=1 txid.min=00000000000005f7 txid.max=00000000000005fc size=81004","timestamp":"2026-07-27T11:29:06.131Z"}

data: {"data":"[ProxyEgress] nvidia/deb0258d in=113.20.2.214 out=44.196.116.2 proxy=direct status=success","timestamp":"2026-07-27T11:29:11.293Z"}

data: {"data":"[11:29:21] 📊 \u001b[32m[USAGE] NVIDIA | in=76691 | out=180 | account=deb0258d...\u001b[0m \u001b[33m(estimated)\u001b[0m | cache_read=384","timestamp":"2026-07-27T11:29:21.918Z"}

data: {"data":"[11:29:21] 🌊 [STREAM] NVIDIA | z-ai/glm-5.2 | 44154ms | complete","timestamp":"2026-07-27T11:29:21.925Z"}

data: {"data":"[INFO] [SKILLS_INJECTION] skills.injection.skipped {\"apiKeyId\":\"env-key\",\"reason\":\"no_enabled_skills\"}","timestamp":"2026-07-27T11:29:23.360Z"}

data: {"data":"{\"level\":30,\"time\":\"2026-07-27T11:29:23.303Z\",\"service\":\"omniroute\",\"module\":\"sse\",\"tag\":\"HTTP\",\"method\":\"POST\",\"path\":\"/v1/messages | nvidia/z-ai/glm-5.2 | 109 msgs | 40 tools\",\"msg\":\"📥 POST /v1/messages | nvidia/z-ai/glm-5.2 | 109 msgs | 40 tools\"}","timestamp":"2026-07-27T11:29:23.379Z"}

data: {"data":"{\"level\":30,\"time\":\"2026-07-27T11:29:23.310Z\",\"service\":\"omniroute\",\"module\":\"sse\",\"tag\":\"ROUTING\",\"msg\":\"Provider: nvidia, Model: z-ai/glm-5.2\"}","timestamp":"2026-07-27T11:29:23.379Z"}

data: {"data":"{\"level\":30,\"time\":\"2026-07-27T11:29:23.314Z\",\"service\":\"omniroute\",\"module\":\"sse\",\"tag\":\"AUTH\",\"msg\":\"session_key=input:sha256:41c9c... has no available affinity target\"}","timestamp":"2026-07-27T11:29:23.379Z"}

data: {"data":"{\"level\":30,\"time\":\"2026-07-27T11:29:23.315Z\",\"service\":\"omniroute\",\"module\":\"sse\",\"tag\":\"AUTH\",\"msg\":\"Using nvidia account: 3317f8d3...\"}","timestamp":"2026-07-27T11:29:23.379Z"}

data: {"data":"[ProxyEgress] nvidia/3317f8d3 in=113.20.2.214 out=44.196.116.2 proxy=direct status=success","timestamp":"2026-07-27T11:29:26.559Z"}

data: {"data":"time=2026-07-27T11:29:35.409Z level=INFO msg=\"compaction complete\" level=1 txid.min=00000000000005fd txid.max=0000000000000601 size=615966","timestamp":"2026-07-27T11:29:35.409Z"}

data: {"data":"[11:29:42] 📊 \u001b[32m[USAGE] NVIDIA | in=77203 | out=253 | account=3317f8d3...\u001b[0m \u001b[33m(estimated)\u001b[0m | cache_read=1856","timestamp":"2026-07-27T11:29:42.937Z"}

data: {"data":"[11:29:42] 🌊 [STREAM] NVIDIA | z-ai/glm-5.2 | 19580ms | complete","timestamp":"2026-07-27T11:29:42.945Z"}

data: {"data":"time=2026-07-27T11:30:03.920Z level=INFO msg=\"compaction complete\" level=2 txid.min=00000000000005f5 txid.max=0000000000000601 size=615966","timestamp":"2026-07-27T11:30:03.920Z"}

data: {"data":"time=2026-07-27T11:30:05.213Z level=INFO msg=\"compaction complete\" level=1 txid.min=0000000000000602 txid.max=0000000000000603 size=52856","timestamp":"2026-07-27T11:30:05.213Z"}

data: {"data":"time=2026-07-27T11:34:57.786Z level=INFO msg=\"l0 retention enforced\" db=storage.sqlite deleted_count=14 max_l1_txid=0000000000000603","timestamp":"2026-07-27T11:34:57.786Z"}

data: {"data":"time=2026-07-27T11:35:05.929Z level=INFO msg=\"compaction complete\" level=2 txid.min=0000000000000602 txid.max=0000000000000603 size=52856","timestamp":"2026-07-27T11:35:05.929Z"}

: keep-alive

